-- phpMyAdmin SQL Dump
-- version 4.1.14
-- http://www.phpmyadmin.net
--
-- Host: 127.0.0.1
-- Generation Time: 2017-05-15 13:19:37
-- 服务器版本： 5.6.17
-- PHP Version: 5.5.12

SET SQL_MODE = "NO_AUTO_VALUE_ON_ZERO";
SET time_zone = "+00:00";


/*!40101 SET @OLD_CHARACTER_SET_CLIENT=@@CHARACTER_SET_CLIENT */;
/*!40101 SET @OLD_CHARACTER_SET_RESULTS=@@CHARACTER_SET_RESULTS */;
/*!40101 SET @OLD_COLLATION_CONNECTION=@@COLLATION_CONNECTION */;
/*!40101 SET NAMES utf8 */;

--
-- Database: `ceshi`
--

-- --------------------------------------------------------

--
-- 表的结构 `33hao_activity`
--

CREATE TABLE IF NOT EXISTS `33hao_activity` (
  `activity_id` mediumint(9) NOT NULL AUTO_INCREMENT COMMENT 'id',
  `activity_title` varchar(255) NOT NULL COMMENT '标题',
  `activity_type` enum('1','2') DEFAULT NULL COMMENT '活动类型 1:商品 2:抢购',
  `activity_banner` varchar(255) NOT NULL COMMENT '活动横幅大图片',
  `activity_style` varchar(255) NOT NULL COMMENT '活动页面模板样式标识码',
  `activity_desc` varchar(1000) DEFAULT NULL COMMENT '描述',
  `activity_start_date` int(10) unsigned NOT NULL DEFAULT '0' COMMENT '开始时间',
  `activity_end_date` int(10) unsigned NOT NULL DEFAULT '0' COMMENT '结束时间',
  `activity_sort` tinyint(1) unsigned NOT NULL DEFAULT '255' COMMENT '排序',
  `activity_state` tinyint(1) unsigned NOT NULL DEFAULT '1' COMMENT '活动状态 0为关闭 1为开启',
  PRIMARY KEY (`activity_id`)
) ENGINE=InnoDB DEFAULT CHARSET=utf8 COMMENT='活动表' AUTO_INCREMENT=1 ;

-- --------------------------------------------------------

--
-- 表的结构 `33hao_activity_detail`
--

CREATE TABLE IF NOT EXISTS `33hao_activity_detail` (
  `activity_detail_id` mediumint(9) NOT NULL AUTO_INCREMENT COMMENT 'id',
  `activity_id` mediumint(8) unsigned NOT NULL DEFAULT '0' COMMENT '活动编号',
  `item_id` int(11) NOT NULL COMMENT '商品或抢购的编号',
  `item_name` varchar(255) NOT NULL COMMENT '商品或抢购名称',
  `store_id` int(11) NOT NULL COMMENT '店铺编号',
  `store_name` varchar(255) NOT NULL COMMENT '店铺名称',
  `activity_detail_state` enum('0','1','2','3') NOT NULL DEFAULT '0' COMMENT '审核状态 0:(默认)待审核 1:通过 2:未通过 3:再次申请',
  `activity_detail_sort` tinyint(1) unsigned NOT NULL DEFAULT '255' COMMENT '排序',
  PRIMARY KEY (`activity_detail_id`),
  KEY `activity_id` (`activity_id`)
) ENGINE=InnoDB DEFAULT CHARSET=utf8 COMMENT='活动细节表' AUTO_INCREMENT=1 ;

-- --------------------------------------------------------

--
-- 表的结构 `33hao_address`
--

CREATE TABLE IF NOT EXISTS `33hao_address` (
  `address_id` mediumint(10) unsigned NOT NULL AUTO_INCREMENT COMMENT '地址ID',
  `member_id` mediumint(10) unsigned NOT NULL DEFAULT '0' COMMENT '会员ID',
  `true_name` varchar(50) NOT NULL COMMENT '会员姓名',
  `area_id` mediumint(10) unsigned NOT NULL DEFAULT '0' COMMENT '地区ID',
  `city_id` mediumint(9) DEFAULT NULL COMMENT '市级ID',
  `area_info` varchar(255) NOT NULL DEFAULT '' COMMENT '地区内容',
  `address` varchar(255) NOT NULL COMMENT '地址',
  `tel_phone` varchar(20) DEFAULT NULL COMMENT '座机电话',
  `mob_phone` varchar(15) DEFAULT NULL COMMENT '手机电话',
  `is_default` enum('0','1') NOT NULL DEFAULT '0' COMMENT '1默认收货地址',
  `dlyp_id` int(11) DEFAULT '0' COMMENT '自提点ID',
  PRIMARY KEY (`address_id`),
  KEY `member_id` (`member_id`)
) ENGINE=InnoDB  DEFAULT CHARSET=utf8 COMMENT='买家地址信息表' AUTO_INCREMENT=8 ;

--
-- 转存表中的数据 `33hao_address`
--

INSERT INTO `33hao_address` (`address_id`, `member_id`, `true_name`, `area_id`, `city_id`, `area_info`, `address`, `tel_phone`, `mob_phone`, `is_default`, `dlyp_id`) VALUES
(1, 2, '林冲', 3062, 291, '广东 深圳市 罗湖区', '丽园路88号', '', '13823191262', '1', 0),
(2, 1, '给我担任公司', 1321, 86, '山西 阳泉市 盂县', '仿佛GASDFGSDF', '', '15158894526', '0', 0),
(3, 4, 'gdsgfg', 1164, 75, '河北 秦皇岛市 卢龙县', 'fafasffaFEDFSDF', '', '15177120981', '0', 0),
(4, 9, '公司的复苏', 56, 40, '天津 天津市 河东区', '等发达', '', '15144789962', '0', 0),
(6, 13, '林冲', 2568, 229, '山东 潍坊市 奎文区', '泰然科技园204栋', '', '15158894526', '0', 0),
(7, 3, '54', 1327, 87, '山西 长治市 平顺县', '554', '', '13555686565', '0', 0);

-- --------------------------------------------------------

--
-- 表的结构 `33hao_admin`
--

CREATE TABLE IF NOT EXISTS `33hao_admin` (
  `admin_id` int(11) unsigned NOT NULL AUTO_INCREMENT COMMENT '管理员ID',
  `admin_name` varchar(20) NOT NULL COMMENT '管理员名称',
  `admin_avatar` varchar(100) DEFAULT NULL COMMENT '管理员头像',
  `admin_password` varchar(32) NOT NULL DEFAULT '' COMMENT '管理员密码',
  `admin_login_time` int(10) NOT NULL DEFAULT '0' COMMENT '登录时间',
  `admin_login_num` int(11) NOT NULL DEFAULT '0' COMMENT '登录次数',
  `admin_is_super` tinyint(1) NOT NULL DEFAULT '0' COMMENT '是否超级管理员',
  `admin_gid` smallint(6) DEFAULT '0' COMMENT '权限组ID',
  `admin_quick_link` varchar(400) DEFAULT NULL COMMENT '管理员常用操作',
  PRIMARY KEY (`admin_id`)
) ENGINE=InnoDB  DEFAULT CHARSET=utf8 COMMENT='管理员表' AUTO_INCREMENT=3 ;

--
-- 转存表中的数据 `33hao_admin`
--

INSERT INTO `33hao_admin` (`admin_id`, `admin_name`, `admin_avatar`, `admin_password`, `admin_login_time`, `admin_login_num`, `admin_is_super`, `admin_gid`, `admin_quick_link`) VALUES
(1, 'admin', NULL, 'e10adc3949ba59abbe56e057f20f883e', 1494669604, 32, 1, 0, NULL),
(2, 'zhengyubin', NULL, 'e10adc3949ba59abbe56e057f20f883e', 1494640019, 11, 0, 1, 'shop|ownshop');

-- --------------------------------------------------------

--
-- 表的结构 `33hao_admin_log`
--

CREATE TABLE IF NOT EXISTS `33hao_admin_log` (
  `id` int(10) unsigned NOT NULL AUTO_INCREMENT,
  `content` varchar(50) NOT NULL COMMENT '操作内容',
  `createtime` int(10) unsigned DEFAULT NULL COMMENT '发生时间',
  `admin_name` char(20) NOT NULL COMMENT '管理员',
  `admin_id` mediumint(8) unsigned NOT NULL DEFAULT '0' COMMENT '管理员ID',
  `ip` char(15) NOT NULL COMMENT 'IP',
  `url` varchar(50) NOT NULL DEFAULT '' COMMENT 'act&op',
  PRIMARY KEY (`id`)
) ENGINE=InnoDB  DEFAULT CHARSET=utf8 COMMENT='管理员操作日志' AUTO_INCREMENT=81 ;

--
-- 转存表中的数据 `33hao_admin_log`
--

INSERT INTO `33hao_admin_log` (`id`, `content`, `createtime`, `admin_name`, `admin_id`, `ip`, `url`) VALUES
(1, '登录', 1470415043, 'admin', 1, '127.0.0.1', 'login&login'),
(2, '清理缓存', 1470415049, 'admin', 1, '127.0.0.1', 'cache&'),
(3, '登录', 1491881256, 'admin', 1, '', 'login&login'),
(4, '登录', 1491881786, 'admin', 1, '192.168.0.174', 'login&login'),
(5, '登录', 1491896949, 'admin', 1, '192.168.0.178', 'login&login'),
(6, '登录', 1492049173, 'admin', 1, '192.168.0.174', 'login&login'),
(7, '登录', 1492053782, 'admin', 1, '192.168.0.174', 'login&login'),
(8, '淘宝接口保存', 1492053845, 'admin', 1, '192.168.0.174', 'taobao_api&taobao_api_save'),
(9, '清理缓存', 1492053868, 'admin', 1, '192.168.0.174', 'cache&'),
(10, '登录', 1492062869, 'admin', 1, '192.168.0.174', 'login&login'),
(11, '登录', 1492070969, 'admin', 1, '192.168.0.174', 'login&login'),
(12, '登录', 1492075129, 'admin', 1, '192.168.0.174', 'login&login'),
(13, '登录', 1492483082, 'admin', 1, '192.168.0.174', 'login&login'),
(14, '登录', 1493370974, 'admin', 1, '192.168.0.176', 'login&login'),
(15, '添加权限组[子公司]', 1493375700, 'admin', 1, '192.168.0.176', 'admin&gadmin_add'),
(16, '登录', 1493690833, 'admin', 1, '192.168.0.176', 'login&login'),
(17, '添加管理员[zhengyubin]', 1493695329, 'admin', 1, '192.168.0.176', 'admin&admin_add'),
(18, '编辑权限组[子公司]', 1493695372, 'admin', 1, '192.168.0.176', 'admin&gadmin_edit'),
(19, '登录', 1493695398, 'zhengyubin', 2, '192.168.0.176', 'login&login'),
(20, '编辑权限组[子公司]', 1493695474, 'admin', 1, '192.168.0.176', 'admin&gadmin_edit'),
(21, '登录', 1493695798, 'zhengyubin', 2, '192.168.0.176', 'login&login'),
(22, '编辑权限组[子公司]', 1493696183, 'admin', 1, '192.168.0.176', 'admin&gadmin_edit'),
(23, '新增自营店铺: 测试水厂1号', 1493696790, 'zhengyubin', 2, '192.168.0.176', 'ownshop&add'),
(24, '登录', 1493704812, 'zhengyubin', 2, '192.168.0.176', 'login&login'),
(25, '新增自营店铺: 深圳水厂2号', 1493704859, 'zhengyubin', 2, '192.168.0.176', 'ownshop&add'),
(26, '登录', 1493705209, 'admin', 1, '192.168.0.176', 'login&login'),
(27, '编辑权限组[子公司]', 1493705702, 'admin', 1, '192.168.0.176', 'admin&gadmin_edit'),
(28, '编辑权限组[子公司]', 1493705747, 'admin', 1, '192.168.0.176', 'admin&gadmin_edit'),
(29, '登录', 1493706455, 'zhengyubin', 2, '192.168.0.176', 'login&login'),
(30, '新增自营店铺: 测试水厂3号', 1493710544, 'zhengyubin', 2, '192.168.0.176', 'ownshop&add'),
(31, '添加会员[ shuichang4]', 1493711313, 'zhengyubin', 2, '192.168.0.176', 'member&member_add'),
(32, '添加会员[ shuichang5]', 1493711535, 'zhengyubin', 2, '192.168.0.176', 'member&member_add'),
(33, '编辑会员[ID:9]', 1493714834, 'zhengyubin', 2, '192.168.0.176', 'member&member_edit'),
(34, '登录', 1493715994, 'admin', 1, '192.168.0.176', 'login&login'),
(35, '登录', 1493803206, 'admin', 1, '', 'login&login'),
(36, '清理缓存', 1493803212, 'admin', 1, '', 'cache&'),
(37, '设置店铺结算周期[测试水厂店铺]', 1493804048, 'admin', 1, '', 'store&bill_cycle_edit'),
(38, '设置店铺结算周期[测试水厂店铺]', 1493804236, 'admin', 1, '', 'store&bill_cycle_edit'),
(39, '登录', 1493869757, 'admin', 1, '', 'login&login'),
(40, '登录', 1493875693, 'admin', 1, '', 'login&login'),
(41, '退款确认，退款编号575102170504114724', 1493878987, 'admin', 1, '', 'refund&edit'),
(42, '退款确认，退款编号744102170504142636', 1493879282, 'admin', 1, '', 'refund&edit'),
(43, '登录', 1493885059, 'admin', 1, '', 'login&login'),
(44, '登录', 1493894718, 'admin', 1, '', 'login&login'),
(45, '设置店铺结算周期[测试水厂店铺]', 1493894734, 'admin', 1, '', 'store&bill_cycle_edit'),
(46, '设置店铺结算周期[测试水厂店铺]', 1493895635, 'admin', 1, '', 'store&bill_cycle_edit'),
(47, '审核账单,账单号：1', 1493895843, 'admin', 1, '', 'bill&bill_check'),
(48, '账单付款,账单号：1', 1493895983, 'admin', 1, '', 'bill&bill_pay'),
(49, '登录', 1493950886, 'admin', 1, '', 'login&login'),
(50, '设置店铺结算周期[测试水厂1号]', 1493950936, 'admin', 1, '', 'store&bill_cycle_edit'),
(51, '登录', 1493963409, 'admin', 1, '', 'login&login'),
(52, '退款确认，退款编号490103170505112841', 1493963491, 'admin', 1, '', 'refund&edit'),
(53, '退款确认，退款编号111103170505135901', 1493963977, 'admin', 1, '', 'refund&edit'),
(54, '退款确认，退款编号868103170505140204', 1493964402, 'admin', 1, '', 'refund&edit'),
(55, '退款确认，退款编号195102170505095547', 1493964445, 'admin', 1, '', 'refund&edit'),
(56, '登录', 1493969424, 'admin', 1, '', 'login&login'),
(57, '退款确认，退款编号198103170505155247', 1493970795, 'admin', 1, '', 'refund&edit'),
(58, '退款确认，退款编号931103170505155614', 1493970998, 'admin', 1, '', 'refund&edit'),
(59, '为自营店铺增加水币值: ', 1493975386, 'admin', 1, '', 'ownshop&add_sb'),
(60, '登录', 1494228197, 'admin', 1, '', 'login&login'),
(61, '登录', 1494236767, 'admin', 1, '', 'login&login'),
(62, '登录', 1494383315, 'zhengyubin', 2, '', 'login&login'),
(63, '登录', 1494403361, 'admin', 1, '', 'login&login'),
(64, '登录', 1494404445, 'zhengyubin', 2, '', 'login&login'),
(65, '添加会员[ 博丽灵梦]', 1494404516, 'zhengyubin', 2, '', 'member&member_add'),
(66, '添加会员[ 博丽灵梦]', 1494405905, 'zhengyubin', 2, '', 'member&member_add'),
(67, '添加会员[ 博丽灵梦]', 1494406012, 'zhengyubin', 2, '', 'member&member_add'),
(68, '登录', 1494502483, 'admin', 1, '192.168.0.174', 'login&login'),
(69, '登录', 1494553640, 'admin', 1, '192.168.0.174', 'login&login'),
(70, '编辑权限组[子公司]', 1494554468, 'admin', 1, '192.168.0.174', 'admin&gadmin_edit'),
(71, '登录', 1494554490, 'zhengyubin', 2, '192.168.0.174', 'login&login'),
(72, '登录', 1494556489, 'admin', 1, '192.168.0.174', 'login&login'),
(73, '登录', 1494567217, 'zhengyubin', 2, '192.168.0.174', 'login&login'),
(74, '登录', 1494572005, 'zhengyubin', 2, '192.168.0.174', 'login&login'),
(75, '登录', 1494575999, 'zhengyubin', 2, '192.168.0.174', 'login&login'),
(76, '登录', 1494639882, 'admin', 1, '192.168.0.174', 'login&login'),
(77, '登录', 1494640019, 'zhengyubin', 2, '192.168.0.174', 'login&login'),
(78, '登录', 1494656032, 'admin', 1, '192.168.0.174', 'login&login'),
(79, '登录', 1494663840, 'admin', 1, '192.168.0.174', 'login&login'),
(80, '登录', 1494669604, 'admin', 1, '192.168.0.174', 'login&login');

-- --------------------------------------------------------

--
-- 表的结构 `33hao_adv`
--

CREATE TABLE IF NOT EXISTS `33hao_adv` (
  `adv_id` mediumint(8) unsigned NOT NULL AUTO_INCREMENT COMMENT '广告自增标识编号',
  `ap_id` mediumint(8) unsigned NOT NULL COMMENT '广告位id',
  `adv_title` varchar(255) NOT NULL COMMENT '广告内容描述',
  `adv_content` varchar(1000) NOT NULL COMMENT '广告内容',
  `adv_start_date` int(10) DEFAULT NULL COMMENT '广告开始时间',
  `adv_end_date` int(10) DEFAULT NULL COMMENT '广告结束时间',
  `slide_sort` int(10) unsigned NOT NULL COMMENT '幻灯片排序',
  `member_id` int(11) NOT NULL COMMENT '会员ID',
  `member_name` varchar(50) NOT NULL COMMENT '会员用户名',
  `click_num` int(10) unsigned NOT NULL COMMENT '广告点击率',
  `is_allow` smallint(1) unsigned NOT NULL COMMENT '会员购买的广告是否通过审核0未审核1审核已通过2审核未通过',
  `buy_style` varchar(10) NOT NULL COMMENT '购买方式',
  `goldpay` int(10) unsigned NOT NULL COMMENT '购买所支付的金币',
  PRIMARY KEY (`adv_id`)
) ENGINE=InnoDB  DEFAULT CHARSET=utf8 COMMENT='广告表' AUTO_INCREMENT=937 ;

--
-- 转存表中的数据 `33hao_adv`
--

INSERT INTO `33hao_adv` (`adv_id`, `ap_id`, `adv_title`, `adv_content`, `adv_start_date`, `adv_end_date`, `slide_sort`, `member_id`, `member_name`, `click_num`, `is_allow`, `buy_style`, `goldpay`) VALUES
(15, 9, '首页通栏', 'a:2:{s:7:"adv_pic";s:21:"04716538681718544.png";s:11:"adv_pic_url";s:13:"www.dede168.com";}', 1388505600, 1577721600, 0, 0, '', 0, 1, '', 0),
(915, 1037, '闲置首页幻灯片1', 'a:2:{s:13:"adv_slide_pic";s:36:"008a76ccc9449d92b529c2d7dd1ddbb4.png";s:13:"adv_slide_url";s:14:"www.dede168.com";}', 1325347200, 1622476800, 1, 0, '', 0, 1, '', 0),
(916, 1037, '闲置首页幻灯片2', 'a:2:{s:13:"adv_slide_pic";s:36:"fe79d67a363cc0e37ccd65896fea52bd.png";s:13:"adv_slide_url";s:14:"www.dede168.com";}', 1325347200, 1622476800, 2, 0, '', 1, 1, '', 0),
(917, 1037, '闲置首页幻灯片3', 'a:2:{s:13:"adv_slide_pic";s:36:"07085e616fbbd0b2750edb70221ca536.jpg";s:13:"adv_slide_url";s:14:"www.dede168.com";}', 1325347200, 1622476800, 3, 0, '', 1, 1, '', 0),
(918, 1037, '闲置首页幻灯片4', 'a:2:{s:13:"adv_slide_pic";s:36:"42d613f281b21845783e22b2d12ca607.png";s:13:"adv_slide_url";s:14:"www.dede168.com";}', 1325347200, 1622476800, 4, 0, '', 0, 1, '', 0),
(919, 1037, '闲置首页幻灯片5', 'a:2:{s:13:"adv_slide_pic";s:36:"70fa9bcbdd0affe3b4c6832613299f52.png";s:13:"adv_slide_url";s:14:"www.dede168.com";}', 1325347200, 1622476800, 5, 0, '', 0, 1, '', 0),
(920, 1038, '闲置横栏广告1', 'a:2:{s:7:"adv_pic";s:36:"62583bd76a71da66a1259da1d8050b39.jpg";s:11:"adv_pic_url";s:14:"www.dede168.com";}', 1325347200, 1622476800, 0, 0, '', 1, 1, '', 0),
(921, 1038, '闲置横栏广告2', 'a:2:{s:7:"adv_pic";s:36:"d6751364a7e32bcebbfee859e60f62c4.jpg";s:11:"adv_pic_url";s:14:"www.dede168.com";}', 1325347200, 1622476800, 0, 0, '', 2, 1, '', 0),
(931, 1043, '闲置首页中部短栏广告1', 'a:2:{s:7:"adv_pic";s:36:"90189662e6a7a5e8b2f5992485462cdd.png";s:11:"adv_pic_url";s:14:"www.dede168.com";}', 1328025600, 1622476800, 0, 0, '', 1, 1, '', 0),
(932, 1044, '闲置首页中部短栏广告2', 'a:2:{s:7:"adv_pic";s:36:"2cfee9543caaafeccb1b5d69d814a0fe.png";s:11:"adv_pic_url";s:14:"www.dede168.com";}', 1328025600, 1622476800, 0, 0, '', 0, 1, '', 0),
(933, 1045, '闲置首页中部短栏广告3', 'a:2:{s:7:"adv_pic";s:36:"9297917ba3be7b0790d69bb700b93436.jpg";s:11:"adv_pic_url";s:14:"www.dede168.com";}', 1328025600, 1622476800, 0, 0, '', 0, 1, '', 0),
(934, 1046, '闲置首页中部短栏广告4', 'a:2:{s:7:"adv_pic";s:36:"a18f85f81e845a1055726388334df19f.jpg";s:11:"adv_pic_url";s:14:"www.dede168.com";}', 1328025600, 1622476800, 0, 0, '', 0, 1, '', 0),
(935, 11, '首页物流自提banner', 'a:2:{s:7:"adv_pic";s:21:"04876370813599010.gif";s:11:"adv_pic_url";s:41:"v5.33hao.com/delivery/index.php?act=login";}', 1434211200, 1749312000, 0, 0, '', 0, 1, '', 0),
(936, 1047, '好商城V5', 'a:2:{s:7:"adv_pic";s:21:"04891676111561966.png";s:11:"adv_pic_url";s:13:"www.dede168.com";}', 1435766400, 1753891200, 0, 0, '', 0, 1, '', 0);

-- --------------------------------------------------------

--
-- 表的结构 `33hao_adv_position`
--

CREATE TABLE IF NOT EXISTS `33hao_adv_position` (
  `ap_id` mediumint(8) unsigned NOT NULL AUTO_INCREMENT COMMENT '广告位置id',
  `ap_name` varchar(100) NOT NULL COMMENT '广告位置名',
  `ap_class` smallint(1) unsigned NOT NULL COMMENT '广告类别：0图片1文字2幻灯3Flash',
  `ap_display` smallint(1) unsigned NOT NULL COMMENT '广告展示方式：0幻灯片1多广告展示2单广告展示',
  `is_use` smallint(1) unsigned NOT NULL COMMENT '广告位是否启用：0不启用1启用',
  `ap_width` int(10) NOT NULL COMMENT '广告位宽度',
  `ap_height` int(10) NOT NULL COMMENT '广告位高度',
  `adv_num` int(10) unsigned NOT NULL COMMENT '拥有的广告数',
  `click_num` int(10) unsigned NOT NULL COMMENT '广告位点击率',
  `default_content` varchar(100) NOT NULL COMMENT '广告位默认内容',
  PRIMARY KEY (`ap_id`)
) ENGINE=InnoDB  DEFAULT CHARSET=utf8 COMMENT='广告位表' AUTO_INCREMENT=1051 ;

--
-- 转存表中的数据 `33hao_adv_position`
--

INSERT INTO `33hao_adv_position` (`ap_id`, `ap_name`, `ap_class`, `ap_display`, `is_use`, `ap_width`, `ap_height`, `adv_num`, `click_num`, `default_content`) VALUES
(9, '首页底部通栏图片广告', 0, 2, 1, 1200, 90, 1, 0, '04418235791378401.jpg'),
(11, '首页中上部banner', 0, 2, 1, 1200, 100, 1, 0, 'banner.gif'),
(35, '积分列表页中部广告位', 0, 2, 1, 900, 368, 0, 0, 'f448e48ee0deb06707480d46a2a360ae.gif'),
(37, '商品列表页左侧广告位', 0, 1, 1, 206, 300, 0, 0, '7a4832d109ee46fe7677c1d3c30e067f.gif'),
(1037, '闲置幻灯片', 2, 0, 1, 240, 217, 5, 0, ''),
(1038, '闲置首页中部横栏广告', 0, 1, 1, 1000, 61, 2, 0, 'c861866014826de9d2a85cb9b592007c.jpg'),
(1043, '闲置首页中部短栏广告1', 0, 2, 1, 240, 100, 1, 0, 'e2e3047e7d942c0239752c47a11aeceb.png'),
(1044, '闲置首页中部短栏广告2', 0, 2, 1, 240, 100, 1, 0, '52fca98cac39ab7071019ab55ca9b520.png'),
(1045, '闲置首页中部短栏广告3', 0, 2, 1, 240, 100, 1, 0, '41e9b62413294eae29073f4d57fdccb4.jpg'),
(1046, '闲置首页中部短栏广告4', 0, 2, 1, 240, 100, 1, 0, '4ab14bb8de01d777f45a1c0c29507c15.jpg'),
(1047, '首页顶部banner', 0, 2, 1, 1200, 90, 1, 0, '04891676111561966.png'),
(1048, '顶部logo边广告', 0, 2, 1, 100, 70, 0, 0, '05048168915006375.gif'),
(1049, '首页右侧广告1', 0, 1, 1, 180, 194, 0, 0, '05193052323128277.jpg'),
(1050, '首页右侧广告2', 0, 1, 1, 180, 194, 0, 0, '05193052753284411.jpg');

-- --------------------------------------------------------

--
-- 表的结构 `33hao_album_class`
--

CREATE TABLE IF NOT EXISTS `33hao_album_class` (
  `aclass_id` int(10) unsigned NOT NULL AUTO_INCREMENT COMMENT '相册id',
  `aclass_name` varchar(100) NOT NULL COMMENT '相册名称',
  `store_id` int(10) unsigned NOT NULL COMMENT '所属店铺id',
  `aclass_des` varchar(255) NOT NULL COMMENT '相册描述',
  `aclass_sort` tinyint(3) unsigned NOT NULL COMMENT '排序',
  `aclass_cover` varchar(255) NOT NULL COMMENT '相册封面',
  `upload_time` int(10) unsigned NOT NULL COMMENT '图片上传时间',
  `is_default` tinyint(1) unsigned NOT NULL DEFAULT '0' COMMENT '是否为默认相册,1代表默认',
  PRIMARY KEY (`aclass_id`)
) ENGINE=InnoDB  DEFAULT CHARSET=utf8 COMMENT='相册表' AUTO_INCREMENT=6 ;

--
-- 转存表中的数据 `33hao_album_class`
--

INSERT INTO `33hao_album_class` (`aclass_id`, `aclass_name`, `store_id`, `aclass_des`, `aclass_sort`, `aclass_cover`, `upload_time`, `is_default`) VALUES
(1, '默认相册', 1, '', 255, '', 1387942806, 1),
(2, '默认相册', 2, '', 255, '', 1492049280, 1),
(3, '默认相册', 3, '', 255, '', 1493696790, 1),
(4, '默认相册', 4, '', 255, '', 1493704860, 1),
(5, '默认相册', 5, '', 255, '', 1493710544, 1);

-- --------------------------------------------------------

--
-- 表的结构 `33hao_album_pic`
--

CREATE TABLE IF NOT EXISTS `33hao_album_pic` (
  `apic_id` int(10) unsigned NOT NULL AUTO_INCREMENT COMMENT '相册图片表id',
  `apic_name` varchar(100) NOT NULL COMMENT '图片名称',
  `apic_tag` varchar(255) DEFAULT '' COMMENT '图片标签',
  `aclass_id` int(10) unsigned NOT NULL COMMENT '相册id',
  `apic_cover` varchar(255) NOT NULL COMMENT '图片路径',
  `apic_size` int(10) unsigned NOT NULL COMMENT '图片大小',
  `apic_spec` varchar(100) NOT NULL COMMENT '图片规格',
  `store_id` int(10) unsigned NOT NULL COMMENT '所属店铺id',
  `upload_time` int(10) unsigned NOT NULL COMMENT '图片上传时间',
  PRIMARY KEY (`apic_id`)
) ENGINE=InnoDB  DEFAULT CHARSET=utf8 COMMENT='相册图片表' AUTO_INCREMENT=27 ;

--
-- 转存表中的数据 `33hao_album_pic`
--

INSERT INTO `33hao_album_pic` (`apic_id`, `apic_name`, `apic_tag`, `aclass_id`, `apic_cover`, `apic_size`, `apic_spec`, `store_id`, `upload_time`) VALUES
(1, '21161DF6BD5E592D3A94A5E3557544FF', '', 1, '1_04752627678636481.jpg', 31775, '355x355', 1, 1421918767),
(2, '53783C85E1E735D11B50B8E6AADBF93B', '', 1, '1_04752627707766698.png', 119422, '346x346', 1, 1421918770),
(3, 'C0EF26E1C1A949A552A145320C65DF23', '', 1, '1_04752627711844438.png', 96959, '353x354', 1, 1421918771),
(4, '3B82CCA070CD05DCC9A3C2A81630DEF4', '', 1, '1_04752627715984525.png', 78921, '351x352', 1, 1421918771),
(5, '68AE93347F0D5394B7EFE21A0C8A373F', '', 1, '1_04752627723007356.png', 135521, '352x355', 1, 1421918772),
(6, 'D918F56D5F825D6A8D9C8C64AC7CF481', '', 1, '1_04752627731269795.png', 79988, '351x354', 1, 1421918773),
(7, 'D9455B27C5AB258315753731F4A65EBE', '', 1, '1_04752627750479728.png', 131574, '348x348', 1, 1421918774),
(8, 'A858B04E66C8E5041843F5B3D1D31FC7', '', 1, '1_04752627769865296.jpg', 109093, '708x708', 1, 1421918776),
(9, '7545A11A1387E79B48ED63959297688E', '', 1, '1_04752627779656765.png', 121396, '338x352', 1, 1421918777),
(10, 'B1DCBB12C64F675422E8D38C82C21AF4', '', 1, '1_04752627799921979.jpg', 33080, '353x353', 1, 1421918779),
(11, '2281C356CDEA385A184F07A2052272E4', '', 1, '1_04752627802778337.jpg', 27744, '350x355', 1, 1421918780),
(12, '741DBFA4AD9D9A2BBF4E9CEC777D0000', '', 1, '1_04752627805681085.jpg', 19598, '350x356', 1, 1421918780),
(13, '6392478718BEF002ABFCF21FC3A3091A', '', 1, '1_04752627809660767.jpg', 19799, '352x356', 1, 1421918780),
(14, '090AC252A32402FF8FD00BC27550E1B9', '', 1, '1_04752627813773082.jpg', 29187, '351x354', 1, 1421918781),
(15, 'EBD42647EFE0107599D93446FC61EC2D', '', 1, '1_04752627843241680.jpg', 26620, '354x354', 1, 1421918784),
(16, '1D9FD4F9D477A5A40150C2CACF9481B8', '', 1, '1_04752627871532105.png', 166345, '353x353', 1, 1421918786),
(17, '9F27851370384CC9E0ED9A8771973FF9', '', 1, '1_04752627900055146.png', 162404, '347x347', 1, 1421918789),
(18, 'C7CCFC6BAC471D6594C8A96C04FAC364', '', 1, '1_04752627931531971.jpg', 160319, '888x888', 1, 1421918793),
(19, '87C70FD81710F085D764AD4C68D8C974', '', 1, '1_04752627958339099.jpg', 25604, '342x342', 1, 1421918795),
(20, '01', '', 2, '2_05453934459435128.png', 84396, '2590x1916', 2, 1492049445),
(21, 'ewm', '', 2, '2_05459276154634896.png', 13855, '90x90', 2, 1492583615),
(22, '7b8222886806e55718cb2de95e321004', '', 2, '2_05466260067490925.jpg', 487999, '2005x1989', 2, 1493282006),
(23, 'helpInfo', '', 3, '3_05472944248434474.png', 170645, '500x500', 3, 1493950424),
(24, 'ewm', '', 3, '3_05472944445560878.png', 13855, '90x90', 3, 1493950444),
(25, '0', '', 2, '2_05475575915659858.jpg', 15201, '394x395', 2, 1494213591),
(26, '0', '', 2, '2_05475700493262276.jpg', 15201, '394x395', 2, 1494226049);

-- --------------------------------------------------------

--
-- 表的结构 `33hao_apiseccode`
--

CREATE TABLE IF NOT EXISTS `33hao_apiseccode` (
  `sec_id` int(11) NOT NULL AUTO_INCREMENT COMMENT '自增ID',
  `sec_key` varchar(50) NOT NULL COMMENT '验证码标识',
  `sec_val` varchar(100) NOT NULL COMMENT '验证码值',
  `sec_addtime` int(11) NOT NULL DEFAULT '0' COMMENT '添加时间',
  PRIMARY KEY (`sec_id`)
) ENGINE=InnoDB DEFAULT CHARSET=utf8 AUTO_INCREMENT=1 ;

-- --------------------------------------------------------

--
-- 表的结构 `33hao_area`
--

CREATE TABLE IF NOT EXISTS `33hao_area` (
  `area_id` int(11) unsigned NOT NULL AUTO_INCREMENT COMMENT '索引ID',
  `area_name` varchar(50) NOT NULL COMMENT '地区名称',
  `area_parent_id` int(11) unsigned NOT NULL DEFAULT '0' COMMENT '地区父ID',
  `area_sort` tinyint(3) unsigned NOT NULL DEFAULT '0' COMMENT '排序',
  `area_deep` tinyint(1) unsigned NOT NULL DEFAULT '1' COMMENT '地区深度，从1开始',
  `area_region` varchar(3) DEFAULT NULL COMMENT '大区名称',
  PRIMARY KEY (`area_id`),
  KEY `area_parent_id` (`area_parent_id`)
) ENGINE=InnoDB  DEFAULT CHARSET=utf8 COMMENT='地区表' AUTO_INCREMENT=45056 ;

--
-- 转存表中的数据 `33hao_area`
--

INSERT INTO `33hao_area` (`area_id`, `area_name`, `area_parent_id`, `area_sort`, `area_deep`, `area_region`) VALUES
(1, '北京', 0, 0, 1, '华北'),
(2, '天津', 0, 0, 1, '华北'),
(3, '河北', 0, 0, 1, '华北'),
(4, '山西', 0, 0, 1, '华北'),
(5, '内蒙古', 0, 0, 1, '华北'),
(6, '辽宁', 0, 0, 1, '东北'),
(7, '吉林', 0, 0, 1, '东北'),
(8, '黑龙江', 0, 0, 1, '东北'),
(9, '上海', 0, 0, 1, '华东'),
(10, '江苏', 0, 0, 1, '华东'),
(11, '浙江', 0, 0, 1, '华东'),
(12, '安徽', 0, 0, 1, '华东'),
(13, '福建', 0, 0, 1, '华南'),
(14, '江西', 0, 0, 1, '华东'),
(15, '山东', 0, 0, 1, '华东'),
(16, '河南', 0, 0, 1, '华中'),
(17, '湖北', 0, 0, 1, '华中'),
(18, '湖南', 0, 0, 1, '华中'),
(19, '广东', 0, 0, 1, '华南'),
(20, '广西', 0, 0, 1, '华南'),
(21, '海南', 0, 0, 1, '华南'),
(22, '重庆', 0, 0, 1, '西南'),
(23, '四川', 0, 0, 1, '西南'),
(24, '贵州', 0, 0, 1, '西南'),
(25, '云南', 0, 0, 1, '西南'),
(26, '西藏', 0, 0, 1, '西南'),
(27, '陕西', 0, 0, 1, '西北'),
(28, '甘肃', 0, 0, 1, '西北'),
(29, '青海', 0, 0, 1, '西北'),
(30, '宁夏', 0, 0, 1, '西北'),
(31, '新疆', 0, 0, 1, '西北'),
(32, '台湾', 0, 0, 1, '港澳台'),
(33, '香港', 0, 0, 1, '港澳台'),
(34, '澳门', 0, 0, 1, '港澳台'),
(35, '海外', 0, 0, 1, '海外'),
(36, '北京市', 1, 0, 2, NULL),
(37, '东城区', 36, 0, 3, NULL),
(38, '西城区', 36, 0, 3, NULL),
(39, '上海市', 9, 0, 2, NULL),
(40, '天津市', 2, 0, 2, NULL),
(41, '朝阳区', 36, 0, 3, NULL),
(42, '丰台区', 36, 0, 3, NULL),
(43, '石景山区', 36, 0, 3, NULL),
(44, '海淀区', 36, 0, 3, NULL),
(45, '门头沟区', 36, 0, 3, NULL),
(46, '房山区', 36, 0, 3, NULL),
(47, '通州区', 36, 0, 3, NULL),
(48, '顺义区', 36, 0, 3, NULL),
(49, '昌平区', 36, 0, 3, NULL),
(50, '大兴区', 36, 0, 3, NULL),
(51, '怀柔区', 36, 0, 3, NULL),
(52, '平谷区', 36, 0, 3, NULL),
(53, '密云县', 36, 0, 3, NULL),
(54, '延庆县', 36, 0, 3, NULL),
(55, '和平区', 40, 0, 3, NULL),
(56, '河东区', 40, 0, 3, NULL),
(57, '河西区', 40, 0, 3, NULL),
(58, '南开区', 40, 0, 3, NULL),
(59, '河北区', 40, 0, 3, NULL),
(60, '红桥区', 40, 0, 3, NULL),
(61, '塘沽区', 40, 0, 3, NULL),
(62, '重庆市', 22, 0, 2, NULL),
(64, '东丽区', 40, 0, 3, NULL),
(65, '西青区', 40, 0, 3, NULL),
(66, '津南区', 40, 0, 3, NULL),
(67, '北辰区', 40, 0, 3, NULL),
(68, '武清区', 40, 0, 3, NULL),
(69, '宝坻区', 40, 0, 3, NULL),
(70, '宁河县', 40, 0, 3, NULL),
(71, '静海县', 40, 0, 3, NULL),
(72, '蓟县', 40, 0, 3, NULL),
(73, '石家庄市', 3, 0, 2, NULL),
(74, '唐山市', 3, 0, 2, NULL),
(75, '秦皇岛市', 3, 0, 2, NULL),
(76, '邯郸市', 3, 0, 2, NULL),
(77, '邢台市', 3, 0, 2, NULL),
(78, '保定市', 3, 0, 2, NULL),
(79, '张家口市', 3, 0, 2, NULL),
(80, '承德市', 3, 0, 2, NULL),
(81, '衡水市', 3, 0, 2, NULL),
(82, '廊坊市', 3, 0, 2, NULL),
(83, '沧州市', 3, 0, 2, NULL),
(84, '太原市', 4, 0, 2, NULL),
(85, '大同市', 4, 0, 2, NULL),
(86, '阳泉市', 4, 0, 2, NULL),
(87, '长治市', 4, 0, 2, NULL),
(88, '晋城市', 4, 0, 2, NULL),
(89, '朔州市', 4, 0, 2, NULL),
(90, '晋中市', 4, 0, 2, NULL),
(91, '运城市', 4, 0, 2, NULL),
(92, '忻州市', 4, 0, 2, NULL),
(93, '临汾市', 4, 0, 2, NULL),
(94, '吕梁市', 4, 0, 2, NULL),
(95, '呼和浩特市', 5, 0, 2, NULL),
(96, '包头市', 5, 0, 2, NULL),
(97, '乌海市', 5, 0, 2, NULL),
(98, '赤峰市', 5, 0, 2, NULL),
(99, '通辽市', 5, 0, 2, NULL),
(100, '鄂尔多斯市', 5, 0, 2, NULL),
(101, '呼伦贝尔市', 5, 0, 2, NULL),
(102, '巴彦淖尔市', 5, 0, 2, NULL),
(103, '乌兰察布市', 5, 0, 2, NULL),
(104, '兴安盟', 5, 0, 2, NULL),
(105, '锡林郭勒盟', 5, 0, 2, NULL),
(106, '阿拉善盟', 5, 0, 2, NULL),
(107, '沈阳市', 6, 0, 2, NULL),
(108, '大连市', 6, 0, 2, NULL),
(109, '鞍山市', 6, 0, 2, NULL),
(110, '抚顺市', 6, 0, 2, NULL),
(111, '本溪市', 6, 0, 2, NULL),
(112, '丹东市', 6, 0, 2, NULL),
(113, '锦州市', 6, 0, 2, NULL),
(114, '营口市', 6, 0, 2, NULL),
(115, '阜新市', 6, 0, 2, NULL),
(116, '辽阳市', 6, 0, 2, NULL),
(117, '盘锦市', 6, 0, 2, NULL),
(118, '铁岭市', 6, 0, 2, NULL),
(119, '朝阳市', 6, 0, 2, NULL),
(120, '葫芦岛市', 6, 0, 2, NULL),
(121, '长春市', 7, 0, 2, NULL),
(122, '吉林市', 7, 0, 2, NULL),
(123, '四平市', 7, 0, 2, NULL),
(124, '辽源市', 7, 0, 2, NULL),
(125, '通化市', 7, 0, 2, NULL),
(126, '白山市', 7, 0, 2, NULL),
(127, '松原市', 7, 0, 2, NULL),
(128, '白城市', 7, 0, 2, NULL),
(129, '延边朝鲜族自治州', 7, 0, 2, NULL),
(130, '哈尔滨市', 8, 0, 2, NULL),
(131, '齐齐哈尔市', 8, 0, 2, NULL),
(132, '鸡西市', 8, 0, 2, NULL),
(133, '鹤岗市', 8, 0, 2, NULL),
(134, '双鸭山市', 8, 0, 2, NULL),
(135, '大庆市', 8, 0, 2, NULL),
(136, '伊春市', 8, 0, 2, NULL),
(137, '佳木斯市', 8, 0, 2, NULL),
(138, '七台河市', 8, 0, 2, NULL),
(139, '牡丹江市', 8, 0, 2, NULL),
(140, '黑河市', 8, 0, 2, NULL),
(141, '绥化市', 8, 0, 2, NULL),
(142, '大兴安岭地区', 8, 0, 2, NULL),
(143, '黄浦区', 39, 0, 3, NULL),
(144, '卢湾区', 39, 0, 3, NULL),
(145, '徐汇区', 39, 0, 3, NULL),
(146, '长宁区', 39, 0, 3, NULL),
(147, '静安区', 39, 0, 3, NULL),
(148, '普陀区', 39, 0, 3, NULL),
(149, '闸北区', 39, 0, 3, NULL),
(150, '虹口区', 39, 0, 3, NULL),
(151, '杨浦区', 39, 0, 3, NULL),
(152, '闵行区', 39, 0, 3, NULL),
(153, '宝山区', 39, 0, 3, NULL),
(154, '嘉定区', 39, 0, 3, NULL),
(155, '浦东新区', 39, 0, 3, NULL),
(156, '金山区', 39, 0, 3, NULL),
(157, '松江区', 39, 0, 3, NULL),
(158, '青浦区', 39, 0, 3, NULL),
(159, '南汇区', 39, 0, 3, NULL),
(160, '奉贤区', 39, 0, 3, NULL),
(161, '崇明县', 39, 0, 3, NULL),
(162, '南京市', 10, 0, 2, NULL),
(163, '无锡市', 10, 0, 2, NULL),
(164, '徐州市', 10, 0, 2, NULL),
(165, '常州市', 10, 0, 2, NULL),
(166, '苏州市', 10, 0, 2, NULL),
(167, '南通市', 10, 0, 2, NULL),
(168, '连云港市', 10, 0, 2, NULL),
(169, '淮安市', 10, 0, 2, NULL),
(170, '盐城市', 10, 0, 2, NULL),
(171, '扬州市', 10, 0, 2, NULL),
(172, '镇江市', 10, 0, 2, NULL),
(173, '泰州市', 10, 0, 2, NULL),
(174, '宿迁市', 10, 0, 2, NULL),
(175, '杭州市', 11, 0, 2, NULL),
(176, '宁波市', 11, 0, 2, NULL),
(177, '温州市', 11, 0, 2, NULL),
(178, '嘉兴市', 11, 0, 2, NULL),
(179, '湖州市', 11, 0, 2, NULL),
(180, '绍兴市', 11, 0, 2, NULL),
(181, '舟山市', 11, 0, 2, NULL),
(182, '衢州市', 11, 0, 2, NULL),
(183, '金华市', 11, 0, 2, NULL),
(184, '台州市', 11, 0, 2, NULL),
(185, '丽水市', 11, 0, 2, NULL),
(186, '合肥市', 12, 0, 2, NULL),
(187, '芜湖市', 12, 0, 2, NULL),
(188, '蚌埠市', 12, 0, 2, NULL),
(189, '淮南市', 12, 0, 2, NULL),
(190, '马鞍山市', 12, 0, 2, NULL),
(191, '淮北市', 12, 0, 2, NULL),
(192, '铜陵市', 12, 0, 2, NULL),
(193, '安庆市', 12, 0, 2, NULL),
(194, '黄山市', 12, 0, 2, NULL),
(195, '滁州市', 12, 0, 2, NULL),
(196, '阜阳市', 12, 0, 2, NULL),
(197, '宿州市', 12, 0, 2, NULL),
(198, '巢湖市', 12, 0, 2, NULL),
(199, '六安市', 12, 0, 2, NULL),
(200, '亳州市', 12, 0, 2, NULL),
(201, '池州市', 12, 0, 2, NULL),
(202, '宣城市', 12, 0, 2, NULL),
(203, '福州市', 13, 0, 2, NULL),
(204, '厦门市', 13, 0, 2, NULL),
(205, '莆田市', 13, 0, 2, NULL),
(206, '三明市', 13, 0, 2, NULL),
(207, '泉州市', 13, 0, 2, NULL),
(208, '漳州市', 13, 0, 2, NULL),
(209, '南平市', 13, 0, 2, NULL),
(210, '龙岩市', 13, 0, 2, NULL),
(211, '宁德市', 13, 0, 2, NULL),
(212, '南昌市', 14, 0, 2, NULL),
(213, '景德镇市', 14, 0, 2, NULL),
(214, '萍乡市', 14, 0, 2, NULL),
(215, '九江市', 14, 0, 2, NULL),
(216, '新余市', 14, 0, 2, NULL),
(217, '鹰潭市', 14, 0, 2, NULL),
(218, '赣州市', 14, 0, 2, NULL),
(219, '吉安市', 14, 0, 2, NULL),
(220, '宜春市', 14, 0, 2, NULL),
(221, '抚州市', 14, 0, 2, NULL),
(222, '上饶市', 14, 0, 2, NULL),
(223, '济南市', 15, 0, 2, NULL),
(224, '青岛市', 15, 0, 2, NULL),
(225, '淄博市', 15, 0, 2, NULL),
(226, '枣庄市', 15, 0, 2, NULL),
(227, '东营市', 15, 0, 2, NULL),
(228, '烟台市', 15, 0, 2, NULL),
(229, '潍坊市', 15, 0, 2, NULL),
(230, '济宁市', 15, 0, 2, NULL),
(231, '泰安市', 15, 0, 2, NULL),
(232, '威海市', 15, 0, 2, NULL),
(233, '日照市', 15, 0, 2, NULL),
(234, '莱芜市', 15, 0, 2, NULL),
(235, '临沂市', 15, 0, 2, NULL),
(236, '德州市', 15, 0, 2, NULL),
(237, '聊城市', 15, 0, 2, NULL),
(238, '滨州市', 15, 0, 2, NULL),
(239, '菏泽市', 15, 0, 2, NULL),
(240, '郑州市', 16, 0, 2, NULL),
(241, '开封市', 16, 0, 2, NULL),
(242, '洛阳市', 16, 0, 2, NULL),
(243, '平顶山市', 16, 0, 2, NULL),
(244, '安阳市', 16, 0, 2, NULL),
(245, '鹤壁市', 16, 0, 2, NULL),
(246, '新乡市', 16, 0, 2, NULL),
(247, '焦作市', 16, 0, 2, NULL),
(248, '濮阳市', 16, 0, 2, NULL),
(249, '许昌市', 16, 0, 2, NULL),
(250, '漯河市', 16, 0, 2, NULL),
(251, '三门峡市', 16, 0, 2, NULL),
(252, '南阳市', 16, 0, 2, NULL),
(253, '商丘市', 16, 0, 2, NULL),
(254, '信阳市', 16, 0, 2, NULL),
(255, '周口市', 16, 0, 2, NULL),
(256, '驻马店市', 16, 0, 2, NULL),
(257, '济源市', 16, 0, 2, NULL),
(258, '武汉市', 17, 0, 2, NULL),
(259, '黄石市', 17, 0, 2, NULL),
(260, '十堰市', 17, 0, 2, NULL),
(261, '宜昌市', 17, 0, 2, NULL),
(262, '襄樊市', 17, 0, 2, NULL),
(263, '鄂州市', 17, 0, 2, NULL),
(264, '荆门市', 17, 0, 2, NULL),
(265, '孝感市', 17, 0, 2, NULL),
(266, '荆州市', 17, 0, 2, NULL),
(267, '黄冈市', 17, 0, 2, NULL),
(268, '咸宁市', 17, 0, 2, NULL),
(269, '随州市', 17, 0, 2, NULL),
(270, '恩施土家族苗族自治州', 17, 0, 2, NULL),
(271, '仙桃市', 17, 0, 2, NULL),
(272, '潜江市', 17, 0, 2, NULL),
(273, '天门市', 17, 0, 2, NULL),
(274, '神农架林区', 17, 0, 2, NULL),
(275, '长沙市', 18, 0, 2, NULL),
(276, '株洲市', 18, 0, 2, NULL),
(277, '湘潭市', 18, 0, 2, NULL),
(278, '衡阳市', 18, 0, 2, NULL),
(279, '邵阳市', 18, 0, 2, NULL),
(280, '岳阳市', 18, 0, 2, NULL),
(281, '常德市', 18, 0, 2, NULL),
(282, '张家界市', 18, 0, 2, NULL),
(283, '益阳市', 18, 0, 2, NULL),
(284, '郴州市', 18, 0, 2, NULL),
(285, '永州市', 18, 0, 2, NULL),
(286, '怀化市', 18, 0, 2, NULL),
(287, '娄底市', 18, 0, 2, NULL),
(288, '湘西土家族苗族自治州', 18, 0, 2, NULL),
(289, '广州市', 19, 0, 2, NULL),
(290, '韶关市', 19, 0, 2, NULL),
(291, '深圳市', 19, 0, 2, NULL),
(292, '珠海市', 19, 0, 2, NULL),
(293, '汕头市', 19, 0, 2, NULL),
(294, '佛山市', 19, 0, 2, NULL),
(295, '江门市', 19, 0, 2, NULL),
(296, '湛江市', 19, 0, 2, NULL),
(297, '茂名市', 19, 0, 2, NULL),
(298, '肇庆市', 19, 0, 2, NULL),
(299, '惠州市', 19, 0, 2, NULL),
(300, '梅州市', 19, 0, 2, NULL),
(301, '汕尾市', 19, 0, 2, NULL),
(302, '河源市', 19, 0, 2, NULL),
(303, '阳江市', 19, 0, 2, NULL),
(304, '清远市', 19, 0, 2, NULL),
(305, '东莞市', 19, 0, 2, NULL),
(306, '中山市', 19, 0, 2, NULL),
(307, '潮州市', 19, 0, 2, NULL),
(308, '揭阳市', 19, 0, 2, NULL),
(309, '云浮市', 19, 0, 2, NULL),
(310, '南宁市', 20, 0, 2, NULL),
(311, '柳州市', 20, 0, 2, NULL),
(312, '桂林市', 20, 0, 2, NULL),
(313, '梧州市', 20, 0, 2, NULL),
(314, '北海市', 20, 0, 2, NULL),
(315, '防城港市', 20, 0, 2, NULL),
(316, '钦州市', 20, 0, 2, NULL),
(317, '贵港市', 20, 0, 2, NULL),
(318, '玉林市', 20, 0, 2, NULL),
(319, '百色市', 20, 0, 2, NULL),
(320, '贺州市', 20, 0, 2, NULL),
(321, '河池市', 20, 0, 2, NULL),
(322, '来宾市', 20, 0, 2, NULL),
(323, '崇左市', 20, 0, 2, NULL),
(324, '海口市', 21, 0, 2, NULL),
(325, '三亚市', 21, 0, 2, NULL),
(326, '五指山市', 21, 0, 2, NULL),
(327, '琼海市', 21, 0, 2, NULL),
(328, '儋州市', 21, 0, 2, NULL),
(329, '文昌市', 21, 0, 2, NULL),
(330, '万宁市', 21, 0, 2, NULL),
(331, '东方市', 21, 0, 2, NULL),
(332, '定安县', 21, 0, 2, NULL),
(333, '屯昌县', 21, 0, 2, NULL),
(334, '澄迈县', 21, 0, 2, NULL),
(335, '临高县', 21, 0, 2, NULL),
(336, '白沙黎族自治县', 21, 0, 2, NULL),
(337, '昌江黎族自治县', 21, 0, 2, NULL),
(338, '乐东黎族自治县', 21, 0, 2, NULL),
(339, '陵水黎族自治县', 21, 0, 2, NULL),
(340, '保亭黎族苗族自治县', 21, 0, 2, NULL),
(341, '琼中黎族苗族自治县', 21, 0, 2, NULL),
(342, '西沙群岛', 21, 0, 2, NULL),
(343, '南沙群岛', 21, 0, 2, NULL),
(344, '中沙群岛的岛礁及其海域', 21, 0, 2, NULL),
(345, '万州区', 62, 0, 3, NULL),
(346, '涪陵区', 62, 0, 3, NULL),
(347, '渝中区', 62, 0, 3, NULL),
(348, '大渡口区', 62, 0, 3, NULL),
(349, '江北区', 62, 0, 3, NULL),
(350, '沙坪坝区', 62, 0, 3, NULL),
(351, '九龙坡区', 62, 0, 3, NULL),
(352, '南岸区', 62, 0, 3, NULL),
(353, '北碚区', 62, 0, 3, NULL),
(354, '双桥区', 62, 0, 3, NULL),
(355, '万盛区', 62, 0, 3, NULL),
(356, '渝北区', 62, 0, 3, NULL),
(357, '巴南区', 62, 0, 3, NULL),
(358, '黔江区', 62, 0, 3, NULL),
(359, '长寿区', 62, 0, 3, NULL),
(360, '綦江县', 62, 0, 3, NULL),
(361, '潼南县', 62, 0, 3, NULL),
(362, '铜梁县', 62, 0, 3, NULL),
(363, '大足县', 62, 0, 3, NULL),
(364, '荣昌县', 62, 0, 3, NULL),
(365, '璧山县', 62, 0, 3, NULL),
(366, '梁平县', 62, 0, 3, NULL),
(367, '城口县', 62, 0, 3, NULL),
(368, '丰都县', 62, 0, 3, NULL),
(369, '垫江县', 62, 0, 3, NULL),
(370, '武隆县', 62, 0, 3, NULL),
(371, '忠县', 62, 0, 3, NULL),
(372, '开县', 62, 0, 3, NULL),
(373, '云阳县', 62, 0, 3, NULL),
(374, '奉节县', 62, 0, 3, NULL),
(375, '巫山县', 62, 0, 3, NULL),
(376, '巫溪县', 62, 0, 3, NULL),
(377, '石柱土家族自治县', 62, 0, 3, NULL),
(378, '秀山土家族苗族自治县', 62, 0, 3, NULL),
(379, '酉阳土家族苗族自治县', 62, 0, 3, NULL),
(380, '彭水苗族土家族自治县', 62, 0, 3, NULL),
(381, '江津市', 62, 0, 3, NULL),
(382, '合川市', 62, 0, 3, NULL),
(383, '永川市', 62, 0, 3, NULL),
(384, '南川市', 62, 0, 3, NULL),
(385, '成都市', 23, 0, 2, NULL),
(386, '自贡市', 23, 0, 2, NULL),
(387, '攀枝花市', 23, 0, 2, NULL),
(388, '泸州市', 23, 0, 2, NULL),
(389, '德阳市', 23, 0, 2, NULL),
(390, '绵阳市', 23, 0, 2, NULL),
(391, '广元市', 23, 0, 2, NULL),
(392, '遂宁市', 23, 0, 2, NULL),
(393, '内江市', 23, 0, 2, NULL),
(394, '乐山市', 23, 0, 2, NULL),
(395, '南充市', 23, 0, 2, NULL),
(396, '眉山市', 23, 0, 2, NULL),
(397, '宜宾市', 23, 0, 2, NULL),
(398, '广安市', 23, 0, 2, NULL),
(399, '达州市', 23, 0, 2, NULL),
(400, '雅安市', 23, 0, 2, NULL),
(401, '巴中市', 23, 0, 2, NULL),
(402, '资阳市', 23, 0, 2, NULL),
(403, '阿坝藏族羌族自治州', 23, 0, 2, NULL),
(404, '甘孜藏族自治州', 23, 0, 2, NULL),
(405, '凉山彝族自治州', 23, 0, 2, NULL),
(406, '贵阳市', 24, 0, 2, NULL),
(407, '六盘水市', 24, 0, 2, NULL),
(408, '遵义市', 24, 0, 2, NULL),
(409, '安顺市', 24, 0, 2, NULL),
(410, '铜仁地区', 24, 0, 2, NULL),
(411, '黔西南布依族苗族自治州', 24, 0, 2, NULL),
(412, '毕节地区', 24, 0, 2, NULL),
(413, '黔东南苗族侗族自治州', 24, 0, 2, NULL),
(414, '黔南布依族苗族自治州', 24, 0, 2, NULL),
(415, '昆明市', 25, 0, 2, NULL),
(416, '曲靖市', 25, 0, 2, NULL),
(417, '玉溪市', 25, 0, 2, NULL),
(418, '保山市', 25, 0, 2, NULL),
(419, '昭通市', 25, 0, 2, NULL),
(420, '丽江市', 25, 0, 2, NULL),
(421, '思茅市', 25, 0, 2, NULL),
(422, '临沧市', 25, 0, 2, NULL),
(423, '楚雄彝族自治州', 25, 0, 2, NULL),
(424, '红河哈尼族彝族自治州', 25, 0, 2, NULL),
(425, '文山壮族苗族自治州', 25, 0, 2, NULL),
(426, '西双版纳傣族自治州', 25, 0, 2, NULL),
(427, '大理白族自治州', 25, 0, 2, NULL),
(428, '德宏傣族景颇族自治州', 25, 0, 2, NULL),
(429, '怒江傈僳族自治州', 25, 0, 2, NULL),
(430, '迪庆藏族自治州', 25, 0, 2, NULL),
(431, '拉萨市', 26, 0, 2, NULL),
(432, '昌都地区', 26, 0, 2, NULL),
(433, '山南地区', 26, 0, 2, NULL),
(434, '日喀则地区', 26, 0, 2, NULL),
(435, '那曲地区', 26, 0, 2, NULL),
(436, '阿里地区', 26, 0, 2, NULL),
(437, '林芝地区', 26, 0, 2, NULL),
(438, '西安市', 27, 0, 2, NULL),
(439, '铜川市', 27, 0, 2, NULL),
(440, '宝鸡市', 27, 0, 2, NULL),
(441, '咸阳市', 27, 0, 2, NULL),
(442, '渭南市', 27, 0, 2, NULL),
(443, '延安市', 27, 0, 2, NULL),
(444, '汉中市', 27, 0, 2, NULL),
(445, '榆林市', 27, 0, 2, NULL),
(446, '安康市', 27, 0, 2, NULL),
(447, '商洛市', 27, 0, 2, NULL),
(448, '兰州市', 28, 0, 2, NULL),
(449, '嘉峪关市', 28, 0, 2, NULL),
(450, '金昌市', 28, 0, 2, NULL),
(451, '白银市', 28, 0, 2, NULL),
(452, '天水市', 28, 0, 2, NULL),
(453, '武威市', 28, 0, 2, NULL),
(454, '张掖市', 28, 0, 2, NULL),
(455, '平凉市', 28, 0, 2, NULL),
(456, '酒泉市', 28, 0, 2, NULL),
(457, '庆阳市', 28, 0, 2, NULL),
(458, '定西市', 28, 0, 2, NULL),
(459, '陇南市', 28, 0, 2, NULL),
(460, '临夏回族自治州', 28, 0, 2, NULL),
(461, '甘南藏族自治州', 28, 0, 2, NULL),
(462, '西宁市', 29, 0, 2, NULL),
(463, '海东地区', 29, 0, 2, NULL),
(464, '海北藏族自治州', 29, 0, 2, NULL),
(465, '黄南藏族自治州', 29, 0, 2, NULL),
(466, '海南藏族自治州', 29, 0, 2, NULL),
(467, '果洛藏族自治州', 29, 0, 2, NULL),
(468, '玉树藏族自治州', 29, 0, 2, NULL),
(469, '海西蒙古族藏族自治州', 29, 0, 2, NULL),
(470, '银川市', 30, 0, 2, NULL),
(471, '石嘴山市', 30, 0, 2, NULL),
(472, '吴忠市', 30, 0, 2, NULL),
(473, '固原市', 30, 0, 2, NULL),
(474, '中卫市', 30, 0, 2, NULL),
(475, '乌鲁木齐市', 31, 0, 2, NULL),
(476, '克拉玛依市', 31, 0, 2, NULL),
(477, '吐鲁番地区', 31, 0, 2, NULL),
(478, '哈密地区', 31, 0, 2, NULL),
(479, '昌吉回族自治州', 31, 0, 2, NULL),
(480, '博尔塔拉蒙古自治州', 31, 0, 2, NULL),
(481, '巴音郭楞蒙古自治州', 31, 0, 2, NULL),
(482, '阿克苏地区', 31, 0, 2, NULL),
(483, '克孜勒苏柯尔克孜自治州', 31, 0, 2, NULL),
(484, '喀什地区', 31, 0, 2, NULL),
(485, '和田地区', 31, 0, 2, NULL),
(486, '伊犁哈萨克自治州', 31, 0, 2, NULL),
(487, '塔城地区', 31, 0, 2, NULL),
(488, '阿勒泰地区', 31, 0, 2, NULL),
(489, '石河子市', 31, 0, 2, NULL),
(490, '阿拉尔市', 31, 0, 2, NULL),
(491, '图木舒克市', 31, 0, 2, NULL),
(492, '五家渠市', 31, 0, 2, NULL),
(493, '台北市', 32, 0, 2, NULL),
(494, '高雄市', 32, 0, 2, NULL),
(495, '基隆市', 32, 0, 2, NULL),
(496, '台中市', 32, 0, 2, NULL),
(497, '台南市', 32, 0, 2, NULL),
(498, '新竹市', 32, 0, 2, NULL),
(499, '嘉义市', 32, 0, 2, NULL),
(500, '台北县', 32, 0, 2, NULL),
(501, '宜兰县', 32, 0, 2, NULL),
(502, '桃园县', 32, 0, 2, NULL),
(503, '新竹县', 32, 0, 2, NULL),
(504, '苗栗县', 32, 0, 2, NULL),
(505, '台中县', 32, 0, 2, NULL),
(506, '彰化县', 32, 0, 2, NULL),
(507, '南投县', 32, 0, 2, NULL),
(508, '云林县', 32, 0, 2, NULL),
(509, '嘉义县', 32, 0, 2, NULL),
(510, '台南县', 32, 0, 2, NULL),
(511, '高雄县', 32, 0, 2, NULL),
(512, '屏东县', 32, 0, 2, NULL),
(513, '澎湖县', 32, 0, 2, NULL),
(514, '台东县', 32, 0, 2, NULL),
(515, '花莲县', 32, 0, 2, NULL),
(516, '中西区', 33, 0, 2, NULL),
(517, '东区', 33, 0, 2, NULL),
(518, '九龙城区', 33, 0, 2, NULL),
(519, '观塘区', 33, 0, 2, NULL),
(520, '南区', 33, 0, 2, NULL),
(521, '深水埗区', 33, 0, 2, NULL),
(522, '黄大仙区', 33, 0, 2, NULL),
(523, '湾仔区', 33, 0, 2, NULL),
(524, '油尖旺区', 33, 0, 2, NULL),
(525, '离岛区', 33, 0, 2, NULL),
(526, '葵青区', 33, 0, 2, NULL),
(527, '北区', 33, 0, 2, NULL),
(528, '西贡区', 33, 0, 2, NULL),
(529, '沙田区', 33, 0, 2, NULL),
(530, '屯门区', 33, 0, 2, NULL),
(531, '大埔区', 33, 0, 2, NULL),
(532, '荃湾区', 33, 0, 2, NULL),
(533, '元朗区', 33, 0, 2, NULL),
(534, '澳门特别行政区', 34, 0, 2, NULL),
(535, '美国', 45055, 0, 3, NULL),
(536, '加拿大', 45055, 0, 3, NULL),
(537, '澳大利亚', 45055, 0, 3, NULL),
(538, '新西兰', 45055, 0, 3, NULL),
(539, '英国', 45055, 0, 3, NULL),
(540, '法国', 45055, 0, 3, NULL),
(541, '德国', 45055, 0, 3, NULL),
(542, '捷克', 45055, 0, 3, NULL),
(543, '荷兰', 45055, 0, 3, NULL),
(544, '瑞士', 45055, 0, 3, NULL),
(545, '希腊', 45055, 0, 3, NULL),
(546, '挪威', 45055, 0, 3, NULL),
(547, '瑞典', 45055, 0, 3, NULL),
(548, '丹麦', 45055, 0, 3, NULL),
(549, '芬兰', 45055, 0, 3, NULL),
(550, '爱尔兰', 45055, 0, 3, NULL),
(551, '奥地利', 45055, 0, 3, NULL),
(552, '意大利', 45055, 0, 3, NULL),
(553, '乌克兰', 45055, 0, 3, NULL),
(554, '俄罗斯', 45055, 0, 3, NULL),
(555, '西班牙', 45055, 0, 3, NULL),
(556, '韩国', 45055, 0, 3, NULL),
(557, '新加坡', 45055, 0, 3, NULL),
(558, '马来西亚', 45055, 0, 3, NULL),
(559, '印度', 45055, 0, 3, NULL),
(560, '泰国', 45055, 0, 3, NULL),
(561, '日本', 45055, 0, 3, NULL),
(562, '巴西', 45055, 0, 3, NULL),
(563, '阿根廷', 45055, 0, 3, NULL),
(564, '南非', 45055, 0, 3, NULL),
(565, '埃及', 45055, 0, 3, NULL),
(566, '其他', 36, 0, 3, NULL),
(1126, '井陉县', 73, 0, 3, NULL),
(1127, '井陉矿区', 73, 0, 3, NULL),
(1128, '元氏县', 73, 0, 3, NULL),
(1129, '平山县', 73, 0, 3, NULL),
(1130, '新乐市', 73, 0, 3, NULL),
(1131, '新华区', 73, 0, 3, NULL),
(1132, '无极县', 73, 0, 3, NULL),
(1133, '晋州市', 73, 0, 3, NULL),
(1134, '栾城县', 73, 0, 3, NULL),
(1135, '桥东区', 73, 0, 3, NULL),
(1136, '桥西区', 73, 0, 3, NULL),
(1137, '正定县', 73, 0, 3, NULL),
(1138, '深泽县', 73, 0, 3, NULL),
(1139, '灵寿县', 73, 0, 3, NULL),
(1140, '藁城市', 73, 0, 3, NULL),
(1141, '行唐县', 73, 0, 3, NULL),
(1142, '裕华区', 73, 0, 3, NULL),
(1143, '赞皇县', 73, 0, 3, NULL),
(1144, '赵县', 73, 0, 3, NULL),
(1145, '辛集市', 73, 0, 3, NULL),
(1146, '长安区', 73, 0, 3, NULL),
(1147, '高邑县', 73, 0, 3, NULL),
(1148, '鹿泉市', 73, 0, 3, NULL),
(1149, '丰南区', 74, 0, 3, NULL),
(1150, '丰润区', 74, 0, 3, NULL),
(1151, '乐亭县', 74, 0, 3, NULL),
(1152, '古冶区', 74, 0, 3, NULL),
(1153, '唐海县', 74, 0, 3, NULL),
(1154, '开平区', 74, 0, 3, NULL),
(1155, '滦南县', 74, 0, 3, NULL),
(1156, '滦县', 74, 0, 3, NULL),
(1157, '玉田县', 74, 0, 3, NULL),
(1158, '路北区', 74, 0, 3, NULL),
(1159, '路南区', 74, 0, 3, NULL),
(1160, '迁安市', 74, 0, 3, NULL),
(1161, '迁西县', 74, 0, 3, NULL),
(1162, '遵化市', 74, 0, 3, NULL),
(1163, '北戴河区', 75, 0, 3, NULL),
(1164, '卢龙县', 75, 0, 3, NULL),
(1165, '山海关区', 75, 0, 3, NULL),
(1166, '抚宁县', 75, 0, 3, NULL),
(1167, '昌黎县', 75, 0, 3, NULL),
(1168, '海港区', 75, 0, 3, NULL),
(1169, '青龙满族自治县', 75, 0, 3, NULL),
(1170, '丛台区', 76, 0, 3, NULL),
(1171, '临漳县', 76, 0, 3, NULL),
(1172, '复兴区', 76, 0, 3, NULL),
(1173, '大名县', 76, 0, 3, NULL),
(1174, '峰峰矿区', 76, 0, 3, NULL),
(1175, '广平县', 76, 0, 3, NULL),
(1176, '成安县', 76, 0, 3, NULL),
(1177, '曲周县', 76, 0, 3, NULL),
(1178, '武安市', 76, 0, 3, NULL),
(1179, '永年县', 76, 0, 3, NULL),
(1180, '涉县', 76, 0, 3, NULL),
(1181, '磁县', 76, 0, 3, NULL),
(1182, '肥乡县', 76, 0, 3, NULL),
(1183, '邯山区', 76, 0, 3, NULL),
(1184, '邯郸县', 76, 0, 3, NULL),
(1185, '邱县', 76, 0, 3, NULL),
(1186, '馆陶县', 76, 0, 3, NULL),
(1187, '魏县', 76, 0, 3, NULL),
(1188, '鸡泽县', 76, 0, 3, NULL),
(1189, '临城县', 77, 0, 3, NULL),
(1190, '临西县', 77, 0, 3, NULL),
(1191, '任县', 77, 0, 3, NULL),
(1192, '内丘县', 77, 0, 3, NULL),
(1193, '南和县', 77, 0, 3, NULL),
(1194, '南宫市', 77, 0, 3, NULL),
(1195, '威县', 77, 0, 3, NULL),
(1196, '宁晋县', 77, 0, 3, NULL),
(1197, '巨鹿县', 77, 0, 3, NULL),
(1198, '平乡县', 77, 0, 3, NULL),
(1199, '广宗县', 77, 0, 3, NULL),
(1200, '新河县', 77, 0, 3, NULL),
(1201, '柏乡县', 77, 0, 3, NULL),
(1202, '桥东区', 77, 0, 3, NULL),
(1203, '桥西区', 77, 0, 3, NULL),
(1204, '沙河市', 77, 0, 3, NULL),
(1205, '清河县', 77, 0, 3, NULL),
(1206, '邢台县', 77, 0, 3, NULL),
(1207, '隆尧县', 77, 0, 3, NULL),
(1208, '北市区', 78, 0, 3, NULL),
(1209, '南市区', 78, 0, 3, NULL),
(1210, '博野县', 78, 0, 3, NULL),
(1211, '唐县', 78, 0, 3, NULL),
(1212, '安国市', 78, 0, 3, NULL),
(1213, '安新县', 78, 0, 3, NULL),
(1214, '定兴县', 78, 0, 3, NULL),
(1215, '定州市', 78, 0, 3, NULL),
(1216, '容城县', 78, 0, 3, NULL),
(1217, '徐水县', 78, 0, 3, NULL),
(1218, '新市区', 78, 0, 3, NULL),
(1219, '易县', 78, 0, 3, NULL),
(1220, '曲阳县', 78, 0, 3, NULL),
(1221, '望都县', 78, 0, 3, NULL),
(1222, '涞水县', 78, 0, 3, NULL),
(1223, '涞源县', 78, 0, 3, NULL),
(1224, '涿州市', 78, 0, 3, NULL),
(1225, '清苑县', 78, 0, 3, NULL),
(1226, '满城县', 78, 0, 3, NULL),
(1227, '蠡县', 78, 0, 3, NULL),
(1228, '阜平县', 78, 0, 3, NULL),
(1229, '雄县', 78, 0, 3, NULL),
(1230, '顺平县', 78, 0, 3, NULL),
(1231, '高碑店市', 78, 0, 3, NULL),
(1232, '高阳县', 78, 0, 3, NULL),
(1233, '万全县', 79, 0, 3, NULL),
(1234, '下花园区', 79, 0, 3, NULL),
(1235, '宣化区', 79, 0, 3, NULL),
(1236, '宣化县', 79, 0, 3, NULL),
(1237, '尚义县', 79, 0, 3, NULL),
(1238, '崇礼县', 79, 0, 3, NULL),
(1239, '康保县', 79, 0, 3, NULL),
(1240, '张北县', 79, 0, 3, NULL),
(1241, '怀安县', 79, 0, 3, NULL),
(1242, '怀来县', 79, 0, 3, NULL),
(1243, '桥东区', 79, 0, 3, NULL),
(1244, '桥西区', 79, 0, 3, NULL),
(1245, '沽源县', 79, 0, 3, NULL),
(1246, '涿鹿县', 79, 0, 3, NULL),
(1247, '蔚县', 79, 0, 3, NULL),
(1248, '赤城县', 79, 0, 3, NULL),
(1249, '阳原县', 79, 0, 3, NULL),
(1250, '丰宁满族自治县', 80, 0, 3, NULL),
(1251, '兴隆县', 80, 0, 3, NULL),
(1252, '双桥区', 80, 0, 3, NULL),
(1253, '双滦区', 80, 0, 3, NULL),
(1254, '围场满族蒙古族自治县', 80, 0, 3, NULL),
(1255, '宽城满族自治县', 80, 0, 3, NULL),
(1256, '平泉县', 80, 0, 3, NULL),
(1257, '承德县', 80, 0, 3, NULL),
(1258, '滦平县', 80, 0, 3, NULL),
(1259, '隆化县', 80, 0, 3, NULL),
(1260, '鹰手营子矿区', 80, 0, 3, NULL),
(1261, '冀州市', 81, 0, 3, NULL),
(1262, '安平县', 81, 0, 3, NULL),
(1263, '故城县', 81, 0, 3, NULL),
(1264, '景县', 81, 0, 3, NULL),
(1265, '枣强县', 81, 0, 3, NULL),
(1266, '桃城区', 81, 0, 3, NULL),
(1267, '武强县', 81, 0, 3, NULL),
(1268, '武邑县', 81, 0, 3, NULL),
(1269, '深州市', 81, 0, 3, NULL),
(1270, '阜城县', 81, 0, 3, NULL),
(1271, '饶阳县', 81, 0, 3, NULL),
(1272, '三河市', 82, 0, 3, NULL),
(1273, '固安县', 82, 0, 3, NULL),
(1274, '大厂回族自治县', 82, 0, 3, NULL),
(1275, '大城县', 82, 0, 3, NULL),
(1276, '安次区', 82, 0, 3, NULL),
(1277, '广阳区', 82, 0, 3, NULL),
(1278, '文安县', 82, 0, 3, NULL),
(1279, '永清县', 82, 0, 3, NULL),
(1280, '霸州市', 82, 0, 3, NULL),
(1281, '香河县', 82, 0, 3, NULL),
(1282, '东光县', 83, 0, 3, NULL),
(1283, '任丘市', 83, 0, 3, NULL),
(1284, '南皮县', 83, 0, 3, NULL),
(1285, '吴桥县', 83, 0, 3, NULL),
(1286, '孟村回族自治县', 83, 0, 3, NULL),
(1287, '新华区', 83, 0, 3, NULL),
(1288, '沧县', 83, 0, 3, NULL),
(1289, '河间市', 83, 0, 3, NULL),
(1290, '泊头市', 83, 0, 3, NULL),
(1291, '海兴县', 83, 0, 3, NULL),
(1292, '献县', 83, 0, 3, NULL),
(1293, '盐山县', 83, 0, 3, NULL),
(1294, '肃宁县', 83, 0, 3, NULL),
(1295, '运河区', 83, 0, 3, NULL),
(1296, '青县', 83, 0, 3, NULL),
(1297, '黄骅市', 83, 0, 3, NULL),
(1298, '万柏林区', 84, 0, 3, NULL),
(1299, '古交市', 84, 0, 3, NULL),
(1300, '娄烦县', 84, 0, 3, NULL),
(1301, '小店区', 84, 0, 3, NULL),
(1302, '尖草坪区', 84, 0, 3, NULL),
(1303, '晋源区', 84, 0, 3, NULL),
(1304, '杏花岭区', 84, 0, 3, NULL),
(1305, '清徐县', 84, 0, 3, NULL),
(1306, '迎泽区', 84, 0, 3, NULL),
(1307, '阳曲县', 84, 0, 3, NULL),
(1308, '南郊区', 85, 0, 3, NULL),
(1309, '城区', 85, 0, 3, NULL),
(1310, '大同县', 85, 0, 3, NULL),
(1311, '天镇县', 85, 0, 3, NULL),
(1312, '左云县', 85, 0, 3, NULL),
(1313, '广灵县', 85, 0, 3, NULL),
(1314, '新荣区', 85, 0, 3, NULL),
(1315, '浑源县', 85, 0, 3, NULL),
(1316, '灵丘县', 85, 0, 3, NULL),
(1317, '矿区', 85, 0, 3, NULL),
(1318, '阳高县', 85, 0, 3, NULL),
(1319, '城区', 86, 0, 3, NULL),
(1320, '平定县', 86, 0, 3, NULL),
(1321, '盂县', 86, 0, 3, NULL),
(1322, '矿区', 86, 0, 3, NULL),
(1323, '郊区', 86, 0, 3, NULL),
(1324, '城区', 87, 0, 3, NULL),
(1325, '壶关县', 87, 0, 3, NULL),
(1326, '屯留县', 87, 0, 3, NULL),
(1327, '平顺县', 87, 0, 3, NULL),
(1328, '武乡县', 87, 0, 3, NULL),
(1329, '沁县', 87, 0, 3, NULL),
(1330, '沁源县', 87, 0, 3, NULL),
(1331, '潞城市', 87, 0, 3, NULL),
(1332, '襄垣县', 87, 0, 3, NULL),
(1333, '郊区', 87, 0, 3, NULL),
(1334, '长子县', 87, 0, 3, NULL),
(1335, '长治县', 87, 0, 3, NULL),
(1336, '黎城县', 87, 0, 3, NULL),
(1337, '城区', 88, 0, 3, NULL),
(1338, '沁水县', 88, 0, 3, NULL),
(1339, '泽州县', 88, 0, 3, NULL),
(1340, '阳城县', 88, 0, 3, NULL),
(1341, '陵川县', 88, 0, 3, NULL),
(1342, '高平市', 88, 0, 3, NULL),
(1343, '右玉县', 89, 0, 3, NULL),
(1344, '山阴县', 89, 0, 3, NULL),
(1345, '平鲁区', 89, 0, 3, NULL),
(1346, '应县', 89, 0, 3, NULL),
(1347, '怀仁县', 89, 0, 3, NULL),
(1348, '朔城区', 89, 0, 3, NULL),
(1349, '介休市', 90, 0, 3, NULL),
(1350, '和顺县', 90, 0, 3, NULL),
(1351, '太谷县', 90, 0, 3, NULL),
(1352, '寿阳县', 90, 0, 3, NULL),
(1353, '左权县', 90, 0, 3, NULL),
(1354, '平遥县', 90, 0, 3, NULL),
(1355, '昔阳县', 90, 0, 3, NULL),
(1356, '榆次区', 90, 0, 3, NULL),
(1357, '榆社县', 90, 0, 3, NULL),
(1358, '灵石县', 90, 0, 3, NULL),
(1359, '祁县', 90, 0, 3, NULL),
(1360, '万荣县', 91, 0, 3, NULL),
(1361, '临猗县', 91, 0, 3, NULL),
(1362, '垣曲县', 91, 0, 3, NULL),
(1363, '夏县', 91, 0, 3, NULL),
(1364, '平陆县', 91, 0, 3, NULL),
(1365, '新绛县', 91, 0, 3, NULL),
(1366, '永济市', 91, 0, 3, NULL),
(1367, '河津市', 91, 0, 3, NULL),
(1368, '盐湖区', 91, 0, 3, NULL),
(1369, '稷山县', 91, 0, 3, NULL),
(1370, '绛县', 91, 0, 3, NULL),
(1371, '芮城县', 91, 0, 3, NULL),
(1372, '闻喜县', 91, 0, 3, NULL),
(1373, '五台县', 92, 0, 3, NULL),
(1374, '五寨县', 92, 0, 3, NULL),
(1375, '代县', 92, 0, 3, NULL),
(1376, '保德县', 92, 0, 3, NULL),
(1377, '偏关县', 92, 0, 3, NULL),
(1378, '原平市', 92, 0, 3, NULL),
(1379, '宁武县', 92, 0, 3, NULL),
(1380, '定襄县', 92, 0, 3, NULL),
(1381, '岢岚县', 92, 0, 3, NULL),
(1382, '忻府区', 92, 0, 3, NULL),
(1383, '河曲县', 92, 0, 3, NULL),
(1384, '神池县', 92, 0, 3, NULL),
(1385, '繁峙县', 92, 0, 3, NULL),
(1386, '静乐县', 92, 0, 3, NULL),
(1387, '乡宁县', 93, 0, 3, NULL),
(1388, '侯马市', 93, 0, 3, NULL),
(1389, '古县', 93, 0, 3, NULL),
(1390, '吉县', 93, 0, 3, NULL),
(1391, '大宁县', 93, 0, 3, NULL),
(1392, '安泽县', 93, 0, 3, NULL),
(1393, '尧都区', 93, 0, 3, NULL),
(1394, '曲沃县', 93, 0, 3, NULL),
(1395, '永和县', 93, 0, 3, NULL),
(1396, '汾西县', 93, 0, 3, NULL),
(1397, '洪洞县', 93, 0, 3, NULL),
(1398, '浮山县', 93, 0, 3, NULL),
(1399, '翼城县', 93, 0, 3, NULL),
(1400, '蒲县', 93, 0, 3, NULL),
(1401, '襄汾县', 93, 0, 3, NULL),
(1402, '隰县', 93, 0, 3, NULL),
(1403, '霍州市', 93, 0, 3, NULL),
(1404, '中阳县', 94, 0, 3, NULL),
(1405, '临县', 94, 0, 3, NULL),
(1406, '交口县', 94, 0, 3, NULL),
(1407, '交城县', 94, 0, 3, NULL),
(1408, '兴县', 94, 0, 3, NULL),
(1409, '孝义市', 94, 0, 3, NULL),
(1410, '岚县', 94, 0, 3, NULL),
(1411, '文水县', 94, 0, 3, NULL),
(1412, '方山县', 94, 0, 3, NULL),
(1413, '柳林县', 94, 0, 3, NULL),
(1414, '汾阳市', 94, 0, 3, NULL),
(1415, '石楼县', 94, 0, 3, NULL),
(1416, '离石区', 94, 0, 3, NULL),
(1417, '和林格尔县', 95, 0, 3, NULL),
(1418, '回民区', 95, 0, 3, NULL),
(1419, '土默特左旗', 95, 0, 3, NULL),
(1420, '托克托县', 95, 0, 3, NULL),
(1421, '新城区', 95, 0, 3, NULL),
(1422, '武川县', 95, 0, 3, NULL),
(1423, '清水河县', 95, 0, 3, NULL),
(1424, '玉泉区', 95, 0, 3, NULL),
(1425, '赛罕区', 95, 0, 3, NULL),
(1426, '东河区', 96, 0, 3, NULL),
(1427, '九原区', 96, 0, 3, NULL),
(1428, '固阳县', 96, 0, 3, NULL),
(1429, '土默特右旗', 96, 0, 3, NULL),
(1430, '昆都仑区', 96, 0, 3, NULL),
(1431, '白云矿区', 96, 0, 3, NULL),
(1432, '石拐区', 96, 0, 3, NULL),
(1433, '达尔罕茂明安联合旗', 96, 0, 3, NULL),
(1434, '青山区', 96, 0, 3, NULL),
(1435, '乌达区', 97, 0, 3, NULL),
(1436, '海勃湾区', 97, 0, 3, NULL),
(1437, '海南区', 97, 0, 3, NULL),
(1438, '元宝山区', 98, 0, 3, NULL),
(1439, '克什克腾旗', 98, 0, 3, NULL),
(1440, '喀喇沁旗', 98, 0, 3, NULL),
(1441, '宁城县', 98, 0, 3, NULL),
(1442, '巴林右旗', 98, 0, 3, NULL),
(1443, '巴林左旗', 98, 0, 3, NULL),
(1444, '敖汉旗', 98, 0, 3, NULL),
(1445, '松山区', 98, 0, 3, NULL),
(1446, '林西县', 98, 0, 3, NULL),
(1447, '红山区', 98, 0, 3, NULL),
(1448, '翁牛特旗', 98, 0, 3, NULL),
(1449, '阿鲁科尔沁旗', 98, 0, 3, NULL),
(1450, '奈曼旗', 99, 0, 3, NULL),
(1451, '库伦旗', 99, 0, 3, NULL),
(1452, '开鲁县', 99, 0, 3, NULL),
(1453, '扎鲁特旗', 99, 0, 3, NULL),
(1454, '科尔沁区', 99, 0, 3, NULL),
(1455, '科尔沁左翼中旗', 99, 0, 3, NULL),
(1456, '科尔沁左翼后旗', 99, 0, 3, NULL),
(1457, '霍林郭勒市', 99, 0, 3, NULL),
(1458, '东胜区', 100, 0, 3, NULL),
(1459, '乌审旗', 100, 0, 3, NULL),
(1460, '伊金霍洛旗', 100, 0, 3, NULL),
(1461, '准格尔旗', 100, 0, 3, NULL),
(1462, '杭锦旗', 100, 0, 3, NULL),
(1463, '达拉特旗', 100, 0, 3, NULL),
(1464, '鄂东胜区', 100, 0, 3, NULL),
(1465, '鄂托克前旗', 100, 0, 3, NULL),
(1466, '鄂托克旗', 100, 0, 3, NULL),
(1467, '扎兰屯市', 101, 0, 3, NULL),
(1468, '新巴尔虎右旗', 101, 0, 3, NULL),
(1469, '新巴尔虎左旗', 101, 0, 3, NULL),
(1470, '根河市', 101, 0, 3, NULL),
(1471, '海拉尔区', 101, 0, 3, NULL),
(1472, '满洲里市', 101, 0, 3, NULL),
(1473, '牙克石市', 101, 0, 3, NULL),
(1474, '莫力达瓦达斡尔族自治旗', 101, 0, 3, NULL),
(1475, '鄂伦春自治旗', 101, 0, 3, NULL),
(1476, '鄂温克族自治旗', 101, 0, 3, NULL),
(1477, '阿荣旗', 101, 0, 3, NULL),
(1478, '陈巴尔虎旗', 101, 0, 3, NULL),
(1479, '额尔古纳市', 101, 0, 3, NULL),
(1480, '临河区', 102, 0, 3, NULL),
(1481, '乌拉特中旗', 102, 0, 3, NULL),
(1482, '乌拉特前旗', 102, 0, 3, NULL),
(1483, '乌拉特后旗', 102, 0, 3, NULL),
(1484, '五原县', 102, 0, 3, NULL),
(1485, '杭锦后旗', 102, 0, 3, NULL),
(1486, '磴口县', 102, 0, 3, NULL),
(1487, '丰镇市', 103, 0, 3, NULL),
(1488, '兴和县', 103, 0, 3, NULL),
(1489, '凉城县', 103, 0, 3, NULL),
(1490, '化德县', 103, 0, 3, NULL),
(1491, '卓资县', 103, 0, 3, NULL),
(1492, '商都县', 103, 0, 3, NULL),
(1493, '四子王旗', 103, 0, 3, NULL),
(1494, '察哈尔右翼中旗', 103, 0, 3, NULL),
(1495, '察哈尔右翼前旗', 103, 0, 3, NULL),
(1496, '察哈尔右翼后旗', 103, 0, 3, NULL),
(1497, '集宁区', 103, 0, 3, NULL),
(1498, '乌兰浩特市', 104, 0, 3, NULL),
(1499, '扎赉特旗', 104, 0, 3, NULL),
(1500, '科尔沁右翼中旗', 104, 0, 3, NULL),
(1501, '科尔沁右翼前旗', 104, 0, 3, NULL),
(1502, '突泉县', 104, 0, 3, NULL),
(1503, '阿尔山市', 104, 0, 3, NULL),
(1504, '东乌珠穆沁旗', 105, 0, 3, NULL),
(1505, '二连浩特市', 105, 0, 3, NULL),
(1506, '多伦县', 105, 0, 3, NULL),
(1507, '太仆寺旗', 105, 0, 3, NULL),
(1508, '正蓝旗', 105, 0, 3, NULL),
(1509, '正镶白旗', 105, 0, 3, NULL),
(1510, '苏尼特右旗', 105, 0, 3, NULL),
(1511, '苏尼特左旗', 105, 0, 3, NULL),
(1512, '西乌珠穆沁旗', 105, 0, 3, NULL),
(1513, '锡林浩特市', 105, 0, 3, NULL),
(1514, '镶黄旗', 105, 0, 3, NULL),
(1515, '阿巴嘎旗', 105, 0, 3, NULL),
(1516, '阿拉善右旗', 106, 0, 3, NULL),
(1517, '阿拉善左旗', 106, 0, 3, NULL),
(1518, '额济纳旗', 106, 0, 3, NULL),
(1519, '东陵区', 107, 0, 3, NULL),
(1520, '于洪区', 107, 0, 3, NULL),
(1521, '和平区', 107, 0, 3, NULL),
(1522, '大东区', 107, 0, 3, NULL),
(1523, '康平县', 107, 0, 3, NULL),
(1524, '新民市', 107, 0, 3, NULL),
(1525, '沈北新区', 107, 0, 3, NULL),
(1526, '沈河区', 107, 0, 3, NULL),
(1527, '法库县', 107, 0, 3, NULL),
(1528, '皇姑区', 107, 0, 3, NULL),
(1529, '苏家屯区', 107, 0, 3, NULL),
(1530, '辽中县', 107, 0, 3, NULL),
(1531, '铁西区', 107, 0, 3, NULL),
(1532, '中山区', 108, 0, 3, NULL),
(1533, '庄河市', 108, 0, 3, NULL),
(1534, '旅顺口区', 108, 0, 3, NULL),
(1535, '普兰店市', 108, 0, 3, NULL),
(1536, '沙河口区', 108, 0, 3, NULL),
(1537, '瓦房店市', 108, 0, 3, NULL),
(1538, '甘井子区', 108, 0, 3, NULL),
(1539, '西岗区', 108, 0, 3, NULL),
(1540, '金州区', 108, 0, 3, NULL),
(1541, '长海县', 108, 0, 3, NULL),
(1542, '千山区', 109, 0, 3, NULL),
(1543, '台安县', 109, 0, 3, NULL),
(1544, '岫岩满族自治县', 109, 0, 3, NULL),
(1545, '海城市', 109, 0, 3, NULL),
(1546, '立山区', 109, 0, 3, NULL),
(1547, '铁东区', 109, 0, 3, NULL),
(1548, '铁西区', 109, 0, 3, NULL),
(1549, '东洲区', 110, 0, 3, NULL),
(1550, '抚顺县', 110, 0, 3, NULL),
(1551, '新宾满族自治县', 110, 0, 3, NULL),
(1552, '新抚区', 110, 0, 3, NULL),
(1553, '望花区', 110, 0, 3, NULL),
(1554, '清原满族自治县', 110, 0, 3, NULL),
(1555, '顺城区', 110, 0, 3, NULL),
(1556, '南芬区', 111, 0, 3, NULL),
(1557, '平山区', 111, 0, 3, NULL),
(1558, '明山区', 111, 0, 3, NULL),
(1559, '本溪满族自治县', 111, 0, 3, NULL),
(1560, '桓仁满族自治县', 111, 0, 3, NULL),
(1561, '溪湖区', 111, 0, 3, NULL),
(1562, '东港市', 112, 0, 3, NULL),
(1563, '元宝区', 112, 0, 3, NULL),
(1564, '凤城市', 112, 0, 3, NULL),
(1565, '宽甸满族自治县', 112, 0, 3, NULL),
(1566, '振兴区', 112, 0, 3, NULL),
(1567, '振安区', 112, 0, 3, NULL),
(1568, '义县', 113, 0, 3, NULL),
(1569, '凌河区', 113, 0, 3, NULL),
(1570, '凌海市', 113, 0, 3, NULL),
(1571, '北镇市', 113, 0, 3, NULL),
(1572, '古塔区', 113, 0, 3, NULL),
(1573, '太和区', 113, 0, 3, NULL),
(1574, '黑山县', 113, 0, 3, NULL),
(1575, '大石桥市', 114, 0, 3, NULL),
(1576, '盖州市', 114, 0, 3, NULL),
(1577, '站前区', 114, 0, 3, NULL),
(1578, '老边区', 114, 0, 3, NULL),
(1579, '西市区', 114, 0, 3, NULL),
(1580, '鲅鱼圈区', 114, 0, 3, NULL),
(1581, '太平区', 115, 0, 3, NULL),
(1582, '彰武县', 115, 0, 3, NULL),
(1583, '新邱区', 115, 0, 3, NULL),
(1584, '海州区', 115, 0, 3, NULL),
(1585, '清河门区', 115, 0, 3, NULL),
(1586, '细河区', 115, 0, 3, NULL),
(1587, '蒙古族自治县', 115, 0, 3, NULL),
(1588, '太子河区', 116, 0, 3, NULL),
(1589, '宏伟区', 116, 0, 3, NULL),
(1590, '弓长岭区', 116, 0, 3, NULL),
(1591, '文圣区', 116, 0, 3, NULL),
(1592, '灯塔市', 116, 0, 3, NULL),
(1593, '白塔区', 116, 0, 3, NULL),
(1594, '辽阳县', 116, 0, 3, NULL),
(1595, '兴隆台区', 117, 0, 3, NULL),
(1596, '双台子区', 117, 0, 3, NULL),
(1597, '大洼县', 117, 0, 3, NULL),
(1598, '盘山县', 117, 0, 3, NULL),
(1599, '开原市', 118, 0, 3, NULL),
(1600, '昌图县', 118, 0, 3, NULL),
(1601, '清河区', 118, 0, 3, NULL),
(1602, '西丰县', 118, 0, 3, NULL),
(1603, '调兵山市', 118, 0, 3, NULL),
(1604, '铁岭县', 118, 0, 3, NULL),
(1605, '银州区', 118, 0, 3, NULL),
(1606, '凌源市', 119, 0, 3, NULL),
(1607, '北票市', 119, 0, 3, NULL),
(1608, '双塔区', 119, 0, 3, NULL),
(1609, '喀喇沁左翼蒙古族自治县', 119, 0, 3, NULL),
(1610, '建平县', 119, 0, 3, NULL),
(1611, '朝阳县', 119, 0, 3, NULL),
(1612, '龙城区', 119, 0, 3, NULL),
(1613, '兴城市', 120, 0, 3, NULL),
(1614, '南票区', 120, 0, 3, NULL),
(1615, '建昌县', 120, 0, 3, NULL),
(1616, '绥中县', 120, 0, 3, NULL),
(1617, '连山区', 120, 0, 3, NULL),
(1618, '龙港区', 120, 0, 3, NULL),
(1619, '九台市', 121, 0, 3, NULL),
(1620, '二道区', 121, 0, 3, NULL),
(1621, '农安县', 121, 0, 3, NULL),
(1622, '南关区', 121, 0, 3, NULL),
(1623, '双阳区', 121, 0, 3, NULL),
(1624, '宽城区', 121, 0, 3, NULL),
(1625, '德惠市', 121, 0, 3, NULL),
(1626, '朝阳区', 121, 0, 3, NULL),
(1627, '榆树市', 121, 0, 3, NULL),
(1628, '绿园区', 121, 0, 3, NULL),
(1629, '丰满区', 122, 0, 3, NULL),
(1630, '昌邑区', 122, 0, 3, NULL),
(1631, '桦甸市', 122, 0, 3, NULL),
(1632, '永吉县', 122, 0, 3, NULL),
(1633, '磐石市', 122, 0, 3, NULL),
(1634, '舒兰市', 122, 0, 3, NULL),
(1635, '船营区', 122, 0, 3, NULL),
(1636, '蛟河市', 122, 0, 3, NULL),
(1637, '龙潭区', 122, 0, 3, NULL),
(1638, '伊通满族自治县', 123, 0, 3, NULL),
(1639, '公主岭市', 123, 0, 3, NULL),
(1640, '双辽市', 123, 0, 3, NULL),
(1641, '梨树县', 123, 0, 3, NULL),
(1642, '铁东区', 123, 0, 3, NULL),
(1643, '铁西区', 123, 0, 3, NULL),
(1644, '东丰县', 124, 0, 3, NULL),
(1645, '东辽县', 124, 0, 3, NULL),
(1646, '西安区', 124, 0, 3, NULL),
(1647, '龙山区', 124, 0, 3, NULL),
(1648, '东昌区', 125, 0, 3, NULL),
(1649, '二道江区', 125, 0, 3, NULL),
(1650, '柳河县', 125, 0, 3, NULL),
(1651, '梅河口市', 125, 0, 3, NULL),
(1652, '辉南县', 125, 0, 3, NULL),
(1653, '通化县', 125, 0, 3, NULL),
(1654, '集安市', 125, 0, 3, NULL),
(1655, '临江市', 126, 0, 3, NULL),
(1656, '八道江区', 126, 0, 3, NULL),
(1657, '抚松县', 126, 0, 3, NULL),
(1658, '江源区', 126, 0, 3, NULL),
(1659, '长白朝鲜族自治县', 126, 0, 3, NULL),
(1660, '靖宇县', 126, 0, 3, NULL),
(1661, '干安县', 127, 0, 3, NULL),
(1662, '前郭尔罗斯蒙古族自治县', 127, 0, 3, NULL),
(1663, '宁江区', 127, 0, 3, NULL),
(1664, '扶余县', 127, 0, 3, NULL),
(1665, '长岭县', 127, 0, 3, NULL),
(1666, '大安市', 128, 0, 3, NULL),
(1667, '洮北区', 128, 0, 3, NULL),
(1668, '洮南市', 128, 0, 3, NULL),
(1669, '通榆县', 128, 0, 3, NULL),
(1670, '镇赉县', 128, 0, 3, NULL),
(1671, '和龙市', 129, 0, 3, NULL),
(1672, '图们市', 129, 0, 3, NULL),
(1673, '安图县', 129, 0, 3, NULL),
(1674, '延吉市', 129, 0, 3, NULL),
(1675, '敦化市', 129, 0, 3, NULL),
(1676, '汪清县', 129, 0, 3, NULL),
(1677, '珲春市', 129, 0, 3, NULL),
(1678, '龙井市', 129, 0, 3, NULL),
(1679, '五常市', 130, 0, 3, NULL),
(1680, '依兰县', 130, 0, 3, NULL),
(1681, '南岗区', 130, 0, 3, NULL),
(1682, '双城市', 130, 0, 3, NULL),
(1683, '呼兰区', 130, 0, 3, NULL),
(1684, '哈尔滨市道里区', 130, 0, 3, NULL),
(1685, '宾县', 130, 0, 3, NULL),
(1686, '尚志市', 130, 0, 3, NULL),
(1687, '巴彦县', 130, 0, 3, NULL),
(1688, '平房区', 130, 0, 3, NULL),
(1689, '延寿县', 130, 0, 3, NULL),
(1690, '方正县', 130, 0, 3, NULL),
(1691, '木兰县', 130, 0, 3, NULL),
(1692, '松北区', 130, 0, 3, NULL),
(1693, '通河县', 130, 0, 3, NULL),
(1694, '道外区', 130, 0, 3, NULL),
(1695, '阿城区', 130, 0, 3, NULL),
(1696, '香坊区', 130, 0, 3, NULL),
(1697, '依安县', 131, 0, 3, NULL),
(1698, '克东县', 131, 0, 3, NULL),
(1699, '克山县', 131, 0, 3, NULL),
(1700, '富拉尔基区', 131, 0, 3, NULL),
(1701, '富裕县', 131, 0, 3, NULL),
(1702, '建华区', 131, 0, 3, NULL),
(1703, '拜泉县', 131, 0, 3, NULL),
(1704, '昂昂溪区', 131, 0, 3, NULL),
(1705, '梅里斯达斡尔族区', 131, 0, 3, NULL),
(1706, '泰来县', 131, 0, 3, NULL),
(1707, '甘南县', 131, 0, 3, NULL),
(1708, '碾子山区', 131, 0, 3, NULL),
(1709, '讷河市', 131, 0, 3, NULL),
(1710, '铁锋区', 131, 0, 3, NULL),
(1711, '龙江县', 131, 0, 3, NULL),
(1712, '龙沙区', 131, 0, 3, NULL),
(1713, '城子河区', 132, 0, 3, NULL),
(1714, '密山市', 132, 0, 3, NULL),
(1715, '恒山区', 132, 0, 3, NULL),
(1716, '梨树区', 132, 0, 3, NULL),
(1717, '滴道区', 132, 0, 3, NULL),
(1718, '虎林市', 132, 0, 3, NULL),
(1719, '鸡东县', 132, 0, 3, NULL),
(1720, '鸡冠区', 132, 0, 3, NULL),
(1721, '麻山区', 132, 0, 3, NULL),
(1722, '东山区', 133, 0, 3, NULL),
(1723, '兴安区', 133, 0, 3, NULL),
(1724, '兴山区', 133, 0, 3, NULL),
(1725, '南山区', 133, 0, 3, NULL),
(1726, '向阳区', 133, 0, 3, NULL),
(1727, '工农区', 133, 0, 3, NULL),
(1728, '绥滨县', 133, 0, 3, NULL),
(1729, '萝北县', 133, 0, 3, NULL),
(1730, '友谊县', 134, 0, 3, NULL),
(1731, '四方台区', 134, 0, 3, NULL),
(1732, '宝山区', 134, 0, 3, NULL),
(1733, '宝清县', 134, 0, 3, NULL),
(1734, '尖山区', 134, 0, 3, NULL),
(1735, '岭东区', 134, 0, 3, NULL),
(1736, '集贤县', 134, 0, 3, NULL),
(1737, '饶河县', 134, 0, 3, NULL),
(1738, '大同区', 135, 0, 3, NULL),
(1739, '杜尔伯特蒙古族自治县', 135, 0, 3, NULL),
(1740, '林甸县', 135, 0, 3, NULL),
(1741, '红岗区', 135, 0, 3, NULL),
(1742, '肇州县', 135, 0, 3, NULL),
(1743, '肇源县', 135, 0, 3, NULL),
(1744, '胡路区', 135, 0, 3, NULL),
(1745, '萨尔图区', 135, 0, 3, NULL),
(1746, '龙凤区', 135, 0, 3, NULL),
(1747, '上甘岭区', 136, 0, 3, NULL),
(1748, '乌伊岭区', 136, 0, 3, NULL),
(1749, '乌马河区', 136, 0, 3, NULL),
(1750, '五营区', 136, 0, 3, NULL),
(1751, '伊春区', 136, 0, 3, NULL),
(1752, '南岔区', 136, 0, 3, NULL),
(1753, '友好区', 136, 0, 3, NULL),
(1754, '嘉荫县', 136, 0, 3, NULL),
(1755, '带岭区', 136, 0, 3, NULL),
(1756, '新青区', 136, 0, 3, NULL),
(1757, '汤旺河区', 136, 0, 3, NULL),
(1758, '红星区', 136, 0, 3, NULL),
(1759, '美溪区', 136, 0, 3, NULL),
(1760, '翠峦区', 136, 0, 3, NULL),
(1761, '西林区', 136, 0, 3, NULL),
(1762, '金山屯区', 136, 0, 3, NULL),
(1763, '铁力市', 136, 0, 3, NULL),
(1764, '东风区', 137, 0, 3, NULL),
(1765, '前进区', 137, 0, 3, NULL),
(1766, '同江市', 137, 0, 3, NULL),
(1767, '向阳区', 137, 0, 3, NULL),
(1768, '富锦市', 137, 0, 3, NULL),
(1769, '抚远县', 137, 0, 3, NULL),
(1770, '桦南县', 137, 0, 3, NULL),
(1771, '桦川县', 137, 0, 3, NULL),
(1772, '汤原县', 137, 0, 3, NULL),
(1773, '郊区', 137, 0, 3, NULL),
(1774, '勃利县', 138, 0, 3, NULL),
(1775, '新兴区', 138, 0, 3, NULL),
(1776, '桃山区', 138, 0, 3, NULL),
(1777, '茄子河区', 138, 0, 3, NULL),
(1778, '东宁县', 139, 0, 3, NULL),
(1779, '东安区', 139, 0, 3, NULL),
(1780, '宁安市', 139, 0, 3, NULL),
(1781, '林口县', 139, 0, 3, NULL),
(1782, '海林市', 139, 0, 3, NULL),
(1783, '爱民区', 139, 0, 3, NULL),
(1784, '穆棱市', 139, 0, 3, NULL),
(1785, '绥芬河市', 139, 0, 3, NULL),
(1786, '西安区', 139, 0, 3, NULL),
(1787, '阳明区', 139, 0, 3, NULL),
(1788, '五大连池市', 140, 0, 3, NULL),
(1789, '北安市', 140, 0, 3, NULL),
(1790, '嫩江县', 140, 0, 3, NULL),
(1791, '孙吴县', 140, 0, 3, NULL),
(1792, '爱辉区', 140, 0, 3, NULL),
(1793, '车逊克县', 140, 0, 3, NULL),
(1794, '逊克县', 140, 0, 3, NULL),
(1795, '兰西县', 141, 0, 3, NULL),
(1796, '安达市', 141, 0, 3, NULL),
(1797, '庆安县', 141, 0, 3, NULL),
(1798, '明水县', 141, 0, 3, NULL),
(1799, '望奎县', 141, 0, 3, NULL),
(1800, '海伦市', 141, 0, 3, NULL),
(1801, '绥化市北林区', 141, 0, 3, NULL),
(1802, '绥棱县', 141, 0, 3, NULL),
(1803, '肇东市', 141, 0, 3, NULL),
(1804, '青冈县', 141, 0, 3, NULL),
(1805, '呼玛县', 142, 0, 3, NULL),
(1806, '塔河县', 142, 0, 3, NULL),
(1807, '大兴安岭地区加格达奇区', 142, 0, 3, NULL),
(1808, '大兴安岭地区呼中区', 142, 0, 3, NULL),
(1809, '大兴安岭地区新林区', 142, 0, 3, NULL),
(1810, '大兴安岭地区松岭区', 142, 0, 3, NULL),
(1811, '漠河县', 142, 0, 3, NULL),
(2027, '下关区', 162, 0, 3, NULL),
(2028, '六合区', 162, 0, 3, NULL),
(2029, '建邺区', 162, 0, 3, NULL),
(2030, '栖霞区', 162, 0, 3, NULL),
(2031, '江宁区', 162, 0, 3, NULL),
(2032, '浦口区', 162, 0, 3, NULL),
(2033, '溧水县', 162, 0, 3, NULL),
(2034, '玄武区', 162, 0, 3, NULL),
(2035, '白下区', 162, 0, 3, NULL),
(2036, '秦淮区', 162, 0, 3, NULL),
(2037, '雨花台区', 162, 0, 3, NULL),
(2038, '高淳县', 162, 0, 3, NULL),
(2039, '鼓楼区', 162, 0, 3, NULL),
(2040, '北塘区', 163, 0, 3, NULL),
(2041, '南长区', 163, 0, 3, NULL),
(2042, '宜兴市', 163, 0, 3, NULL),
(2043, '崇安区', 163, 0, 3, NULL),
(2044, '惠山区', 163, 0, 3, NULL),
(2045, '江阴市', 163, 0, 3, NULL),
(2046, '滨湖区', 163, 0, 3, NULL),
(2047, '锡山区', 163, 0, 3, NULL),
(2048, '丰县', 164, 0, 3, NULL),
(2049, '九里区', 164, 0, 3, NULL),
(2050, '云龙区', 164, 0, 3, NULL),
(2051, '新沂市', 164, 0, 3, NULL),
(2052, '沛县', 164, 0, 3, NULL),
(2053, '泉山区', 164, 0, 3, NULL),
(2054, '睢宁县', 164, 0, 3, NULL),
(2055, '贾汪区', 164, 0, 3, NULL),
(2056, '邳州市', 164, 0, 3, NULL),
(2057, '铜山县', 164, 0, 3, NULL),
(2058, '鼓楼区', 164, 0, 3, NULL),
(2059, '天宁区', 165, 0, 3, NULL),
(2060, '戚墅堰区', 165, 0, 3, NULL),
(2061, '新北区', 165, 0, 3, NULL),
(2062, '武进区', 165, 0, 3, NULL),
(2063, '溧阳市', 165, 0, 3, NULL),
(2064, '金坛市', 165, 0, 3, NULL),
(2065, '钟楼区', 165, 0, 3, NULL),
(2066, '吴中区', 166, 0, 3, NULL),
(2067, '吴江市', 166, 0, 3, NULL),
(2068, '太仓市', 166, 0, 3, NULL),
(2069, '常熟市', 166, 0, 3, NULL),
(2070, '平江区', 166, 0, 3, NULL),
(2071, '张家港市', 166, 0, 3, NULL),
(2072, '昆山市', 166, 0, 3, NULL),
(2073, '沧浪区', 166, 0, 3, NULL),
(2074, '相城区', 166, 0, 3, NULL),
(2075, '苏州工业园区', 166, 0, 3, NULL),
(2076, '虎丘区', 166, 0, 3, NULL),
(2077, '金阊区', 166, 0, 3, NULL),
(2078, '启东市', 167, 0, 3, NULL),
(2079, '如东县', 167, 0, 3, NULL),
(2080, '如皋市', 167, 0, 3, NULL),
(2081, '崇川区', 167, 0, 3, NULL),
(2082, '海安县', 167, 0, 3, NULL),
(2083, '海门市', 167, 0, 3, NULL),
(2084, '港闸区', 167, 0, 3, NULL),
(2085, '通州市', 167, 0, 3, NULL),
(2086, '东海县', 168, 0, 3, NULL),
(2087, '新浦区', 168, 0, 3, NULL),
(2088, '海州区', 168, 0, 3, NULL),
(2089, '灌云县', 168, 0, 3, NULL),
(2090, '灌南县', 168, 0, 3, NULL),
(2091, '赣榆县', 168, 0, 3, NULL),
(2092, '连云区', 168, 0, 3, NULL),
(2093, '楚州区', 169, 0, 3, NULL),
(2094, '洪泽县', 169, 0, 3, NULL),
(2095, '涟水县', 169, 0, 3, NULL),
(2096, '淮阴区', 169, 0, 3, NULL),
(2097, '清河区', 169, 0, 3, NULL),
(2098, '清浦区', 169, 0, 3, NULL),
(2099, '盱眙县', 169, 0, 3, NULL),
(2100, '金湖县', 169, 0, 3, NULL),
(2101, '东台市', 170, 0, 3, NULL),
(2102, '亭湖区', 170, 0, 3, NULL),
(2103, '响水县', 170, 0, 3, NULL),
(2104, '大丰市', 170, 0, 3, NULL),
(2105, '射阳县', 170, 0, 3, NULL),
(2106, '建湖县', 170, 0, 3, NULL),
(2107, '滨海县', 170, 0, 3, NULL),
(2108, '盐都区', 170, 0, 3, NULL),
(2109, '阜宁县', 170, 0, 3, NULL),
(2110, '仪征市', 171, 0, 3, NULL),
(2111, '宝应县', 171, 0, 3, NULL),
(2112, '广陵区', 171, 0, 3, NULL),
(2113, '江都市', 171, 0, 3, NULL),
(2114, '维扬区', 171, 0, 3, NULL),
(2115, '邗江区', 171, 0, 3, NULL),
(2116, '高邮市', 171, 0, 3, NULL),
(2117, '丹徒区', 172, 0, 3, NULL),
(2118, '丹阳市', 172, 0, 3, NULL),
(2119, '京口区', 172, 0, 3, NULL),
(2120, '句容市', 172, 0, 3, NULL),
(2121, '扬中市', 172, 0, 3, NULL),
(2122, '润州区', 172, 0, 3, NULL),
(2123, '兴化市', 173, 0, 3, NULL),
(2124, '姜堰市', 173, 0, 3, NULL),
(2125, '泰兴市', 173, 0, 3, NULL),
(2126, '海陵区', 173, 0, 3, NULL),
(2127, '靖江市', 173, 0, 3, NULL),
(2128, '高港区', 173, 0, 3, NULL),
(2129, '宿城区', 174, 0, 3, NULL),
(2130, '宿豫区', 174, 0, 3, NULL),
(2131, '沭阳县', 174, 0, 3, NULL),
(2132, '泗洪县', 174, 0, 3, NULL),
(2133, '泗阳县', 174, 0, 3, NULL),
(2134, '上城区', 175, 0, 3, NULL),
(2135, '下城区', 175, 0, 3, NULL),
(2136, '临安市', 175, 0, 3, NULL),
(2137, '余杭区', 175, 0, 3, NULL),
(2138, '富阳市', 175, 0, 3, NULL),
(2139, '建德市', 175, 0, 3, NULL),
(2140, '拱墅区', 175, 0, 3, NULL),
(2141, '桐庐县', 175, 0, 3, NULL),
(2142, '江干区', 175, 0, 3, NULL),
(2143, '淳安县', 175, 0, 3, NULL),
(2144, '滨江区', 175, 0, 3, NULL),
(2145, '萧山区', 175, 0, 3, NULL),
(2146, '西湖区', 175, 0, 3, NULL),
(2147, '余姚市', 176, 0, 3, NULL),
(2148, '北仑区', 176, 0, 3, NULL),
(2149, '奉化市', 176, 0, 3, NULL),
(2150, '宁海县', 176, 0, 3, NULL),
(2151, '慈溪市', 176, 0, 3, NULL),
(2152, '江东区', 176, 0, 3, NULL),
(2153, '江北区', 176, 0, 3, NULL),
(2154, '海曙区', 176, 0, 3, NULL),
(2155, '象山县', 176, 0, 3, NULL),
(2156, '鄞州区', 176, 0, 3, NULL),
(2157, '镇海区', 176, 0, 3, NULL);
INSERT INTO `33hao_area` (`area_id`, `area_name`, `area_parent_id`, `area_sort`, `area_deep`, `area_region`) VALUES
(2158, '乐清市', 177, 0, 3, NULL),
(2159, '平阳县', 177, 0, 3, NULL),
(2160, '文成县', 177, 0, 3, NULL),
(2161, '永嘉县', 177, 0, 3, NULL),
(2162, '泰顺县', 177, 0, 3, NULL),
(2163, '洞头县', 177, 0, 3, NULL),
(2164, '瑞安市', 177, 0, 3, NULL),
(2165, '瓯海区', 177, 0, 3, NULL),
(2166, '苍南县', 177, 0, 3, NULL),
(2167, '鹿城区', 177, 0, 3, NULL),
(2168, '龙湾区', 177, 0, 3, NULL),
(2169, '南湖区', 178, 0, 3, NULL),
(2170, '嘉善县', 178, 0, 3, NULL),
(2171, '平湖市', 178, 0, 3, NULL),
(2172, '桐乡市', 178, 0, 3, NULL),
(2173, '海宁市', 178, 0, 3, NULL),
(2174, '海盐县', 178, 0, 3, NULL),
(2175, '秀洲区', 178, 0, 3, NULL),
(2176, '南浔区', 179, 0, 3, NULL),
(2177, '吴兴区', 179, 0, 3, NULL),
(2178, '安吉县', 179, 0, 3, NULL),
(2179, '德清县', 179, 0, 3, NULL),
(2180, '长兴县', 179, 0, 3, NULL),
(2181, '上虞市', 180, 0, 3, NULL),
(2182, '嵊州市', 180, 0, 3, NULL),
(2183, '新昌县', 180, 0, 3, NULL),
(2184, '绍兴县', 180, 0, 3, NULL),
(2185, '诸暨市', 180, 0, 3, NULL),
(2186, '越城区', 180, 0, 3, NULL),
(2187, '定海区', 181, 0, 3, NULL),
(2188, '岱山县', 181, 0, 3, NULL),
(2189, '嵊泗县', 181, 0, 3, NULL),
(2190, '普陀区', 181, 0, 3, NULL),
(2191, '常山县', 182, 0, 3, NULL),
(2192, '开化县', 182, 0, 3, NULL),
(2193, '柯城区', 182, 0, 3, NULL),
(2194, '江山市', 182, 0, 3, NULL),
(2195, '衢江区', 182, 0, 3, NULL),
(2196, '龙游县', 182, 0, 3, NULL),
(2197, '东阳市', 183, 0, 3, NULL),
(2198, '义乌市', 183, 0, 3, NULL),
(2199, '兰溪市', 183, 0, 3, NULL),
(2200, '婺城区', 183, 0, 3, NULL),
(2201, '武义县', 183, 0, 3, NULL),
(2202, '永康市', 183, 0, 3, NULL),
(2203, '浦江县', 183, 0, 3, NULL),
(2204, '磐安县', 183, 0, 3, NULL),
(2205, '金东区', 183, 0, 3, NULL),
(2206, '三门县', 184, 0, 3, NULL),
(2207, '临海市', 184, 0, 3, NULL),
(2208, '仙居县', 184, 0, 3, NULL),
(2209, '天台县', 184, 0, 3, NULL),
(2210, '椒江区', 184, 0, 3, NULL),
(2211, '温岭市', 184, 0, 3, NULL),
(2212, '玉环县', 184, 0, 3, NULL),
(2213, '路桥区', 184, 0, 3, NULL),
(2214, '黄岩区', 184, 0, 3, NULL),
(2215, '云和县', 185, 0, 3, NULL),
(2216, '庆元县', 185, 0, 3, NULL),
(2217, '景宁畲族自治县', 185, 0, 3, NULL),
(2218, '松阳县', 185, 0, 3, NULL),
(2219, '缙云县', 185, 0, 3, NULL),
(2220, '莲都区', 185, 0, 3, NULL),
(2221, '遂昌县', 185, 0, 3, NULL),
(2222, '青田县', 185, 0, 3, NULL),
(2223, '龙泉市', 185, 0, 3, NULL),
(2224, '包河区', 186, 0, 3, NULL),
(2225, '庐阳区', 186, 0, 3, NULL),
(2226, '瑶海区', 186, 0, 3, NULL),
(2227, '肥东县', 186, 0, 3, NULL),
(2228, '肥西县', 186, 0, 3, NULL),
(2229, '蜀山区', 186, 0, 3, NULL),
(2230, '长丰县', 186, 0, 3, NULL),
(2231, '三山区', 187, 0, 3, NULL),
(2232, '南陵县', 187, 0, 3, NULL),
(2233, '弋江区', 187, 0, 3, NULL),
(2234, '繁昌县', 187, 0, 3, NULL),
(2235, '芜湖县', 187, 0, 3, NULL),
(2236, '镜湖区', 187, 0, 3, NULL),
(2237, '鸠江区', 187, 0, 3, NULL),
(2238, '五河县', 188, 0, 3, NULL),
(2239, '固镇县', 188, 0, 3, NULL),
(2240, '怀远县', 188, 0, 3, NULL),
(2241, '淮上区', 188, 0, 3, NULL),
(2242, '禹会区', 188, 0, 3, NULL),
(2243, '蚌山区', 188, 0, 3, NULL),
(2244, '龙子湖区', 188, 0, 3, NULL),
(2245, '八公山区', 189, 0, 3, NULL),
(2246, '凤台县', 189, 0, 3, NULL),
(2247, '大通区', 189, 0, 3, NULL),
(2248, '潘集区', 189, 0, 3, NULL),
(2249, '田家庵区', 189, 0, 3, NULL),
(2250, '谢家集区', 189, 0, 3, NULL),
(2251, '当涂县', 190, 0, 3, NULL),
(2252, '花山区', 190, 0, 3, NULL),
(2253, '金家庄区', 190, 0, 3, NULL),
(2254, '雨山区', 190, 0, 3, NULL),
(2255, '杜集区', 191, 0, 3, NULL),
(2256, '濉溪县', 191, 0, 3, NULL),
(2257, '烈山区', 191, 0, 3, NULL),
(2258, '相山区', 191, 0, 3, NULL),
(2259, '狮子山区', 192, 0, 3, NULL),
(2260, '郊区', 192, 0, 3, NULL),
(2261, '铜官山区', 192, 0, 3, NULL),
(2262, '铜陵县', 192, 0, 3, NULL),
(2263, '大观区', 193, 0, 3, NULL),
(2264, '太湖县', 193, 0, 3, NULL),
(2265, '宜秀区', 193, 0, 3, NULL),
(2266, '宿松县', 193, 0, 3, NULL),
(2267, '岳西县', 193, 0, 3, NULL),
(2268, '怀宁县', 193, 0, 3, NULL),
(2269, '望江县', 193, 0, 3, NULL),
(2270, '枞阳县', 193, 0, 3, NULL),
(2271, '桐城市', 193, 0, 3, NULL),
(2272, '潜山县', 193, 0, 3, NULL),
(2273, '迎江区', 193, 0, 3, NULL),
(2274, '休宁县', 194, 0, 3, NULL),
(2275, '屯溪区', 194, 0, 3, NULL),
(2276, '徽州区', 194, 0, 3, NULL),
(2277, '歙县', 194, 0, 3, NULL),
(2278, '祁门县', 194, 0, 3, NULL),
(2279, '黄山区', 194, 0, 3, NULL),
(2280, '黟县', 194, 0, 3, NULL),
(2281, '全椒县', 195, 0, 3, NULL),
(2282, '凤阳县', 195, 0, 3, NULL),
(2283, '南谯区', 195, 0, 3, NULL),
(2284, '天长市', 195, 0, 3, NULL),
(2285, '定远县', 195, 0, 3, NULL),
(2286, '明光市', 195, 0, 3, NULL),
(2287, '来安县', 195, 0, 3, NULL),
(2288, '琅玡区', 195, 0, 3, NULL),
(2289, '临泉县', 196, 0, 3, NULL),
(2290, '太和县', 196, 0, 3, NULL),
(2291, '界首市', 196, 0, 3, NULL),
(2292, '阜南县', 196, 0, 3, NULL),
(2293, '颍东区', 196, 0, 3, NULL),
(2294, '颍州区', 196, 0, 3, NULL),
(2295, '颍泉区', 196, 0, 3, NULL),
(2296, '颖上县', 196, 0, 3, NULL),
(2297, '埇桥区', 197, 0, 3, NULL),
(2298, '泗县辖', 197, 0, 3, NULL),
(2299, '灵璧县', 197, 0, 3, NULL),
(2300, '砀山县', 197, 0, 3, NULL),
(2301, '萧县', 197, 0, 3, NULL),
(2302, '含山县', 198, 0, 3, NULL),
(2303, '和县', 198, 0, 3, NULL),
(2304, '居巢区', 198, 0, 3, NULL),
(2305, '庐江县', 198, 0, 3, NULL),
(2306, '无为县', 198, 0, 3, NULL),
(2307, '寿县', 199, 0, 3, NULL),
(2308, '舒城县', 199, 0, 3, NULL),
(2309, '裕安区', 199, 0, 3, NULL),
(2310, '金安区', 199, 0, 3, NULL),
(2311, '金寨县', 199, 0, 3, NULL),
(2312, '霍山县', 199, 0, 3, NULL),
(2313, '霍邱县', 199, 0, 3, NULL),
(2314, '利辛县', 200, 0, 3, NULL),
(2315, '涡阳县', 200, 0, 3, NULL),
(2316, '蒙城县', 200, 0, 3, NULL),
(2317, '谯城区', 200, 0, 3, NULL),
(2318, '东至县', 201, 0, 3, NULL),
(2319, '石台县', 201, 0, 3, NULL),
(2320, '贵池区', 201, 0, 3, NULL),
(2321, '青阳县', 201, 0, 3, NULL),
(2322, '宁国市', 202, 0, 3, NULL),
(2323, '宣州区', 202, 0, 3, NULL),
(2324, '广德县', 202, 0, 3, NULL),
(2325, '旌德县', 202, 0, 3, NULL),
(2326, '泾县', 202, 0, 3, NULL),
(2327, '绩溪县', 202, 0, 3, NULL),
(2328, '郎溪县', 202, 0, 3, NULL),
(2329, '仓山区', 203, 0, 3, NULL),
(2330, '台江区', 203, 0, 3, NULL),
(2331, '平潭县', 203, 0, 3, NULL),
(2332, '晋安区', 203, 0, 3, NULL),
(2333, '永泰县', 203, 0, 3, NULL),
(2334, '福清市', 203, 0, 3, NULL),
(2335, '罗源县', 203, 0, 3, NULL),
(2336, '连江县', 203, 0, 3, NULL),
(2337, '长乐市', 203, 0, 3, NULL),
(2338, '闽侯县', 203, 0, 3, NULL),
(2339, '闽清县', 203, 0, 3, NULL),
(2340, '马尾区', 203, 0, 3, NULL),
(2341, '鼓楼区', 203, 0, 3, NULL),
(2342, '同安区', 204, 0, 3, NULL),
(2343, '思明区', 204, 0, 3, NULL),
(2344, '海沧区', 204, 0, 3, NULL),
(2345, '湖里区', 204, 0, 3, NULL),
(2346, '翔安区', 204, 0, 3, NULL),
(2347, '集美区', 204, 0, 3, NULL),
(2348, '仙游县', 205, 0, 3, NULL),
(2349, '城厢区', 205, 0, 3, NULL),
(2350, '涵江区', 205, 0, 3, NULL),
(2351, '秀屿区', 205, 0, 3, NULL),
(2352, '荔城区', 205, 0, 3, NULL),
(2353, '三元区', 206, 0, 3, NULL),
(2354, '大田县', 206, 0, 3, NULL),
(2355, '宁化县', 206, 0, 3, NULL),
(2356, '将乐县', 206, 0, 3, NULL),
(2357, '尤溪县', 206, 0, 3, NULL),
(2358, '建宁县', 206, 0, 3, NULL),
(2359, '明溪县', 206, 0, 3, NULL),
(2360, '梅列区', 206, 0, 3, NULL),
(2361, '永安市', 206, 0, 3, NULL),
(2362, '沙县', 206, 0, 3, NULL),
(2363, '泰宁县', 206, 0, 3, NULL),
(2364, '清流县', 206, 0, 3, NULL),
(2365, '丰泽区', 207, 0, 3, NULL),
(2366, '南安市', 207, 0, 3, NULL),
(2367, '安溪县', 207, 0, 3, NULL),
(2368, '德化县', 207, 0, 3, NULL),
(2369, '惠安县', 207, 0, 3, NULL),
(2370, '晋江市', 207, 0, 3, NULL),
(2371, '永春县', 207, 0, 3, NULL),
(2372, '泉港区', 207, 0, 3, NULL),
(2373, '洛江区', 207, 0, 3, NULL),
(2374, '石狮市', 207, 0, 3, NULL),
(2375, '金门县', 207, 0, 3, NULL),
(2376, '鲤城区', 207, 0, 3, NULL),
(2377, '东山县', 208, 0, 3, NULL),
(2378, '云霄县', 208, 0, 3, NULL),
(2379, '华安县', 208, 0, 3, NULL),
(2380, '南靖县', 208, 0, 3, NULL),
(2381, '平和县', 208, 0, 3, NULL),
(2382, '漳浦县', 208, 0, 3, NULL),
(2383, '芗城区', 208, 0, 3, NULL),
(2384, '诏安县', 208, 0, 3, NULL),
(2385, '长泰县', 208, 0, 3, NULL),
(2386, '龙文区', 208, 0, 3, NULL),
(2387, '龙海市', 208, 0, 3, NULL),
(2388, '光泽县', 209, 0, 3, NULL),
(2389, '延平区', 209, 0, 3, NULL),
(2390, '建瓯市', 209, 0, 3, NULL),
(2391, '建阳市', 209, 0, 3, NULL),
(2392, '政和县', 209, 0, 3, NULL),
(2393, '松溪县', 209, 0, 3, NULL),
(2394, '武夷山市', 209, 0, 3, NULL),
(2395, '浦城县', 209, 0, 3, NULL),
(2396, '邵武市', 209, 0, 3, NULL),
(2397, '顺昌县', 209, 0, 3, NULL),
(2398, '上杭县', 210, 0, 3, NULL),
(2399, '新罗区', 210, 0, 3, NULL),
(2400, '武平县', 210, 0, 3, NULL),
(2401, '永定县', 210, 0, 3, NULL),
(2402, '漳平市', 210, 0, 3, NULL),
(2403, '连城县', 210, 0, 3, NULL),
(2404, '长汀县', 210, 0, 3, NULL),
(2405, '古田县', 211, 0, 3, NULL),
(2406, '周宁县', 211, 0, 3, NULL),
(2407, '寿宁县', 211, 0, 3, NULL),
(2408, '屏南县', 211, 0, 3, NULL),
(2409, '柘荣县', 211, 0, 3, NULL),
(2410, '福安市', 211, 0, 3, NULL),
(2411, '福鼎市', 211, 0, 3, NULL),
(2412, '蕉城区', 211, 0, 3, NULL),
(2413, '霞浦县', 211, 0, 3, NULL),
(2414, '东湖区', 212, 0, 3, NULL),
(2415, '南昌县', 212, 0, 3, NULL),
(2416, '安义县', 212, 0, 3, NULL),
(2417, '新建县', 212, 0, 3, NULL),
(2418, '湾里区', 212, 0, 3, NULL),
(2419, '西湖区', 212, 0, 3, NULL),
(2420, '进贤县', 212, 0, 3, NULL),
(2421, '青云谱区', 212, 0, 3, NULL),
(2422, '青山湖区', 212, 0, 3, NULL),
(2423, '乐平市', 213, 0, 3, NULL),
(2424, '昌江区', 213, 0, 3, NULL),
(2425, '浮梁县', 213, 0, 3, NULL),
(2426, '珠山区', 213, 0, 3, NULL),
(2427, '上栗县', 214, 0, 3, NULL),
(2428, '安源区', 214, 0, 3, NULL),
(2429, '湘东区', 214, 0, 3, NULL),
(2430, '芦溪县', 214, 0, 3, NULL),
(2431, '莲花县', 214, 0, 3, NULL),
(2432, '九江县', 215, 0, 3, NULL),
(2433, '修水县', 215, 0, 3, NULL),
(2434, '庐山区', 215, 0, 3, NULL),
(2435, '彭泽县', 215, 0, 3, NULL),
(2436, '德安县', 215, 0, 3, NULL),
(2437, '星子县', 215, 0, 3, NULL),
(2438, '武宁县', 215, 0, 3, NULL),
(2439, '永修县', 215, 0, 3, NULL),
(2440, '浔阳区', 215, 0, 3, NULL),
(2441, '湖口县', 215, 0, 3, NULL),
(2442, '瑞昌市', 215, 0, 3, NULL),
(2443, '都昌县', 215, 0, 3, NULL),
(2444, '分宜县', 216, 0, 3, NULL),
(2445, '渝水区', 216, 0, 3, NULL),
(2446, '余江县', 217, 0, 3, NULL),
(2447, '月湖区', 217, 0, 3, NULL),
(2448, '贵溪市', 217, 0, 3, NULL),
(2449, '上犹县', 218, 0, 3, NULL),
(2450, '于都县', 218, 0, 3, NULL),
(2451, '会昌县', 218, 0, 3, NULL),
(2452, '信丰县', 218, 0, 3, NULL),
(2453, '全南县', 218, 0, 3, NULL),
(2454, '兴国县', 218, 0, 3, NULL),
(2455, '南康市', 218, 0, 3, NULL),
(2456, '大余县', 218, 0, 3, NULL),
(2457, '宁都县', 218, 0, 3, NULL),
(2458, '安远县', 218, 0, 3, NULL),
(2459, '定南县', 218, 0, 3, NULL),
(2460, '寻乌县', 218, 0, 3, NULL),
(2461, '崇义县', 218, 0, 3, NULL),
(2462, '瑞金市', 218, 0, 3, NULL),
(2463, '石城县', 218, 0, 3, NULL),
(2464, '章贡区', 218, 0, 3, NULL),
(2465, '赣县', 218, 0, 3, NULL),
(2466, '龙南县', 218, 0, 3, NULL),
(2467, '万安县', 219, 0, 3, NULL),
(2468, '井冈山市', 219, 0, 3, NULL),
(2469, '吉安县', 219, 0, 3, NULL),
(2470, '吉州区', 219, 0, 3, NULL),
(2471, '吉水县', 219, 0, 3, NULL),
(2472, '安福县', 219, 0, 3, NULL),
(2473, '峡江县', 219, 0, 3, NULL),
(2474, '新干县', 219, 0, 3, NULL),
(2475, '永丰县', 219, 0, 3, NULL),
(2476, '永新县', 219, 0, 3, NULL),
(2477, '泰和县', 219, 0, 3, NULL),
(2478, '遂川县', 219, 0, 3, NULL),
(2479, '青原区', 219, 0, 3, NULL),
(2480, '万载县', 220, 0, 3, NULL),
(2481, '上高县', 220, 0, 3, NULL),
(2482, '丰城市', 220, 0, 3, NULL),
(2483, '奉新县', 220, 0, 3, NULL),
(2484, '宜丰县', 220, 0, 3, NULL),
(2485, '樟树市', 220, 0, 3, NULL),
(2486, '袁州区', 220, 0, 3, NULL),
(2487, '铜鼓县', 220, 0, 3, NULL),
(2488, '靖安县', 220, 0, 3, NULL),
(2489, '高安市', 220, 0, 3, NULL),
(2490, '东乡县', 221, 0, 3, NULL),
(2491, '临川区', 221, 0, 3, NULL),
(2492, '乐安县', 221, 0, 3, NULL),
(2493, '南丰县', 221, 0, 3, NULL),
(2494, '南城县', 221, 0, 3, NULL),
(2495, '宜黄县', 221, 0, 3, NULL),
(2496, '崇仁县', 221, 0, 3, NULL),
(2497, '广昌县', 221, 0, 3, NULL),
(2498, '资溪县', 221, 0, 3, NULL),
(2499, '金溪县', 221, 0, 3, NULL),
(2500, '黎川县', 221, 0, 3, NULL),
(2501, '万年县', 222, 0, 3, NULL),
(2502, '上饶县', 222, 0, 3, NULL),
(2503, '余干县', 222, 0, 3, NULL),
(2504, '信州区', 222, 0, 3, NULL),
(2505, '婺源县', 222, 0, 3, NULL),
(2506, '广丰县', 222, 0, 3, NULL),
(2507, '弋阳县', 222, 0, 3, NULL),
(2508, '德兴市', 222, 0, 3, NULL),
(2509, '横峰县', 222, 0, 3, NULL),
(2510, '玉山县', 222, 0, 3, NULL),
(2511, '鄱阳县', 222, 0, 3, NULL),
(2512, '铅山县', 222, 0, 3, NULL),
(2513, '历下区', 223, 0, 3, NULL),
(2514, '历城区', 223, 0, 3, NULL),
(2515, '商河县', 223, 0, 3, NULL),
(2516, '天桥区', 223, 0, 3, NULL),
(2517, '市中区', 223, 0, 3, NULL),
(2518, '平阴县', 223, 0, 3, NULL),
(2519, '槐荫区', 223, 0, 3, NULL),
(2520, '济阳县', 223, 0, 3, NULL),
(2521, '章丘市', 223, 0, 3, NULL),
(2522, '长清区', 223, 0, 3, NULL),
(2523, '即墨市', 224, 0, 3, NULL),
(2524, '四方区', 224, 0, 3, NULL),
(2525, '城阳区', 224, 0, 3, NULL),
(2526, '崂山区', 224, 0, 3, NULL),
(2527, '市北区', 224, 0, 3, NULL),
(2528, '市南区', 224, 0, 3, NULL),
(2529, '平度市', 224, 0, 3, NULL),
(2530, '李沧区', 224, 0, 3, NULL),
(2531, '胶南市', 224, 0, 3, NULL),
(2532, '胶州市', 224, 0, 3, NULL),
(2533, '莱西市', 224, 0, 3, NULL),
(2534, '黄岛区', 224, 0, 3, NULL),
(2535, '临淄区', 225, 0, 3, NULL),
(2536, '博山区', 225, 0, 3, NULL),
(2537, '周村区', 225, 0, 3, NULL),
(2538, '张店区', 225, 0, 3, NULL),
(2539, '桓台县', 225, 0, 3, NULL),
(2540, '沂源县', 225, 0, 3, NULL),
(2541, '淄川区', 225, 0, 3, NULL),
(2542, '高青县', 225, 0, 3, NULL),
(2543, '台儿庄区', 226, 0, 3, NULL),
(2544, '山亭区', 226, 0, 3, NULL),
(2545, '峄城区', 226, 0, 3, NULL),
(2546, '市中区', 226, 0, 3, NULL),
(2547, '滕州市', 226, 0, 3, NULL),
(2548, '薛城区', 226, 0, 3, NULL),
(2549, '东营区', 227, 0, 3, NULL),
(2550, '利津县', 227, 0, 3, NULL),
(2551, '垦利县', 227, 0, 3, NULL),
(2552, '广饶县', 227, 0, 3, NULL),
(2553, '河口区', 227, 0, 3, NULL),
(2554, '招远市', 228, 0, 3, NULL),
(2555, '栖霞市', 228, 0, 3, NULL),
(2556, '海阳市', 228, 0, 3, NULL),
(2557, '牟平区', 228, 0, 3, NULL),
(2558, '福山区', 228, 0, 3, NULL),
(2559, '芝罘区', 228, 0, 3, NULL),
(2560, '莱山区', 228, 0, 3, NULL),
(2561, '莱州市', 228, 0, 3, NULL),
(2562, '莱阳市', 228, 0, 3, NULL),
(2563, '蓬莱市', 228, 0, 3, NULL),
(2564, '长岛县', 228, 0, 3, NULL),
(2565, '龙口市', 228, 0, 3, NULL),
(2566, '临朐县', 229, 0, 3, NULL),
(2567, '坊子区', 229, 0, 3, NULL),
(2568, '奎文区', 229, 0, 3, NULL),
(2569, '安丘市', 229, 0, 3, NULL),
(2570, '寒亭区', 229, 0, 3, NULL),
(2571, '寿光市', 229, 0, 3, NULL),
(2572, '昌乐县', 229, 0, 3, NULL),
(2573, '昌邑市', 229, 0, 3, NULL),
(2574, '潍城区', 229, 0, 3, NULL),
(2575, '诸城市', 229, 0, 3, NULL),
(2576, '青州市', 229, 0, 3, NULL),
(2577, '高密市', 229, 0, 3, NULL),
(2578, '任城区', 230, 0, 3, NULL),
(2579, '兖州市', 230, 0, 3, NULL),
(2580, '嘉祥县', 230, 0, 3, NULL),
(2581, '市中区', 230, 0, 3, NULL),
(2582, '微山县', 230, 0, 3, NULL),
(2583, '曲阜市', 230, 0, 3, NULL),
(2584, '梁山县', 230, 0, 3, NULL),
(2585, '汶上县', 230, 0, 3, NULL),
(2586, '泗水县', 230, 0, 3, NULL),
(2587, '邹城市', 230, 0, 3, NULL),
(2588, '金乡县', 230, 0, 3, NULL),
(2589, '鱼台县', 230, 0, 3, NULL),
(2590, '东平县', 231, 0, 3, NULL),
(2591, '宁阳县', 231, 0, 3, NULL),
(2592, '岱岳区', 231, 0, 3, NULL),
(2593, '新泰市', 231, 0, 3, NULL),
(2594, '泰山区', 231, 0, 3, NULL),
(2595, '肥城市', 231, 0, 3, NULL),
(2596, '乳山市', 232, 0, 3, NULL),
(2597, '文登市', 232, 0, 3, NULL),
(2598, '环翠区', 232, 0, 3, NULL),
(2599, '荣成市', 232, 0, 3, NULL),
(2600, '东港区', 233, 0, 3, NULL),
(2601, '五莲县', 233, 0, 3, NULL),
(2602, '岚山区', 233, 0, 3, NULL),
(2603, '莒县', 233, 0, 3, NULL),
(2604, '莱城区', 234, 0, 3, NULL),
(2605, '钢城区', 234, 0, 3, NULL),
(2606, '临沭县', 235, 0, 3, NULL),
(2607, '兰山区', 235, 0, 3, NULL),
(2608, '平邑县', 235, 0, 3, NULL),
(2609, '沂南县', 235, 0, 3, NULL),
(2610, '沂水县', 235, 0, 3, NULL),
(2611, '河东区', 235, 0, 3, NULL),
(2612, '罗庄区', 235, 0, 3, NULL),
(2613, '苍山县', 235, 0, 3, NULL),
(2614, '莒南县', 235, 0, 3, NULL),
(2615, '蒙阴县', 235, 0, 3, NULL),
(2616, '费县', 235, 0, 3, NULL),
(2617, '郯城县', 235, 0, 3, NULL),
(2618, '临邑县', 236, 0, 3, NULL),
(2619, '乐陵市', 236, 0, 3, NULL),
(2620, '夏津县', 236, 0, 3, NULL),
(2621, '宁津县', 236, 0, 3, NULL),
(2622, '平原县', 236, 0, 3, NULL),
(2623, '庆云县', 236, 0, 3, NULL),
(2624, '德城区', 236, 0, 3, NULL),
(2625, '武城县', 236, 0, 3, NULL),
(2626, '禹城市', 236, 0, 3, NULL),
(2627, '陵县', 236, 0, 3, NULL),
(2628, '齐河县', 236, 0, 3, NULL),
(2629, '东昌府区', 237, 0, 3, NULL),
(2630, '东阿县', 237, 0, 3, NULL),
(2631, '临清市', 237, 0, 3, NULL),
(2632, '冠县', 237, 0, 3, NULL),
(2633, '茌平县', 237, 0, 3, NULL),
(2634, '莘县', 237, 0, 3, NULL),
(2635, '阳谷县', 237, 0, 3, NULL),
(2636, '高唐县', 237, 0, 3, NULL),
(2637, '博兴县', 238, 0, 3, NULL),
(2638, '惠民县', 238, 0, 3, NULL),
(2639, '无棣县', 238, 0, 3, NULL),
(2640, '沾化县', 238, 0, 3, NULL),
(2641, '滨城区', 238, 0, 3, NULL),
(2642, '邹平县', 238, 0, 3, NULL),
(2643, '阳信县', 238, 0, 3, NULL),
(2644, '东明县', 239, 0, 3, NULL),
(2645, '单县', 239, 0, 3, NULL),
(2646, '定陶县', 239, 0, 3, NULL),
(2647, '巨野县', 239, 0, 3, NULL),
(2648, '成武县', 239, 0, 3, NULL),
(2649, '曹县', 239, 0, 3, NULL),
(2650, '牡丹区', 239, 0, 3, NULL),
(2651, '郓城县', 239, 0, 3, NULL),
(2652, '鄄城县', 239, 0, 3, NULL),
(2653, '上街区', 240, 0, 3, NULL),
(2654, '中原区', 240, 0, 3, NULL),
(2655, '中牟县', 240, 0, 3, NULL),
(2656, '二七区', 240, 0, 3, NULL),
(2657, '巩义市', 240, 0, 3, NULL),
(2658, '惠济区', 240, 0, 3, NULL),
(2659, '新密市', 240, 0, 3, NULL),
(2660, '新郑市', 240, 0, 3, NULL),
(2661, '登封市', 240, 0, 3, NULL),
(2662, '管城回族区', 240, 0, 3, NULL),
(2663, '荥阳市', 240, 0, 3, NULL),
(2664, '金水区', 240, 0, 3, NULL),
(2665, '兰考县', 241, 0, 3, NULL),
(2666, '尉氏县', 241, 0, 3, NULL),
(2667, '开封县', 241, 0, 3, NULL),
(2668, '杞县', 241, 0, 3, NULL),
(2669, '禹王台区', 241, 0, 3, NULL),
(2670, '通许县', 241, 0, 3, NULL),
(2671, '金明区', 241, 0, 3, NULL),
(2672, '顺河回族区', 241, 0, 3, NULL),
(2673, '鼓楼区', 241, 0, 3, NULL),
(2674, '龙亭区', 241, 0, 3, NULL),
(2675, '伊川县', 242, 0, 3, NULL),
(2676, '偃师市', 242, 0, 3, NULL),
(2677, '吉利区', 242, 0, 3, NULL),
(2678, '孟津县', 242, 0, 3, NULL),
(2679, '宜阳县', 242, 0, 3, NULL),
(2680, '嵩县', 242, 0, 3, NULL),
(2681, '新安县', 242, 0, 3, NULL),
(2682, '栾川县', 242, 0, 3, NULL),
(2683, '汝阳县', 242, 0, 3, NULL),
(2684, '洛宁县', 242, 0, 3, NULL),
(2685, '洛龙区', 242, 0, 3, NULL),
(2686, '涧西区', 242, 0, 3, NULL),
(2687, '瀍河回族区', 242, 0, 3, NULL),
(2688, '老城区', 242, 0, 3, NULL),
(2689, '西工区', 242, 0, 3, NULL),
(2690, '卫东区', 243, 0, 3, NULL),
(2691, '叶县', 243, 0, 3, NULL),
(2692, '宝丰县', 243, 0, 3, NULL),
(2693, '新华区', 243, 0, 3, NULL),
(2694, '汝州市', 243, 0, 3, NULL),
(2695, '湛河区', 243, 0, 3, NULL),
(2696, '石龙区', 243, 0, 3, NULL),
(2697, '舞钢市', 243, 0, 3, NULL),
(2698, '郏县', 243, 0, 3, NULL),
(2699, '鲁山县', 243, 0, 3, NULL),
(2700, '内黄县', 244, 0, 3, NULL),
(2701, '北关区', 244, 0, 3, NULL),
(2702, '安阳县', 244, 0, 3, NULL),
(2703, '文峰区', 244, 0, 3, NULL),
(2704, '林州市', 244, 0, 3, NULL),
(2705, '殷都区', 244, 0, 3, NULL),
(2706, '汤阴县', 244, 0, 3, NULL),
(2707, '滑县', 244, 0, 3, NULL),
(2708, '龙安区', 244, 0, 3, NULL),
(2709, '山城区', 245, 0, 3, NULL),
(2710, '浚县', 245, 0, 3, NULL),
(2711, '淇县', 245, 0, 3, NULL),
(2712, '淇滨区', 245, 0, 3, NULL),
(2713, '鹤山区', 245, 0, 3, NULL),
(2714, '凤泉区', 246, 0, 3, NULL),
(2715, '卫滨区', 246, 0, 3, NULL),
(2716, '卫辉市', 246, 0, 3, NULL),
(2717, '原阳县', 246, 0, 3, NULL),
(2718, '封丘县', 246, 0, 3, NULL),
(2719, '延津县', 246, 0, 3, NULL),
(2720, '新乡县', 246, 0, 3, NULL),
(2721, '牧野区', 246, 0, 3, NULL),
(2722, '红旗区', 246, 0, 3, NULL),
(2723, '获嘉县', 246, 0, 3, NULL),
(2724, '辉县市', 246, 0, 3, NULL),
(2725, '长垣县', 246, 0, 3, NULL),
(2726, '中站区', 247, 0, 3, NULL),
(2727, '修武县', 247, 0, 3, NULL),
(2728, '博爱县', 247, 0, 3, NULL),
(2729, '孟州市', 247, 0, 3, NULL),
(2730, '山阳区', 247, 0, 3, NULL),
(2731, '武陟县', 247, 0, 3, NULL),
(2732, '沁阳市', 247, 0, 3, NULL),
(2733, '温县', 247, 0, 3, NULL),
(2734, '解放区', 247, 0, 3, NULL),
(2735, '马村区', 247, 0, 3, NULL),
(2736, '华龙区', 248, 0, 3, NULL),
(2737, '南乐县', 248, 0, 3, NULL),
(2738, '台前县', 248, 0, 3, NULL),
(2739, '清丰县', 248, 0, 3, NULL),
(2740, '濮阳县', 248, 0, 3, NULL),
(2741, '范县', 248, 0, 3, NULL),
(2742, '禹州市', 249, 0, 3, NULL),
(2743, '襄城县', 249, 0, 3, NULL),
(2744, '许昌县', 249, 0, 3, NULL),
(2745, '鄢陵县', 249, 0, 3, NULL),
(2746, '长葛市', 249, 0, 3, NULL),
(2747, '魏都区', 249, 0, 3, NULL),
(2748, '临颍县', 250, 0, 3, NULL),
(2749, '召陵区', 250, 0, 3, NULL),
(2750, '源汇区', 250, 0, 3, NULL),
(2751, '舞阳县', 250, 0, 3, NULL),
(2752, '郾城区', 250, 0, 3, NULL),
(2753, '义马市', 251, 0, 3, NULL),
(2754, '卢氏县', 251, 0, 3, NULL),
(2755, '渑池县', 251, 0, 3, NULL),
(2756, '湖滨区', 251, 0, 3, NULL),
(2757, '灵宝市', 251, 0, 3, NULL),
(2758, '陕县', 251, 0, 3, NULL),
(2759, '内乡县', 252, 0, 3, NULL),
(2760, '南召县', 252, 0, 3, NULL),
(2761, '卧龙区', 252, 0, 3, NULL),
(2762, '唐河县', 252, 0, 3, NULL),
(2763, '宛城区', 252, 0, 3, NULL),
(2764, '新野县', 252, 0, 3, NULL),
(2765, '方城县', 252, 0, 3, NULL),
(2766, '桐柏县', 252, 0, 3, NULL),
(2767, '淅川县', 252, 0, 3, NULL),
(2768, '社旗县', 252, 0, 3, NULL),
(2769, '西峡县', 252, 0, 3, NULL),
(2770, '邓州市', 252, 0, 3, NULL),
(2771, '镇平县', 252, 0, 3, NULL),
(2772, '夏邑县', 253, 0, 3, NULL),
(2773, '宁陵县', 253, 0, 3, NULL),
(2774, '柘城县', 253, 0, 3, NULL),
(2775, '民权县', 253, 0, 3, NULL),
(2776, '永城市', 253, 0, 3, NULL),
(2777, '睢县', 253, 0, 3, NULL),
(2778, '睢阳区', 253, 0, 3, NULL),
(2779, '粱园区', 253, 0, 3, NULL),
(2780, '虞城县', 253, 0, 3, NULL),
(2781, '光山县', 254, 0, 3, NULL),
(2782, '商城县', 254, 0, 3, NULL),
(2783, '固始县', 254, 0, 3, NULL),
(2784, '平桥区', 254, 0, 3, NULL),
(2785, '息县', 254, 0, 3, NULL),
(2786, '新县', 254, 0, 3, NULL),
(2787, '浉河区', 254, 0, 3, NULL),
(2788, '淮滨县', 254, 0, 3, NULL),
(2789, '潢川县', 254, 0, 3, NULL),
(2790, '罗山县', 254, 0, 3, NULL),
(2791, '商水县', 255, 0, 3, NULL),
(2792, '太康县', 255, 0, 3, NULL),
(2793, '川汇区', 255, 0, 3, NULL),
(2794, '扶沟县', 255, 0, 3, NULL),
(2795, '沈丘县', 255, 0, 3, NULL),
(2796, '淮阳县', 255, 0, 3, NULL),
(2797, '西华县', 255, 0, 3, NULL),
(2798, '郸城县', 255, 0, 3, NULL),
(2799, '项城市', 255, 0, 3, NULL),
(2800, '鹿邑县', 255, 0, 3, NULL),
(2801, '上蔡县', 256, 0, 3, NULL),
(2802, '平舆县', 256, 0, 3, NULL),
(2803, '新蔡县', 256, 0, 3, NULL),
(2804, '正阳县', 256, 0, 3, NULL),
(2805, '汝南县', 256, 0, 3, NULL),
(2806, '泌阳县', 256, 0, 3, NULL),
(2807, '确山县', 256, 0, 3, NULL),
(2808, '西平县', 256, 0, 3, NULL),
(2809, '遂平县', 256, 0, 3, NULL),
(2810, '驿城区', 256, 0, 3, NULL),
(2811, '济源市', 257, 0, 3, NULL),
(2812, '东西湖区', 258, 0, 3, NULL),
(2813, '新洲区', 258, 0, 3, NULL),
(2814, '武昌区', 258, 0, 3, NULL),
(2815, '汉南区', 258, 0, 3, NULL),
(2816, '汉阳区', 258, 0, 3, NULL),
(2817, '江夏区', 258, 0, 3, NULL),
(2818, '江岸区', 258, 0, 3, NULL),
(2819, '江汉区', 258, 0, 3, NULL),
(2820, '洪山区', 258, 0, 3, NULL),
(2821, '硚口区', 258, 0, 3, NULL),
(2822, '蔡甸区', 258, 0, 3, NULL),
(2823, '青山区', 258, 0, 3, NULL),
(2824, '黄陂区', 258, 0, 3, NULL),
(2825, '下陆区', 259, 0, 3, NULL),
(2826, '大冶市', 259, 0, 3, NULL),
(2827, '西塞山区', 259, 0, 3, NULL),
(2828, '铁山区', 259, 0, 3, NULL),
(2829, '阳新县', 259, 0, 3, NULL),
(2830, '黄石港区', 259, 0, 3, NULL),
(2831, '丹江口市', 260, 0, 3, NULL),
(2832, '张湾区', 260, 0, 3, NULL),
(2833, '房县', 260, 0, 3, NULL),
(2834, '竹山县', 260, 0, 3, NULL),
(2835, '竹溪县', 260, 0, 3, NULL),
(2836, '茅箭区', 260, 0, 3, NULL),
(2837, '郧县', 260, 0, 3, NULL),
(2838, '郧西县', 260, 0, 3, NULL),
(2839, '五峰土家族自治县', 261, 0, 3, NULL),
(2840, '伍家岗区', 261, 0, 3, NULL),
(2841, '兴山县', 261, 0, 3, NULL),
(2842, '夷陵区', 261, 0, 3, NULL),
(2843, '宜都市', 261, 0, 3, NULL),
(2844, '当阳市', 261, 0, 3, NULL),
(2845, '枝江市', 261, 0, 3, NULL),
(2846, '点军区', 261, 0, 3, NULL),
(2847, '秭归县', 261, 0, 3, NULL),
(2848, '虢亭区', 261, 0, 3, NULL),
(2849, '西陵区', 261, 0, 3, NULL),
(2850, '远安县', 261, 0, 3, NULL),
(2851, '长阳土家族自治县', 261, 0, 3, NULL),
(2852, '保康县', 262, 0, 3, NULL),
(2853, '南漳县', 262, 0, 3, NULL),
(2854, '宜城市', 262, 0, 3, NULL),
(2855, '枣阳市', 262, 0, 3, NULL),
(2856, '樊城区', 262, 0, 3, NULL),
(2857, '老河口市', 262, 0, 3, NULL),
(2858, '襄城区', 262, 0, 3, NULL),
(2859, '襄阳区', 262, 0, 3, NULL),
(2860, '谷城县', 262, 0, 3, NULL),
(2861, '华容区', 263, 0, 3, NULL),
(2862, '粱子湖', 263, 0, 3, NULL),
(2863, '鄂城区', 263, 0, 3, NULL),
(2864, '东宝区', 264, 0, 3, NULL),
(2865, '京山县', 264, 0, 3, NULL),
(2866, '掇刀区', 264, 0, 3, NULL),
(2867, '沙洋县', 264, 0, 3, NULL),
(2868, '钟祥市', 264, 0, 3, NULL),
(2869, '云梦县', 265, 0, 3, NULL),
(2870, '大悟县', 265, 0, 3, NULL),
(2871, '孝南区', 265, 0, 3, NULL),
(2872, '孝昌县', 265, 0, 3, NULL),
(2873, '安陆市', 265, 0, 3, NULL),
(2874, '应城市', 265, 0, 3, NULL),
(2875, '汉川市', 265, 0, 3, NULL),
(2876, '公安县', 266, 0, 3, NULL),
(2877, '松滋市', 266, 0, 3, NULL),
(2878, '江陵县', 266, 0, 3, NULL),
(2879, '沙市区', 266, 0, 3, NULL),
(2880, '洪湖市', 266, 0, 3, NULL),
(2881, '监利县', 266, 0, 3, NULL),
(2882, '石首市', 266, 0, 3, NULL),
(2883, '荆州区', 266, 0, 3, NULL),
(2884, '团风县', 267, 0, 3, NULL),
(2885, '武穴市', 267, 0, 3, NULL),
(2886, '浠水县', 267, 0, 3, NULL),
(2887, '红安县', 267, 0, 3, NULL),
(2888, '罗田县', 267, 0, 3, NULL),
(2889, '英山县', 267, 0, 3, NULL),
(2890, '蕲春县', 267, 0, 3, NULL),
(2891, '麻城市', 267, 0, 3, NULL),
(2892, '黄州区', 267, 0, 3, NULL),
(2893, '黄梅县', 267, 0, 3, NULL),
(2894, '咸安区', 268, 0, 3, NULL),
(2895, '嘉鱼县', 268, 0, 3, NULL),
(2896, '崇阳县', 268, 0, 3, NULL),
(2897, '赤壁市', 268, 0, 3, NULL),
(2898, '通城县', 268, 0, 3, NULL),
(2899, '通山县', 268, 0, 3, NULL),
(2900, '广水市', 269, 0, 3, NULL),
(2901, '曾都区', 269, 0, 3, NULL),
(2902, '利川市', 270, 0, 3, NULL),
(2903, '咸丰县', 270, 0, 3, NULL),
(2904, '宣恩县', 270, 0, 3, NULL),
(2905, '巴东县', 270, 0, 3, NULL),
(2906, '建始县', 270, 0, 3, NULL),
(2907, '恩施市', 270, 0, 3, NULL),
(2908, '来凤县', 270, 0, 3, NULL),
(2909, '鹤峰县', 270, 0, 3, NULL),
(2910, '仙桃市', 271, 0, 3, NULL),
(2911, '潜江市', 272, 0, 3, NULL),
(2912, '天门市', 273, 0, 3, NULL),
(2913, '神农架林区', 274, 0, 3, NULL),
(2914, '天心区', 275, 0, 3, NULL),
(2915, '宁乡县', 275, 0, 3, NULL),
(2916, '岳麓区', 275, 0, 3, NULL),
(2917, '开福区', 275, 0, 3, NULL),
(2918, '望城县', 275, 0, 3, NULL),
(2919, '浏阳市', 275, 0, 3, NULL),
(2920, '芙蓉区', 275, 0, 3, NULL),
(2921, '长沙县', 275, 0, 3, NULL),
(2922, '雨花区', 275, 0, 3, NULL),
(2923, '天元区', 276, 0, 3, NULL),
(2924, '攸县', 276, 0, 3, NULL),
(2925, '株洲县', 276, 0, 3, NULL),
(2926, '炎陵县', 276, 0, 3, NULL),
(2927, '石峰区', 276, 0, 3, NULL),
(2928, '芦淞区', 276, 0, 3, NULL),
(2929, '茶陵县', 276, 0, 3, NULL),
(2930, '荷塘区', 276, 0, 3, NULL),
(2931, '醴陵市', 276, 0, 3, NULL),
(2932, '岳塘区', 277, 0, 3, NULL),
(2933, '湘乡市', 277, 0, 3, NULL),
(2934, '湘潭县', 277, 0, 3, NULL),
(2935, '雨湖区', 277, 0, 3, NULL),
(2936, '韶山市', 277, 0, 3, NULL),
(2937, '南岳区', 278, 0, 3, NULL),
(2938, '常宁市', 278, 0, 3, NULL),
(2939, '珠晖区', 278, 0, 3, NULL),
(2940, '石鼓区', 278, 0, 3, NULL),
(2941, '祁东县', 278, 0, 3, NULL),
(2942, '耒阳市', 278, 0, 3, NULL),
(2943, '蒸湘区', 278, 0, 3, NULL),
(2944, '衡东县', 278, 0, 3, NULL),
(2945, '衡南县', 278, 0, 3, NULL),
(2946, '衡山县', 278, 0, 3, NULL),
(2947, '衡阳县', 278, 0, 3, NULL),
(2948, '雁峰区', 278, 0, 3, NULL),
(2949, '北塔区', 279, 0, 3, NULL),
(2950, '双清区', 279, 0, 3, NULL),
(2951, '城步苗族自治县', 279, 0, 3, NULL),
(2952, '大祥区', 279, 0, 3, NULL),
(2953, '新宁县', 279, 0, 3, NULL),
(2954, '新邵县', 279, 0, 3, NULL),
(2955, '武冈市', 279, 0, 3, NULL),
(2956, '洞口县', 279, 0, 3, NULL),
(2957, '绥宁县', 279, 0, 3, NULL),
(2958, '邵东县', 279, 0, 3, NULL),
(2959, '邵阳县', 279, 0, 3, NULL),
(2960, '隆回县', 279, 0, 3, NULL),
(2961, '临湘市', 280, 0, 3, NULL),
(2962, '云溪区', 280, 0, 3, NULL),
(2963, '华容县', 280, 0, 3, NULL),
(2964, '君山区', 280, 0, 3, NULL),
(2965, '岳阳县', 280, 0, 3, NULL),
(2966, '岳阳楼区', 280, 0, 3, NULL),
(2967, '平江县', 280, 0, 3, NULL),
(2968, '汨罗市', 280, 0, 3, NULL),
(2969, '湘阴县', 280, 0, 3, NULL),
(2970, '临澧县', 281, 0, 3, NULL),
(2971, '安乡县', 281, 0, 3, NULL),
(2972, '桃源县', 281, 0, 3, NULL),
(2973, '武陵区', 281, 0, 3, NULL),
(2974, '汉寿县', 281, 0, 3, NULL),
(2975, '津市市', 281, 0, 3, NULL),
(2976, '澧县', 281, 0, 3, NULL),
(2977, '石门县', 281, 0, 3, NULL),
(2978, '鼎城区', 281, 0, 3, NULL),
(2979, '慈利县', 282, 0, 3, NULL),
(2980, '桑植县', 282, 0, 3, NULL),
(2981, '武陵源区', 282, 0, 3, NULL),
(2982, '永定区', 282, 0, 3, NULL),
(2983, '南县', 283, 0, 3, NULL),
(2984, '安化县', 283, 0, 3, NULL),
(2985, '桃江县', 283, 0, 3, NULL),
(2986, '沅江市', 283, 0, 3, NULL),
(2987, '资阳区', 283, 0, 3, NULL),
(2988, '赫山区', 283, 0, 3, NULL),
(2989, '临武县', 284, 0, 3, NULL),
(2990, '北湖区', 284, 0, 3, NULL),
(2991, '嘉禾县', 284, 0, 3, NULL),
(2992, '安仁县', 284, 0, 3, NULL),
(2993, '宜章县', 284, 0, 3, NULL),
(2994, '桂东县', 284, 0, 3, NULL),
(2995, '桂阳县', 284, 0, 3, NULL),
(2996, '永兴县', 284, 0, 3, NULL),
(2997, '汝城县', 284, 0, 3, NULL),
(2998, '苏仙区', 284, 0, 3, NULL),
(2999, '资兴市', 284, 0, 3, NULL),
(3000, '东安县', 285, 0, 3, NULL),
(3001, '冷水滩区', 285, 0, 3, NULL),
(3002, '双牌县', 285, 0, 3, NULL),
(3003, '宁远县', 285, 0, 3, NULL),
(3004, '新田县', 285, 0, 3, NULL),
(3005, '江华瑶族自治县', 285, 0, 3, NULL),
(3006, '江永县', 285, 0, 3, NULL),
(3007, '祁阳县', 285, 0, 3, NULL),
(3008, '蓝山县', 285, 0, 3, NULL),
(3009, '道县', 285, 0, 3, NULL),
(3010, '零陵区', 285, 0, 3, NULL),
(3011, '中方县', 286, 0, 3, NULL),
(3012, '会同县', 286, 0, 3, NULL),
(3013, '新晃侗族自治县', 286, 0, 3, NULL),
(3014, '沅陵县', 286, 0, 3, NULL),
(3015, '洪江市/洪江区', 286, 0, 3, NULL),
(3016, '溆浦县', 286, 0, 3, NULL),
(3017, '芷江侗族自治县', 286, 0, 3, NULL),
(3018, '辰溪县', 286, 0, 3, NULL),
(3019, '通道侗族自治县', 286, 0, 3, NULL),
(3020, '靖州苗族侗族自治县', 286, 0, 3, NULL),
(3021, '鹤城区', 286, 0, 3, NULL),
(3022, '麻阳苗族自治县', 286, 0, 3, NULL),
(3023, '冷水江市', 287, 0, 3, NULL),
(3024, '双峰县', 287, 0, 3, NULL),
(3025, '娄星区', 287, 0, 3, NULL),
(3026, '新化县', 287, 0, 3, NULL),
(3027, '涟源市', 287, 0, 3, NULL),
(3028, '保靖县', 288, 0, 3, NULL),
(3029, '凤凰县', 288, 0, 3, NULL),
(3030, '古丈县', 288, 0, 3, NULL),
(3031, '吉首市', 288, 0, 3, NULL),
(3032, '永顺县', 288, 0, 3, NULL),
(3033, '泸溪县', 288, 0, 3, NULL),
(3034, '花垣县', 288, 0, 3, NULL),
(3035, '龙山县', 288, 0, 3, NULL),
(3036, '萝岗区', 289, 0, 3, NULL),
(3037, '南沙区', 289, 0, 3, NULL),
(3038, '从化市', 289, 0, 3, NULL),
(3039, '增城市', 289, 0, 3, NULL),
(3040, '天河区', 289, 0, 3, NULL),
(3041, '海珠区', 289, 0, 3, NULL),
(3042, '番禺区', 289, 0, 3, NULL),
(3043, '白云区', 289, 0, 3, NULL),
(3044, '花都区', 289, 0, 3, NULL),
(3045, '荔湾区', 289, 0, 3, NULL),
(3046, '越秀区', 289, 0, 3, NULL),
(3047, '黄埔区', 289, 0, 3, NULL),
(3048, '乐昌市', 290, 0, 3, NULL),
(3049, '乳源瑶族自治县', 290, 0, 3, NULL),
(3050, '仁化县', 290, 0, 3, NULL),
(3051, '南雄市', 290, 0, 3, NULL),
(3052, '始兴县', 290, 0, 3, NULL),
(3053, '新丰县', 290, 0, 3, NULL),
(3054, '曲江区', 290, 0, 3, NULL),
(3055, '武江区', 290, 0, 3, NULL),
(3056, '浈江区', 290, 0, 3, NULL),
(3057, '翁源县', 290, 0, 3, NULL),
(3058, '南山区', 291, 0, 3, NULL),
(3059, '宝安区', 291, 0, 3, NULL),
(3060, '盐田区', 291, 0, 3, NULL),
(3061, '福田区', 291, 0, 3, NULL),
(3062, '罗湖区', 291, 0, 3, NULL),
(3063, '龙岗区', 291, 0, 3, NULL),
(3064, '斗门区', 292, 0, 3, NULL),
(3065, '金湾区', 292, 0, 3, NULL),
(3066, '香洲区', 292, 0, 3, NULL),
(3067, '南澳县', 293, 0, 3, NULL),
(3068, '潮南区', 293, 0, 3, NULL),
(3069, '潮阳区', 293, 0, 3, NULL),
(3070, '澄海区', 293, 0, 3, NULL),
(3071, '濠江区', 293, 0, 3, NULL),
(3072, '金平区', 293, 0, 3, NULL),
(3073, '龙湖区', 293, 0, 3, NULL),
(3074, '三水区', 294, 0, 3, NULL),
(3075, '南海区', 294, 0, 3, NULL),
(3076, '禅城区', 294, 0, 3, NULL),
(3077, '顺德区', 294, 0, 3, NULL),
(3078, '高明区', 294, 0, 3, NULL),
(3079, '台山市', 295, 0, 3, NULL),
(3080, '开平市', 295, 0, 3, NULL),
(3081, '恩平市', 295, 0, 3, NULL),
(3082, '新会区', 295, 0, 3, NULL),
(3083, '江海区', 295, 0, 3, NULL),
(3084, '蓬江区', 295, 0, 3, NULL),
(3085, '鹤山市', 295, 0, 3, NULL),
(3086, '吴川市', 296, 0, 3, NULL),
(3087, '坡头区', 296, 0, 3, NULL),
(3088, '廉江市', 296, 0, 3, NULL),
(3089, '徐闻县', 296, 0, 3, NULL),
(3090, '赤坎区', 296, 0, 3, NULL),
(3091, '遂溪县', 296, 0, 3, NULL),
(3092, '雷州市', 296, 0, 3, NULL),
(3093, '霞山区', 296, 0, 3, NULL),
(3094, '麻章区', 296, 0, 3, NULL),
(3095, '信宜市', 297, 0, 3, NULL),
(3096, '化州市', 297, 0, 3, NULL),
(3097, '电白县', 297, 0, 3, NULL),
(3098, '茂南区', 297, 0, 3, NULL),
(3099, '茂港区', 297, 0, 3, NULL),
(3100, '高州市', 297, 0, 3, NULL),
(3101, '四会市', 298, 0, 3, NULL),
(3102, '封开县', 298, 0, 3, NULL),
(3103, '广宁县', 298, 0, 3, NULL),
(3104, '德庆县', 298, 0, 3, NULL),
(3105, '怀集县', 298, 0, 3, NULL),
(3106, '端州区', 298, 0, 3, NULL),
(3107, '高要市', 298, 0, 3, NULL),
(3108, '鼎湖区', 298, 0, 3, NULL),
(3109, '博罗县', 299, 0, 3, NULL),
(3110, '惠东县', 299, 0, 3, NULL),
(3111, '惠城区', 299, 0, 3, NULL),
(3112, '惠阳区', 299, 0, 3, NULL),
(3113, '龙门县', 299, 0, 3, NULL),
(3114, '丰顺县', 300, 0, 3, NULL),
(3115, '五华县', 300, 0, 3, NULL),
(3116, '兴宁市', 300, 0, 3, NULL),
(3117, '大埔县', 300, 0, 3, NULL),
(3118, '平远县', 300, 0, 3, NULL),
(3119, '梅县', 300, 0, 3, NULL),
(3120, '梅江区', 300, 0, 3, NULL),
(3121, '蕉岭县', 300, 0, 3, NULL),
(3122, '城区', 301, 0, 3, NULL),
(3123, '海丰县', 301, 0, 3, NULL),
(3124, '陆丰市', 301, 0, 3, NULL),
(3125, '陆河县', 301, 0, 3, NULL),
(3126, '东源县', 302, 0, 3, NULL),
(3127, '和平县', 302, 0, 3, NULL),
(3128, '源城区', 302, 0, 3, NULL),
(3129, '紫金县', 302, 0, 3, NULL),
(3130, '连平县', 302, 0, 3, NULL),
(3131, '龙川县', 302, 0, 3, NULL),
(3132, '江城区', 303, 0, 3, NULL),
(3133, '阳东县', 303, 0, 3, NULL),
(3134, '阳春市', 303, 0, 3, NULL),
(3135, '阳西县', 303, 0, 3, NULL),
(3136, '佛冈县', 304, 0, 3, NULL),
(3137, '清城区', 304, 0, 3, NULL),
(3138, '清新县', 304, 0, 3, NULL),
(3139, '英德市', 304, 0, 3, NULL),
(3140, '连南瑶族自治县', 304, 0, 3, NULL),
(3141, '连山壮族瑶族自治县', 304, 0, 3, NULL),
(3142, '连州市', 304, 0, 3, NULL),
(3143, '阳山县', 304, 0, 3, NULL),
(3144, '东莞市', 305, 0, 3, NULL),
(3145, '中山市', 306, 0, 3, NULL),
(3146, '湘桥区', 307, 0, 3, NULL),
(3147, '潮安县', 307, 0, 3, NULL),
(3148, '饶平县', 307, 0, 3, NULL),
(3149, '惠来县', 308, 0, 3, NULL),
(3150, '揭东县', 308, 0, 3, NULL),
(3151, '揭西县', 308, 0, 3, NULL),
(3152, '普宁市', 308, 0, 3, NULL),
(3153, '榕城区', 308, 0, 3, NULL),
(3154, '云城区', 309, 0, 3, NULL),
(3155, '云安县', 309, 0, 3, NULL),
(3156, '新兴县', 309, 0, 3, NULL),
(3157, '罗定市', 309, 0, 3, NULL),
(3158, '郁南县', 309, 0, 3, NULL),
(3159, '上林县', 310, 0, 3, NULL),
(3160, '兴宁区', 310, 0, 3, NULL),
(3161, '宾阳县', 310, 0, 3, NULL),
(3162, '横县', 310, 0, 3, NULL),
(3163, '武鸣县', 310, 0, 3, NULL),
(3164, '江南区', 310, 0, 3, NULL),
(3165, '良庆区', 310, 0, 3, NULL),
(3166, '西乡塘区', 310, 0, 3, NULL),
(3167, '邕宁区', 310, 0, 3, NULL),
(3168, '隆安县', 310, 0, 3, NULL),
(3169, '青秀区', 310, 0, 3, NULL),
(3170, '马山县', 310, 0, 3, NULL),
(3171, '三江侗族自治县', 311, 0, 3, NULL),
(3172, '城中区', 311, 0, 3, NULL),
(3173, '柳北区', 311, 0, 3, NULL),
(3174, '柳南区', 311, 0, 3, NULL),
(3175, '柳城县', 311, 0, 3, NULL),
(3176, '柳江县', 311, 0, 3, NULL),
(3177, '融安县', 311, 0, 3, NULL),
(3178, '融水苗族自治县', 311, 0, 3, NULL),
(3179, '鱼峰区', 311, 0, 3, NULL),
(3180, '鹿寨县', 311, 0, 3, NULL),
(3181, '七星区', 312, 0, 3, NULL),
(3182, '临桂县', 312, 0, 3, NULL),
(3183, '全州县', 312, 0, 3, NULL),
(3184, '兴安县', 312, 0, 3, NULL),
(3185, '叠彩区', 312, 0, 3, NULL),
(3186, '平乐县', 312, 0, 3, NULL),
(3187, '恭城瑶族自治县', 312, 0, 3, NULL),
(3188, '永福县', 312, 0, 3, NULL),
(3189, '灌阳县', 312, 0, 3, NULL),
(3190, '灵川县', 312, 0, 3, NULL),
(3191, '秀峰区', 312, 0, 3, NULL),
(3192, '荔浦县', 312, 0, 3, NULL),
(3193, '象山区', 312, 0, 3, NULL),
(3194, '资源县', 312, 0, 3, NULL),
(3195, '阳朔县', 312, 0, 3, NULL),
(3196, '雁山区', 312, 0, 3, NULL),
(3197, '龙胜各族自治县', 312, 0, 3, NULL),
(3198, '万秀区', 313, 0, 3, NULL),
(3199, '岑溪市', 313, 0, 3, NULL),
(3200, '苍梧县', 313, 0, 3, NULL),
(3201, '蒙山县', 313, 0, 3, NULL),
(3202, '藤县', 313, 0, 3, NULL),
(3203, '蝶山区', 313, 0, 3, NULL),
(3204, '长洲区', 313, 0, 3, NULL),
(3205, '合浦县', 314, 0, 3, NULL),
(3206, '海城区', 314, 0, 3, NULL),
(3207, '铁山港区', 314, 0, 3, NULL),
(3208, '银海区', 314, 0, 3, NULL),
(3209, '上思县', 315, 0, 3, NULL),
(3210, '东兴市', 315, 0, 3, NULL),
(3211, '港口区', 315, 0, 3, NULL),
(3212, '防城区', 315, 0, 3, NULL),
(3213, '浦北县', 316, 0, 3, NULL),
(3214, '灵山县', 316, 0, 3, NULL),
(3215, '钦北区', 316, 0, 3, NULL),
(3216, '钦南区', 316, 0, 3, NULL),
(3217, '平南县', 317, 0, 3, NULL),
(3218, '桂平市', 317, 0, 3, NULL),
(3219, '港北区', 317, 0, 3, NULL),
(3220, '港南区', 317, 0, 3, NULL),
(3221, '覃塘区', 317, 0, 3, NULL),
(3222, '兴业县', 318, 0, 3, NULL),
(3223, '北流市', 318, 0, 3, NULL),
(3224, '博白县', 318, 0, 3, NULL),
(3225, '容县', 318, 0, 3, NULL),
(3226, '玉州区', 318, 0, 3, NULL),
(3227, '陆川县', 318, 0, 3, NULL),
(3228, '乐业县', 319, 0, 3, NULL),
(3229, '凌云县', 319, 0, 3, NULL),
(3230, '右江区', 319, 0, 3, NULL),
(3231, '平果县', 319, 0, 3, NULL),
(3232, '德保县', 319, 0, 3, NULL),
(3233, '田东县', 319, 0, 3, NULL),
(3234, '田林县', 319, 0, 3, NULL),
(3235, '田阳县', 319, 0, 3, NULL),
(3236, '西林县', 319, 0, 3, NULL),
(3237, '那坡县', 319, 0, 3, NULL),
(3238, '隆林各族自治县', 319, 0, 3, NULL),
(3239, '靖西县', 319, 0, 3, NULL),
(3240, '八步区', 320, 0, 3, NULL),
(3241, '富川瑶族自治县', 320, 0, 3, NULL),
(3242, '昭平县', 320, 0, 3, NULL),
(3243, '钟山县', 320, 0, 3, NULL),
(3244, '东兰县', 321, 0, 3, NULL),
(3245, '凤山县', 321, 0, 3, NULL),
(3246, '南丹县', 321, 0, 3, NULL),
(3247, '大化瑶族自治县', 321, 0, 3, NULL),
(3248, '天峨县', 321, 0, 3, NULL),
(3249, '宜州市', 321, 0, 3, NULL),
(3250, '巴马瑶族自治县', 321, 0, 3, NULL),
(3251, '环江毛南族自治县', 321, 0, 3, NULL),
(3252, '罗城仫佬族自治县', 321, 0, 3, NULL),
(3253, '都安瑶族自治县', 321, 0, 3, NULL),
(3254, '金城江区', 321, 0, 3, NULL),
(3255, '兴宾区', 322, 0, 3, NULL),
(3256, '合山市', 322, 0, 3, NULL),
(3257, '忻城县', 322, 0, 3, NULL),
(3258, '武宣县', 322, 0, 3, NULL),
(3259, '象州县', 322, 0, 3, NULL),
(3260, '金秀瑶族自治县', 322, 0, 3, NULL),
(3261, '凭祥市', 323, 0, 3, NULL),
(3262, '大新县', 323, 0, 3, NULL),
(3263, '天等县', 323, 0, 3, NULL),
(3264, '宁明县', 323, 0, 3, NULL),
(3265, '扶绥县', 323, 0, 3, NULL),
(3266, '江州区', 323, 0, 3, NULL),
(3267, '龙州县', 323, 0, 3, NULL),
(3268, '琼山区', 324, 0, 3, NULL),
(3269, '秀英区', 324, 0, 3, NULL),
(3270, '美兰区', 324, 0, 3, NULL),
(3271, '龙华区', 324, 0, 3, NULL),
(3272, '三亚市', 325, 0, 3, NULL),
(3273, '五指山市', 326, 0, 3, NULL),
(3274, '琼海市', 327, 0, 3, NULL),
(3275, '儋州市', 328, 0, 3, NULL),
(3276, '文昌市', 329, 0, 3, NULL),
(3277, '万宁市', 330, 0, 3, NULL),
(3278, '东方市', 331, 0, 3, NULL),
(3279, '定安县', 332, 0, 3, NULL),
(3280, '屯昌县', 333, 0, 3, NULL),
(3281, '澄迈县', 334, 0, 3, NULL),
(3282, '临高县', 335, 0, 3, NULL),
(3283, '白沙黎族自治县', 336, 0, 3, NULL),
(3284, '昌江黎族自治县', 337, 0, 3, NULL),
(3285, '乐东黎族自治县', 338, 0, 3, NULL),
(3286, '陵水黎族自治县', 339, 0, 3, NULL),
(3287, '保亭黎族苗族自治县', 340, 0, 3, NULL),
(3288, '琼中黎族苗族自治县', 341, 0, 3, NULL),
(4209, '双流县', 385, 0, 3, NULL),
(4210, '大邑县', 385, 0, 3, NULL),
(4211, '崇州市', 385, 0, 3, NULL),
(4212, '彭州市', 385, 0, 3, NULL),
(4213, '成华区', 385, 0, 3, NULL),
(4214, '新津县', 385, 0, 3, NULL),
(4215, '新都区', 385, 0, 3, NULL),
(4216, '武侯区', 385, 0, 3, NULL),
(4217, '温江区', 385, 0, 3, NULL),
(4218, '蒲江县', 385, 0, 3, NULL),
(4219, '邛崃市', 385, 0, 3, NULL),
(4220, '郫县', 385, 0, 3, NULL),
(4221, '都江堰市', 385, 0, 3, NULL),
(4222, '金堂县', 385, 0, 3, NULL),
(4223, '金牛区', 385, 0, 3, NULL),
(4224, '锦江区', 385, 0, 3, NULL),
(4225, '青白江区', 385, 0, 3, NULL),
(4226, '青羊区', 385, 0, 3, NULL),
(4227, '龙泉驿区', 385, 0, 3, NULL),
(4228, '大安区', 386, 0, 3, NULL),
(4229, '富顺县', 386, 0, 3, NULL),
(4230, '沿滩区', 386, 0, 3, NULL),
(4231, '自流井区', 386, 0, 3, NULL),
(4232, '荣县', 386, 0, 3, NULL),
(4233, '贡井区', 386, 0, 3, NULL),
(4234, '东区', 387, 0, 3, NULL),
(4235, '仁和区', 387, 0, 3, NULL),
(4236, '盐边县', 387, 0, 3, NULL),
(4237, '米易县', 387, 0, 3, NULL),
(4238, '西区', 387, 0, 3, NULL),
(4239, '叙永县', 388, 0, 3, NULL),
(4240, '古蔺县', 388, 0, 3, NULL),
(4241, '合江县', 388, 0, 3, NULL),
(4242, '江阳区', 388, 0, 3, NULL),
(4243, '泸县', 388, 0, 3, NULL),
(4244, '纳溪区', 388, 0, 3, NULL),
(4245, '龙马潭区', 388, 0, 3, NULL),
(4246, '中江县', 389, 0, 3, NULL),
(4247, '什邡市', 389, 0, 3, NULL),
(4248, '广汉市', 389, 0, 3, NULL),
(4249, '旌阳区', 389, 0, 3, NULL),
(4250, '绵竹市', 389, 0, 3, NULL),
(4251, '罗江县', 389, 0, 3, NULL),
(4252, '三台县', 390, 0, 3, NULL),
(4253, '北川羌族自治县', 390, 0, 3, NULL),
(4254, '安县', 390, 0, 3, NULL),
(4255, '平武县', 390, 0, 3, NULL),
(4256, '梓潼县', 390, 0, 3, NULL),
(4257, '江油市', 390, 0, 3, NULL),
(4258, '涪城区', 390, 0, 3, NULL),
(4259, '游仙区', 390, 0, 3, NULL),
(4260, '盐亭县', 390, 0, 3, NULL),
(4261, '元坝区', 391, 0, 3, NULL),
(4262, '利州区', 391, 0, 3, NULL),
(4263, '剑阁县', 391, 0, 3, NULL),
(4264, '旺苍县', 391, 0, 3, NULL),
(4265, '朝天区', 391, 0, 3, NULL),
(4266, '苍溪县', 391, 0, 3, NULL),
(4267, '青川县', 391, 0, 3, NULL),
(4268, '大英县', 392, 0, 3, NULL),
(4269, '安居区', 392, 0, 3, NULL),
(4270, '射洪县', 392, 0, 3, NULL),
(4271, '船山区', 392, 0, 3, NULL),
(4272, '蓬溪县', 392, 0, 3, NULL),
(4273, '东兴区', 393, 0, 3, NULL),
(4274, '威远县', 393, 0, 3, NULL),
(4275, '市中区', 393, 0, 3, NULL),
(4276, '资中县', 393, 0, 3, NULL),
(4277, '隆昌县', 393, 0, 3, NULL),
(4278, '五通桥区', 394, 0, 3, NULL),
(4279, '井研县', 394, 0, 3, NULL),
(4280, '夹江县', 394, 0, 3, NULL),
(4281, '峨眉山市', 394, 0, 3, NULL),
(4282, '峨边彝族自治县', 394, 0, 3, NULL),
(4283, '市中区', 394, 0, 3, NULL),
(4284, '沐川县', 394, 0, 3, NULL),
(4285, '沙湾区', 394, 0, 3, NULL),
(4286, '犍为县', 394, 0, 3, NULL),
(4287, '金口河区', 394, 0, 3, NULL),
(4288, '马边彝族自治县', 394, 0, 3, NULL),
(4289, '仪陇县', 395, 0, 3, NULL),
(4290, '南充市嘉陵区', 395, 0, 3, NULL),
(4291, '南部县', 395, 0, 3, NULL),
(4292, '嘉陵区', 395, 0, 3, NULL),
(4293, '营山县', 395, 0, 3, NULL),
(4294, '蓬安县', 395, 0, 3, NULL),
(4295, '西充县', 395, 0, 3, NULL),
(4296, '阆中市', 395, 0, 3, NULL),
(4297, '顺庆区', 395, 0, 3, NULL),
(4298, '高坪区', 395, 0, 3, NULL),
(4299, '东坡区', 396, 0, 3, NULL),
(4300, '丹棱县', 396, 0, 3, NULL),
(4301, '仁寿县', 396, 0, 3, NULL),
(4302, '彭山县', 396, 0, 3, NULL),
(4303, '洪雅县', 396, 0, 3, NULL),
(4304, '青神县', 396, 0, 3, NULL),
(4305, '兴文县', 397, 0, 3, NULL),
(4306, '南溪县', 397, 0, 3, NULL),
(4307, '宜宾县', 397, 0, 3, NULL),
(4308, '屏山县', 397, 0, 3, NULL),
(4309, '江安县', 397, 0, 3, NULL),
(4310, '珙县', 397, 0, 3, NULL),
(4311, '筠连县', 397, 0, 3, NULL),
(4312, '翠屏区', 397, 0, 3, NULL),
(4313, '长宁县', 397, 0, 3, NULL),
(4314, '高县', 397, 0, 3, NULL),
(4315, '华蓥市', 398, 0, 3, NULL),
(4316, '岳池县', 398, 0, 3, NULL),
(4317, '广安区', 398, 0, 3, NULL),
(4318, '武胜县', 398, 0, 3, NULL),
(4319, '邻水县', 398, 0, 3, NULL),
(4320, '万源市', 399, 0, 3, NULL),
(4321, '大竹县', 399, 0, 3, NULL),
(4322, '宣汉县', 399, 0, 3, NULL),
(4323, '开江县', 399, 0, 3, NULL),
(4324, '渠县', 399, 0, 3, NULL),
(4325, '达县', 399, 0, 3, NULL),
(4326, '通川区', 399, 0, 3, NULL),
(4327, '名山县', 400, 0, 3, NULL),
(4328, '天全县', 400, 0, 3, NULL),
(4329, '宝兴县', 400, 0, 3, NULL),
(4330, '汉源县', 400, 0, 3, NULL),
(4331, '石棉县', 400, 0, 3, NULL),
(4332, '芦山县', 400, 0, 3, NULL),
(4333, '荥经县', 400, 0, 3, NULL),
(4334, '雨城区', 400, 0, 3, NULL),
(4335, '南江县', 401, 0, 3, NULL),
(4336, '巴州区', 401, 0, 3, NULL),
(4337, '平昌县', 401, 0, 3, NULL),
(4338, '通江县', 401, 0, 3, NULL),
(4339, '乐至县', 402, 0, 3, NULL),
(4340, '安岳县', 402, 0, 3, NULL),
(4341, '简阳市', 402, 0, 3, NULL),
(4342, '雁江区', 402, 0, 3, NULL),
(4343, '九寨沟县', 403, 0, 3, NULL),
(4344, '壤塘县', 403, 0, 3, NULL),
(4345, '小金县', 403, 0, 3, NULL),
(4346, '松潘县', 403, 0, 3, NULL),
(4347, '汶川县', 403, 0, 3, NULL),
(4348, '理县', 403, 0, 3, NULL),
(4349, '红原县', 403, 0, 3, NULL),
(4350, '若尔盖县', 403, 0, 3, NULL),
(4351, '茂县', 403, 0, 3, NULL),
(4352, '金川县', 403, 0, 3, NULL),
(4353, '阿坝县', 403, 0, 3, NULL),
(4354, '马尔康县', 403, 0, 3, NULL),
(4355, '黑水县', 403, 0, 3, NULL),
(4356, '丹巴县', 404, 0, 3, NULL),
(4357, '乡城县', 404, 0, 3, NULL),
(4358, '巴塘县', 404, 0, 3, NULL),
(4359, '康定县', 404, 0, 3, NULL),
(4360, '得荣县', 404, 0, 3, NULL),
(4361, '德格县', 404, 0, 3, NULL),
(4362, '新龙县', 404, 0, 3, NULL),
(4363, '泸定县', 404, 0, 3, NULL),
(4364, '炉霍县', 404, 0, 3, NULL),
(4365, '理塘县', 404, 0, 3, NULL),
(4366, '甘孜县', 404, 0, 3, NULL),
(4367, '白玉县', 404, 0, 3, NULL),
(4368, '石渠县', 404, 0, 3, NULL),
(4369, '稻城县', 404, 0, 3, NULL),
(4370, '色达县', 404, 0, 3, NULL),
(4371, '道孚县', 404, 0, 3, NULL),
(4372, '雅江县', 404, 0, 3, NULL),
(4373, '会东县', 405, 0, 3, NULL),
(4374, '会理县', 405, 0, 3, NULL),
(4375, '冕宁县', 405, 0, 3, NULL),
(4376, '喜德县', 405, 0, 3, NULL),
(4377, '宁南县', 405, 0, 3, NULL),
(4378, '布拖县', 405, 0, 3, NULL),
(4379, '德昌县', 405, 0, 3, NULL),
(4380, '昭觉县', 405, 0, 3, NULL),
(4381, '普格县', 405, 0, 3, NULL),
(4382, '木里藏族自治县', 405, 0, 3, NULL),
(4383, '甘洛县', 405, 0, 3, NULL),
(4384, '盐源县', 405, 0, 3, NULL),
(4385, '美姑县', 405, 0, 3, NULL),
(4386, '西昌', 405, 0, 3, NULL),
(4387, '越西县', 405, 0, 3, NULL),
(4388, '金阳县', 405, 0, 3, NULL),
(4389, '雷波县', 405, 0, 3, NULL),
(4390, '乌当区', 406, 0, 3, NULL),
(4391, '云岩区', 406, 0, 3, NULL),
(4392, '修文县', 406, 0, 3, NULL),
(4393, '南明区', 406, 0, 3, NULL),
(4394, '小河区', 406, 0, 3, NULL),
(4395, '开阳县', 406, 0, 3, NULL),
(4396, '息烽县', 406, 0, 3, NULL),
(4397, '清镇市', 406, 0, 3, NULL),
(4398, '白云区', 406, 0, 3, NULL),
(4399, '花溪区', 406, 0, 3, NULL),
(4400, '六枝特区', 407, 0, 3, NULL),
(4401, '水城县', 407, 0, 3, NULL),
(4402, '盘县', 407, 0, 3, NULL),
(4403, '钟山区', 407, 0, 3, NULL),
(4404, '习水县', 408, 0, 3, NULL),
(4405, '仁怀市', 408, 0, 3, NULL),
(4406, '余庆县', 408, 0, 3, NULL),
(4407, '凤冈县', 408, 0, 3, NULL),
(4408, '务川仡佬族苗族自治县', 408, 0, 3, NULL),
(4409, '桐梓县', 408, 0, 3, NULL),
(4410, '正安县', 408, 0, 3, NULL),
(4411, '汇川区', 408, 0, 3, NULL),
(4412, '湄潭县', 408, 0, 3, NULL),
(4413, '红花岗区', 408, 0, 3, NULL),
(4414, '绥阳县', 408, 0, 3, NULL),
(4415, '赤水市', 408, 0, 3, NULL),
(4416, '道真仡佬族苗族自治县', 408, 0, 3, NULL),
(4417, '遵义县', 408, 0, 3, NULL),
(4418, '关岭布依族苗族自治县', 409, 0, 3, NULL),
(4419, '平坝县', 409, 0, 3, NULL),
(4420, '普定县', 409, 0, 3, NULL),
(4421, '紫云苗族布依族自治县', 409, 0, 3, NULL),
(4422, '西秀区', 409, 0, 3, NULL),
(4423, '镇宁布依族苗族自治县', 409, 0, 3, NULL),
(4424, '万山特区', 410, 0, 3, NULL),
(4425, '印江土家族苗族自治县', 410, 0, 3, NULL),
(4426, '德江县', 410, 0, 3, NULL),
(4427, '思南县', 410, 0, 3, NULL),
(4428, '松桃苗族自治县', 410, 0, 3, NULL),
(4429, '江口县', 410, 0, 3, NULL),
(4430, '沿河土家族自治县', 410, 0, 3, NULL),
(4431, '玉屏侗族自治县', 410, 0, 3, NULL),
(4432, '石阡县', 410, 0, 3, NULL),
(4433, '铜仁市', 410, 0, 3, NULL),
(4434, '兴义市', 411, 0, 3, NULL),
(4435, '兴仁县', 411, 0, 3, NULL),
(4436, '册亨县', 411, 0, 3, NULL),
(4437, '安龙县', 411, 0, 3, NULL),
(4438, '普安县', 411, 0, 3, NULL),
(4439, '晴隆县', 411, 0, 3, NULL),
(4440, '望谟县', 411, 0, 3, NULL),
(4441, '贞丰县', 411, 0, 3, NULL),
(4442, '大方县', 412, 0, 3, NULL),
(4443, '威宁彝族回族苗族自治县', 412, 0, 3, NULL),
(4444, '毕节市', 412, 0, 3, NULL);
INSERT INTO `33hao_area` (`area_id`, `area_name`, `area_parent_id`, `area_sort`, `area_deep`, `area_region`) VALUES
(4445, '纳雍县', 412, 0, 3, NULL),
(4446, '织金县', 412, 0, 3, NULL),
(4447, '赫章县', 412, 0, 3, NULL),
(4448, '金沙县', 412, 0, 3, NULL),
(4449, '黔西县', 412, 0, 3, NULL),
(4450, '三穗县', 413, 0, 3, NULL),
(4451, '丹寨县', 413, 0, 3, NULL),
(4452, '从江县', 413, 0, 3, NULL),
(4453, '凯里市', 413, 0, 3, NULL),
(4454, '剑河县', 413, 0, 3, NULL),
(4455, '台江县', 413, 0, 3, NULL),
(4456, '天柱县', 413, 0, 3, NULL),
(4457, '岑巩县', 413, 0, 3, NULL),
(4458, '施秉县', 413, 0, 3, NULL),
(4459, '榕江县', 413, 0, 3, NULL),
(4460, '锦屏县', 413, 0, 3, NULL),
(4461, '镇远县', 413, 0, 3, NULL),
(4462, '雷山县', 413, 0, 3, NULL),
(4463, '麻江县', 413, 0, 3, NULL),
(4464, '黄平县', 413, 0, 3, NULL),
(4465, '黎平县', 413, 0, 3, NULL),
(4466, '三都水族自治县', 414, 0, 3, NULL),
(4467, '平塘县', 414, 0, 3, NULL),
(4468, '惠水县', 414, 0, 3, NULL),
(4469, '独山县', 414, 0, 3, NULL),
(4470, '瓮安县', 414, 0, 3, NULL),
(4471, '福泉市', 414, 0, 3, NULL),
(4472, '罗甸县', 414, 0, 3, NULL),
(4473, '荔波县', 414, 0, 3, NULL),
(4474, '贵定县', 414, 0, 3, NULL),
(4475, '都匀市', 414, 0, 3, NULL),
(4476, '长顺县', 414, 0, 3, NULL),
(4477, '龙里县', 414, 0, 3, NULL),
(4478, '东川区', 415, 0, 3, NULL),
(4479, '五华区', 415, 0, 3, NULL),
(4480, '呈贡县', 415, 0, 3, NULL),
(4481, '安宁市', 415, 0, 3, NULL),
(4482, '官渡区', 415, 0, 3, NULL),
(4483, '宜良县', 415, 0, 3, NULL),
(4484, '富民县', 415, 0, 3, NULL),
(4485, '寻甸回族彝族自治县', 415, 0, 3, NULL),
(4486, '嵩明县', 415, 0, 3, NULL),
(4487, '晋宁县', 415, 0, 3, NULL),
(4488, '盘龙区', 415, 0, 3, NULL),
(4489, '石林彝族自治县', 415, 0, 3, NULL),
(4490, '禄劝彝族苗族自治县', 415, 0, 3, NULL),
(4491, '西山区', 415, 0, 3, NULL),
(4492, '会泽县', 416, 0, 3, NULL),
(4493, '宣威市', 416, 0, 3, NULL),
(4494, '富源县', 416, 0, 3, NULL),
(4495, '师宗县', 416, 0, 3, NULL),
(4496, '沾益县', 416, 0, 3, NULL),
(4497, '罗平县', 416, 0, 3, NULL),
(4498, '陆良县', 416, 0, 3, NULL),
(4499, '马龙县', 416, 0, 3, NULL),
(4500, '麒麟区', 416, 0, 3, NULL),
(4501, '元江哈尼族彝族傣族自治县', 417, 0, 3, NULL),
(4502, '华宁县', 417, 0, 3, NULL),
(4503, '峨山彝族自治县', 417, 0, 3, NULL),
(4504, '新平彝族傣族自治县', 417, 0, 3, NULL),
(4505, '易门县', 417, 0, 3, NULL),
(4506, '江川县', 417, 0, 3, NULL),
(4507, '澄江县', 417, 0, 3, NULL),
(4508, '红塔区', 417, 0, 3, NULL),
(4509, '通海县', 417, 0, 3, NULL),
(4510, '施甸县', 418, 0, 3, NULL),
(4511, '昌宁县', 418, 0, 3, NULL),
(4512, '腾冲县', 418, 0, 3, NULL),
(4513, '隆阳区', 418, 0, 3, NULL),
(4514, '龙陵县', 418, 0, 3, NULL),
(4515, '大关县', 419, 0, 3, NULL),
(4516, '威信县', 419, 0, 3, NULL),
(4517, '巧家县', 419, 0, 3, NULL),
(4518, '彝良县', 419, 0, 3, NULL),
(4519, '昭阳区', 419, 0, 3, NULL),
(4520, '水富县', 419, 0, 3, NULL),
(4521, '永善县', 419, 0, 3, NULL),
(4522, '盐津县', 419, 0, 3, NULL),
(4523, '绥江县', 419, 0, 3, NULL),
(4524, '镇雄县', 419, 0, 3, NULL),
(4525, '鲁甸县', 419, 0, 3, NULL),
(4526, '华坪县', 420, 0, 3, NULL),
(4527, '古城区', 420, 0, 3, NULL),
(4528, '宁蒗彝族自治县', 420, 0, 3, NULL),
(4529, '永胜县', 420, 0, 3, NULL),
(4530, '玉龙纳西族自治县', 420, 0, 3, NULL),
(4531, '临翔区', 422, 0, 3, NULL),
(4532, '云县', 422, 0, 3, NULL),
(4533, '凤庆县', 422, 0, 3, NULL),
(4534, '双江拉祜族佤族布朗族傣族自治县', 422, 0, 3, NULL),
(4535, '永德县', 422, 0, 3, NULL),
(4536, '沧源佤族自治县', 422, 0, 3, NULL),
(4537, '耿马傣族佤族自治县', 422, 0, 3, NULL),
(4538, '镇康县', 422, 0, 3, NULL),
(4539, '元谋县', 423, 0, 3, NULL),
(4540, '南华县', 423, 0, 3, NULL),
(4541, '双柏县', 423, 0, 3, NULL),
(4542, '大姚县', 423, 0, 3, NULL),
(4543, '姚安县', 423, 0, 3, NULL),
(4544, '楚雄市', 423, 0, 3, NULL),
(4545, '武定县', 423, 0, 3, NULL),
(4546, '永仁县', 423, 0, 3, NULL),
(4547, '牟定县', 423, 0, 3, NULL),
(4548, '禄丰县', 423, 0, 3, NULL),
(4549, '个旧市', 424, 0, 3, NULL),
(4550, '元阳县', 424, 0, 3, NULL),
(4551, '屏边苗族自治县', 424, 0, 3, NULL),
(4552, '建水县', 424, 0, 3, NULL),
(4553, '开远市', 424, 0, 3, NULL),
(4554, '弥勒县', 424, 0, 3, NULL),
(4555, '河口瑶族自治县', 424, 0, 3, NULL),
(4556, '泸西县', 424, 0, 3, NULL),
(4557, '石屏县', 424, 0, 3, NULL),
(4558, '红河县', 424, 0, 3, NULL),
(4559, '绿春县', 424, 0, 3, NULL),
(4560, '蒙自县', 424, 0, 3, NULL),
(4561, '金平苗族瑶族傣族自治县', 424, 0, 3, NULL),
(4562, '丘北县', 425, 0, 3, NULL),
(4563, '富宁县', 425, 0, 3, NULL),
(4564, '广南县', 425, 0, 3, NULL),
(4565, '文山县', 425, 0, 3, NULL),
(4566, '砚山县', 425, 0, 3, NULL),
(4567, '西畴县', 425, 0, 3, NULL),
(4568, '马关县', 425, 0, 3, NULL),
(4569, '麻栗坡县', 425, 0, 3, NULL),
(4570, '勐海县', 426, 0, 3, NULL),
(4571, '勐腊县', 426, 0, 3, NULL),
(4572, '景洪市', 426, 0, 3, NULL),
(4573, '云龙县', 427, 0, 3, NULL),
(4574, '剑川县', 427, 0, 3, NULL),
(4575, '南涧彝族自治县', 427, 0, 3, NULL),
(4576, '大理市', 427, 0, 3, NULL),
(4577, '宾川县', 427, 0, 3, NULL),
(4578, '巍山彝族回族自治县', 427, 0, 3, NULL),
(4579, '弥渡县', 427, 0, 3, NULL),
(4580, '永平县', 427, 0, 3, NULL),
(4581, '洱源县', 427, 0, 3, NULL),
(4582, '漾濞彝族自治县', 427, 0, 3, NULL),
(4583, '祥云县', 427, 0, 3, NULL),
(4584, '鹤庆县', 427, 0, 3, NULL),
(4585, '梁河县', 428, 0, 3, NULL),
(4586, '潞西市', 428, 0, 3, NULL),
(4587, '瑞丽市', 428, 0, 3, NULL),
(4588, '盈江县', 428, 0, 3, NULL),
(4589, '陇川县', 428, 0, 3, NULL),
(4590, '德钦县', 430, 0, 3, NULL),
(4591, '维西傈僳族自治县', 430, 0, 3, NULL),
(4592, '香格里拉县', 430, 0, 3, NULL),
(4593, '城关区', 431, 0, 3, NULL),
(4594, '堆龙德庆县', 431, 0, 3, NULL),
(4595, '墨竹工卡县', 431, 0, 3, NULL),
(4596, '尼木县', 431, 0, 3, NULL),
(4597, '当雄县', 431, 0, 3, NULL),
(4598, '曲水县', 431, 0, 3, NULL),
(4599, '林周县', 431, 0, 3, NULL),
(4600, '达孜县', 431, 0, 3, NULL),
(4601, '丁青县', 432, 0, 3, NULL),
(4602, '八宿县', 432, 0, 3, NULL),
(4603, '察雅县', 432, 0, 3, NULL),
(4604, '左贡县', 432, 0, 3, NULL),
(4605, '昌都县', 432, 0, 3, NULL),
(4606, '江达县', 432, 0, 3, NULL),
(4607, '洛隆县', 432, 0, 3, NULL),
(4608, '类乌齐县', 432, 0, 3, NULL),
(4609, '芒康县', 432, 0, 3, NULL),
(4610, '贡觉县', 432, 0, 3, NULL),
(4611, '边坝县', 432, 0, 3, NULL),
(4612, '乃东县', 433, 0, 3, NULL),
(4613, '加查县', 433, 0, 3, NULL),
(4614, '扎囊县', 433, 0, 3, NULL),
(4615, '措美县', 433, 0, 3, NULL),
(4616, '曲松县', 433, 0, 3, NULL),
(4617, '桑日县', 433, 0, 3, NULL),
(4618, '洛扎县', 433, 0, 3, NULL),
(4619, '浪卡子县', 433, 0, 3, NULL),
(4620, '琼结县', 433, 0, 3, NULL),
(4621, '贡嘎县', 433, 0, 3, NULL),
(4622, '错那县', 433, 0, 3, NULL),
(4623, '隆子县', 433, 0, 3, NULL),
(4624, '亚东县', 434, 0, 3, NULL),
(4625, '仁布县', 434, 0, 3, NULL),
(4626, '仲巴县', 434, 0, 3, NULL),
(4627, '南木林县', 434, 0, 3, NULL),
(4628, '吉隆县', 434, 0, 3, NULL),
(4629, '定日县', 434, 0, 3, NULL),
(4630, '定结县', 434, 0, 3, NULL),
(4631, '岗巴县', 434, 0, 3, NULL),
(4632, '康马县', 434, 0, 3, NULL),
(4633, '拉孜县', 434, 0, 3, NULL),
(4634, '日喀则市', 434, 0, 3, NULL),
(4635, '昂仁县', 434, 0, 3, NULL),
(4636, '江孜县', 434, 0, 3, NULL),
(4637, '白朗县', 434, 0, 3, NULL),
(4638, '聂拉木县', 434, 0, 3, NULL),
(4639, '萨嘎县', 434, 0, 3, NULL),
(4640, '萨迦县', 434, 0, 3, NULL),
(4641, '谢通门县', 434, 0, 3, NULL),
(4642, '嘉黎县', 435, 0, 3, NULL),
(4643, '安多县', 435, 0, 3, NULL),
(4644, '尼玛县', 435, 0, 3, NULL),
(4645, '巴青县', 435, 0, 3, NULL),
(4646, '比如县', 435, 0, 3, NULL),
(4647, '班戈县', 435, 0, 3, NULL),
(4648, '申扎县', 435, 0, 3, NULL),
(4649, '索县', 435, 0, 3, NULL),
(4650, '聂荣县', 435, 0, 3, NULL),
(4651, '那曲县', 435, 0, 3, NULL),
(4652, '噶尔县', 436, 0, 3, NULL),
(4653, '措勤县', 436, 0, 3, NULL),
(4654, '改则县', 436, 0, 3, NULL),
(4655, '日土县', 436, 0, 3, NULL),
(4656, '普兰县', 436, 0, 3, NULL),
(4657, '札达县', 436, 0, 3, NULL),
(4658, '革吉县', 436, 0, 3, NULL),
(4659, '墨脱县', 437, 0, 3, NULL),
(4660, '察隅县', 437, 0, 3, NULL),
(4661, '工布江达县', 437, 0, 3, NULL),
(4662, '朗县', 437, 0, 3, NULL),
(4663, '林芝县', 437, 0, 3, NULL),
(4664, '波密县', 437, 0, 3, NULL),
(4665, '米林县', 437, 0, 3, NULL),
(4666, '临潼区', 438, 0, 3, NULL),
(4667, '周至县', 438, 0, 3, NULL),
(4668, '户县', 438, 0, 3, NULL),
(4669, '新城区', 438, 0, 3, NULL),
(4670, '未央区', 438, 0, 3, NULL),
(4671, '灞桥区', 438, 0, 3, NULL),
(4672, '碑林区', 438, 0, 3, NULL),
(4673, '莲湖区', 438, 0, 3, NULL),
(4674, '蓝田县', 438, 0, 3, NULL),
(4675, '长安区', 438, 0, 3, NULL),
(4676, '阎良区', 438, 0, 3, NULL),
(4677, '雁塔区', 438, 0, 3, NULL),
(4678, '高陵县', 438, 0, 3, NULL),
(4679, '印台区', 439, 0, 3, NULL),
(4680, '宜君县', 439, 0, 3, NULL),
(4681, '王益区', 439, 0, 3, NULL),
(4682, '耀州区', 439, 0, 3, NULL),
(4683, '凤县', 440, 0, 3, NULL),
(4684, '凤翔县', 440, 0, 3, NULL),
(4685, '千阳县', 440, 0, 3, NULL),
(4686, '太白县', 440, 0, 3, NULL),
(4687, '岐山县', 440, 0, 3, NULL),
(4688, '扶风县', 440, 0, 3, NULL),
(4689, '渭滨区', 440, 0, 3, NULL),
(4690, '眉县', 440, 0, 3, NULL),
(4691, '金台区', 440, 0, 3, NULL),
(4692, '陇县', 440, 0, 3, NULL),
(4693, '陈仓区', 440, 0, 3, NULL),
(4694, '麟游县', 440, 0, 3, NULL),
(4695, '三原县', 441, 0, 3, NULL),
(4696, '干县', 441, 0, 3, NULL),
(4697, '兴平市', 441, 0, 3, NULL),
(4698, '彬县', 441, 0, 3, NULL),
(4699, '旬邑县', 441, 0, 3, NULL),
(4700, '杨陵区', 441, 0, 3, NULL),
(4701, '武功县', 441, 0, 3, NULL),
(4702, '永寿县', 441, 0, 3, NULL),
(4703, '泾阳县', 441, 0, 3, NULL),
(4704, '淳化县', 441, 0, 3, NULL),
(4705, '渭城区', 441, 0, 3, NULL),
(4706, '礼泉县', 441, 0, 3, NULL),
(4707, '秦都区', 441, 0, 3, NULL),
(4708, '长武县', 441, 0, 3, NULL),
(4709, '临渭区', 442, 0, 3, NULL),
(4710, '华县', 442, 0, 3, NULL),
(4711, '华阴市', 442, 0, 3, NULL),
(4712, '合阳县', 442, 0, 3, NULL),
(4713, '大荔县', 442, 0, 3, NULL),
(4714, '富平县', 442, 0, 3, NULL),
(4715, '潼关县', 442, 0, 3, NULL),
(4716, '澄城县', 442, 0, 3, NULL),
(4717, '白水县', 442, 0, 3, NULL),
(4718, '蒲城县', 442, 0, 3, NULL),
(4719, '韩城市', 442, 0, 3, NULL),
(4720, '吴起县', 443, 0, 3, NULL),
(4721, '子长县', 443, 0, 3, NULL),
(4722, '安塞县', 443, 0, 3, NULL),
(4723, '宜川县', 443, 0, 3, NULL),
(4724, '宝塔区', 443, 0, 3, NULL),
(4725, '富县', 443, 0, 3, NULL),
(4726, '延川县', 443, 0, 3, NULL),
(4727, '延长县', 443, 0, 3, NULL),
(4728, '志丹县', 443, 0, 3, NULL),
(4729, '洛川县', 443, 0, 3, NULL),
(4730, '甘泉县', 443, 0, 3, NULL),
(4731, '黄陵县', 443, 0, 3, NULL),
(4732, '黄龙县', 443, 0, 3, NULL),
(4733, '佛坪县', 444, 0, 3, NULL),
(4734, '勉县', 444, 0, 3, NULL),
(4735, '南郑县', 444, 0, 3, NULL),
(4736, '城固县', 444, 0, 3, NULL),
(4737, '宁强县', 444, 0, 3, NULL),
(4738, '汉台区', 444, 0, 3, NULL),
(4739, '洋县', 444, 0, 3, NULL),
(4740, '留坝县', 444, 0, 3, NULL),
(4741, '略阳县', 444, 0, 3, NULL),
(4742, '西乡县', 444, 0, 3, NULL),
(4743, '镇巴县', 444, 0, 3, NULL),
(4744, '佳县', 445, 0, 3, NULL),
(4745, '吴堡县', 445, 0, 3, NULL),
(4746, '子洲县', 445, 0, 3, NULL),
(4747, '定边县', 445, 0, 3, NULL),
(4748, '府谷县', 445, 0, 3, NULL),
(4749, '榆林市榆阳区', 445, 0, 3, NULL),
(4750, '横山县', 445, 0, 3, NULL),
(4751, '清涧县', 445, 0, 3, NULL),
(4752, '神木县', 445, 0, 3, NULL),
(4753, '米脂县', 445, 0, 3, NULL),
(4754, '绥德县', 445, 0, 3, NULL),
(4755, '靖边县', 445, 0, 3, NULL),
(4756, '宁陕县', 446, 0, 3, NULL),
(4757, '岚皋县', 446, 0, 3, NULL),
(4758, '平利县', 446, 0, 3, NULL),
(4759, '旬阳县', 446, 0, 3, NULL),
(4760, '汉滨区', 446, 0, 3, NULL),
(4761, '汉阴县', 446, 0, 3, NULL),
(4762, '白河县', 446, 0, 3, NULL),
(4763, '石泉县', 446, 0, 3, NULL),
(4764, '紫阳县', 446, 0, 3, NULL),
(4765, '镇坪县', 446, 0, 3, NULL),
(4766, '丹凤县', 447, 0, 3, NULL),
(4767, '商南县', 447, 0, 3, NULL),
(4768, '商州区', 447, 0, 3, NULL),
(4769, '山阳县', 447, 0, 3, NULL),
(4770, '柞水县', 447, 0, 3, NULL),
(4771, '洛南县', 447, 0, 3, NULL),
(4772, '镇安县', 447, 0, 3, NULL),
(4773, '七里河区', 448, 0, 3, NULL),
(4774, '城关区', 448, 0, 3, NULL),
(4775, '安宁区', 448, 0, 3, NULL),
(4776, '榆中县', 448, 0, 3, NULL),
(4777, '永登县', 448, 0, 3, NULL),
(4778, '皋兰县', 448, 0, 3, NULL),
(4779, '红古区', 448, 0, 3, NULL),
(4780, '西固区', 448, 0, 3, NULL),
(4781, '嘉峪关市', 449, 0, 3, NULL),
(4782, '永昌县', 450, 0, 3, NULL),
(4783, '金川区', 450, 0, 3, NULL),
(4784, '会宁县', 451, 0, 3, NULL),
(4785, '平川区', 451, 0, 3, NULL),
(4786, '景泰县', 451, 0, 3, NULL),
(4787, '白银区', 451, 0, 3, NULL),
(4788, '靖远县', 451, 0, 3, NULL),
(4789, '张家川回族自治县', 452, 0, 3, NULL),
(4790, '武山县', 452, 0, 3, NULL),
(4791, '清水县', 452, 0, 3, NULL),
(4792, '甘谷县', 452, 0, 3, NULL),
(4793, '秦安县', 452, 0, 3, NULL),
(4794, '秦州区', 452, 0, 3, NULL),
(4795, '麦积区', 452, 0, 3, NULL),
(4796, '凉州区', 453, 0, 3, NULL),
(4797, '古浪县', 453, 0, 3, NULL),
(4798, '天祝藏族自治县', 453, 0, 3, NULL),
(4799, '民勤县', 453, 0, 3, NULL),
(4800, '临泽县', 454, 0, 3, NULL),
(4801, '山丹县', 454, 0, 3, NULL),
(4802, '民乐县', 454, 0, 3, NULL),
(4803, '甘州区', 454, 0, 3, NULL),
(4804, '肃南裕固族自治县', 454, 0, 3, NULL),
(4805, '高台县', 454, 0, 3, NULL),
(4806, '华亭县', 455, 0, 3, NULL),
(4807, '崆峒区', 455, 0, 3, NULL),
(4808, '崇信县', 455, 0, 3, NULL),
(4809, '庄浪县', 455, 0, 3, NULL),
(4810, '泾川县', 455, 0, 3, NULL),
(4811, '灵台县', 455, 0, 3, NULL),
(4812, '静宁县', 455, 0, 3, NULL),
(4813, '敦煌市', 456, 0, 3, NULL),
(4814, '玉门市', 456, 0, 3, NULL),
(4815, '瓜州县（原安西县）', 456, 0, 3, NULL),
(4816, '肃北蒙古族自治县', 456, 0, 3, NULL),
(4817, '肃州区', 456, 0, 3, NULL),
(4818, '金塔县', 456, 0, 3, NULL),
(4819, '阿克塞哈萨克族自治县', 456, 0, 3, NULL),
(4820, '华池县', 457, 0, 3, NULL),
(4821, '合水县', 457, 0, 3, NULL),
(4822, '宁县', 457, 0, 3, NULL),
(4823, '庆城县', 457, 0, 3, NULL),
(4824, '正宁县', 457, 0, 3, NULL),
(4825, '环县', 457, 0, 3, NULL),
(4826, '西峰区', 457, 0, 3, NULL),
(4827, '镇原县', 457, 0, 3, NULL),
(4828, '临洮县', 458, 0, 3, NULL),
(4829, '安定区', 458, 0, 3, NULL),
(4830, '岷县', 458, 0, 3, NULL),
(4831, '渭源县', 458, 0, 3, NULL),
(4832, '漳县', 458, 0, 3, NULL),
(4833, '通渭县', 458, 0, 3, NULL),
(4834, '陇西县', 458, 0, 3, NULL),
(4835, '两当县', 459, 0, 3, NULL),
(4836, '宕昌县', 459, 0, 3, NULL),
(4837, '康县', 459, 0, 3, NULL),
(4838, '徽县', 459, 0, 3, NULL),
(4839, '成县', 459, 0, 3, NULL),
(4840, '文县', 459, 0, 3, NULL),
(4841, '武都区', 459, 0, 3, NULL),
(4842, '礼县', 459, 0, 3, NULL),
(4843, '西和县', 459, 0, 3, NULL),
(4844, '东乡族自治县', 460, 0, 3, NULL),
(4845, '临夏县', 460, 0, 3, NULL),
(4846, '临夏市', 460, 0, 3, NULL),
(4847, '和政县', 460, 0, 3, NULL),
(4848, '广河县', 460, 0, 3, NULL),
(4849, '康乐县', 460, 0, 3, NULL),
(4850, '永靖县', 460, 0, 3, NULL),
(4851, '积石山保安族东乡族撒拉族自治县', 460, 0, 3, NULL),
(4852, '临潭县', 461, 0, 3, NULL),
(4853, '卓尼县', 461, 0, 3, NULL),
(4854, '合作市', 461, 0, 3, NULL),
(4855, '夏河县', 461, 0, 3, NULL),
(4856, '玛曲县', 461, 0, 3, NULL),
(4857, '碌曲县', 461, 0, 3, NULL),
(4858, '舟曲县', 461, 0, 3, NULL),
(4859, '迭部县', 461, 0, 3, NULL),
(4860, '城东区', 462, 0, 3, NULL),
(4861, '城中区', 462, 0, 3, NULL),
(4862, '城北区', 462, 0, 3, NULL),
(4863, '城西区', 462, 0, 3, NULL),
(4864, '大通回族土族自治县', 462, 0, 3, NULL),
(4865, '湟中县', 462, 0, 3, NULL),
(4866, '湟源县', 462, 0, 3, NULL),
(4867, '乐都县', 463, 0, 3, NULL),
(4868, '互助土族自治县', 463, 0, 3, NULL),
(4869, '化隆回族自治县', 463, 0, 3, NULL),
(4870, '平安县', 463, 0, 3, NULL),
(4871, '循化撒拉族自治县', 463, 0, 3, NULL),
(4872, '民和回族土族自治县', 463, 0, 3, NULL),
(4873, '刚察县', 464, 0, 3, NULL),
(4874, '海晏县', 464, 0, 3, NULL),
(4875, '祁连县', 464, 0, 3, NULL),
(4876, '门源回族自治县', 464, 0, 3, NULL),
(4877, '同仁县', 465, 0, 3, NULL),
(4878, '尖扎县', 465, 0, 3, NULL),
(4879, '河南蒙古族自治县', 465, 0, 3, NULL),
(4880, '泽库县', 465, 0, 3, NULL),
(4881, '共和县', 466, 0, 3, NULL),
(4882, '兴海县', 466, 0, 3, NULL),
(4883, '同德县', 466, 0, 3, NULL),
(4884, '贵南县', 466, 0, 3, NULL),
(4885, '贵德县', 466, 0, 3, NULL),
(4886, '久治县', 467, 0, 3, NULL),
(4887, '玛多县', 467, 0, 3, NULL),
(4888, '玛沁县', 467, 0, 3, NULL),
(4889, '班玛县', 467, 0, 3, NULL),
(4890, '甘德县', 467, 0, 3, NULL),
(4891, '达日县', 467, 0, 3, NULL),
(4892, '囊谦县', 468, 0, 3, NULL),
(4893, '曲麻莱县', 468, 0, 3, NULL),
(4894, '杂多县', 468, 0, 3, NULL),
(4895, '治多县', 468, 0, 3, NULL),
(4896, '玉树县', 468, 0, 3, NULL),
(4897, '称多县', 468, 0, 3, NULL),
(4898, '乌兰县', 469, 0, 3, NULL),
(4899, '冷湖行委', 469, 0, 3, NULL),
(4900, '大柴旦行委', 469, 0, 3, NULL),
(4901, '天峻县', 469, 0, 3, NULL),
(4902, '德令哈市', 469, 0, 3, NULL),
(4903, '格尔木市', 469, 0, 3, NULL),
(4904, '茫崖行委', 469, 0, 3, NULL),
(4905, '都兰县', 469, 0, 3, NULL),
(4906, '兴庆区', 470, 0, 3, NULL),
(4907, '永宁县', 470, 0, 3, NULL),
(4908, '灵武市', 470, 0, 3, NULL),
(4909, '西夏区', 470, 0, 3, NULL),
(4910, '贺兰县', 470, 0, 3, NULL),
(4911, '金凤区', 470, 0, 3, NULL),
(4912, '大武口区', 471, 0, 3, NULL),
(4913, '平罗县', 471, 0, 3, NULL),
(4914, '惠农区', 471, 0, 3, NULL),
(4915, '利通区', 472, 0, 3, NULL),
(4916, '同心县', 472, 0, 3, NULL),
(4917, '盐池县', 472, 0, 3, NULL),
(4918, '青铜峡市', 472, 0, 3, NULL),
(4919, '原州区', 473, 0, 3, NULL),
(4920, '彭阳县', 473, 0, 3, NULL),
(4921, '泾源县', 473, 0, 3, NULL),
(4922, '西吉县', 473, 0, 3, NULL),
(4923, '隆德县', 473, 0, 3, NULL),
(4924, '中宁县', 474, 0, 3, NULL),
(4925, '沙坡头区', 474, 0, 3, NULL),
(4926, '海原县', 474, 0, 3, NULL),
(4927, '东山区', 475, 0, 3, NULL),
(4928, '乌鲁木齐县', 475, 0, 3, NULL),
(4929, '天山区', 475, 0, 3, NULL),
(4930, '头屯河区', 475, 0, 3, NULL),
(4931, '新市区', 475, 0, 3, NULL),
(4932, '水磨沟区', 475, 0, 3, NULL),
(4933, '沙依巴克区', 475, 0, 3, NULL),
(4934, '达坂城区', 475, 0, 3, NULL),
(4935, '乌尔禾区', 476, 0, 3, NULL),
(4936, '克拉玛依区', 476, 0, 3, NULL),
(4937, '独山子区', 476, 0, 3, NULL),
(4938, '白碱滩区', 476, 0, 3, NULL),
(4939, '吐鲁番市', 477, 0, 3, NULL),
(4940, '托克逊县', 477, 0, 3, NULL),
(4941, '鄯善县', 477, 0, 3, NULL),
(4942, '伊吾县', 478, 0, 3, NULL),
(4943, '哈密市', 478, 0, 3, NULL),
(4944, '巴里坤哈萨克自治县', 478, 0, 3, NULL),
(4945, '吉木萨尔县', 479, 0, 3, NULL),
(4946, '呼图壁县', 479, 0, 3, NULL),
(4947, '奇台县', 479, 0, 3, NULL),
(4948, '昌吉市', 479, 0, 3, NULL),
(4949, '木垒哈萨克自治县', 479, 0, 3, NULL),
(4950, '玛纳斯县', 479, 0, 3, NULL),
(4951, '米泉市', 479, 0, 3, NULL),
(4952, '阜康市', 479, 0, 3, NULL),
(4953, '博乐市', 480, 0, 3, NULL),
(4954, '温泉县', 480, 0, 3, NULL),
(4955, '精河县', 480, 0, 3, NULL),
(4956, '博湖县', 481, 0, 3, NULL),
(4957, '和硕县', 481, 0, 3, NULL),
(4958, '和静县', 481, 0, 3, NULL),
(4959, '尉犁县', 481, 0, 3, NULL),
(4960, '库尔勒市', 481, 0, 3, NULL),
(4961, '焉耆回族自治县', 481, 0, 3, NULL),
(4962, '若羌县', 481, 0, 3, NULL),
(4963, '轮台县', 481, 0, 3, NULL),
(4964, '乌什县', 482, 0, 3, NULL),
(4965, '库车县', 482, 0, 3, NULL),
(4966, '拜城县', 482, 0, 3, NULL),
(4967, '新和县', 482, 0, 3, NULL),
(4968, '柯坪县', 482, 0, 3, NULL),
(4969, '沙雅县', 482, 0, 3, NULL),
(4970, '温宿县', 482, 0, 3, NULL),
(4971, '阿克苏市', 482, 0, 3, NULL),
(4972, '阿瓦提县', 482, 0, 3, NULL),
(4973, '乌恰县', 483, 0, 3, NULL),
(4974, '阿克陶县', 483, 0, 3, NULL),
(4975, '阿合奇县', 483, 0, 3, NULL),
(4976, '阿图什市', 483, 0, 3, NULL),
(4977, '伽师县', 484, 0, 3, NULL),
(4978, '叶城县', 484, 0, 3, NULL),
(4979, '喀什市', 484, 0, 3, NULL),
(4980, '塔什库尔干塔吉克自治县', 484, 0, 3, NULL),
(4981, '岳普湖县', 484, 0, 3, NULL),
(4982, '巴楚县', 484, 0, 3, NULL),
(4983, '泽普县', 484, 0, 3, NULL),
(4984, '疏勒县', 484, 0, 3, NULL),
(4985, '疏附县', 484, 0, 3, NULL),
(4986, '英吉沙县', 484, 0, 3, NULL),
(4987, '莎车县', 484, 0, 3, NULL),
(4988, '麦盖提县', 484, 0, 3, NULL),
(4989, '于田县', 485, 0, 3, NULL),
(4990, '和田县', 485, 0, 3, NULL),
(4991, '和田市', 485, 0, 3, NULL),
(4992, '墨玉县', 485, 0, 3, NULL),
(4993, '民丰县', 485, 0, 3, NULL),
(4994, '洛浦县', 485, 0, 3, NULL),
(4995, '皮山县', 485, 0, 3, NULL),
(4996, '策勒县', 485, 0, 3, NULL),
(4997, '伊宁县', 486, 0, 3, NULL),
(4998, '伊宁市', 486, 0, 3, NULL),
(4999, '奎屯市', 486, 0, 3, NULL),
(5000, '察布查尔锡伯自治县', 486, 0, 3, NULL),
(5001, '尼勒克县', 486, 0, 3, NULL),
(5002, '巩留县', 486, 0, 3, NULL),
(5003, '新源县', 486, 0, 3, NULL),
(5004, '昭苏县', 486, 0, 3, NULL),
(5005, '特克斯县', 486, 0, 3, NULL),
(5006, '霍城县', 486, 0, 3, NULL),
(5007, '乌苏市', 487, 0, 3, NULL),
(5008, '和布克赛尔蒙古自治县', 487, 0, 3, NULL),
(5009, '塔城市', 487, 0, 3, NULL),
(5010, '托里县', 487, 0, 3, NULL),
(5011, '沙湾县', 487, 0, 3, NULL),
(5012, '裕民县', 487, 0, 3, NULL),
(5013, '额敏县', 487, 0, 3, NULL),
(5014, '吉木乃县', 488, 0, 3, NULL),
(5015, '哈巴河县', 488, 0, 3, NULL),
(5016, '富蕴县', 488, 0, 3, NULL),
(5017, '布尔津县', 488, 0, 3, NULL),
(5018, '福海县', 488, 0, 3, NULL),
(5019, '阿勒泰市', 488, 0, 3, NULL),
(5020, '青河县', 488, 0, 3, NULL),
(5021, '石河子市', 489, 0, 3, NULL),
(5022, '阿拉尔市', 490, 0, 3, NULL),
(5023, '图木舒克市', 491, 0, 3, NULL),
(5024, '五家渠市', 492, 0, 3, NULL),
(45055, '海外', 35, 0, 2, NULL);

-- --------------------------------------------------------

--
-- 表的结构 `33hao_arrival_notice`
--

CREATE TABLE IF NOT EXISTS `33hao_arrival_notice` (
  `an_id` int(10) unsigned NOT NULL AUTO_INCREMENT COMMENT '通知id',
  `goods_id` int(10) unsigned NOT NULL COMMENT '商品id',
  `goods_name` varchar(50) NOT NULL COMMENT '商品名称',
  `member_id` int(10) unsigned NOT NULL COMMENT '会员id',
  `store_id` int(10) unsigned NOT NULL COMMENT '店铺id',
  `an_addtime` int(10) unsigned NOT NULL COMMENT '添加时间',
  `an_email` varchar(100) NOT NULL COMMENT '邮箱',
  `an_mobile` varchar(11) NOT NULL COMMENT '手机号',
  `an_type` tinyint(3) unsigned NOT NULL DEFAULT '1' COMMENT '状态 1到货通知，2预售',
  PRIMARY KEY (`an_id`)
) ENGINE=InnoDB DEFAULT CHARSET=utf8 COMMENT='商品到货通知表' AUTO_INCREMENT=1 ;

-- --------------------------------------------------------

--
-- 表的结构 `33hao_article`
--

CREATE TABLE IF NOT EXISTS `33hao_article` (
  `article_id` int(11) NOT NULL AUTO_INCREMENT COMMENT '索引id',
  `ac_id` mediumint(8) unsigned NOT NULL DEFAULT '0' COMMENT '分类id',
  `article_url` varchar(100) DEFAULT NULL COMMENT '跳转链接',
  `article_show` tinyint(1) unsigned NOT NULL DEFAULT '1' COMMENT '是否显示，0为否，1为是，默认为1',
  `article_position` tinyint(4) NOT NULL DEFAULT '1' COMMENT '显示位置:1默认网站前台,2买家,3卖家,4全站',
  `article_sort` tinyint(3) unsigned NOT NULL DEFAULT '255' COMMENT '排序',
  `article_title` varchar(100) DEFAULT NULL COMMENT '标题',
  `article_content` text COMMENT '内容',
  `article_time` int(10) unsigned NOT NULL DEFAULT '0' COMMENT '发布时间',
  PRIMARY KEY (`article_id`),
  KEY `ac_id` (`ac_id`)
) ENGINE=InnoDB  DEFAULT CHARSET=utf8 COMMENT='文章表' AUTO_INCREMENT=42 ;

--
-- 转存表中的数据 `33hao_article`
--

INSERT INTO `33hao_article` (`article_id`, `ac_id`, `article_url`, `article_show`, `article_position`, `article_sort`, `article_title`, `article_content`, `article_time`) VALUES
(6, 2, '', 1, 1, 255, '如何注册成为会员', '如何注册成为会员', 1449242303),
(7, 2, '', 1, 1, 255, '如何搜索', '如何搜索', 1449242303),
(8, 2, '', 1, 1, 255, '忘记密码', '忘记密码', 1449242303),
(9, 2, '', 1, 1, 255, '我要买', '我要买', 1449242303),
(10, 2, '', 1, 1, 255, '查看已购买商品', '查看已购买商品', 1449242303),
(11, 3, '', 1, 1, 255, '如何管理店铺', '如何管理店铺', 1449242303),
(12, 3, '', 1, 1, 255, '查看售出商品', '查看售出商品', 1449242303),
(13, 3, '', 1, 1, 255, '如何发货', '如何发货', 1449242303),
(14, 3, '', 1, 1, 255, '商城商品推荐', '商城商品推荐', 1449242303),
(15, 3, '', 1, 1, 255, '如何申请开店', '如何申请开店', 1449242303),
(16, 4, '', 1, 1, 255, '如何注册支付宝', '如何注册支付宝', 1449242303),
(17, 4, '', 1, 1, 255, '在线支付', '在线支付', 1449242303),
(18, 6, '', 1, 1, 255, '会员修改密码', '会员修改密码', 1449242303),
(19, 6, '', 1, 1, 255, '会员修改个人资料', '会员修改个人资料', 1449242303),
(20, 6, '', 1, 1, 255, '商品发布', '商品发布', 1449242303),
(21, 6, '', 1, 1, 255, '修改收货地址', '修改收货地址', 1449242303),
(22, 7, '', 1, 1, 255, '关于我们', '<p>&nbsp;&nbsp;&nbsp;&nbsp;&nbsp;&nbsp; 好商城是由一批青年为网店经营者提供技术支持及二次开发业务！立足于为人民服务为标准化管理模式！促进客户成交转化！为客户谋取丰厚利益！好商城交流中心网址http://www.33hao.com </p>', 1449242303),
(23, 7, '', 1, 1, 255, '联系我们', '<p>欢迎您对我们的站点、工作、产品和服务提出自己宝贵的意见或建议。我们将给予您及时答复。同时也欢迎您到我们公司来洽商业务。</p>\r\n<p><br />\r\n<strong>公司名称</strong>： 好商城交流中心 <br />\r\n<strong>通信地址</strong>： http://www.33hao.com <br />\r\n<strong>邮政编码</strong>： 300121 <br />\r\n<strong>电话</strong>： 400-880-1509 <br />\r\n<strong>商务Q群</strong>： 138182377 <br />\r\n<strong>软件著作权登记号</strong>： 好商城B12.0 <br />\r\n<strong>ICP备案号</strong>： 33hao00125 </p>', 1449242303),
(24, 7, '', 1, 1, 255, '招聘英才', '<dl> <h3>PHP程序员</h3>\r\n<dt>职位要求： <dd>熟悉PHP5开发语言；<br />\r\n熟悉MySQL5数据库，同时熟悉sqlserver，oracle者优先；<br />\r\n熟悉面向对象思想，MVC三层体系，至少使用过目前已知PHP框架其中一种；<br />\r\n熟悉SERVER2003/Linux操作系统，熟悉常用Linux操作命令；<br />\r\n熟悉Mysql数据库应用开发，了解Mysql的数据库配置管理、性能优化等基本操作技能；<br />\r\n熟悉jquery，smarty等常用开源软件；<br />\r\n具备良好的代码编程习惯及较强的文档编写能力；<br />\r\n具备良好的团队合作能力；<br />\r\n熟悉设计模式者优先；<br />\r\n熟悉java，c++,c#,python其中一种者优先； </dd> <dt>学历要求： <dd>大本 </dd> <dt>工作经验： <dd>一年以上 </dd> <dt>工作地点： <dd>天津 </dd></dl> <dl> <h3>网页设计（2名）</h3>\r\n<dt>岗位职责： <dd>网站UI设计、 切片以及HTML制作。 </dd> <dt>职位要求： <dd>有大型网站设计经验；有网站改版、频道建设经验者优先考虑； <br />\r\n熟练掌握photoshop,fireworks,dreamwaver等设计软件； <br />\r\n熟练运用Div+Css制作网页，符合CSS2.0-W3C标准，并掌握不同浏览器下，不同版本下CSS元素的区别；<br />\r\n熟悉网站制作流程，能运用并修改简单JavaScript类程序； <br />\r\n积极向上，有良好的人际沟通能力，良好的工作协调能力，踏实肯干的工作精神；具有良好的沟通表达能力，<br />\r\n需求判断力，团队协作能力； <br />\r\n请应聘者在简历中提供个人近期作品连接。 </dd> <dt>学历要求： <dd>专科 </dd> <dt>工作经验： <dd>一年以上 </dd> <dt>工作地点： <dd>天津 </dd></dl> <dl> <h3>方案策划（1名）</h3>\r\n<dt>职位要求： <dd>2年以上的文案编辑类相关工作经验，具备一定的文字功底，有极强的语言表达和逻辑思维能力， 能独立完成项目方案的编写，拟草各种协议。熟悉使用办公软件。 </dd> <dt>学历要求： <dd>大专以上 </dd> <dt>工作经验： <dd>一年以上 </dd> <dt>工作地点： <dd>天津 </dd></dl>', 1449242303),
(25, 7, '', 1, 1, 255, '合作及洽谈', '<p>&nbsp;&nbsp;&nbsp;&nbsp;&nbsp; 33hao希望与服务代理商、合作伙伴并肩合作，携手开拓日益广阔的网络购物软件市场。如果您拥有好的建议，拥有丰富渠道资源、拥有众多目标客户、拥有相应的市场资源，并希望与33hao进行深度业务合作， 欢迎成为33hao业务合作伙伴，请联系。</p>\r\n<p>&nbsp;</p>\r\n<p><strong>公司名称</strong>： 好商城交流中心 <br />\r\n<strong>通信地址</strong>： http://www.33hao.com <br />\r\n<strong>邮政编码</strong>： 300121 <br />\r\n<strong>QQ群</strong>： 138182377 <br />\r\n<strong>商务洽谈</strong>： 138182377 <br />\r\n</p>', 1449242303),
(26, 5, '', 1, 1, 255, '联系卖家', '联系卖家', 1449242303),
(28, 4, '', 1, 1, 255, '分期付款', '分期付款<br />', 1449242303),
(29, 4, '', 1, 1, 255, '邮局汇款', '邮局汇款<br />', 1449242303),
(30, 4, '', 1, 1, 255, '公司转账', '公司转账<br />', 1449242303),
(31, 5, '', 1, 1, 255, '退换货政策', '退换货政策', 1449242303),
(32, 5, '', 1, 1, 255, '退换货流程', '退换货流程', 1449242303),
(33, 5, '', 1, 1, 255, '返修/退换货', '返修/退换货', 1449242303),
(34, 5, '', 1, 1, 255, '退款申请', '退款申请', 1449242303),
(35, 1, 'http://www.33hao.com/', 1, 1, 1, '火爆销售中', '火爆销售中<br />', 1449242303),
(36, 1, '', 1, 1, 255, '管理功能说明', '管理功能说明', 1449242303),
(37, 1, '', 1, 1, 255, '如何扩充水印字体库', '如何扩充水印字体库', 1449242303),
(38, 1, '', 1, 1, 255, '提示信息', '提示信息', 1449242303),
(39, 2, '', 1, 1, 255, '积分细则', '积分细则积分细则', 1449242303),
(40, 2, '', 1, 1, 255, '积分兑换说明', '积分兑换说明', 1449242303),
(41, 1, '', 1, 1, 255, '功能使用说明', '功能使用说明', 1449242303);

-- --------------------------------------------------------

--
-- 表的结构 `33hao_article_class`
--

CREATE TABLE IF NOT EXISTS `33hao_article_class` (
  `ac_id` int(10) unsigned NOT NULL AUTO_INCREMENT COMMENT '索引ID',
  `ac_code` varchar(20) DEFAULT NULL COMMENT '分类标识码',
  `ac_name` varchar(100) NOT NULL COMMENT '分类名称',
  `ac_parent_id` int(10) unsigned NOT NULL DEFAULT '0' COMMENT '父ID',
  `ac_sort` tinyint(1) unsigned NOT NULL DEFAULT '255' COMMENT '排序',
  PRIMARY KEY (`ac_id`),
  KEY `ac_parent_id` (`ac_parent_id`)
) ENGINE=InnoDB  DEFAULT CHARSET=utf8 COMMENT='文章分类表' AUTO_INCREMENT=8 ;

--
-- 转存表中的数据 `33hao_article_class`
--

INSERT INTO `33hao_article_class` (`ac_id`, `ac_code`, `ac_name`, `ac_parent_id`, `ac_sort`) VALUES
(1, 'notice', '商城公告', 0, 1),
(2, 'member', '新手上路', 0, 2),
(3, 'store', '商家中心', 0, 3),
(4, 'payment', '支付方式', 0, 4),
(5, 'sold', '售后服务', 0, 5),
(6, 'service', '购物指南', 0, 6),
(7, 'about', '关于我们', 0, 7);

-- --------------------------------------------------------

--
-- 表的结构 `33hao_attribute`
--

CREATE TABLE IF NOT EXISTS `33hao_attribute` (
  `attr_id` int(10) unsigned NOT NULL AUTO_INCREMENT COMMENT '属性id',
  `attr_name` varchar(100) NOT NULL COMMENT '属性名称',
  `type_id` int(10) unsigned NOT NULL COMMENT '所属类型id',
  `attr_value` text NOT NULL COMMENT '属性值列',
  `attr_show` tinyint(1) unsigned NOT NULL COMMENT '是否显示。0为不显示、1为显示',
  `attr_sort` tinyint(1) unsigned NOT NULL COMMENT '排序',
  PRIMARY KEY (`attr_id`),
  KEY `attr_id` (`attr_id`,`type_id`)
) ENGINE=InnoDB DEFAULT CHARSET=utf8 COMMENT='商品属性表' AUTO_INCREMENT=1 ;

-- --------------------------------------------------------

--
-- 表的结构 `33hao_attribute_value`
--

CREATE TABLE IF NOT EXISTS `33hao_attribute_value` (
  `attr_value_id` int(10) unsigned NOT NULL AUTO_INCREMENT COMMENT '属性值id',
  `attr_value_name` varchar(100) DEFAULT '' COMMENT '属性值名称',
  `attr_id` int(10) unsigned NOT NULL COMMENT '所属属性id',
  `type_id` int(10) unsigned NOT NULL COMMENT '类型id',
  `attr_value_sort` tinyint(1) unsigned NOT NULL COMMENT '属性值排序',
  PRIMARY KEY (`attr_value_id`)
) ENGINE=InnoDB DEFAULT CHARSET=utf8 COMMENT='商品属性值表' AUTO_INCREMENT=1 ;

-- --------------------------------------------------------

--
-- 表的结构 `33hao_bill_create`
--

CREATE TABLE IF NOT EXISTS `33hao_bill_create` (
  `id` int(11) NOT NULL AUTO_INCREMENT,
  `store_id` int(11) DEFAULT '0',
  `os_month` int(11) DEFAULT '0',
  `os_type` int(11) DEFAULT '0' COMMENT '0实物1虚拟',
  PRIMARY KEY (`id`)
) ENGINE=InnoDB  DEFAULT CHARSET=utf8 COMMENT='结算生成辅助表' AUTO_INCREMENT=1407 ;

--
-- 转存表中的数据 `33hao_bill_create`
--

INSERT INTO `33hao_bill_create` (`id`, `store_id`, `os_month`, `os_type`) VALUES
(1, NULL, 201704, 0),
(2, NULL, 201703, 0),
(3, NULL, 201702, 0),
(4, NULL, 201701, 0),
(5, NULL, 201612, 0),
(6, NULL, 201611, 0),
(7, NULL, 201610, 0),
(8, NULL, 201609, 0),
(9, NULL, 201608, 0),
(10, NULL, 201607, 0),
(11, NULL, 201606, 0),
(12, NULL, 201605, 0),
(13, NULL, 201604, 0),
(14, NULL, 201603, 0),
(15, NULL, 201602, 0),
(16, NULL, 201601, 0),
(17, NULL, 201512, 0),
(18, NULL, 201511, 0),
(19, NULL, 201510, 0),
(20, NULL, 201509, 0),
(21, NULL, 201508, 0),
(22, NULL, 201507, 0),
(23, NULL, 201506, 0),
(24, NULL, 201505, 0),
(25, NULL, 201504, 0),
(26, NULL, 201503, 0),
(27, NULL, 201502, 0),
(28, NULL, 201501, 0),
(29, NULL, 201412, 0),
(30, NULL, 201411, 0),
(31, NULL, 201410, 0),
(32, NULL, 201409, 0),
(33, NULL, 201408, 0),
(34, NULL, 201407, 0),
(35, NULL, 201406, 0),
(36, NULL, 201405, 0),
(37, NULL, 201404, 0),
(38, NULL, 201403, 0),
(39, NULL, 201402, 0),
(40, NULL, 201401, 0),
(41, NULL, 201312, 0),
(42, NULL, 201311, 0),
(43, NULL, 201310, 0),
(44, NULL, 201309, 0),
(45, NULL, 201308, 0),
(46, NULL, 201307, 0),
(47, NULL, 201306, 0),
(48, NULL, 201305, 0),
(49, NULL, 201304, 0),
(50, NULL, 201303, 0),
(51, NULL, 201302, 0),
(52, NULL, 201301, 0),
(53, NULL, 201212, 0),
(54, NULL, 201211, 0),
(55, NULL, 201210, 0),
(56, NULL, 201209, 0),
(57, NULL, 201208, 0),
(58, NULL, 201207, 0),
(59, NULL, 201206, 0),
(60, NULL, 201205, 0),
(61, NULL, 201204, 0),
(62, NULL, 201203, 0),
(63, NULL, 201202, 0),
(64, NULL, 201201, 0),
(65, NULL, 201112, 0),
(66, NULL, 201111, 0),
(67, NULL, 201110, 0),
(68, NULL, 201109, 0),
(69, NULL, 201108, 0),
(70, NULL, 201107, 0),
(71, NULL, 201106, 0),
(72, NULL, 201105, 0),
(73, NULL, 201104, 0),
(74, NULL, 201103, 0),
(75, NULL, 201102, 0),
(76, NULL, 201101, 0),
(77, NULL, 201012, 0),
(78, NULL, 201011, 0),
(79, NULL, 201010, 0),
(80, NULL, 201009, 0),
(81, NULL, 201008, 0),
(82, NULL, 201007, 0),
(83, NULL, 201006, 0),
(84, NULL, 201005, 0),
(85, NULL, 201004, 0),
(86, NULL, 201003, 0),
(87, NULL, 201002, 0),
(88, NULL, 201001, 0),
(89, NULL, 200912, 0),
(90, NULL, 200911, 0),
(91, NULL, 200910, 0),
(92, NULL, 200909, 0),
(93, NULL, 200908, 0),
(94, NULL, 200907, 0),
(95, NULL, 200906, 0),
(96, NULL, 200905, 0),
(97, NULL, 200904, 0),
(98, NULL, 200903, 0),
(99, NULL, 200902, 0),
(100, NULL, 200901, 0),
(101, NULL, 200812, 0),
(102, NULL, 200811, 0),
(103, NULL, 200810, 0),
(104, NULL, 200809, 0),
(105, NULL, 200808, 0),
(106, NULL, 200807, 0),
(107, NULL, 200806, 0),
(108, NULL, 200805, 0),
(109, NULL, 200804, 0),
(110, NULL, 200803, 0),
(111, NULL, 200802, 0),
(112, NULL, 200801, 0),
(113, NULL, 200712, 0),
(114, NULL, 200711, 0),
(115, NULL, 200710, 0),
(116, NULL, 200709, 0),
(117, NULL, 200708, 0),
(118, NULL, 200707, 0),
(119, NULL, 200706, 0),
(120, NULL, 200705, 0),
(121, NULL, 200704, 0),
(122, NULL, 200703, 0),
(123, NULL, 200702, 0),
(124, NULL, 200701, 0),
(125, NULL, 200612, 0),
(126, NULL, 200611, 0),
(127, NULL, 200610, 0),
(128, NULL, 200609, 0),
(129, NULL, 200608, 0),
(130, NULL, 200607, 0),
(131, NULL, 200606, 0),
(132, NULL, 200605, 0),
(133, NULL, 200604, 0),
(134, NULL, 200603, 0),
(135, NULL, 200602, 0),
(136, NULL, 200601, 0),
(137, NULL, 200512, 0),
(138, NULL, 200511, 0),
(139, NULL, 200510, 0),
(140, NULL, 200509, 0),
(141, NULL, 200508, 0),
(142, NULL, 200507, 0),
(143, NULL, 200506, 0),
(144, NULL, 200505, 0),
(145, NULL, 200504, 0),
(146, NULL, 200503, 0),
(147, NULL, 200502, 0),
(148, NULL, 200501, 0),
(149, NULL, 200412, 0),
(150, NULL, 200411, 0),
(151, NULL, 200410, 0),
(152, NULL, 200409, 0),
(153, NULL, 200408, 0),
(154, NULL, 200407, 0),
(155, NULL, 200406, 0),
(156, NULL, 200405, 0),
(157, NULL, 200404, 0),
(158, NULL, 200403, 0),
(159, NULL, 200402, 0),
(160, NULL, 200401, 0),
(161, NULL, 200312, 0),
(162, NULL, 200311, 0),
(163, NULL, 200310, 0),
(164, NULL, 200309, 0),
(165, NULL, 200308, 0),
(166, NULL, 200307, 0),
(167, NULL, 200306, 0),
(168, NULL, 200305, 0),
(169, NULL, 200304, 0),
(170, NULL, 200303, 0),
(171, NULL, 200302, 0),
(172, NULL, 200301, 0),
(173, NULL, 200212, 0),
(174, NULL, 200211, 0),
(175, NULL, 200210, 0),
(176, NULL, 200209, 0),
(177, NULL, 200208, 0),
(178, NULL, 200207, 0),
(179, NULL, 200206, 0),
(180, NULL, 200205, 0),
(181, NULL, 200204, 0),
(182, NULL, 200203, 0),
(183, NULL, 200202, 0),
(184, NULL, 200201, 0),
(185, NULL, 200112, 0),
(186, NULL, 200111, 0),
(187, NULL, 200110, 0),
(188, NULL, 200109, 0),
(189, NULL, 200108, 0),
(190, NULL, 200107, 0),
(191, NULL, 200106, 0),
(192, NULL, 200105, 0),
(193, NULL, 200104, 0),
(194, NULL, 200103, 0),
(195, NULL, 200102, 0),
(196, NULL, 200101, 0),
(197, NULL, 200012, 0),
(198, NULL, 200011, 0),
(199, NULL, 200010, 0),
(200, NULL, 200009, 0),
(201, NULL, 200008, 0),
(202, NULL, 200007, 0),
(203, NULL, 200006, 0),
(204, NULL, 200005, 0),
(205, NULL, 200004, 0),
(206, NULL, 200003, 0),
(207, NULL, 200002, 0),
(208, NULL, 200001, 0),
(209, NULL, 199912, 0),
(210, NULL, 199911, 0),
(211, NULL, 199910, 0),
(212, NULL, 199909, 0),
(213, NULL, 199908, 0),
(214, NULL, 199907, 0),
(215, NULL, 199906, 0),
(216, NULL, 199905, 0),
(217, NULL, 199904, 0),
(218, NULL, 199903, 0),
(219, NULL, 199902, 0),
(220, NULL, 199901, 0),
(221, NULL, 199812, 0),
(222, NULL, 199811, 0),
(223, NULL, 199810, 0),
(224, NULL, 199809, 0),
(225, NULL, 199808, 0),
(226, NULL, 199807, 0),
(227, NULL, 199806, 0),
(228, NULL, 199805, 0),
(229, NULL, 199804, 0),
(230, NULL, 199803, 0),
(231, NULL, 199802, 0),
(232, NULL, 199801, 0),
(233, NULL, 199712, 0),
(234, NULL, 199711, 0),
(235, NULL, 199710, 0),
(236, NULL, 199709, 0),
(237, NULL, 199708, 0),
(238, NULL, 199707, 0),
(239, NULL, 199706, 0),
(240, NULL, 199705, 0),
(241, NULL, 199704, 0),
(242, NULL, 199703, 0),
(243, NULL, 199702, 0),
(244, NULL, 199701, 0),
(245, NULL, 199612, 0),
(246, NULL, 199611, 0),
(247, NULL, 199610, 0),
(248, NULL, 199609, 0),
(249, NULL, 199608, 0),
(250, NULL, 199607, 0),
(251, NULL, 199606, 0),
(252, NULL, 199605, 0),
(253, NULL, 199604, 0),
(254, NULL, 199603, 0),
(255, NULL, 199602, 0),
(256, NULL, 199601, 0),
(257, NULL, 199512, 0),
(258, NULL, 199511, 0),
(259, NULL, 199510, 0),
(260, NULL, 199509, 0),
(261, NULL, 199508, 0),
(262, NULL, 199507, 0),
(263, NULL, 199506, 0),
(264, NULL, 199505, 0),
(265, NULL, 199504, 0),
(266, NULL, 199503, 0),
(267, NULL, 199502, 0),
(268, NULL, 199501, 0),
(269, NULL, 199412, 0),
(270, NULL, 199411, 0),
(271, NULL, 199410, 0),
(272, NULL, 199409, 0),
(273, NULL, 199408, 0),
(274, NULL, 199407, 0),
(275, NULL, 199406, 0),
(276, NULL, 199405, 0),
(277, NULL, 199404, 0),
(278, NULL, 199403, 0),
(279, NULL, 199402, 0),
(280, NULL, 199401, 0),
(281, NULL, 199312, 0),
(282, NULL, 199311, 0),
(283, NULL, 199310, 0),
(284, NULL, 199309, 0),
(285, NULL, 199308, 0),
(286, NULL, 199307, 0),
(287, NULL, 199306, 0),
(288, NULL, 199305, 0),
(289, NULL, 199304, 0),
(290, NULL, 199303, 0),
(291, NULL, 199302, 0),
(292, NULL, 199301, 0),
(293, NULL, 199212, 0),
(294, NULL, 199211, 0),
(295, NULL, 199210, 0),
(296, NULL, 199209, 0),
(297, NULL, 199208, 0),
(298, NULL, 199207, 0),
(299, NULL, 199206, 0),
(300, NULL, 199205, 0),
(301, NULL, 199204, 0),
(302, NULL, 199203, 0),
(303, NULL, 199202, 0),
(304, NULL, 199201, 0),
(305, NULL, 199112, 0),
(306, NULL, 199111, 0),
(307, NULL, 199110, 0),
(308, NULL, 199109, 0),
(309, NULL, 199108, 0),
(310, NULL, 199107, 0),
(311, NULL, 199106, 0),
(312, NULL, 199105, 0),
(313, NULL, 199104, 0),
(314, NULL, 199103, 0),
(315, NULL, 199102, 0),
(316, NULL, 199101, 0),
(317, NULL, 199012, 0),
(318, NULL, 199011, 0),
(319, NULL, 199010, 0),
(320, NULL, 199009, 0),
(321, NULL, 199008, 0),
(322, NULL, 199007, 0),
(323, NULL, 199006, 0),
(324, NULL, 199005, 0),
(325, NULL, 199004, 0),
(326, NULL, 199003, 0),
(327, NULL, 199002, 0),
(328, NULL, 199001, 0),
(329, NULL, 198912, 0),
(330, NULL, 198911, 0),
(331, NULL, 198910, 0),
(332, NULL, 198909, 0),
(333, NULL, 198908, 0),
(334, NULL, 198907, 0),
(335, NULL, 198906, 0),
(336, NULL, 198905, 0),
(337, NULL, 198904, 0),
(338, NULL, 198903, 0),
(339, NULL, 198902, 0),
(340, NULL, 198901, 0),
(341, NULL, 198812, 0),
(342, NULL, 198811, 0),
(343, NULL, 198810, 0),
(344, NULL, 198809, 0),
(345, NULL, 198808, 0),
(346, NULL, 198807, 0),
(347, NULL, 198806, 0),
(348, NULL, 198805, 0),
(349, NULL, 198804, 0),
(350, NULL, 198803, 0),
(351, NULL, 198802, 0),
(352, NULL, 198801, 0),
(353, NULL, 198712, 0),
(354, NULL, 198711, 0),
(355, NULL, 198710, 0),
(356, NULL, 198709, 0),
(357, NULL, 198708, 0),
(358, NULL, 198707, 0),
(359, NULL, 198706, 0),
(360, NULL, 198705, 0),
(361, NULL, 198704, 0),
(362, NULL, 198703, 0),
(363, NULL, 198702, 0),
(364, NULL, 198701, 0),
(365, NULL, 198612, 0),
(366, NULL, 198611, 0),
(367, NULL, 198610, 0),
(368, NULL, 198609, 0),
(369, NULL, 198608, 0),
(370, NULL, 198607, 0),
(371, NULL, 198606, 0),
(372, NULL, 198605, 0),
(373, NULL, 198604, 0),
(374, NULL, 198603, 0),
(375, NULL, 198602, 0),
(376, NULL, 198601, 0),
(377, NULL, 198512, 0),
(378, NULL, 198511, 0),
(379, NULL, 198510, 0),
(380, NULL, 198509, 0),
(381, NULL, 198508, 0),
(382, NULL, 198507, 0),
(383, NULL, 198506, 0),
(384, NULL, 198505, 0),
(385, NULL, 198504, 0),
(386, NULL, 198503, 0),
(387, NULL, 198502, 0),
(388, NULL, 198501, 0),
(389, NULL, 198412, 0),
(390, NULL, 198411, 0),
(391, NULL, 198410, 0),
(392, NULL, 198409, 0),
(393, NULL, 198408, 0),
(394, NULL, 198407, 0),
(395, NULL, 198406, 0),
(396, NULL, 198405, 0),
(397, NULL, 198404, 0),
(398, NULL, 198403, 0),
(399, NULL, 198402, 0),
(400, NULL, 198401, 0),
(401, NULL, 198312, 0),
(402, NULL, 198311, 0),
(403, NULL, 198310, 0),
(404, NULL, 198309, 0),
(405, NULL, 198308, 0),
(406, NULL, 198307, 0),
(407, NULL, 198306, 0),
(408, NULL, 198305, 0),
(409, NULL, 198304, 0),
(410, NULL, 198303, 0),
(411, NULL, 198302, 0),
(412, NULL, 198301, 0),
(413, NULL, 198212, 0),
(414, NULL, 198211, 0),
(415, NULL, 198210, 0),
(416, NULL, 198209, 0),
(417, NULL, 198208, 0),
(418, NULL, 198207, 0),
(419, NULL, 198206, 0),
(420, NULL, 198205, 0),
(421, NULL, 198204, 0),
(422, NULL, 198203, 0),
(423, NULL, 198202, 0),
(424, NULL, 198201, 0),
(425, NULL, 198112, 0),
(426, NULL, 198111, 0),
(427, NULL, 198110, 0),
(428, NULL, 198109, 0),
(429, NULL, 198108, 0),
(430, NULL, 198107, 0),
(431, NULL, 198106, 0),
(432, NULL, 198105, 0),
(433, NULL, 198104, 0),
(434, NULL, 198103, 0),
(435, NULL, 198102, 0),
(436, NULL, 198101, 0),
(437, NULL, 198012, 0),
(438, NULL, 198011, 0),
(439, NULL, 198010, 0),
(440, NULL, 198009, 0),
(441, NULL, 198008, 0),
(442, NULL, 198007, 0),
(443, NULL, 198006, 0),
(444, NULL, 198005, 0),
(445, NULL, 198004, 0),
(446, NULL, 198003, 0),
(447, NULL, 198002, 0),
(448, NULL, 198001, 0),
(449, NULL, 197912, 0),
(450, NULL, 197911, 0),
(451, NULL, 197910, 0),
(452, NULL, 197909, 0),
(453, NULL, 197908, 0),
(454, NULL, 197907, 0),
(455, NULL, 197906, 0),
(456, NULL, 197905, 0),
(457, NULL, 197904, 0),
(458, NULL, 197903, 0),
(459, NULL, 197902, 0),
(460, NULL, 197901, 0),
(461, NULL, 197812, 0),
(462, NULL, 197811, 0),
(463, NULL, 197810, 0),
(464, NULL, 197809, 0),
(465, NULL, 197808, 0),
(466, NULL, 197807, 0),
(467, NULL, 197806, 0),
(468, NULL, 197805, 0),
(469, NULL, 197804, 0),
(470, NULL, 197803, 0),
(471, NULL, 197802, 0),
(472, NULL, 197801, 0),
(473, NULL, 197712, 0),
(474, NULL, 197711, 0),
(475, NULL, 197710, 0),
(476, NULL, 197709, 0),
(477, NULL, 197708, 0),
(478, NULL, 197707, 0),
(479, NULL, 197706, 0),
(480, NULL, 197705, 0),
(481, NULL, 197704, 0),
(482, NULL, 197703, 0),
(483, NULL, 197702, 0),
(484, NULL, 197701, 0),
(485, NULL, 197612, 0),
(486, NULL, 197611, 0),
(487, NULL, 197610, 0),
(488, NULL, 197609, 0),
(489, NULL, 197608, 0),
(490, NULL, 197607, 0),
(491, NULL, 197606, 0),
(492, NULL, 197605, 0),
(493, NULL, 197604, 0),
(494, NULL, 197603, 0),
(495, NULL, 197602, 0),
(496, NULL, 197601, 0),
(497, NULL, 197512, 0),
(498, NULL, 197511, 0),
(499, NULL, 197510, 0),
(500, NULL, 197509, 0),
(501, NULL, 197508, 0),
(502, NULL, 197507, 0),
(503, NULL, 197506, 0),
(504, NULL, 197505, 0),
(505, NULL, 197504, 0),
(506, NULL, 197503, 0),
(507, NULL, 197502, 0),
(508, NULL, 197501, 0),
(509, NULL, 197412, 0),
(510, NULL, 197411, 0),
(511, NULL, 197410, 0),
(512, NULL, 197409, 0),
(513, NULL, 197408, 0),
(514, NULL, 197407, 0),
(515, NULL, 197406, 0),
(516, NULL, 197405, 0),
(517, NULL, 197404, 0),
(518, NULL, 197403, 0),
(519, NULL, 197402, 0),
(520, NULL, 197401, 0),
(521, NULL, 197312, 0),
(522, NULL, 197311, 0),
(523, NULL, 197310, 0),
(524, NULL, 197309, 0),
(525, NULL, 197308, 0),
(526, NULL, 197307, 0),
(527, NULL, 197306, 0),
(528, NULL, 197305, 0),
(529, NULL, 197304, 0),
(530, NULL, 197303, 0),
(531, NULL, 197302, 0),
(532, NULL, 197301, 0),
(533, NULL, 197212, 0),
(534, NULL, 197211, 0),
(535, NULL, 197210, 0),
(536, NULL, 197209, 0),
(537, NULL, 197208, 0),
(538, NULL, 197207, 0),
(539, NULL, 197206, 0),
(540, NULL, 197205, 0),
(541, NULL, 197204, 0),
(542, NULL, 197203, 0),
(543, NULL, 197202, 0),
(544, NULL, 197201, 0),
(545, NULL, 197112, 0),
(546, NULL, 197111, 0),
(547, NULL, 197110, 0),
(548, NULL, 197109, 0),
(549, NULL, 197108, 0),
(550, NULL, 197107, 0),
(551, NULL, 197106, 0),
(552, NULL, 197105, 0),
(553, NULL, 197104, 0),
(554, NULL, 197103, 0),
(555, NULL, 197102, 0),
(556, NULL, 197101, 0),
(557, NULL, 197012, 0),
(558, NULL, 197011, 0),
(559, NULL, 197010, 0),
(560, NULL, 197009, 0),
(561, NULL, 197008, 0),
(562, NULL, 197007, 0),
(563, NULL, 197006, 0),
(564, NULL, 197005, 0),
(565, NULL, 197004, 0),
(566, NULL, 197003, 0),
(567, NULL, 197002, 0),
(568, NULL, 197001, 0),
(569, NULL, 201704, 0),
(570, NULL, 201703, 0),
(571, NULL, 201702, 0),
(572, NULL, 201701, 0),
(573, NULL, 201612, 0),
(574, NULL, 201611, 0),
(575, NULL, 201610, 0),
(576, NULL, 201609, 0),
(577, NULL, 201608, 0),
(578, NULL, 201607, 0),
(579, NULL, 201606, 0),
(580, NULL, 201605, 0),
(581, NULL, 201604, 0),
(582, NULL, 201603, 0),
(583, NULL, 201602, 0),
(584, NULL, 201601, 0),
(585, NULL, 201512, 0),
(586, NULL, 201511, 0),
(587, NULL, 201510, 0),
(588, NULL, 201509, 0),
(589, NULL, 201508, 0),
(590, NULL, 201507, 0),
(591, NULL, 201506, 0),
(592, NULL, 201505, 0),
(593, NULL, 201504, 0),
(594, NULL, 201503, 0),
(595, NULL, 201502, 0),
(596, NULL, 201501, 0),
(597, NULL, 201412, 0),
(598, NULL, 201411, 0),
(599, NULL, 201410, 0),
(600, NULL, 201409, 0),
(601, NULL, 201408, 0),
(602, NULL, 201407, 0),
(603, NULL, 201406, 0),
(604, NULL, 201405, 0),
(605, NULL, 201404, 0),
(606, NULL, 201403, 0),
(607, NULL, 201402, 0),
(608, NULL, 201401, 0),
(609, NULL, 201312, 0),
(610, NULL, 201311, 0),
(611, NULL, 201310, 0),
(612, NULL, 201309, 0),
(613, NULL, 201308, 0),
(614, NULL, 201307, 0),
(615, NULL, 201306, 0),
(616, NULL, 201305, 0),
(617, NULL, 201304, 0),
(618, NULL, 201303, 0),
(619, NULL, 201302, 0),
(620, NULL, 201301, 0),
(621, NULL, 201212, 0),
(622, NULL, 201211, 0),
(623, NULL, 201210, 0),
(624, NULL, 201209, 0),
(625, NULL, 201208, 0),
(626, NULL, 201207, 0),
(627, NULL, 201206, 0),
(628, NULL, 201205, 0),
(629, NULL, 201204, 0),
(630, NULL, 201203, 0),
(631, NULL, 201202, 0),
(632, NULL, 201201, 0),
(633, NULL, 201112, 0),
(634, NULL, 201111, 0),
(635, NULL, 201110, 0),
(636, NULL, 201109, 0),
(637, NULL, 201108, 0),
(638, NULL, 201107, 0),
(639, NULL, 201106, 0),
(640, NULL, 201105, 0),
(641, NULL, 201104, 0),
(642, NULL, 201103, 0),
(643, NULL, 201102, 0),
(644, NULL, 201101, 0),
(645, NULL, 201012, 0),
(646, NULL, 201011, 0),
(647, NULL, 201010, 0),
(648, NULL, 201009, 0),
(649, NULL, 201008, 0),
(650, NULL, 201007, 0),
(651, NULL, 201006, 0),
(652, NULL, 201005, 0),
(653, NULL, 201004, 0),
(654, NULL, 201003, 0),
(655, NULL, 201002, 0),
(656, NULL, 201001, 0),
(657, NULL, 200912, 0),
(658, NULL, 200911, 0),
(659, NULL, 200910, 0),
(660, NULL, 200909, 0),
(661, NULL, 200908, 0),
(662, NULL, 200907, 0),
(663, NULL, 200906, 0),
(664, NULL, 200905, 0),
(665, NULL, 200904, 0),
(666, NULL, 200903, 0),
(667, NULL, 200902, 0),
(668, NULL, 200901, 0),
(669, NULL, 200812, 0),
(670, NULL, 200811, 0),
(671, NULL, 200810, 0),
(672, NULL, 200809, 0),
(673, NULL, 200808, 0),
(674, NULL, 200807, 0),
(675, NULL, 200806, 0),
(676, NULL, 200805, 0),
(677, NULL, 200804, 0),
(678, NULL, 200803, 0),
(679, NULL, 200802, 0),
(680, NULL, 200801, 0),
(681, NULL, 200712, 0),
(682, NULL, 200711, 0),
(683, NULL, 200710, 0),
(684, NULL, 200709, 0),
(685, NULL, 200708, 0),
(686, NULL, 200707, 0),
(687, NULL, 200706, 0),
(688, NULL, 200705, 0),
(689, NULL, 200704, 0),
(690, NULL, 200703, 0),
(691, NULL, 200702, 0),
(692, NULL, 200701, 0),
(693, NULL, 200612, 0),
(694, NULL, 200611, 0),
(695, NULL, 200610, 0),
(696, NULL, 200609, 0),
(697, NULL, 200608, 0),
(698, NULL, 200607, 0),
(699, NULL, 200606, 0),
(700, NULL, 200605, 0),
(701, NULL, 200604, 0),
(702, NULL, 200603, 0),
(703, NULL, 200602, 0),
(704, NULL, 200601, 0),
(705, NULL, 200512, 0),
(706, NULL, 200511, 0),
(707, NULL, 200510, 0),
(708, NULL, 200509, 0),
(709, NULL, 200508, 0),
(710, NULL, 200507, 0),
(711, NULL, 200506, 0),
(712, NULL, 200505, 0),
(713, NULL, 200504, 0),
(714, NULL, 200503, 0),
(715, NULL, 200502, 0),
(716, NULL, 200501, 0),
(717, NULL, 200412, 0),
(718, NULL, 200411, 0),
(719, NULL, 200410, 0),
(720, NULL, 200409, 0),
(721, NULL, 200408, 0),
(722, NULL, 200407, 0),
(723, NULL, 200406, 0),
(724, NULL, 200405, 0),
(725, NULL, 200404, 0),
(726, NULL, 200403, 0),
(727, NULL, 200402, 0),
(728, NULL, 200401, 0),
(729, NULL, 200312, 0),
(730, NULL, 200311, 0),
(731, NULL, 200310, 0),
(732, NULL, 200309, 0),
(733, NULL, 200308, 0),
(734, NULL, 200307, 0),
(735, NULL, 200306, 0),
(736, NULL, 200305, 0),
(737, NULL, 200304, 0),
(738, NULL, 200303, 0),
(739, NULL, 200302, 0),
(740, NULL, 200301, 0),
(741, NULL, 200212, 0),
(742, NULL, 200211, 0),
(743, NULL, 200210, 0),
(744, NULL, 200209, 0),
(745, NULL, 200208, 0),
(746, NULL, 200207, 0),
(747, NULL, 200206, 0),
(748, NULL, 200205, 0),
(749, NULL, 200204, 0),
(750, NULL, 200203, 0),
(751, NULL, 200202, 0),
(752, NULL, 200201, 0),
(753, NULL, 200112, 0),
(754, NULL, 200111, 0),
(755, NULL, 200110, 0),
(756, NULL, 200109, 0),
(757, NULL, 200108, 0),
(758, NULL, 200107, 0),
(759, NULL, 200106, 0),
(760, NULL, 200105, 0),
(761, NULL, 200104, 0),
(762, NULL, 200103, 0),
(763, NULL, 200102, 0),
(764, NULL, 200101, 0),
(765, NULL, 200012, 0),
(766, NULL, 200011, 0),
(767, NULL, 200010, 0),
(768, NULL, 200009, 0),
(769, NULL, 200008, 0),
(770, NULL, 200007, 0),
(771, NULL, 200006, 0),
(772, NULL, 200005, 0),
(773, NULL, 200004, 0),
(774, NULL, 200003, 0),
(775, NULL, 200002, 0),
(776, NULL, 200001, 0),
(777, NULL, 199912, 0),
(778, NULL, 199911, 0),
(779, NULL, 199910, 0),
(780, NULL, 199909, 0),
(781, NULL, 199908, 0),
(782, NULL, 199907, 0),
(783, NULL, 199906, 0),
(784, NULL, 199905, 0),
(785, NULL, 199904, 0),
(786, NULL, 199903, 0),
(787, NULL, 199902, 0),
(788, NULL, 199901, 0),
(789, NULL, 199812, 0),
(790, NULL, 199811, 0),
(791, NULL, 199810, 0),
(792, NULL, 199809, 0),
(793, NULL, 199808, 0),
(794, NULL, 199807, 0),
(795, NULL, 199806, 0),
(796, NULL, 199805, 0),
(797, NULL, 199804, 0),
(798, NULL, 199803, 0),
(799, NULL, 199802, 0),
(800, NULL, 199801, 0),
(801, NULL, 199712, 0),
(802, NULL, 199711, 0),
(803, NULL, 199710, 0),
(804, NULL, 199709, 0),
(805, NULL, 199708, 0),
(806, NULL, 199707, 0),
(807, NULL, 199706, 0),
(808, NULL, 199705, 0),
(809, NULL, 199704, 0),
(810, NULL, 199703, 0),
(811, NULL, 199702, 0),
(812, NULL, 199701, 0),
(813, NULL, 199612, 0),
(814, NULL, 199611, 0),
(815, NULL, 199610, 0),
(816, NULL, 199609, 0),
(817, NULL, 199608, 0),
(818, NULL, 199607, 0),
(819, NULL, 199606, 0),
(820, NULL, 199605, 0),
(821, NULL, 199604, 0),
(822, NULL, 199603, 0),
(823, NULL, 199602, 0),
(824, NULL, 199601, 0),
(825, NULL, 199512, 0),
(826, NULL, 199511, 0),
(827, NULL, 199510, 0),
(828, NULL, 199509, 0),
(829, NULL, 199508, 0),
(830, NULL, 199507, 0),
(831, NULL, 199506, 0),
(832, NULL, 199505, 0),
(833, NULL, 199504, 0),
(834, NULL, 199503, 0),
(835, NULL, 199502, 0),
(836, NULL, 199501, 0),
(837, NULL, 199412, 0),
(838, NULL, 199411, 0),
(839, NULL, 199410, 0),
(840, NULL, 199409, 0),
(841, NULL, 199408, 0),
(842, NULL, 199407, 0),
(843, NULL, 199406, 0),
(844, NULL, 199405, 0),
(845, NULL, 199404, 0),
(846, NULL, 199403, 0),
(847, NULL, 199402, 0),
(848, NULL, 199401, 0),
(849, NULL, 199312, 0),
(850, NULL, 199311, 0),
(851, NULL, 199310, 0),
(852, NULL, 199309, 0),
(853, NULL, 199308, 0),
(854, NULL, 199307, 0),
(855, NULL, 199306, 0),
(856, NULL, 199305, 0),
(857, NULL, 199304, 0),
(858, NULL, 199303, 0),
(859, NULL, 199302, 0),
(860, NULL, 199301, 0),
(861, NULL, 199212, 0),
(862, NULL, 199211, 0),
(863, NULL, 199210, 0),
(864, NULL, 199209, 0),
(865, NULL, 199208, 0),
(866, NULL, 199207, 0),
(867, NULL, 199206, 0),
(868, NULL, 199205, 0),
(869, NULL, 199204, 0),
(870, NULL, 199203, 0),
(871, NULL, 199202, 0),
(872, NULL, 199201, 0),
(873, NULL, 199112, 0),
(874, NULL, 199111, 0),
(875, NULL, 199110, 0),
(876, NULL, 199109, 0),
(877, NULL, 199108, 0),
(878, NULL, 199107, 0),
(879, NULL, 199106, 0),
(880, NULL, 199105, 0),
(881, NULL, 199104, 0),
(882, NULL, 199103, 0),
(883, NULL, 199102, 0),
(884, NULL, 199101, 0),
(885, NULL, 199012, 0),
(886, NULL, 199011, 0),
(887, NULL, 199010, 0),
(888, NULL, 199009, 0),
(889, NULL, 199008, 0),
(890, NULL, 199007, 0),
(891, NULL, 199006, 0),
(892, NULL, 199005, 0),
(893, NULL, 199004, 0),
(894, NULL, 199003, 0),
(895, NULL, 199002, 0),
(896, NULL, 199001, 0),
(897, NULL, 198912, 0),
(898, NULL, 198911, 0),
(899, NULL, 198910, 0),
(900, NULL, 198909, 0),
(901, NULL, 198908, 0),
(902, NULL, 198907, 0),
(903, NULL, 198906, 0),
(904, NULL, 198905, 0),
(905, NULL, 198904, 0),
(906, NULL, 198903, 0),
(907, NULL, 198902, 0),
(908, NULL, 198901, 0),
(909, NULL, 198812, 0),
(910, NULL, 198811, 0),
(911, NULL, 198810, 0),
(912, NULL, 198809, 0),
(913, NULL, 198808, 0),
(914, NULL, 198807, 0),
(915, NULL, 198806, 0),
(916, NULL, 198805, 0),
(917, NULL, 198804, 0),
(918, NULL, 198803, 0),
(919, NULL, 198802, 0),
(920, NULL, 198801, 0),
(921, NULL, 198712, 0),
(922, NULL, 198711, 0),
(923, NULL, 198710, 0),
(924, NULL, 198709, 0),
(925, NULL, 198708, 0),
(926, NULL, 198707, 0),
(927, NULL, 198706, 0),
(928, NULL, 198705, 0),
(929, NULL, 198704, 0),
(930, NULL, 198703, 0),
(931, NULL, 198702, 0),
(932, NULL, 198701, 0),
(933, NULL, 198612, 0),
(934, NULL, 198611, 0),
(935, NULL, 198610, 0),
(936, NULL, 198609, 0),
(937, NULL, 198608, 0),
(938, NULL, 198607, 0),
(939, NULL, 198606, 0),
(940, NULL, 198605, 0),
(941, NULL, 198604, 0),
(942, NULL, 198603, 0),
(943, NULL, 198602, 0),
(944, NULL, 198601, 0),
(945, NULL, 198512, 0),
(946, NULL, 198511, 0),
(947, NULL, 198510, 0),
(948, NULL, 198509, 0),
(949, NULL, 198508, 0),
(950, NULL, 198507, 0),
(951, NULL, 198506, 0),
(952, NULL, 198505, 0),
(953, NULL, 198504, 0),
(954, NULL, 198503, 0),
(955, NULL, 198502, 0),
(956, NULL, 198501, 0),
(957, NULL, 198412, 0),
(958, NULL, 198411, 0),
(959, NULL, 198410, 0),
(960, NULL, 198409, 0),
(961, NULL, 198408, 0),
(962, NULL, 198407, 0),
(963, NULL, 198406, 0),
(964, NULL, 198405, 0),
(965, NULL, 198404, 0),
(966, NULL, 198403, 0),
(967, NULL, 198402, 0),
(968, NULL, 198401, 0),
(969, NULL, 198312, 0),
(970, NULL, 198311, 0),
(971, NULL, 198310, 0),
(972, NULL, 198309, 0),
(973, NULL, 198308, 0),
(974, NULL, 198307, 0),
(975, NULL, 198306, 0),
(976, NULL, 198305, 0),
(977, NULL, 198304, 0),
(978, NULL, 198303, 0),
(979, NULL, 198302, 0),
(980, NULL, 198301, 0),
(981, NULL, 198212, 0),
(982, NULL, 198211, 0),
(983, NULL, 198210, 0),
(984, NULL, 198209, 0),
(985, NULL, 198208, 0),
(986, NULL, 198207, 0),
(987, NULL, 198206, 0),
(988, NULL, 198205, 0),
(989, NULL, 198204, 0),
(990, NULL, 198203, 0),
(991, NULL, 198202, 0),
(992, NULL, 198201, 0),
(993, NULL, 198112, 0),
(994, NULL, 198111, 0),
(995, NULL, 198110, 0),
(996, NULL, 198109, 0),
(997, NULL, 198108, 0),
(998, NULL, 198107, 0),
(999, NULL, 198106, 0),
(1000, NULL, 198105, 0),
(1001, NULL, 198104, 0),
(1002, NULL, 198103, 0),
(1003, NULL, 198102, 0),
(1004, NULL, 198101, 0),
(1005, NULL, 198012, 0),
(1006, NULL, 198011, 0),
(1007, NULL, 198010, 0),
(1008, NULL, 198009, 0),
(1009, NULL, 198008, 0),
(1010, NULL, 198007, 0),
(1011, NULL, 198006, 0),
(1012, NULL, 198005, 0),
(1013, NULL, 198004, 0),
(1014, NULL, 198003, 0),
(1015, NULL, 198002, 0),
(1016, NULL, 198001, 0),
(1017, NULL, 197912, 0),
(1018, NULL, 197911, 0),
(1019, NULL, 197910, 0),
(1020, NULL, 197909, 0),
(1021, NULL, 197908, 0),
(1022, NULL, 197907, 0),
(1023, NULL, 197906, 0),
(1024, NULL, 197905, 0),
(1025, NULL, 197904, 0),
(1026, NULL, 197903, 0),
(1027, NULL, 197902, 0),
(1028, NULL, 197901, 0),
(1029, NULL, 197812, 0),
(1030, NULL, 197811, 0),
(1031, NULL, 197810, 0),
(1032, NULL, 197809, 0),
(1033, NULL, 197808, 0),
(1034, NULL, 197807, 0),
(1035, NULL, 197806, 0),
(1036, NULL, 197805, 0),
(1037, NULL, 197804, 0),
(1038, NULL, 197803, 0),
(1039, NULL, 197802, 0),
(1040, NULL, 197801, 0),
(1041, NULL, 197712, 0),
(1042, NULL, 197711, 0),
(1043, NULL, 197710, 0),
(1044, NULL, 197709, 0),
(1045, NULL, 197708, 0),
(1046, NULL, 197707, 0),
(1047, NULL, 197706, 0),
(1048, NULL, 197705, 0),
(1049, NULL, 197704, 0),
(1050, NULL, 197703, 0),
(1051, NULL, 197702, 0),
(1052, NULL, 197701, 0),
(1053, NULL, 197612, 0),
(1054, NULL, 197611, 0),
(1055, NULL, 197610, 0),
(1056, NULL, 197609, 0),
(1057, NULL, 197608, 0),
(1058, NULL, 197607, 0),
(1059, NULL, 197606, 0),
(1060, NULL, 197605, 0),
(1061, NULL, 197604, 0),
(1062, NULL, 197603, 0),
(1063, NULL, 197602, 0),
(1064, NULL, 197601, 0),
(1065, NULL, 197512, 0),
(1066, NULL, 197511, 0),
(1067, NULL, 197510, 0),
(1068, NULL, 197509, 0),
(1069, NULL, 197508, 0),
(1070, NULL, 197507, 0),
(1071, NULL, 197506, 0),
(1072, NULL, 197505, 0),
(1073, NULL, 197504, 0),
(1074, NULL, 197503, 0),
(1075, NULL, 197502, 0),
(1076, NULL, 197501, 0),
(1077, NULL, 197412, 0),
(1078, NULL, 197411, 0),
(1079, NULL, 197410, 0),
(1080, NULL, 197409, 0),
(1081, NULL, 197408, 0),
(1082, NULL, 197407, 0),
(1083, NULL, 197406, 0),
(1084, NULL, 197405, 0),
(1085, NULL, 197404, 0),
(1086, NULL, 197403, 0),
(1087, NULL, 197402, 0),
(1088, NULL, 197401, 0),
(1089, NULL, 197312, 0),
(1090, NULL, 197311, 0),
(1091, NULL, 197310, 0),
(1092, NULL, 197309, 0),
(1093, NULL, 197308, 0),
(1094, NULL, 197307, 0),
(1095, NULL, 197306, 0),
(1096, NULL, 197305, 0),
(1097, NULL, 197304, 0),
(1098, NULL, 197303, 0),
(1099, NULL, 197302, 0),
(1100, NULL, 197301, 0),
(1101, NULL, 197212, 0),
(1102, NULL, 197211, 0),
(1103, NULL, 197210, 0),
(1104, NULL, 197209, 0),
(1105, NULL, 197208, 0),
(1106, NULL, 197207, 0),
(1107, NULL, 197206, 0),
(1108, NULL, 197205, 0),
(1109, NULL, 197204, 0),
(1110, NULL, 197203, 0),
(1111, NULL, 197202, 0),
(1112, NULL, 197201, 0),
(1113, NULL, 197112, 0),
(1114, NULL, 197111, 0),
(1115, NULL, 197110, 0),
(1116, NULL, 197109, 0),
(1117, NULL, 197108, 0),
(1118, NULL, 197107, 0),
(1119, NULL, 197106, 0),
(1120, NULL, 197105, 0),
(1121, NULL, 197104, 0),
(1122, NULL, 197103, 0),
(1123, NULL, 197102, 0),
(1124, NULL, 197101, 0),
(1125, NULL, 197012, 0),
(1126, NULL, 197011, 0),
(1127, NULL, 197010, 0),
(1128, NULL, 197009, 0),
(1129, NULL, 197008, 0),
(1130, NULL, 197007, 0),
(1131, NULL, 197006, 0),
(1132, NULL, 197005, 0),
(1133, NULL, 197004, 0),
(1134, NULL, 197003, 0),
(1135, NULL, 197002, 0),
(1136, NULL, 197001, 0),
(1137, NULL, 201704, 0),
(1138, NULL, 201703, 0),
(1139, NULL, 201702, 0),
(1140, NULL, 201701, 0),
(1141, NULL, 201612, 0),
(1142, NULL, 201611, 0),
(1143, NULL, 201610, 0),
(1144, NULL, 201609, 0),
(1145, NULL, 201608, 0),
(1146, NULL, 201607, 0),
(1147, NULL, 201606, 0),
(1148, NULL, 201605, 0),
(1149, NULL, 201604, 0),
(1150, NULL, 201603, 0),
(1151, NULL, 201602, 0),
(1152, NULL, 201601, 0),
(1153, NULL, 201512, 0),
(1154, NULL, 201511, 0),
(1155, NULL, 201510, 0),
(1156, NULL, 201509, 0),
(1157, NULL, 201508, 0),
(1158, NULL, 201507, 0),
(1159, NULL, 201506, 0),
(1160, NULL, 201505, 0),
(1161, NULL, 201504, 0),
(1162, NULL, 201503, 0),
(1163, NULL, 201502, 0),
(1164, NULL, 201501, 0),
(1165, NULL, 201412, 0),
(1166, NULL, 201411, 0),
(1167, NULL, 201410, 0),
(1168, NULL, 201409, 0),
(1169, NULL, 201408, 0),
(1170, NULL, 201407, 0),
(1171, NULL, 201406, 0),
(1172, NULL, 201405, 0),
(1173, NULL, 201404, 0),
(1174, NULL, 201403, 0),
(1175, NULL, 201402, 0),
(1176, NULL, 201401, 0),
(1177, NULL, 201312, 0),
(1178, NULL, 201311, 0),
(1179, NULL, 201310, 0),
(1180, NULL, 201309, 0),
(1181, NULL, 201308, 0),
(1182, NULL, 201307, 0),
(1183, NULL, 201306, 0),
(1184, NULL, 201305, 0),
(1185, NULL, 201304, 0),
(1186, NULL, 201303, 0),
(1187, NULL, 201302, 0),
(1188, NULL, 201301, 0),
(1189, NULL, 201212, 0),
(1190, NULL, 201211, 0),
(1191, NULL, 201210, 0),
(1192, NULL, 201209, 0),
(1193, NULL, 201208, 0),
(1194, NULL, 201207, 0),
(1195, NULL, 201206, 0),
(1196, NULL, 201205, 0),
(1197, NULL, 201204, 0),
(1198, NULL, 201203, 0),
(1199, NULL, 201202, 0),
(1200, NULL, 201201, 0),
(1201, NULL, 201112, 0),
(1202, NULL, 201111, 0),
(1203, NULL, 201110, 0),
(1204, NULL, 201109, 0),
(1205, NULL, 201108, 0),
(1206, NULL, 201107, 0),
(1207, NULL, 201106, 0),
(1208, NULL, 201105, 0),
(1209, NULL, 201104, 0),
(1210, NULL, 201103, 0),
(1211, NULL, 201102, 0),
(1212, NULL, 201101, 0),
(1213, NULL, 201012, 0),
(1214, NULL, 201011, 0),
(1215, NULL, 201010, 0),
(1216, NULL, 201009, 0),
(1217, NULL, 201008, 0),
(1218, NULL, 201007, 0),
(1219, NULL, 201006, 0),
(1220, NULL, 201005, 0),
(1221, NULL, 201004, 0),
(1222, NULL, 201003, 0),
(1223, NULL, 201002, 0),
(1224, NULL, 201001, 0),
(1225, NULL, 200912, 0),
(1226, NULL, 200911, 0),
(1227, NULL, 200910, 0),
(1228, NULL, 200909, 0),
(1229, NULL, 200908, 0),
(1230, NULL, 200907, 0),
(1231, NULL, 200906, 0),
(1232, NULL, 200905, 0),
(1233, NULL, 200904, 0),
(1234, NULL, 200903, 0),
(1235, NULL, 200902, 0),
(1236, NULL, 200901, 0),
(1237, NULL, 200812, 0),
(1238, NULL, 200811, 0),
(1239, NULL, 200810, 0),
(1240, NULL, 200809, 0),
(1241, NULL, 200808, 0),
(1242, NULL, 200807, 0),
(1243, NULL, 200806, 0),
(1244, NULL, 200805, 0),
(1245, NULL, 200804, 0),
(1246, NULL, 200803, 0),
(1247, NULL, 200802, 0),
(1248, NULL, 200801, 0),
(1249, NULL, 200712, 0),
(1250, NULL, 200711, 0),
(1251, NULL, 200710, 0),
(1252, NULL, 200709, 0),
(1253, NULL, 200708, 0),
(1254, NULL, 200707, 0),
(1255, NULL, 200706, 0),
(1256, NULL, 200705, 0),
(1257, NULL, 200704, 0),
(1258, NULL, 200703, 0),
(1259, NULL, 200702, 0),
(1260, NULL, 200701, 0),
(1261, NULL, 200612, 0),
(1262, NULL, 200611, 0),
(1263, NULL, 200610, 0),
(1264, NULL, 200609, 0),
(1265, NULL, 200608, 0),
(1266, NULL, 200607, 0),
(1267, NULL, 200606, 0),
(1268, NULL, 200605, 0),
(1269, NULL, 200604, 0),
(1270, NULL, 200603, 0),
(1271, NULL, 200602, 0),
(1272, NULL, 200601, 0),
(1273, NULL, 200512, 0),
(1274, NULL, 200511, 0),
(1275, NULL, 200510, 0),
(1276, NULL, 200509, 0),
(1277, NULL, 200508, 0),
(1278, NULL, 200507, 0),
(1279, NULL, 200506, 0),
(1280, NULL, 200505, 0),
(1281, NULL, 200504, 0),
(1282, NULL, 200503, 0),
(1283, NULL, 200502, 0),
(1284, NULL, 200501, 0),
(1285, NULL, 200412, 0),
(1286, NULL, 200411, 0),
(1287, NULL, 200410, 0),
(1288, NULL, 200409, 0),
(1289, NULL, 200408, 0),
(1290, NULL, 200407, 0),
(1291, NULL, 200406, 0),
(1292, NULL, 200405, 0),
(1293, NULL, 200404, 0),
(1294, NULL, 200403, 0),
(1295, NULL, 200402, 0),
(1296, NULL, 200401, 0),
(1297, NULL, 200312, 0),
(1298, NULL, 200311, 0),
(1299, NULL, 200310, 0),
(1300, NULL, 200309, 0),
(1301, NULL, 200308, 0),
(1302, NULL, 200307, 0),
(1303, NULL, 200306, 0),
(1304, NULL, 200305, 0),
(1305, NULL, 200304, 0),
(1306, NULL, 200303, 0),
(1307, NULL, 200302, 0),
(1308, NULL, 200301, 0),
(1309, NULL, 200212, 0),
(1310, NULL, 200211, 0),
(1311, NULL, 200210, 0),
(1312, NULL, 200209, 0),
(1313, NULL, 200208, 0),
(1314, NULL, 200207, 0),
(1315, NULL, 200206, 0),
(1316, NULL, 200205, 0),
(1317, NULL, 200204, 0),
(1318, NULL, 200203, 0),
(1319, NULL, 200202, 0),
(1320, NULL, 200201, 0),
(1321, NULL, 200112, 0),
(1322, NULL, 200111, 0),
(1323, NULL, 200110, 0),
(1324, NULL, 200109, 0),
(1325, NULL, 200108, 0),
(1326, NULL, 200107, 0),
(1327, NULL, 200106, 0),
(1328, NULL, 200105, 0),
(1329, NULL, 200104, 0),
(1330, NULL, 200103, 0),
(1331, NULL, 200102, 0),
(1332, NULL, 200101, 0),
(1333, NULL, 200012, 0),
(1334, NULL, 200011, 0),
(1335, NULL, 200010, 0),
(1336, NULL, 200009, 0),
(1337, NULL, 200008, 0),
(1338, NULL, 200007, 0),
(1339, NULL, 200006, 0),
(1340, NULL, 200005, 0),
(1341, NULL, 200004, 0),
(1342, NULL, 200003, 0),
(1343, NULL, 200002, 0),
(1344, NULL, 200001, 0),
(1345, NULL, 199912, 0),
(1346, NULL, 199911, 0),
(1347, NULL, 199910, 0),
(1348, NULL, 199909, 0),
(1349, NULL, 199908, 0),
(1350, NULL, 199907, 0),
(1351, NULL, 199906, 0),
(1352, NULL, 199905, 0),
(1353, NULL, 199904, 0),
(1354, NULL, 199903, 0),
(1355, NULL, 199902, 0),
(1356, NULL, 199901, 0),
(1357, NULL, 199812, 0),
(1358, NULL, 199811, 0),
(1359, NULL, 199810, 0),
(1360, NULL, 199809, 0),
(1361, NULL, 199808, 0),
(1362, NULL, 199807, 0),
(1363, NULL, 199806, 0),
(1364, NULL, 199805, 0),
(1365, NULL, 199804, 0),
(1366, NULL, 199803, 0),
(1367, NULL, 199802, 0),
(1368, NULL, 199801, 0),
(1369, NULL, 199712, 0),
(1370, NULL, 199711, 0),
(1371, NULL, 199710, 0),
(1372, NULL, 199709, 0),
(1373, NULL, 199708, 0),
(1374, NULL, 199707, 0),
(1375, NULL, 199706, 0),
(1376, NULL, 199705, 0),
(1377, NULL, 199704, 0),
(1378, NULL, 199703, 0),
(1379, NULL, 199702, 0),
(1380, NULL, 199701, 0),
(1381, NULL, 199612, 0),
(1382, NULL, 199611, 0),
(1383, NULL, 199610, 0),
(1384, NULL, 199609, 0),
(1385, NULL, 199608, 0),
(1386, NULL, 199607, 0),
(1387, NULL, 199606, 0),
(1388, NULL, 199605, 0),
(1389, NULL, 199604, 0),
(1390, NULL, 199603, 0),
(1391, NULL, 199602, 0),
(1392, NULL, 199601, 0),
(1393, NULL, 199512, 0),
(1394, NULL, 199511, 0),
(1395, NULL, 201704, 0),
(1396, NULL, 201704, 0),
(1397, NULL, 201704, 0),
(1398, NULL, 201704, 0),
(1399, NULL, 201704, 0),
(1400, NULL, 201704, 0),
(1401, NULL, 201704, 0),
(1402, NULL, 201704, 0),
(1403, NULL, 201704, 0),
(1404, NULL, 201704, 0),
(1405, NULL, 201704, 0),
(1406, NULL, 201704, 0);

-- --------------------------------------------------------

--
-- 表的结构 `33hao_brand`
--

CREATE TABLE IF NOT EXISTS `33hao_brand` (
  `brand_id` mediumint(11) NOT NULL AUTO_INCREMENT COMMENT '索引ID',
  `brand_name` varchar(100) DEFAULT NULL COMMENT '品牌名称',
  `brand_initial` varchar(1) NOT NULL COMMENT '品牌首字母',
  `brand_class` varchar(50) DEFAULT NULL COMMENT '类别名称',
  `brand_pic` varchar(100) DEFAULT NULL COMMENT '图片',
  `brand_sort` tinyint(3) unsigned DEFAULT '0' COMMENT '排序',
  `brand_recommend` tinyint(1) DEFAULT '0' COMMENT '推荐，0为否，1为是，默认为0',
  `store_id` int(11) unsigned NOT NULL DEFAULT '0' COMMENT '店铺ID',
  `brand_apply` tinyint(1) NOT NULL DEFAULT '1' COMMENT '品牌申请，0为申请中，1为通过，默认为1，申请功能是会员使用，系统后台默认为1',
  `class_id` int(10) unsigned DEFAULT '0' COMMENT '所属分类id',
  `show_type` tinyint(1) NOT NULL DEFAULT '0' COMMENT '品牌展示类型 0表示图片 1表示文字 ',
  `brand_bgpic` varchar(100) DEFAULT '/data/upload/shop/editor/brand_default_max.jpg' COMMENT '品牌大图',
  `brand_xbgpic` varchar(100) DEFAULT '/data/upload/shop/editor/brand_default_small.jpg' COMMENT '品牌小图',
  `brand_tjstore` varchar(100) DEFAULT '请于品牌管理里编辑我' COMMENT '品牌副标题',
  `brand_introduction` varchar(300) DEFAULT '好商城提醒您：你当前的品牌介绍并没有填写！使用默认的这些会出现在你的眼前，请于后台进行修改' COMMENT '品牌介绍',
  PRIMARY KEY (`brand_id`)
) ENGINE=InnoDB  DEFAULT CHARSET=utf8 COMMENT='品牌表' AUTO_INCREMENT=365 ;

--
-- 转存表中的数据 `33hao_brand`
--

INSERT INTO `33hao_brand` (`brand_id`, `brand_name`, `brand_initial`, `brand_class`, `brand_pic`, `brand_sort`, `brand_recommend`, `store_id`, `brand_apply`, `class_id`, `show_type`, `brand_bgpic`, `brand_xbgpic`, `brand_tjstore`, `brand_introduction`) VALUES
(79, 'justyle', 'J', '服饰鞋帽', '04397468710494742_sm.jpg', 0, 0, 0, 1, 1, 0, '/data/upload/shop/editor/brand_default_max.jpg', '/data/upload/shop/editor/brand_default_small.jpg', '请于品牌管理里编辑我', '好商城提醒您：你当前的品牌介绍并没有填写！使用默认的这些会出现在你的眼前，请于后台进行修改'),
(80, '享爱.', 'H', '服饰鞋帽', '04397468934349942_sm.jpg', 0, 0, 0, 1, 1, 0, '/data/upload/shop/editor/brand_default_max.jpg', '/data/upload/shop/editor/brand_default_small.jpg', '请于品牌管理里编辑我', '好商城提醒您：你当前的品牌介绍并没有填写！使用默认的这些会出现在你的眼前，请于后台进行修改'),
(81, '派丽蒙', 'P', '女装', '04397469152627878_sm.jpg', 0, 0, 0, 1, 4, 0, '/data/upload/shop/editor/brand_default_max.jpg', '/data/upload/shop/editor/brand_default_small.jpg', '请于品牌管理里编辑我', '好商城提醒您：你当前的品牌介绍并没有填写！使用默认的这些会出现在你的眼前，请于后台进行修改'),
(82, '康妮雅', 'K', '女装', '04397471448679692_sm.jpg', 0, 0, 0, 1, 4, 0, '/data/upload/shop/editor/brand_default_max.jpg', '/data/upload/shop/editor/brand_default_small.jpg', '请于品牌管理里编辑我', '好商城提醒您：你当前的品牌介绍并没有填写！使用默认的这些会出现在你的眼前，请于后台进行修改'),
(83, '秀秀美', 'X', '女装', '04397471716977022_sm.jpg', 0, 0, 0, 1, 4, 0, '/data/upload/shop/editor/brand_default_max.jpg', '/data/upload/shop/editor/brand_default_small.jpg', '请于品牌管理里编辑我', '好商城提醒您：你当前的品牌介绍并没有填写！使用默认的这些会出现在你的眼前，请于后台进行修改'),
(84, '阿迪达斯', 'A', '服饰鞋帽', '04397471910652190_sm.jpg', 0, 1, 0, 1, 1, 0, '/data/upload/shop/editor/brand_default_max.jpg', '/data/upload/shop/editor/brand_default_small.jpg', '请于品牌管理里编辑我', '好商城提醒您：你当前的品牌介绍并没有填写！使用默认的这些会出现在你的眼前，请于后台进行修改'),
(85, '猫人', 'M', '内衣', '04397472152849925_sm.jpg', 0, 0, 0, 1, 6, 0, '/data/upload/shop/editor/brand_default_max.jpg', '/data/upload/shop/editor/brand_default_small.jpg', '请于品牌管理里编辑我', '好商城提醒您：你当前的品牌介绍并没有填写！使用默认的这些会出现在你的眼前，请于后台进行修改'),
(86, '茵曼（INMAN）', 'Y', 'T恤', '04397472336312422_sm.jpg', 0, 0, 0, 1, 12, 0, '/data/upload/shop/editor/brand_default_max.jpg', '/data/upload/shop/editor/brand_default_small.jpg', '请于品牌管理里编辑我', '好商城提醒您：你当前的品牌介绍并没有填写！使用默认的这些会出现在你的眼前，请于后台进行修改'),
(87, 'Hanes恒适', 'H', '服饰鞋帽', '04397472577467506_sm.jpg', 0, 0, 0, 1, 1, 0, '/data/upload/shop/editor/brand_default_max.jpg', '/data/upload/shop/editor/brand_default_small.jpg', '请于品牌管理里编辑我', '好商城提醒您：你当前的品牌介绍并没有填写！使用默认的这些会出现在你的眼前，请于后台进行修改'),
(88, '缪诗', 'M', '休闲鞋', '04397472716852803_sm.jpg', 0, 0, 0, 1, 74, 0, '/data/upload/shop/editor/brand_default_max.jpg', '/data/upload/shop/editor/brand_default_small.jpg', '请于品牌管理里编辑我', '好商城提醒您：你当前的品牌介绍并没有填写！使用默认的这些会出现在你的眼前，请于后台进行修改'),
(89, '真维斯', 'Z', '服饰鞋帽', '04397472838086984_sm.jpg', 0, 1, 0, 1, 1, 0, '/data/upload/shop/editor/brand_default_max.jpg', '/data/upload/shop/editor/brand_default_small.jpg', '请于品牌管理里编辑我', '好商城提醒您：你当前的品牌介绍并没有填写！使用默认的这些会出现在你的眼前，请于后台进行修改'),
(90, '金利来', 'J', '西服', '04397473042647991_sm.jpg', 0, 0, 0, 1, 47, 0, '/data/upload/shop/editor/brand_default_max.jpg', '/data/upload/shop/editor/brand_default_small.jpg', '请于品牌管理里编辑我', '好商城提醒您：你当前的品牌介绍并没有填写！使用默认的这些会出现在你的眼前，请于后台进行修改'),
(91, '其乐', 'Q', '休闲鞋', '04397473331842699_sm.jpg', 0, 1, 0, 1, 109, 0, '/data/upload/shop/editor/brand_default_max.jpg', '/data/upload/shop/editor/brand_default_small.jpg', '请于品牌管理里编辑我', '好商城提醒您：你当前的品牌介绍并没有填写！使用默认的这些会出现在你的眼前，请于后台进行修改'),
(92, 'Newbalance', 'N', '功能鞋', '04397473633585549_sm.jpg', 0, 1, 0, 1, 112, 0, '/data/upload/shop/editor/brand_default_max.jpg', '/data/upload/shop/editor/brand_default_small.jpg', '请于品牌管理里编辑我', '好商城提醒您：你当前的品牌介绍并没有填写！使用默认的这些会出现在你的眼前，请于后台进行修改'),
(93, '百丽', 'B', '女鞋', '04398088925179484_sm.png', 0, 1, 0, 1, 8, 0, '/data/upload/shop/editor/brand_default_max.jpg', '/data/upload/shop/editor/brand_default_small.jpg', '请于品牌管理里编辑我', '好商城提醒您：你当前的品牌介绍并没有填写！使用默认的这些会出现在你的眼前，请于后台进行修改'),
(94, '七匹狼', 'Q', '服饰鞋帽', '04398089136939537_sm.jpg', 0, 1, 0, 1, 1, 0, '/data/upload/shop/editor/brand_default_max.jpg', '/data/upload/shop/editor/brand_default_small.jpg', '请于品牌管理里编辑我', '好商城提醒您：你当前的品牌介绍并没有填写！使用默认的这些会出现在你的眼前，请于后台进行修改'),
(95, '李宁', 'L', '运动', '04398089270610035_sm.jpg', 0, 0, 0, 1, 7, 0, '/data/upload/shop/editor/brand_default_max.jpg', '/data/upload/shop/editor/brand_default_small.jpg', '请于品牌管理里编辑我', '好商城提醒您：你当前的品牌介绍并没有填写！使用默认的这些会出现在你的眼前，请于后台进行修改'),
(96, '佐丹奴', 'Z', '服饰鞋帽', '04398089412399747_sm.jpg', 0, 1, 0, 1, 1, 0, '/data/upload/shop/editor/brand_default_max.jpg', '/data/upload/shop/editor/brand_default_small.jpg', '请于品牌管理里编辑我', '好商城提醒您：你当前的品牌介绍并没有填写！使用默认的这些会出现在你的眼前，请于后台进行修改'),
(97, '百思图', 'B', '休闲鞋', '04398089574801901_sm.jpg', 0, 0, 0, 1, 93, 0, '/data/upload/shop/editor/brand_default_max.jpg', '/data/upload/shop/editor/brand_default_small.jpg', '请于品牌管理里编辑我', '好商城提醒您：你当前的品牌介绍并没有填写！使用默认的这些会出现在你的眼前，请于后台进行修改'),
(98, '斯波帝卡', 'S', '男装', '04398089726299223_sm.jpg', 0, 0, 0, 1, 5, 0, '/data/upload/shop/editor/brand_default_max.jpg', '/data/upload/shop/editor/brand_default_small.jpg', '请于品牌管理里编辑我', '好商城提醒您：你当前的品牌介绍并没有填写！使用默认的这些会出现在你的眼前，请于后台进行修改'),
(99, '梦特娇', 'M', '男装', '04398089942879365_sm.jpg', 0, 1, 0, 1, 5, 0, '/data/upload/shop/editor/brand_default_max.jpg', '/data/upload/shop/editor/brand_default_small.jpg', '请于品牌管理里编辑我', '好商城提醒您：你当前的品牌介绍并没有填写！使用默认的这些会出现在你的眼前，请于后台进行修改'),
(100, '宝姿', 'B', '服饰鞋帽', '04398090061006740_sm.jpg', 0, 1, 0, 1, 1, 0, '/data/upload/shop/editor/brand_default_max.jpg', '/data/upload/shop/editor/brand_default_small.jpg', '请于品牌管理里编辑我', '好商城提醒您：你当前的品牌介绍并没有填写！使用默认的这些会出现在你的眼前，请于后台进行修改'),
(101, '爱帝', 'A', '服饰鞋帽', '04398090218578648_sm.jpg', 0, 0, 0, 1, 1, 0, '/data/upload/shop/editor/brand_default_max.jpg', '/data/upload/shop/editor/brand_default_small.jpg', '请于品牌管理里编辑我', '好商城提醒您：你当前的品牌介绍并没有填写！使用默认的这些会出现在你的眼前，请于后台进行修改'),
(102, '她他/tata', 'T', '高跟鞋', '04398090459092275_sm.jpg', 0, 0, 0, 1, 91, 0, '/data/upload/shop/editor/brand_default_max.jpg', '/data/upload/shop/editor/brand_default_small.jpg', '请于品牌管理里编辑我', '好商城提醒您：你当前的品牌介绍并没有填写！使用默认的这些会出现在你的眼前，请于后台进行修改'),
(103, 'ELLE HOME', 'E', '服饰鞋帽', '04398090611386532_sm.jpg', 0, 1, 0, 1, 1, 0, '/data/upload/shop/editor/brand_default_max.jpg', '/data/upload/shop/editor/brand_default_small.jpg', '请于品牌管理里编辑我', '好商城提醒您：你当前的品牌介绍并没有填写！使用默认的这些会出现在你的眼前，请于后台进行修改'),
(104, 'esprit', 'E', '女装', '04398090828687339_sm.jpg', 0, 1, 0, 1, 4, 0, '/data/upload/shop/editor/brand_default_max.jpg', '/data/upload/shop/editor/brand_default_small.jpg', '请于品牌管理里编辑我', '好商城提醒您：你当前的品牌介绍并没有填写！使用默认的这些会出现在你的眼前，请于后台进行修改'),
(105, 'westside', 'W', '服饰鞋帽', '04398090975832253_sm.jpg', 0, 0, 0, 1, 1, 0, '/data/upload/shop/editor/brand_default_max.jpg', '/data/upload/shop/editor/brand_default_small.jpg', '请于品牌管理里编辑我', '好商城提醒您：你当前的品牌介绍并没有填写！使用默认的这些会出现在你的眼前，请于后台进行修改'),
(106, 'RDK', 'P', '睡衣', '04398091763582415_sm.jpg', 0, 0, 0, 1, 62, 0, '/data/upload/shop/editor/brand_default_max.jpg', '/data/upload/shop/editor/brand_default_small.jpg', '请于品牌管理里编辑我', '好商城提醒您：你当前的品牌介绍并没有填写！使用默认的这些会出现在你的眼前，请于后台进行修改'),
(107, '皮尔卡丹', 'P', '风衣', '04398091877500105_sm.jpg', 0, 0, 0, 1, 43, 0, '/data/upload/shop/editor/brand_default_max.jpg', '/data/upload/shop/editor/brand_default_small.jpg', '请于品牌管理里编辑我', '好商城提醒您：你当前的品牌介绍并没有填写！使用默认的这些会出现在你的眼前，请于后台进行修改'),
(108, '挪巍', 'N', '服饰鞋帽', '04398091973797599_sm.jpg', 0, 0, 0, 1, 1, 0, '/data/upload/shop/editor/brand_default_max.jpg', '/data/upload/shop/editor/brand_default_small.jpg', '请于品牌管理里编辑我', '好商城提醒您：你当前的品牌介绍并没有填写！使用默认的这些会出现在你的眼前，请于后台进行修改'),
(113, '波斯顿', 'B', '个护化妆', '04398099293923325_sm.jpg', 0, 0, 0, 1, 470, 0, '/data/upload/shop/editor/brand_default_max.jpg', '/data/upload/shop/editor/brand_default_small.jpg', '请于品牌管理里编辑我', '好商城提醒您：你当前的品牌介绍并没有填写！使用默认的这些会出现在你的眼前，请于后台进行修改'),
(114, '薇姿', 'W', '个护化妆', '04398099463167230_sm.jpg', 0, 0, 0, 1, 470, 0, '/data/upload/shop/editor/brand_default_max.jpg', '/data/upload/shop/editor/brand_default_small.jpg', '请于品牌管理里编辑我', '好商城提醒您：你当前的品牌介绍并没有填写！使用默认的这些会出现在你的眼前，请于后台进行修改'),
(115, '相宜本草', 'X', '个护化妆', '04398099611242673_sm.jpg', 0, 1, 0, 1, 470, 0, '/data/upload/shop/editor/brand_default_max.jpg', '/data/upload/shop/editor/brand_default_small.jpg', '请于品牌管理里编辑我', '好商城提醒您：你当前的品牌介绍并没有填写！使用默认的这些会出现在你的眼前，请于后台进行修改'),
(116, 'Dior', 'D', '个护化妆', '04398099738566948_sm.jpg', 0, 1, 0, 1, 470, 0, '/data/upload/shop/editor/brand_default_max.jpg', '/data/upload/shop/editor/brand_default_small.jpg', '请于品牌管理里编辑我', '好商城提醒您：你当前的品牌介绍并没有填写！使用默认的这些会出现在你的眼前，请于后台进行修改'),
(117, '苏菲', 'S', '个护化妆', '04398099870651075_sm.jpg', 0, 0, 0, 1, 470, 0, '/data/upload/shop/editor/brand_default_max.jpg', '/data/upload/shop/editor/brand_default_small.jpg', '请于品牌管理里编辑我', '好商城提醒您：你当前的品牌介绍并没有填写！使用默认的这些会出现在你的眼前，请于后台进行修改'),
(118, 'faceshop', 'F', '个护化妆', '04398100051941493_sm.jpg', 0, 0, 0, 1, 470, 0, '/data/upload/shop/editor/brand_default_max.jpg', '/data/upload/shop/editor/brand_default_small.jpg', '请于品牌管理里编辑我', '好商城提醒您：你当前的品牌介绍并没有填写！使用默认的这些会出现在你的眼前，请于后台进行修改'),
(119, '芙丽芳丝', 'F', '个护化妆', '04398100178308363_sm.jpg', 0, 0, 0, 1, 470, 0, '/data/upload/shop/editor/brand_default_max.jpg', '/data/upload/shop/editor/brand_default_small.jpg', '请于品牌管理里编辑我', '好商城提醒您：你当前的品牌介绍并没有填写！使用默认的这些会出现在你的眼前，请于后台进行修改'),
(120, '娇爽', 'J', '个护化妆', '04398100362129645_sm.jpg', 0, 0, 0, 1, 470, 0, '/data/upload/shop/editor/brand_default_max.jpg', '/data/upload/shop/editor/brand_default_small.jpg', '请于品牌管理里编辑我', '好商城提醒您：你当前的品牌介绍并没有填写！使用默认的这些会出现在你的眼前，请于后台进行修改'),
(121, '卡尼尔', 'K', '个护化妆', '04398100483927289_sm.jpg', 0, 0, 0, 1, 470, 0, '/data/upload/shop/editor/brand_default_max.jpg', '/data/upload/shop/editor/brand_default_small.jpg', '请于品牌管理里编辑我', '好商城提醒您：你当前的品牌介绍并没有填写！使用默认的这些会出现在你的眼前，请于后台进行修改'),
(122, '纪梵希', 'J', '个护化妆', '04398100614445814_sm.jpg', 0, 1, 0, 1, 470, 0, '/data/upload/shop/editor/brand_default_max.jpg', '/data/upload/shop/editor/brand_default_small.jpg', '请于品牌管理里编辑我', '好商城提醒您：你当前的品牌介绍并没有填写！使用默认的这些会出现在你的眼前，请于后台进行修改'),
(123, '护舒宝', 'H', '个护化妆', '04398100738554064_sm.jpg', 0, 0, 0, 1, 470, 0, '/data/upload/shop/editor/brand_default_max.jpg', '/data/upload/shop/editor/brand_default_small.jpg', '请于品牌管理里编辑我', '好商城提醒您：你当前的品牌介绍并没有填写！使用默认的这些会出现在你的眼前，请于后台进行修改'),
(124, '兰蔻', 'L', '个护化妆', '04398100899214207_sm.jpg', 0, 1, 0, 1, 470, 0, '/data/upload/shop/editor/brand_default_max.jpg', '/data/upload/shop/editor/brand_default_small.jpg', '请于品牌管理里编辑我', '好商城提醒您：你当前的品牌介绍并没有填写！使用默认的这些会出现在你的眼前，请于后台进行修改'),
(125, '娇兰', 'J', '个护化妆', '04398101035858820_sm.jpg', 0, 1, 0, 1, 470, 0, '/data/upload/shop/editor/brand_default_max.jpg', '/data/upload/shop/editor/brand_default_small.jpg', '请于品牌管理里编辑我', '好商城提醒您：你当前的品牌介绍并没有填写！使用默认的这些会出现在你的眼前，请于后台进行修改'),
(126, '高丝洁', 'G', '个护化妆', '04398101363358081_sm.jpg', 0, 0, 0, 1, 470, 0, '/data/upload/shop/editor/brand_default_max.jpg', '/data/upload/shop/editor/brand_default_small.jpg', '请于品牌管理里编辑我', '好商城提醒您：你当前的品牌介绍并没有填写！使用默认的这些会出现在你的眼前，请于后台进行修改'),
(127, '妮维雅', 'N', '个护化妆', '04398101539246004_sm.jpg', 0, 1, 0, 1, 470, 0, '/data/upload/shop/editor/brand_default_max.jpg', '/data/upload/shop/editor/brand_default_small.jpg', '请于品牌管理里编辑我', '好商城提醒您：你当前的品牌介绍并没有填写！使用默认的这些会出现在你的眼前，请于后台进行修改'),
(128, '高丝', 'G', '个护化妆', '04398101708424765_sm.jpg', 0, 0, 0, 1, 470, 0, '/data/upload/shop/editor/brand_default_max.jpg', '/data/upload/shop/editor/brand_default_small.jpg', '请于品牌管理里编辑我', '好商城提醒您：你当前的品牌介绍并没有填写！使用默认的这些会出现在你的眼前，请于后台进行修改'),
(129, '狮王', 'S', '个护化妆', '04398101929845854_sm.jpg', 0, 0, 0, 1, 470, 0, '/data/upload/shop/editor/brand_default_max.jpg', '/data/upload/shop/editor/brand_default_small.jpg', '请于品牌管理里编辑我', '好商城提醒您：你当前的品牌介绍并没有填写！使用默认的这些会出现在你的眼前，请于后台进行修改'),
(130, '雅顿', 'Y', '个护化妆', '04398102086535787_sm.jpg', 0, 1, 0, 1, 470, 0, '/data/upload/shop/editor/brand_default_max.jpg', '/data/upload/shop/editor/brand_default_small.jpg', '请于品牌管理里编辑我', '好商城提醒您：你当前的品牌介绍并没有填写！使用默认的这些会出现在你的眼前，请于后台进行修改'),
(131, 'M.A.C', 'M', '个护化妆', '04398102231196519_sm.jpg', 0, 0, 0, 1, 470, 0, '/data/upload/shop/editor/brand_default_max.jpg', '/data/upload/shop/editor/brand_default_small.jpg', '请于品牌管理里编辑我', '好商城提醒您：你当前的品牌介绍并没有填写！使用默认的这些会出现在你的眼前，请于后台进行修改'),
(132, '李施德林', 'L', '个护化妆', '04398102411008632_sm.jpg', 0, 0, 0, 1, 470, 0, '/data/upload/shop/editor/brand_default_max.jpg', '/data/upload/shop/editor/brand_default_small.jpg', '请于品牌管理里编辑我', '好商城提醒您：你当前的品牌介绍并没有填写！使用默认的这些会出现在你的眼前，请于后台进行修改'),
(133, '雅诗兰黛', 'Y', '个护化妆', '04398102581821577_sm.jpg', 0, 1, 0, 1, 470, 0, '/data/upload/shop/editor/brand_default_max.jpg', '/data/upload/shop/editor/brand_default_small.jpg', '请于品牌管理里编辑我', '好商城提醒您：你当前的品牌介绍并没有填写！使用默认的这些会出现在你的眼前，请于后台进行修改'),
(134, 'MISS FACE', 'M', '个护化妆', '04398102756025036_sm.jpg', 0, 0, 0, 1, 470, 0, '/data/upload/shop/editor/brand_default_max.jpg', '/data/upload/shop/editor/brand_default_small.jpg', '请于品牌管理里编辑我', '好商城提醒您：你当前的品牌介绍并没有填写！使用默认的这些会出现在你的眼前，请于后台进行修改'),
(135, '佳洁士', 'J', '个护化妆', '04398102918746492_sm.jpg', 0, 0, 0, 1, 470, 0, '/data/upload/shop/editor/brand_default_max.jpg', '/data/upload/shop/editor/brand_default_small.jpg', '请于品牌管理里编辑我', '好商城提醒您：你当前的品牌介绍并没有填写！使用默认的这些会出现在你的眼前，请于后台进行修改'),
(136, '资生堂', 'X', '个护化妆', '04398103163925153_sm.jpg', 0, 1, 0, 1, 470, 0, '/data/upload/shop/editor/brand_default_max.jpg', '/data/upload/shop/editor/brand_default_small.jpg', '请于品牌管理里编辑我', '好商城提醒您：你当前的品牌介绍并没有填写！使用默认的这些会出现在你的眼前，请于后台进行修改'),
(137, '倩碧', 'Q', '个护化妆', '04398103335196758_sm.jpg', 0, 0, 0, 1, 470, 0, '/data/upload/shop/editor/brand_default_max.jpg', '/data/upload/shop/editor/brand_default_small.jpg', '请于品牌管理里编辑我', '好商城提醒您：你当前的品牌介绍并没有填写！使用默认的这些会出现在你的眼前，请于后台进行修改'),
(138, 'benefit', 'B', '个护化妆', '04398103525876196_sm.jpg', 0, 0, 0, 1, 470, 0, '/data/upload/shop/editor/brand_default_max.jpg', '/data/upload/shop/editor/brand_default_small.jpg', '请于品牌管理里编辑我', '好商城提醒您：你当前的品牌介绍并没有填写！使用默认的这些会出现在你的眼前，请于后台进行修改'),
(139, 'SISLEY', 'S', '个护化妆', '04398103731155516_sm.jpg', 0, 0, 0, 1, 470, 0, '/data/upload/shop/editor/brand_default_max.jpg', '/data/upload/shop/editor/brand_default_small.jpg', '请于品牌管理里编辑我', '好商城提醒您：你当前的品牌介绍并没有填写！使用默认的这些会出现在你的眼前，请于后台进行修改'),
(140, '爱丽', 'A', '个护化妆', '04398103883736888_sm.jpg', 0, 0, 0, 1, 470, 0, '/data/upload/shop/editor/brand_default_max.jpg', '/data/upload/shop/editor/brand_default_small.jpg', '请于品牌管理里编辑我', '好商城提醒您：你当前的品牌介绍并没有填写！使用默认的这些会出现在你的眼前，请于后台进行修改'),
(141, 'BOBBI BROWN', 'B', '个护化妆', '04398104034802420_sm.jpg', 0, 0, 0, 1, 470, 0, '/data/upload/shop/editor/brand_default_max.jpg', '/data/upload/shop/editor/brand_default_small.jpg', '请于品牌管理里编辑我', '好商城提醒您：你当前的品牌介绍并没有填写！使用默认的这些会出现在你的眼前，请于后台进行修改'),
(142, 'SK-ll', 'S', '个护化妆', '04398104206717960_sm.jpg', 0, 1, 0, 1, 470, 0, '/data/upload/shop/editor/brand_default_max.jpg', '/data/upload/shop/editor/brand_default_small.jpg', '请于品牌管理里编辑我', '好商城提醒您：你当前的品牌介绍并没有填写！使用默认的这些会出现在你的眼前，请于后台进行修改'),
(143, '施华洛世奇', 'S', '珠宝手表', '04398116735872287_sm.jpg', 0, 1, 0, 1, 530, 0, '/data/upload/shop/editor/brand_default_max.jpg', '/data/upload/shop/editor/brand_default_small.jpg', '请于品牌管理里编辑我', '好商城提醒您：你当前的品牌介绍并没有填写！使用默认的这些会出现在你的眼前，请于后台进行修改'),
(144, '万宝龙', 'W', '珠宝手表', '04398116855649611_sm.jpg', 0, 0, 0, 1, 530, 0, '/data/upload/shop/editor/brand_default_max.jpg', '/data/upload/shop/editor/brand_default_small.jpg', '请于品牌管理里编辑我', '好商城提醒您：你当前的品牌介绍并没有填写！使用默认的这些会出现在你的眼前，请于后台进行修改'),
(145, 'CK', 'C', '珠宝手表', '04398116986166995_sm.jpg', 0, 1, 0, 1, 530, 0, '/data/upload/shop/editor/brand_default_max.jpg', '/data/upload/shop/editor/brand_default_small.jpg', '请于品牌管理里编辑我', '好商城提醒您：你当前的品牌介绍并没有填写！使用默认的这些会出现在你的眼前，请于后台进行修改'),
(146, 'Disney', 'D', '珠宝手表', '04398117134560677_sm.jpg', 0, 1, 0, 1, 530, 0, '/data/upload/shop/editor/brand_default_max.jpg', '/data/upload/shop/editor/brand_default_small.jpg', '请于品牌管理里编辑我', '好商城提醒您：你当前的品牌介绍并没有填写！使用默认的这些会出现在你的眼前，请于后台进行修改'),
(147, '佐卡伊', 'Z', '珠宝手表', '04398117259027285_sm.jpg', 0, 0, 0, 1, 530, 0, '/data/upload/shop/editor/brand_default_max.jpg', '/data/upload/shop/editor/brand_default_small.jpg', '请于品牌管理里编辑我', '好商城提醒您：你当前的品牌介绍并没有填写！使用默认的这些会出现在你的眼前，请于后台进行修改'),
(148, 'ZIPPO', 'Z', '', '04398117390207814_sm.gif', 0, 0, 0, 1, 0, 0, '/data/upload/shop/editor/brand_default_max.jpg', '/data/upload/shop/editor/brand_default_small.jpg', '请于品牌管理里编辑我', '好商城提醒您：你当前的品牌介绍并没有填写！使用默认的这些会出现在你的眼前，请于后台进行修改'),
(149, '梅花', 'M', '珠宝手表', '04398117504203345_sm.jpg', 0, 1, 0, 1, 530, 0, '/data/upload/shop/editor/brand_default_max.jpg', '/data/upload/shop/editor/brand_default_small.jpg', '请于品牌管理里编辑我', '好商城提醒您：你当前的品牌介绍并没有填写！使用默认的这些会出现在你的眼前，请于后台进行修改'),
(150, '高仕', 'G', '珠宝手表', '04398117735732690_sm.jpg', 0, 0, 0, 1, 530, 0, '/data/upload/shop/editor/brand_default_max.jpg', '/data/upload/shop/editor/brand_default_small.jpg', '请于品牌管理里编辑我', '好商城提醒您：你当前的品牌介绍并没有填写！使用默认的这些会出现在你的眼前，请于后台进行修改'),
(151, '宝玑', 'B', '珠宝手表', '04398117910949174_sm.jpg', 0, 0, 0, 1, 530, 0, '/data/upload/shop/editor/brand_default_max.jpg', '/data/upload/shop/editor/brand_default_small.jpg', '请于品牌管理里编辑我', '好商城提醒您：你当前的品牌介绍并没有填写！使用默认的这些会出现在你的眼前，请于后台进行修改'),
(152, '一生一石', 'Y', '珠宝手表', '04398118118206423_sm.jpg', 0, 0, 0, 1, 530, 0, '/data/upload/shop/editor/brand_default_max.jpg', '/data/upload/shop/editor/brand_default_small.jpg', '请于品牌管理里编辑我', '好商城提醒您：你当前的品牌介绍并没有填写！使用默认的这些会出现在你的眼前，请于后台进行修改'),
(153, 'IDee', 'I', '珠宝手表', '04398118344918440_sm.jpg', 0, 0, 0, 1, 530, 0, '/data/upload/shop/editor/brand_default_max.jpg', '/data/upload/shop/editor/brand_default_small.jpg', '请于品牌管理里编辑我', '好商城提醒您：你当前的品牌介绍并没有填写！使用默认的这些会出现在你的眼前，请于后台进行修改'),
(154, 'elle', 'E', '珠宝手表', '04398118494505137_sm.jpg', 0, 0, 0, 1, 530, 0, '/data/upload/shop/editor/brand_default_max.jpg', '/data/upload/shop/editor/brand_default_small.jpg', '请于品牌管理里编辑我', '好商城提醒您：你当前的品牌介绍并没有填写！使用默认的这些会出现在你的眼前，请于后台进行修改'),
(155, '卡西欧', 'K', '珠宝手表', '04398118617326698_sm.jpg', 0, 1, 0, 1, 530, 0, '/data/upload/shop/editor/brand_default_max.jpg', '/data/upload/shop/editor/brand_default_small.jpg', '请于品牌管理里编辑我', '好商城提醒您：你当前的品牌介绍并没有填写！使用默认的这些会出现在你的眼前，请于后台进行修改'),
(156, '爱卡', 'A', '珠宝手表', '04398118792328978_sm.jpg', 0, 0, 0, 1, 530, 0, '/data/upload/shop/editor/brand_default_max.jpg', '/data/upload/shop/editor/brand_default_small.jpg', '请于品牌管理里编辑我', '好商城提醒您：你当前的品牌介绍并没有填写！使用默认的这些会出现在你的眼前，请于后台进行修改'),
(157, '帝舵', 'D', '珠宝手表', '04398118894311290_sm.jpg', 0, 1, 0, 1, 530, 0, '/data/upload/shop/editor/brand_default_max.jpg', '/data/upload/shop/editor/brand_default_small.jpg', '请于品牌管理里编辑我', '好商城提醒您：你当前的品牌介绍并没有填写！使用默认的这些会出现在你的眼前，请于后台进行修改'),
(158, '新秀', 'X', '珠宝手表', '04398119032319322_sm.jpg', 0, 0, 0, 1, 530, 0, '/data/upload/shop/editor/brand_default_max.jpg', '/data/upload/shop/editor/brand_default_small.jpg', '请于品牌管理里编辑我', '好商城提醒您：你当前的品牌介绍并没有填写！使用默认的这些会出现在你的眼前，请于后台进行修改'),
(159, '九钻', 'J', '珠宝手表', '04398119151718735_sm.jpg', 0, 0, 0, 1, 530, 0, '/data/upload/shop/editor/brand_default_max.jpg', '/data/upload/shop/editor/brand_default_small.jpg', '请于品牌管理里编辑我', '好商城提醒您：你当前的品牌介绍并没有填写！使用默认的这些会出现在你的眼前，请于后台进行修改'),
(160, '卡地亚', 'K', '珠宝手表', '04398119311706852_sm.jpg', 0, 0, 0, 1, 530, 0, '/data/upload/shop/editor/brand_default_max.jpg', '/data/upload/shop/editor/brand_default_small.jpg', '请于品牌管理里编辑我', '好商城提醒您：你当前的品牌介绍并没有填写！使用默认的这些会出现在你的眼前，请于后台进行修改'),
(161, '蓝色多瑙河', 'L', '珠宝手表', '04398119501897486_sm.jpg', 0, 0, 0, 1, 530, 0, '/data/upload/shop/editor/brand_default_max.jpg', '/data/upload/shop/editor/brand_default_small.jpg', '请于品牌管理里编辑我', '好商城提醒您：你当前的品牌介绍并没有填写！使用默认的这些会出现在你的眼前，请于后台进行修改'),
(162, '浪琴', 'L', '珠宝手表', '04398119677440904_sm.jpg', 0, 0, 0, 1, 530, 0, '/data/upload/shop/editor/brand_default_max.jpg', '/data/upload/shop/editor/brand_default_small.jpg', '请于品牌管理里编辑我', '好商城提醒您：你当前的品牌介绍并没有填写！使用默认的这些会出现在你的眼前，请于后台进行修改'),
(163, '百利恒', 'B', '珠宝手表', '04398119859319840_sm.jpg', 0, 0, 0, 1, 530, 0, '/data/upload/shop/editor/brand_default_max.jpg', '/data/upload/shop/editor/brand_default_small.jpg', '请于品牌管理里编辑我', '好商城提醒您：你当前的品牌介绍并没有填写！使用默认的这些会出现在你的眼前，请于后台进行修改'),
(164, '欧米茄', 'O', '珠宝手表', '04398119996858692_sm.jpg', 0, 1, 0, 1, 530, 0, '/data/upload/shop/editor/brand_default_max.jpg', '/data/upload/shop/editor/brand_default_small.jpg', '请于品牌管理里编辑我', '好商城提醒您：你当前的品牌介绍并没有填写！使用默认的这些会出现在你的眼前，请于后台进行修改'),
(165, 'tissot', 'T', '珠宝手表', '04398120131178815_sm.jpg', 0, 1, 0, 1, 530, 0, '/data/upload/shop/editor/brand_default_max.jpg', '/data/upload/shop/editor/brand_default_small.jpg', '请于品牌管理里编辑我', '好商城提醒您：你当前的品牌介绍并没有填写！使用默认的这些会出现在你的眼前，请于后台进行修改'),
(166, '新光饰品', 'X', '珠宝手表', '04398120247306694_sm.jpg', 0, 0, 0, 1, 530, 0, '/data/upload/shop/editor/brand_default_max.jpg', '/data/upload/shop/editor/brand_default_small.jpg', '请于品牌管理里编辑我', '好商城提醒您：你当前的品牌介绍并没有填写！使用默认的这些会出现在你的眼前，请于后台进行修改'),
(167, '英雄', 'Y', '珠宝手表', '04398120419590838_sm.jpg', 0, 0, 0, 1, 530, 0, '/data/upload/shop/editor/brand_default_max.jpg', '/data/upload/shop/editor/brand_default_small.jpg', '请于品牌管理里编辑我', '好商城提醒您：你当前的品牌介绍并没有填写！使用默认的这些会出现在你的眼前，请于后台进行修改'),
(168, '瑞士军刀', 'R', '珠宝手表', '04398120584040229_sm.gif', 0, 0, 0, 1, 530, 0, '/data/upload/shop/editor/brand_default_max.jpg', '/data/upload/shop/editor/brand_default_small.jpg', '请于品牌管理里编辑我', '好商城提醒您：你当前的品牌介绍并没有填写！使用默认的这些会出现在你的眼前，请于后台进行修改'),
(169, '斯沃琪', 'S', '珠宝手表', '04398121090096799_sm.jpg', 0, 1, 0, 1, 530, 0, '/data/upload/shop/editor/brand_default_max.jpg', '/data/upload/shop/editor/brand_default_small.jpg', '请于品牌管理里编辑我', '好商城提醒您：你当前的品牌介绍并没有填写！使用默认的这些会出现在你的眼前，请于后台进行修改'),
(170, '阿玛尼', 'A', '珠宝手表', '04398121209932680_sm.jpg', 0, 1, 0, 1, 530, 0, '/data/upload/shop/editor/brand_default_max.jpg', '/data/upload/shop/editor/brand_default_small.jpg', '请于品牌管理里编辑我', '好商城提醒您：你当前的品牌介绍并没有填写！使用默认的这些会出现在你的眼前，请于后台进行修改'),
(171, '亨得利', 'H', '珠宝手表', '04398125089603514_sm.jpg', 0, 0, 0, 1, 530, 0, '/data/upload/shop/editor/brand_default_max.jpg', '/data/upload/shop/editor/brand_default_small.jpg', '请于品牌管理里编辑我', '好商城提醒您：你当前的品牌介绍并没有填写！使用默认的这些会出现在你的眼前，请于后台进行修改'),
(172, 'lux-women', 'L', '珠宝手表', '04398125296052150_sm.jpg', 0, 0, 0, 1, 530, 0, '/data/upload/shop/editor/brand_default_max.jpg', '/data/upload/shop/editor/brand_default_small.jpg', '请于品牌管理里编辑我', '好商城提醒您：你当前的品牌介绍并没有填写！使用默认的这些会出现在你的眼前，请于后台进行修改'),
(173, 'ooh Dear', 'O', '珠宝手表', '04398125473712411_sm.jpg', 0, 0, 0, 1, 530, 0, '/data/upload/shop/editor/brand_default_max.jpg', '/data/upload/shop/editor/brand_default_small.jpg', '请于品牌管理里编辑我', '好商城提醒您：你当前的品牌介绍并没有填写！使用默认的这些会出现在你的眼前，请于后台进行修改'),
(174, 'acer', 'A', '数码办公', '04398155389308089_sm.jpg', 0, 0, 0, 1, 256, 0, '/data/upload/shop/editor/brand_default_max.jpg', '/data/upload/shop/editor/brand_default_small.jpg', '请于品牌管理里编辑我', '好商城提醒您：你当前的品牌介绍并没有填写！使用默认的这些会出现在你的眼前，请于后台进行修改'),
(175, '清华同方', 'Q', '数码办公', '04398155613517981_sm.jpg', 0, 0, 0, 1, 256, 0, '/data/upload/shop/editor/brand_default_max.jpg', '/data/upload/shop/editor/brand_default_small.jpg', '请于品牌管理里编辑我', '好商城提醒您：你当前的品牌介绍并没有填写！使用默认的这些会出现在你的眼前，请于后台进行修改'),
(176, '富士通', 'F', '数码办公', '04398155751072786_sm.jpg', 0, 0, 0, 1, 256, 0, '/data/upload/shop/editor/brand_default_max.jpg', '/data/upload/shop/editor/brand_default_small.jpg', '请于品牌管理里编辑我', '好商城提醒您：你当前的品牌介绍并没有填写！使用默认的这些会出现在你的眼前，请于后台进行修改'),
(177, '微软', 'W', '数码办公', '04398155862912765_sm.jpg', 0, 0, 0, 1, 256, 0, '/data/upload/shop/editor/brand_default_max.jpg', '/data/upload/shop/editor/brand_default_small.jpg', '请于品牌管理里编辑我', '好商城提醒您：你当前的品牌介绍并没有填写！使用默认的这些会出现在你的眼前，请于后台进行修改'),
(178, '得力', 'D', '数码办公', '04398156045665837_sm.jpg', 0, 0, 0, 1, 256, 0, '/data/upload/shop/editor/brand_default_max.jpg', '/data/upload/shop/editor/brand_default_small.jpg', '请于品牌管理里编辑我', '好商城提醒您：你当前的品牌介绍并没有填写！使用默认的这些会出现在你的眼前，请于后台进行修改'),
(179, 'DELL', 'D', '数码办公', '04398156232757027_sm.jpg', 0, 1, 0, 1, 256, 0, '/data/upload/shop/editor/brand_default_max.jpg', '/data/upload/shop/editor/brand_default_small.jpg', '请于品牌管理里编辑我', '好商城提醒您：你当前的品牌介绍并没有填写！使用默认的这些会出现在你的眼前，请于后台进行修改'),
(180, 'ThinkPad', 'T', '数码办公', '04398156358858442_sm.jpg', 0, 0, 0, 1, 256, 0, '/data/upload/shop/editor/brand_default_max.jpg', '/data/upload/shop/editor/brand_default_small.jpg', '请于品牌管理里编辑我', '好商城提醒您：你当前的品牌介绍并没有填写！使用默认的这些会出现在你的眼前，请于后台进行修改'),
(181, '联想打印机', 'L', '数码办公', '04398156503421310_sm.jpg', 0, 0, 0, 1, 256, 0, '/data/upload/shop/editor/brand_default_max.jpg', '/data/upload/shop/editor/brand_default_small.jpg', '请于品牌管理里编辑我', '好商城提醒您：你当前的品牌介绍并没有填写！使用默认的这些会出现在你的眼前，请于后台进行修改'),
(182, '金士顿', 'J', '数码办公', '04398156705753579_sm.jpg', 0, 1, 0, 1, 256, 0, '/data/upload/shop/editor/brand_default_max.jpg', '/data/upload/shop/editor/brand_default_small.jpg', '请于品牌管理里编辑我', '好商城提醒您：你当前的品牌介绍并没有填写！使用默认的这些会出现在你的眼前，请于后台进行修改'),
(183, 'TP-LINK', 'T', '数码办公', '04398156873572761_sm.jpg', 0, 1, 0, 1, 256, 0, '/data/upload/shop/editor/brand_default_max.jpg', '/data/upload/shop/editor/brand_default_small.jpg', '请于品牌管理里编辑我', '好商城提醒您：你当前的品牌介绍并没有填写！使用默认的这些会出现在你的眼前，请于后台进行修改'),
(184, '华硕', 'H', '数码办公', '04398157012150899_sm.jpg', 0, 0, 0, 1, 256, 0, '/data/upload/shop/editor/brand_default_max.jpg', '/data/upload/shop/editor/brand_default_small.jpg', '请于品牌管理里编辑我', '好商城提醒您：你当前的品牌介绍并没有填写！使用默认的这些会出现在你的眼前，请于后台进行修改'),
(185, '罗技', 'L', '数码办公', '04398157235673753_sm.jpg', 0, 1, 0, 1, 256, 0, '/data/upload/shop/editor/brand_default_max.jpg', '/data/upload/shop/editor/brand_default_small.jpg', '请于品牌管理里编辑我', '好商城提醒您：你当前的品牌介绍并没有填写！使用默认的这些会出现在你的眼前，请于后台进行修改'),
(186, 'D-Link', 'D', '数码办公', '04398157356404105_sm.jpg', 0, 0, 0, 1, 256, 0, '/data/upload/shop/editor/brand_default_max.jpg', '/data/upload/shop/editor/brand_default_small.jpg', '请于品牌管理里编辑我', '好商城提醒您：你当前的品牌介绍并没有填写！使用默认的这些会出现在你的眼前，请于后台进行修改'),
(187, '雷蛇', 'L', '数码办公', '04398157472174891_sm.jpg', 0, 1, 0, 1, 256, 0, '/data/upload/shop/editor/brand_default_max.jpg', '/data/upload/shop/editor/brand_default_small.jpg', '请于品牌管理里编辑我', '好商城提醒您：你当前的品牌介绍并没有填写！使用默认的这些会出现在你的眼前，请于后台进行修改'),
(188, 'IT-CEO', 'I', '数码办公', '04398157595321784_sm.jpg', 0, 0, 0, 1, 256, 0, '/data/upload/shop/editor/brand_default_max.jpg', '/data/upload/shop/editor/brand_default_small.jpg', '请于品牌管理里编辑我', '好商城提醒您：你当前的品牌介绍并没有填写！使用默认的这些会出现在你的眼前，请于后台进行修改'),
(189, 'hyundri', 'H', '数码办公', '04398157712394024_sm.jpg', 0, 0, 0, 1, 256, 0, '/data/upload/shop/editor/brand_default_max.jpg', '/data/upload/shop/editor/brand_default_small.jpg', '请于品牌管理里编辑我', '好商城提醒您：你当前的品牌介绍并没有填写！使用默认的这些会出现在你的眼前，请于后台进行修改'),
(190, '惠普', 'H', '数码办公', '04398157881561725_sm.jpg', 0, 0, 0, 1, 256, 0, '/data/upload/shop/editor/brand_default_max.jpg', '/data/upload/shop/editor/brand_default_small.jpg', '请于品牌管理里编辑我', '好商城提醒您：你当前的品牌介绍并没有填写！使用默认的这些会出现在你的眼前，请于后台进行修改'),
(191, '迈乐', 'M', '数码办公', '04398158065769057_sm.jpg', 0, 0, 0, 1, 256, 0, '/data/upload/shop/editor/brand_default_max.jpg', '/data/upload/shop/editor/brand_default_small.jpg', '请于品牌管理里编辑我', '好商城提醒您：你当前的品牌介绍并没有填写！使用默认的这些会出现在你的眼前，请于后台进行修改'),
(192, '爱普生', 'A', '数码办公', '04398158266047493_sm.jpg', 0, 1, 0, 1, 256, 0, '/data/upload/shop/editor/brand_default_max.jpg', '/data/upload/shop/editor/brand_default_small.jpg', '请于品牌管理里编辑我', '好商城提醒您：你当前的品牌介绍并没有填写！使用默认的这些会出现在你的眼前，请于后台进行修改'),
(193, '三木', 'S', '数码办公', '04398158379932048_sm.jpg', 0, 0, 0, 1, 256, 0, '/data/upload/shop/editor/brand_default_max.jpg', '/data/upload/shop/editor/brand_default_small.jpg', '请于品牌管理里编辑我', '好商城提醒您：你当前的品牌介绍并没有填写！使用默认的这些会出现在你的眼前，请于后台进行修改'),
(194, '忆捷', 'Y', '数码办公', '04398158508475720_sm.jpg', 0, 0, 0, 1, 256, 0, '/data/upload/shop/editor/brand_default_max.jpg', '/data/upload/shop/editor/brand_default_small.jpg', '请于品牌管理里编辑我', '好商城提醒您：你当前的品牌介绍并没有填写！使用默认的这些会出现在你的眼前，请于后台进行修改'),
(195, '佰科', 'B', '数码办公', '04398158666713881_sm.jpg', 0, 0, 0, 1, 256, 0, '/data/upload/shop/editor/brand_default_max.jpg', '/data/upload/shop/editor/brand_default_small.jpg', '请于品牌管理里编辑我', '好商城提醒您：你当前的品牌介绍并没有填写！使用默认的这些会出现在你的眼前，请于后台进行修改'),
(196, '飞利浦', 'F', '数码办公', '04398158808225051_sm.jpg', 0, 1, 0, 1, 256, 0, '/data/upload/shop/editor/brand_default_max.jpg', '/data/upload/shop/editor/brand_default_small.jpg', '请于品牌管理里编辑我', '好商城提醒您：你当前的品牌介绍并没有填写！使用默认的这些会出现在你的眼前，请于后台进行修改'),
(197, '雷柏', 'L', '数码办公', '04398158987559915_sm.jpg', 0, 0, 0, 1, 256, 0, '/data/upload/shop/editor/brand_default_max.jpg', '/data/upload/shop/editor/brand_default_small.jpg', '请于品牌管理里编辑我', '好商城提醒您：你当前的品牌介绍并没有填写！使用默认的这些会出现在你的眼前，请于后台进行修改'),
(198, '双飞燕', 'S', '数码办公', '04398159147857437_sm.jpg', 0, 0, 0, 1, 256, 0, '/data/upload/shop/editor/brand_default_max.jpg', '/data/upload/shop/editor/brand_default_small.jpg', '请于品牌管理里编辑我', '好商城提醒您：你当前的品牌介绍并没有填写！使用默认的这些会出现在你的眼前，请于后台进行修改'),
(199, '网件', 'W', '数码办公', '04398159314915358_sm.jpg', 0, 0, 0, 1, 256, 0, '/data/upload/shop/editor/brand_default_max.jpg', '/data/upload/shop/editor/brand_default_small.jpg', '请于品牌管理里编辑我', '好商城提醒您：你当前的品牌介绍并没有填写！使用默认的这些会出现在你的眼前，请于后台进行修改'),
(200, '山泽', 'S', '数码办公', '04398159479959395_sm.jpg', 0, 0, 0, 1, 256, 0, '/data/upload/shop/editor/brand_default_max.jpg', '/data/upload/shop/editor/brand_default_small.jpg', '请于品牌管理里编辑我', '好商城提醒您：你当前的品牌介绍并没有填写！使用默认的这些会出现在你的眼前，请于后台进行修改'),
(201, '松下', 'S', '数码办公', '04398159595550035_sm.jpg', 0, 1, 0, 1, 256, 0, '/data/upload/shop/editor/brand_default_max.jpg', '/data/upload/shop/editor/brand_default_small.jpg', '请于品牌管理里编辑我', '好商城提醒您：你当前的品牌介绍并没有填写！使用默认的这些会出现在你的眼前，请于后台进行修改'),
(202, 'TPOS', 'T', '数码办公', '04398159795526441_sm.jpg', 0, 0, 0, 1, 256, 0, '/data/upload/shop/editor/brand_default_max.jpg', '/data/upload/shop/editor/brand_default_small.jpg', '请于品牌管理里编辑我', '好商城提醒您：你当前的品牌介绍并没有填写！使用默认的这些会出现在你的眼前，请于后台进行修改'),
(203, '富勒', 'F', '数码办公', '04398159927301628_sm.jpg', 0, 0, 0, 1, 256, 0, '/data/upload/shop/editor/brand_default_max.jpg', '/data/upload/shop/editor/brand_default_small.jpg', '请于品牌管理里编辑我', '好商城提醒您：你当前的品牌介绍并没有填写！使用默认的这些会出现在你的眼前，请于后台进行修改'),
(204, '北通', 'B', '数码办公', '04398160061664664_sm.jpg', 0, 0, 0, 1, 256, 0, '/data/upload/shop/editor/brand_default_max.jpg', '/data/upload/shop/editor/brand_default_small.jpg', '请于品牌管理里编辑我', '好商城提醒您：你当前的品牌介绍并没有填写！使用默认的这些会出现在你的眼前，请于后台进行修改'),
(205, 'romoss', 'R', '数码办公', '04398160187629402_sm.jpg', 0, 0, 0, 1, 256, 0, '/data/upload/shop/editor/brand_default_max.jpg', '/data/upload/shop/editor/brand_default_small.jpg', '请于品牌管理里编辑我', '好商城提醒您：你当前的品牌介绍并没有填写！使用默认的这些会出现在你的眼前，请于后台进行修改'),
(206, '索爱', 'S', '数码办公', '04398160348310562_sm.gif', 0, 1, 0, 1, 256, 0, '/data/upload/shop/editor/brand_default_max.jpg', '/data/upload/shop/editor/brand_default_small.jpg', '请于品牌管理里编辑我', '好商城提醒您：你当前的品牌介绍并没有填写！使用默认的这些会出现在你的眼前，请于后台进行修改'),
(207, '台电', 'T', '数码办公', '04398160575221477_sm.jpg', 0, 0, 0, 1, 256, 0, '/data/upload/shop/editor/brand_default_max.jpg', '/data/upload/shop/editor/brand_default_small.jpg', '请于品牌管理里编辑我', '好商城提醒您：你当前的品牌介绍并没有填写！使用默认的这些会出现在你的眼前，请于后台进行修改'),
(208, '三星', 'S', '数码办公', '04398160720944823_sm.jpg', 0, 1, 0, 1, 256, 0, '/data/upload/shop/editor/brand_default_max.jpg', '/data/upload/shop/editor/brand_default_small.jpg', '请于品牌管理里编辑我', '好商城提醒您：你当前的品牌介绍并没有填写！使用默认的这些会出现在你的眼前，请于后台进行修改'),
(209, '理光', 'L', '数码办公', '04398160857676307_sm.gif', 0, 0, 0, 1, 256, 0, '/data/upload/shop/editor/brand_default_max.jpg', '/data/upload/shop/editor/brand_default_small.jpg', '请于品牌管理里编辑我', '好商城提醒您：你当前的品牌介绍并没有填写！使用默认的这些会出现在你的眼前，请于后台进行修改'),
(210, '飞毛腿', 'F', '数码办公', '04398161023292593_sm.jpg', 0, 0, 0, 1, 256, 0, '/data/upload/shop/editor/brand_default_max.jpg', '/data/upload/shop/editor/brand_default_small.jpg', '请于品牌管理里编辑我', '好商城提醒您：你当前的品牌介绍并没有填写！使用默认的这些会出现在你的眼前，请于后台进行修改'),
(211, '阿尔卡特', 'A', '数码办公', '04398161143888870_sm.jpg', 0, 0, 0, 1, 256, 0, '/data/upload/shop/editor/brand_default_max.jpg', '/data/upload/shop/editor/brand_default_small.jpg', '请于品牌管理里编辑我', '好商城提醒您：你当前的品牌介绍并没有填写！使用默认的这些会出现在你的眼前，请于后台进行修改'),
(212, '诺基亚', 'N', '数码办公', '04398161259006857_sm.gif', 0, 0, 0, 1, 256, 0, '/data/upload/shop/editor/brand_default_max.jpg', '/data/upload/shop/editor/brand_default_small.jpg', '请于品牌管理里编辑我', '好商城提醒您：你当前的品牌介绍并没有填写！使用默认的这些会出现在你的眼前，请于后台进行修改'),
(213, '摩托罗拉', 'M', '数码办公', '04398161410885588_sm.gif', 0, 0, 0, 1, 256, 0, '/data/upload/shop/editor/brand_default_max.jpg', '/data/upload/shop/editor/brand_default_small.jpg', '请于品牌管理里编辑我', '好商城提醒您：你当前的品牌介绍并没有填写！使用默认的这些会出现在你的眼前，请于后台进行修改'),
(214, '苹果', 'P', '数码办公', '04398168923750202_sm.png', 0, 1, 0, 1, 256, 0, '/data/upload/shop/editor/brand_default_max.jpg', '/data/upload/shop/editor/brand_default_small.jpg', '请于品牌管理里编辑我', '好商城提醒您：你当前的品牌介绍并没有填写！使用默认的这些会出现在你的眼前，请于后台进行修改'),
(215, 'HTC', 'H', '数码办公', '04398169850955399_sm.jpg', 0, 0, 0, 1, 256, 0, '/data/upload/shop/editor/brand_default_max.jpg', '/data/upload/shop/editor/brand_default_small.jpg', '请于品牌管理里编辑我', '好商城提醒您：你当前的品牌介绍并没有填写！使用默认的这些会出现在你的眼前，请于后台进行修改'),
(216, '九阳', 'J', '家用电器', '04399844516657174_sm.jpg', 0, 0, 0, 1, 308, 0, '/data/upload/shop/editor/brand_default_max.jpg', '/data/upload/shop/editor/brand_default_small.jpg', '请于品牌管理里编辑我', '好商城提醒您：你当前的品牌介绍并没有填写！使用默认的这些会出现在你的眼前，请于后台进行修改'),
(217, '索尼', 'S', '家用电器', '04399833099806870_sm.gif', 0, 0, 0, 1, 308, 0, '/data/upload/shop/editor/brand_default_max.jpg', '/data/upload/shop/editor/brand_default_small.jpg', '请于品牌管理里编辑我', '好商城提醒您：你当前的品牌介绍并没有填写！使用默认的这些会出现在你的眼前，请于后台进行修改'),
(218, '格力', 'G', '家用电器', '04399833262328490_sm.jpg', 0, 0, 0, 1, 308, 0, '/data/upload/shop/editor/brand_default_max.jpg', '/data/upload/shop/editor/brand_default_small.jpg', '请于品牌管理里编辑我', '好商城提醒您：你当前的品牌介绍并没有填写！使用默认的这些会出现在你的眼前，请于后台进行修改'),
(219, '夏普', 'H', '家用电器', '04399833425234004_sm.jpg', 0, 0, 0, 1, 308, 0, '/data/upload/shop/editor/brand_default_max.jpg', '/data/upload/shop/editor/brand_default_small.jpg', '请于品牌管理里编辑我', '好商城提醒您：你当前的品牌介绍并没有填写！使用默认的这些会出现在你的眼前，请于后台进行修改'),
(220, '美的', 'M', '家用电器', '04399833601121412_sm.jpg', 0, 0, 0, 1, 308, 0, '/data/upload/shop/editor/brand_default_max.jpg', '/data/upload/shop/editor/brand_default_small.jpg', '请于品牌管理里编辑我', '好商城提醒您：你当前的品牌介绍并没有填写！使用默认的这些会出现在你的眼前，请于后台进行修改');
INSERT INTO `33hao_brand` (`brand_id`, `brand_name`, `brand_initial`, `brand_class`, `brand_pic`, `brand_sort`, `brand_recommend`, `store_id`, `brand_apply`, `class_id`, `show_type`, `brand_bgpic`, `brand_xbgpic`, `brand_tjstore`, `brand_introduction`) VALUES
(221, '博朗', 'B', '家用电器', '04399833768343488_sm.gif', 0, 0, 0, 1, 308, 0, '/data/upload/shop/editor/brand_default_max.jpg', '/data/upload/shop/editor/brand_default_small.jpg', '请于品牌管理里编辑我', '好商城提醒您：你当前的品牌介绍并没有填写！使用默认的这些会出现在你的眼前，请于后台进行修改'),
(222, 'TCL', 'T', '家用电器', '04399833953558287_sm.jpg', 0, 0, 0, 1, 308, 0, '/data/upload/shop/editor/brand_default_max.jpg', '/data/upload/shop/editor/brand_default_small.jpg', '请于品牌管理里编辑我', '好商城提醒您：你当前的品牌介绍并没有填写！使用默认的这些会出现在你的眼前，请于后台进行修改'),
(223, '欧姆龙', 'O', '家用电器', '04399834117653152_sm.gif', 0, 0, 0, 1, 308, 0, '/data/upload/shop/editor/brand_default_max.jpg', '/data/upload/shop/editor/brand_default_small.jpg', '请于品牌管理里编辑我', '好商城提醒您：你当前的品牌介绍并没有填写！使用默认的这些会出现在你的眼前，请于后台进行修改'),
(224, '苏泊尔', 'S', '家用电器', '04399834427362760_sm.jpg', 0, 0, 0, 1, 308, 0, '/data/upload/shop/editor/brand_default_max.jpg', '/data/upload/shop/editor/brand_default_small.jpg', '请于品牌管理里编辑我', '好商城提醒您：你当前的品牌介绍并没有填写！使用默认的这些会出现在你的眼前，请于后台进行修改'),
(225, '伊莱克斯', 'Y', '家用电器', '04399834676870929_sm.gif', 0, 0, 0, 1, 308, 0, '/data/upload/shop/editor/brand_default_max.jpg', '/data/upload/shop/editor/brand_default_small.jpg', '请于品牌管理里编辑我', '好商城提醒您：你当前的品牌介绍并没有填写！使用默认的这些会出现在你的眼前，请于后台进行修改'),
(226, '艾力斯特', 'A', '家用电器', '04399835435836906_sm.jpg', 0, 0, 0, 1, 308, 0, '/data/upload/shop/editor/brand_default_max.jpg', '/data/upload/shop/editor/brand_default_small.jpg', '请于品牌管理里编辑我', '好商城提醒您：你当前的品牌介绍并没有填写！使用默认的这些会出现在你的眼前，请于后台进行修改'),
(227, '西门子', 'X', '家用电器', '04399835594337307_sm.gif', 0, 0, 0, 1, 308, 0, '/data/upload/shop/editor/brand_default_max.jpg', '/data/upload/shop/editor/brand_default_small.jpg', '请于品牌管理里编辑我', '好商城提醒您：你当前的品牌介绍并没有填写！使用默认的这些会出现在你的眼前，请于后台进行修改'),
(228, '三菱电机', 'S', '家用电器', '04399835807315767_sm.gif', 0, 0, 0, 1, 308, 0, '/data/upload/shop/editor/brand_default_max.jpg', '/data/upload/shop/editor/brand_default_small.jpg', '请于品牌管理里编辑我', '好商城提醒您：你当前的品牌介绍并没有填写！使用默认的这些会出现在你的眼前，请于后台进行修改'),
(229, '奔腾', 'S', '家用电器', '04399836030618924_sm.jpg', 0, 0, 0, 1, 308, 0, '/data/upload/shop/editor/brand_default_max.jpg', '/data/upload/shop/editor/brand_default_small.jpg', '请于品牌管理里编辑我', '好商城提醒您：你当前的品牌介绍并没有填写！使用默认的这些会出现在你的眼前，请于后台进行修改'),
(230, '三洋', 'S', '家用电器', '04399836185660687_sm.gif', 0, 0, 0, 1, 308, 0, '/data/upload/shop/editor/brand_default_max.jpg', '/data/upload/shop/editor/brand_default_small.jpg', '请于品牌管理里编辑我', '好商城提醒您：你当前的品牌介绍并没有填写！使用默认的这些会出现在你的眼前，请于后台进行修改'),
(231, '大金', 'D', '家用电器', '04399836403301996_sm.jpg', 0, 0, 0, 1, 308, 0, '/data/upload/shop/editor/brand_default_max.jpg', '/data/upload/shop/editor/brand_default_small.jpg', '请于品牌管理里编辑我', '好商城提醒您：你当前的品牌介绍并没有填写！使用默认的这些会出现在你的眼前，请于后台进行修改'),
(232, '三星电器', 'S', '家用电器', '04399836619819860_sm.jpg', 0, 0, 0, 1, 308, 0, '/data/upload/shop/editor/brand_default_max.jpg', '/data/upload/shop/editor/brand_default_small.jpg', '请于品牌管理里编辑我', '好商城提醒您：你当前的品牌介绍并没有填写！使用默认的这些会出现在你的眼前，请于后台进行修改'),
(233, '海尔', 'H', '家用电器', '04399837024444210_sm.jpg', 0, 0, 0, 1, 308, 0, '/data/upload/shop/editor/brand_default_max.jpg', '/data/upload/shop/editor/brand_default_small.jpg', '请于品牌管理里编辑我', '好商城提醒您：你当前的品牌介绍并没有填写！使用默认的这些会出现在你的眼前，请于后台进行修改'),
(234, '格兰仕', 'G', '家用电器', '04399837873721609_sm.jpg', 0, 0, 0, 1, 308, 0, '/data/upload/shop/editor/brand_default_max.jpg', '/data/upload/shop/editor/brand_default_small.jpg', '请于品牌管理里编辑我', '好商城提醒您：你当前的品牌介绍并没有填写！使用默认的这些会出现在你的眼前，请于后台进行修改'),
(235, '海信', 'H', '家用电器', '04399838032416433_sm.jpg', 0, 0, 0, 1, 308, 0, '/data/upload/shop/editor/brand_default_max.jpg', '/data/upload/shop/editor/brand_default_small.jpg', '请于品牌管理里编辑我', '好商城提醒您：你当前的品牌介绍并没有填写！使用默认的这些会出现在你的眼前，请于后台进行修改'),
(236, '博世', 'B', '家用电器', '04399838243363042_sm.jpg', 0, 0, 0, 1, 308, 0, '/data/upload/shop/editor/brand_default_max.jpg', '/data/upload/shop/editor/brand_default_small.jpg', '请于品牌管理里编辑我', '好商城提醒您：你当前的品牌介绍并没有填写！使用默认的这些会出现在你的眼前，请于后台进行修改'),
(237, '老板', 'L', '家用电器', '04399838473427197_sm.jpg', 0, 0, 0, 1, 308, 0, '/data/upload/shop/editor/brand_default_max.jpg', '/data/upload/shop/editor/brand_default_small.jpg', '请于品牌管理里编辑我', '好商城提醒您：你当前的品牌介绍并没有填写！使用默认的这些会出现在你的眼前，请于后台进行修改'),
(238, '奥克斯', 'A', '家用电器', '04399838633002147_sm.jpg', 0, 0, 0, 1, 308, 0, '/data/upload/shop/editor/brand_default_max.jpg', '/data/upload/shop/editor/brand_default_small.jpg', '请于品牌管理里编辑我', '好商城提醒您：你当前的品牌介绍并没有填写！使用默认的这些会出现在你的眼前，请于后台进行修改'),
(239, 'LG', 'L', '家用电器', '04399838782976323_sm.jpg', 0, 0, 0, 1, 308, 0, '/data/upload/shop/editor/brand_default_max.jpg', '/data/upload/shop/editor/brand_default_small.jpg', '请于品牌管理里编辑我', '好商城提醒您：你当前的品牌介绍并没有填写！使用默认的这些会出现在你的眼前，请于后台进行修改'),
(240, '创维', 'C', '家用电器', '04399839110204841_sm.jpg', 0, 0, 0, 1, 308, 0, '/data/upload/shop/editor/brand_default_max.jpg', '/data/upload/shop/editor/brand_default_small.jpg', '请于品牌管理里编辑我', '好商城提醒您：你当前的品牌介绍并没有填写！使用默认的这些会出现在你的眼前，请于后台进行修改'),
(241, '松下电器', 'S', '家用电器', '04399839604098052_sm.gif', 0, 0, 0, 1, 308, 0, '/data/upload/shop/editor/brand_default_max.jpg', '/data/upload/shop/editor/brand_default_small.jpg', '请于品牌管理里编辑我', '好商城提醒您：你当前的品牌介绍并没有填写！使用默认的这些会出现在你的眼前，请于后台进行修改'),
(242, '中国联通', 'Z', '虚拟充值', '04399847297781057_sm.jpg', 0, 0, 0, 1, 1037, 0, '/data/upload/shop/editor/brand_default_max.jpg', '/data/upload/shop/editor/brand_default_small.jpg', '请于品牌管理里编辑我', '好商城提醒您：你当前的品牌介绍并没有填写！使用默认的这些会出现在你的眼前，请于后台进行修改'),
(243, '中国电信', 'Z', '虚拟充值', '04399847472066981_sm.jpg', 0, 0, 0, 1, 1037, 0, '/data/upload/shop/editor/brand_default_max.jpg', '/data/upload/shop/editor/brand_default_small.jpg', '请于品牌管理里编辑我', '好商城提醒您：你当前的品牌介绍并没有填写！使用默认的这些会出现在你的眼前，请于后台进行修改'),
(244, '中国移动', 'Z', '虚拟充值', '04399847612667714_sm.jpg', 0, 0, 0, 1, 1037, 0, '/data/upload/shop/editor/brand_default_max.jpg', '/data/upload/shop/editor/brand_default_small.jpg', '请于品牌管理里编辑我', '好商城提醒您：你当前的品牌介绍并没有填写！使用默认的这些会出现在你的眼前，请于后台进行修改'),
(245, '一品玉', 'Y', '食品饮料', '04399854316938195_sm.jpg', 0, 0, 0, 1, 593, 0, '/data/upload/shop/editor/brand_default_max.jpg', '/data/upload/shop/editor/brand_default_small.jpg', '请于品牌管理里编辑我', '好商城提醒您：你当前的品牌介绍并没有填写！使用默认的这些会出现在你的眼前，请于后台进行修改'),
(246, '金奥力', 'J', '食品饮料', '04399854503149255_sm.jpg', 0, 0, 0, 1, 593, 0, '/data/upload/shop/editor/brand_default_max.jpg', '/data/upload/shop/editor/brand_default_small.jpg', '请于品牌管理里编辑我', '好商城提醒您：你当前的品牌介绍并没有填写！使用默认的这些会出现在你的眼前，请于后台进行修改'),
(247, '北大荒', 'B', '食品饮料', '04399854638913791_sm.jpg', 0, 0, 0, 1, 593, 0, '/data/upload/shop/editor/brand_default_max.jpg', '/data/upload/shop/editor/brand_default_small.jpg', '请于品牌管理里编辑我', '好商城提醒您：你当前的品牌介绍并没有填写！使用默认的这些会出现在你的眼前，请于后台进行修改'),
(248, '健安喜', 'J', '食品饮料', '04399854806939714_sm.jpg', 0, 0, 0, 1, 593, 0, '/data/upload/shop/editor/brand_default_max.jpg', '/data/upload/shop/editor/brand_default_small.jpg', '请于品牌管理里编辑我', '好商城提醒您：你当前的品牌介绍并没有填写！使用默认的这些会出现在你的眼前，请于后台进行修改'),
(249, '屯河', 'T', '食品饮料', '04399854945115195_sm.jpg', 0, 0, 0, 1, 593, 0, '/data/upload/shop/editor/brand_default_max.jpg', '/data/upload/shop/editor/brand_default_small.jpg', '请于品牌管理里编辑我', '好商城提醒您：你当前的品牌介绍并没有填写！使用默认的这些会出现在你的眼前，请于后台进行修改'),
(250, '养生堂', 'Y', '食品饮料', '04399855140966866_sm.jpg', 0, 0, 0, 1, 593, 0, '/data/upload/shop/editor/brand_default_max.jpg', '/data/upload/shop/editor/brand_default_small.jpg', '请于品牌管理里编辑我', '好商城提醒您：你当前的品牌介绍并没有填写！使用默认的这些会出现在你的眼前，请于后台进行修改'),
(251, '同庆和堂', 'T', '食品饮料', '04399855332734276_sm.jpg', 0, 0, 0, 1, 593, 0, '/data/upload/shop/editor/brand_default_max.jpg', '/data/upload/shop/editor/brand_default_small.jpg', '请于品牌管理里编辑我', '好商城提醒您：你当前的品牌介绍并没有填写！使用默认的这些会出现在你的眼前，请于后台进行修改'),
(252, '黄飞红', 'H', '食品饮料', '04399855513686549_sm.jpg', 0, 0, 0, 1, 593, 0, '/data/upload/shop/editor/brand_default_max.jpg', '/data/upload/shop/editor/brand_default_small.jpg', '请于品牌管理里编辑我', '好商城提醒您：你当前的品牌介绍并没有填写！使用默认的这些会出现在你的眼前，请于后台进行修改'),
(253, '乐力', 'L', '食品饮料', '04399855699218750_sm.jpg', 0, 0, 0, 1, 593, 0, '/data/upload/shop/editor/brand_default_max.jpg', '/data/upload/shop/editor/brand_default_small.jpg', '请于品牌管理里编辑我', '好商城提醒您：你当前的品牌介绍并没有填写！使用默认的这些会出现在你的眼前，请于后台进行修改'),
(254, '汤臣倍健', 'T', '食品饮料', '04399855941379731_sm.jpg', 0, 0, 0, 1, 593, 0, '/data/upload/shop/editor/brand_default_max.jpg', '/data/upload/shop/editor/brand_default_small.jpg', '请于品牌管理里编辑我', '好商城提醒您：你当前的品牌介绍并没有填写！使用默认的这些会出现在你的眼前，请于后台进行修改'),
(255, '康比特', 'K', '食品饮料', '04399856135110739_sm.jpg', 0, 0, 0, 1, 593, 0, '/data/upload/shop/editor/brand_default_max.jpg', '/data/upload/shop/editor/brand_default_small.jpg', '请于品牌管理里编辑我', '好商城提醒您：你当前的品牌介绍并没有填写！使用默认的这些会出现在你的眼前，请于后台进行修改'),
(256, '喜瑞', 'X', '食品饮料', '04399856323294870_sm.jpg', 0, 0, 0, 1, 593, 0, '/data/upload/shop/editor/brand_default_max.jpg', '/data/upload/shop/editor/brand_default_small.jpg', '请于品牌管理里编辑我', '好商城提醒您：你当前的品牌介绍并没有填写！使用默认的这些会出现在你的眼前，请于后台进行修改'),
(257, '同仁堂', 'T', '食品饮料', '04399856454919811_sm.jpg', 0, 0, 0, 1, 593, 0, '/data/upload/shop/editor/brand_default_max.jpg', '/data/upload/shop/editor/brand_default_small.jpg', '请于品牌管理里编辑我', '好商城提醒您：你当前的品牌介绍并没有填写！使用默认的这些会出现在你的眼前，请于后台进行修改'),
(258, '白兰氏', 'B', '食品饮料', '04399856638765013_sm.jpg', 0, 0, 0, 1, 593, 0, '/data/upload/shop/editor/brand_default_max.jpg', '/data/upload/shop/editor/brand_default_small.jpg', '请于品牌管理里编辑我', '好商城提醒您：你当前的品牌介绍并没有填写！使用默认的这些会出现在你的眼前，请于后台进行修改'),
(259, 'Lumi', 'L', '食品饮料', '04399856804968818_sm.jpg', 0, 0, 0, 1, 593, 0, '/data/upload/shop/editor/brand_default_max.jpg', '/data/upload/shop/editor/brand_default_small.jpg', '请于品牌管理里编辑我', '好商城提醒您：你当前的品牌介绍并没有填写！使用默认的这些会出现在你的眼前，请于后台进行修改'),
(260, '新西兰十一坊', 'X', '食品饮料', '04399856948519746_sm.jpg', 0, 0, 0, 1, 593, 0, '/data/upload/shop/editor/brand_default_max.jpg', '/data/upload/shop/editor/brand_default_small.jpg', '请于品牌管理里编辑我', '好商城提醒您：你当前的品牌介绍并没有填写！使用默认的这些会出现在你的眼前，请于后台进行修改'),
(261, '自然之宝', 'Z', '食品饮料', '04399857092677752_sm.jpg', 0, 0, 0, 1, 593, 0, '/data/upload/shop/editor/brand_default_max.jpg', '/data/upload/shop/editor/brand_default_small.jpg', '请于品牌管理里编辑我', '好商城提醒您：你当前的品牌介绍并没有填写！使用默认的这些会出现在你的眼前，请于后台进行修改'),
(262, '善存', 'S', '食品饮料', '04399857246559825_sm.jpg', 0, 0, 0, 1, 593, 0, '/data/upload/shop/editor/brand_default_max.jpg', '/data/upload/shop/editor/brand_default_small.jpg', '请于品牌管理里编辑我', '好商城提醒您：你当前的品牌介绍并没有填写！使用默认的这些会出现在你的眼前，请于后台进行修改'),
(263, '长城葡萄酒', 'C', '食品饮料', '04399857399887704_sm.jpg', 0, 0, 0, 1, 593, 0, '/data/upload/shop/editor/brand_default_max.jpg', '/data/upload/shop/editor/brand_default_small.jpg', '请于品牌管理里编辑我', '好商城提醒您：你当前的品牌介绍并没有填写！使用默认的这些会出现在你的眼前，请于后台进行修改'),
(264, '凯镛', 'K', '食品饮料', '04399857579422195_sm.jpg', 0, 0, 0, 1, 593, 0, '/data/upload/shop/editor/brand_default_max.jpg', '/data/upload/shop/editor/brand_default_small.jpg', '请于品牌管理里编辑我', '好商城提醒您：你当前的品牌介绍并没有填写！使用默认的这些会出现在你的眼前，请于后台进行修改'),
(267, '惠氏', 'H', '母婴用品', '04399878077210018_sm.jpg', 0, 0, 0, 1, 959, 0, '/data/upload/shop/editor/brand_default_max.jpg', '/data/upload/shop/editor/brand_default_small.jpg', '请于品牌管理里编辑我', '好商城提醒您：你当前的品牌介绍并没有填写！使用默认的这些会出现在你的眼前，请于后台进行修改'),
(268, 'lala布书', 'L', '母婴用品', '04399878481448839_sm.jpg', 0, 0, 0, 1, 959, 0, '/data/upload/shop/editor/brand_default_max.jpg', '/data/upload/shop/editor/brand_default_small.jpg', '请于品牌管理里编辑我', '好商城提醒您：你当前的品牌介绍并没有填写！使用默认的这些会出现在你的眼前，请于后台进行修改'),
(269, '美赞臣', 'M', '母婴用品', '04399878617014779_sm.jpg', 0, 0, 0, 1, 959, 0, '/data/upload/shop/editor/brand_default_max.jpg', '/data/upload/shop/editor/brand_default_small.jpg', '请于品牌管理里编辑我', '好商城提醒您：你当前的品牌介绍并没有填写！使用默认的这些会出现在你的眼前，请于后台进行修改'),
(270, '好奇', 'H', '母婴用品', '04399878791943342_sm.jpg', 0, 0, 0, 1, 959, 0, '/data/upload/shop/editor/brand_default_max.jpg', '/data/upload/shop/editor/brand_default_small.jpg', '请于品牌管理里编辑我', '好商城提醒您：你当前的品牌介绍并没有填写！使用默认的这些会出现在你的眼前，请于后台进行修改'),
(271, '多美', 'D', '母婴用品', '04399878980307860_sm.jpg', 0, 0, 0, 1, 959, 0, '/data/upload/shop/editor/brand_default_max.jpg', '/data/upload/shop/editor/brand_default_small.jpg', '请于品牌管理里编辑我', '好商城提醒您：你当前的品牌介绍并没有填写！使用默认的这些会出现在你的眼前，请于后台进行修改'),
(272, '嘉宝', 'J', '母婴用品', '04399879383821119_sm.jpg', 0, 0, 0, 1, 959, 0, '/data/upload/shop/editor/brand_default_max.jpg', '/data/upload/shop/editor/brand_default_small.jpg', '请于品牌管理里编辑我', '好商城提醒您：你当前的品牌介绍并没有填写！使用默认的这些会出现在你的眼前，请于后台进行修改'),
(273, '孩之宝', 'H', '母婴用品', '04399879573077116_sm.jpg', 0, 0, 0, 1, 959, 0, '/data/upload/shop/editor/brand_default_max.jpg', '/data/upload/shop/editor/brand_default_small.jpg', '请于品牌管理里编辑我', '好商城提醒您：你当前的品牌介绍并没有填写！使用默认的这些会出现在你的眼前，请于后台进行修改'),
(274, '嗳呵', 'A', '母婴用品', '04399879712252398_sm.jpg', 0, 0, 0, 1, 959, 0, '/data/upload/shop/editor/brand_default_max.jpg', '/data/upload/shop/editor/brand_default_small.jpg', '请于品牌管理里编辑我', '好商城提醒您：你当前的品牌介绍并没有填写！使用默认的这些会出现在你的眼前，请于后台进行修改'),
(275, '美斯特伦', 'M', '母婴用品', '04399879861821747_sm.jpg', 0, 0, 0, 1, 959, 0, '/data/upload/shop/editor/brand_default_max.jpg', '/data/upload/shop/editor/brand_default_small.jpg', '请于品牌管理里编辑我', '好商城提醒您：你当前的品牌介绍并没有填写！使用默认的这些会出现在你的眼前，请于后台进行修改'),
(276, '乐高', 'L', '母婴用品', '04399880083330972_sm.jpg', 0, 0, 0, 1, 959, 0, '/data/upload/shop/editor/brand_default_max.jpg', '/data/upload/shop/editor/brand_default_small.jpg', '请于品牌管理里编辑我', '好商城提醒您：你当前的品牌介绍并没有填写！使用默认的这些会出现在你的眼前，请于后台进行修改'),
(277, '芭比', 'B', '母婴用品', '04399880244694286_sm.jpg', 0, 0, 0, 1, 959, 0, '/data/upload/shop/editor/brand_default_max.jpg', '/data/upload/shop/editor/brand_default_small.jpg', '请于品牌管理里编辑我', '好商城提醒您：你当前的品牌介绍并没有填写！使用默认的这些会出现在你的眼前，请于后台进行修改'),
(278, 'NUK', 'N', '母婴用品', '04399880420786755_sm.jpg', 0, 0, 0, 1, 959, 0, '/data/upload/shop/editor/brand_default_max.jpg', '/data/upload/shop/editor/brand_default_small.jpg', '请于品牌管理里编辑我', '好商城提醒您：你当前的品牌介绍并没有填写！使用默认的这些会出现在你的眼前，请于后台进行修改'),
(279, '魔法玉米', 'M', '母婴用品', '04399880604749242_sm.jpg', 0, 0, 0, 1, 959, 0, '/data/upload/shop/editor/brand_default_max.jpg', '/data/upload/shop/editor/brand_default_small.jpg', '请于品牌管理里编辑我', '好商城提醒您：你当前的品牌介绍并没有填写！使用默认的这些会出现在你的眼前，请于后台进行修改'),
(280, '宝贝第一', 'B', '母婴用品', '04399880757446523_sm.jpg', 0, 0, 0, 1, 959, 0, '/data/upload/shop/editor/brand_default_max.jpg', '/data/upload/shop/editor/brand_default_small.jpg', '请于品牌管理里编辑我', '好商城提醒您：你当前的品牌介绍并没有填写！使用默认的这些会出现在你的眼前，请于后台进行修改'),
(281, '强生', 'Q', '母婴用品', '04399880892528550_sm.jpg', 0, 0, 0, 1, 959, 0, '/data/upload/shop/editor/brand_default_max.jpg', '/data/upload/shop/editor/brand_default_small.jpg', '请于品牌管理里编辑我', '好商城提醒您：你当前的品牌介绍并没有填写！使用默认的这些会出现在你的眼前，请于后台进行修改'),
(282, '澳优', 'A', '母婴用品', '04399881087936122_sm.jpg', 0, 0, 0, 1, 959, 0, '/data/upload/shop/editor/brand_default_max.jpg', '/data/upload/shop/editor/brand_default_small.jpg', '请于品牌管理里编辑我', '好商城提醒您：你当前的品牌介绍并没有填写！使用默认的这些会出现在你的眼前，请于后台进行修改'),
(283, '木马智慧', 'M', '母婴用品', '04399881246572965_sm.jpg', 0, 0, 0, 1, 959, 0, '/data/upload/shop/editor/brand_default_max.jpg', '/data/upload/shop/editor/brand_default_small.jpg', '请于品牌管理里编辑我', '好商城提醒您：你当前的品牌介绍并没有填写！使用默认的这些会出现在你的眼前，请于后台进行修改'),
(284, '百立乐', 'B', '母婴用品', '04399881709264364_sm.jpg', 0, 0, 0, 1, 959, 0, '/data/upload/shop/editor/brand_default_max.jpg', '/data/upload/shop/editor/brand_default_small.jpg', '请于品牌管理里编辑我', '好商城提醒您：你当前的品牌介绍并没有填写！使用默认的这些会出现在你的眼前，请于后台进行修改'),
(285, '雀巢', 'Q', '母婴用品', '04399881950170970_sm.jpg', 0, 0, 0, 1, 959, 0, '/data/upload/shop/editor/brand_default_max.jpg', '/data/upload/shop/editor/brand_default_small.jpg', '请于品牌管理里编辑我', '好商城提醒您：你当前的品牌介绍并没有填写！使用默认的这些会出现在你的眼前，请于后台进行修改'),
(286, '帮宝适', 'B', '母婴用品', '04399882134949479_sm.jpg', 0, 0, 0, 1, 959, 0, '/data/upload/shop/editor/brand_default_max.jpg', '/data/upload/shop/editor/brand_default_small.jpg', '请于品牌管理里编辑我', '好商城提醒您：你当前的品牌介绍并没有填写！使用默认的这些会出现在你的眼前，请于后台进行修改'),
(287, '万代', 'W', '母婴用品', '04399882291234767_sm.jpg', 0, 0, 0, 1, 959, 0, '/data/upload/shop/editor/brand_default_max.jpg', '/data/upload/shop/editor/brand_default_small.jpg', '请于品牌管理里编辑我', '好商城提醒您：你当前的品牌介绍并没有填写！使用默认的这些会出现在你的眼前，请于后台进行修改'),
(288, '亲贝', 'Q', '母婴用品', '04399882442124015_sm.jpg', 0, 0, 0, 1, 959, 0, '/data/upload/shop/editor/brand_default_max.jpg', '/data/upload/shop/editor/brand_default_small.jpg', '请于品牌管理里编辑我', '好商城提醒您：你当前的品牌介绍并没有填写！使用默认的这些会出现在你的眼前，请于后台进行修改'),
(289, '十月天使', 'S', '母婴用品', '04399882581513663_sm.jpg', 0, 0, 0, 1, 959, 0, '/data/upload/shop/editor/brand_default_max.jpg', '/data/upload/shop/editor/brand_default_small.jpg', '请于品牌管理里编辑我', '好商城提醒您：你当前的品牌介绍并没有填写！使用默认的这些会出现在你的眼前，请于后台进行修改'),
(290, '多美滋', 'D', '母婴用品', '04399882826616164_sm.jpg', 0, 0, 0, 1, 959, 0, '/data/upload/shop/editor/brand_default_max.jpg', '/data/upload/shop/editor/brand_default_small.jpg', '请于品牌管理里编辑我', '好商城提醒您：你当前的品牌介绍并没有填写！使用默认的这些会出现在你的眼前，请于后台进行修改'),
(291, '星辉', 'X', '母婴用品', '04399882966084988_sm.jpg', 0, 0, 0, 1, 959, 0, '/data/upload/shop/editor/brand_default_max.jpg', '/data/upload/shop/editor/brand_default_small.jpg', '请于品牌管理里编辑我', '好商城提醒您：你当前的品牌介绍并没有填写！使用默认的这些会出现在你的眼前，请于后台进行修改'),
(292, '布朗博士', 'B', '母婴用品', '04399883157641690_sm.jpg', 0, 0, 0, 1, 959, 0, '/data/upload/shop/editor/brand_default_max.jpg', '/data/upload/shop/editor/brand_default_small.jpg', '请于品牌管理里编辑我', '好商城提醒您：你当前的品牌介绍并没有填写！使用默认的这些会出现在你的眼前，请于后台进行修改'),
(293, '新安怡', 'X', '母婴用品', '04399883297614786_sm.jpg', 0, 0, 0, 1, 959, 0, '/data/upload/shop/editor/brand_default_max.jpg', '/data/upload/shop/editor/brand_default_small.jpg', '请于品牌管理里编辑我', '好商城提醒您：你当前的品牌介绍并没有填写！使用默认的这些会出现在你的眼前，请于后台进行修改'),
(294, '费雪', 'F', '母婴用品', '04399883534332035_sm.jpg', 0, 0, 0, 1, 959, 0, '/data/upload/shop/editor/brand_default_max.jpg', '/data/upload/shop/editor/brand_default_small.jpg', '请于品牌管理里编辑我', '好商城提醒您：你当前的品牌介绍并没有填写！使用默认的这些会出现在你的眼前，请于后台进行修改'),
(295, 'Hipp', 'H', '母婴用品', '04399883690219411_sm.jpg', 0, 0, 0, 1, 959, 0, '/data/upload/shop/editor/brand_default_max.jpg', '/data/upload/shop/editor/brand_default_small.jpg', '请于品牌管理里编辑我', '好商城提醒您：你当前的品牌介绍并没有填写！使用默认的这些会出现在你的眼前，请于后台进行修改'),
(296, '新大王', 'X', '母婴用品', '04399883855598553_sm.jpg', 0, 0, 0, 1, 959, 0, '/data/upload/shop/editor/brand_default_max.jpg', '/data/upload/shop/editor/brand_default_small.jpg', '请于品牌管理里编辑我', '好商城提醒您：你当前的品牌介绍并没有填写！使用默认的这些会出现在你的眼前，请于后台进行修改'),
(297, '雅培', 'Y', '母婴用品', '04399884035362889_sm.jpg', 0, 0, 0, 1, 959, 0, '/data/upload/shop/editor/brand_default_max.jpg', '/data/upload/shop/editor/brand_default_small.jpg', '请于品牌管理里编辑我', '好商城提醒您：你当前的品牌介绍并没有填写！使用默认的这些会出现在你的眼前，请于后台进行修改'),
(298, '亨氏', 'H', '母婴用品', '04399884182772511_sm.jpg', 0, 0, 0, 1, 959, 0, '/data/upload/shop/editor/brand_default_max.jpg', '/data/upload/shop/editor/brand_default_small.jpg', '请于品牌管理里编辑我', '好商城提醒您：你当前的品牌介绍并没有填写！使用默认的这些会出现在你的眼前，请于后台进行修改'),
(299, '十月妈咪', 'S', '母婴用品', '04399884360526483_sm.jpg', 0, 0, 0, 1, 959, 0, '/data/upload/shop/editor/brand_default_max.jpg', '/data/upload/shop/editor/brand_default_small.jpg', '请于品牌管理里编辑我', '好商城提醒您：你当前的品牌介绍并没有填写！使用默认的这些会出现在你的眼前，请于后台进行修改'),
(300, '好孩子', 'H', '母婴用品', '04399884512865285_sm.jpg', 0, 0, 0, 1, 959, 0, '/data/upload/shop/editor/brand_default_max.jpg', '/data/upload/shop/editor/brand_default_small.jpg', '请于品牌管理里编辑我', '好商城提醒您：你当前的品牌介绍并没有填写！使用默认的这些会出现在你的眼前，请于后台进行修改'),
(301, '婴姿坊', 'Y', '母婴用品', '04399884644632532_sm.jpg', 0, 0, 0, 1, 959, 0, '/data/upload/shop/editor/brand_default_max.jpg', '/data/upload/shop/editor/brand_default_small.jpg', '请于品牌管理里编辑我', '好商城提醒您：你当前的品牌介绍并没有填写！使用默认的这些会出现在你的眼前，请于后台进行修改'),
(302, '妈咪宝贝', 'M', '母婴用品', '04399884799920935_sm.jpg', 0, 0, 0, 1, 959, 0, '/data/upload/shop/editor/brand_default_max.jpg', '/data/upload/shop/editor/brand_default_small.jpg', '请于品牌管理里编辑我', '好商城提醒您：你当前的品牌介绍并没有填写！使用默认的这些会出现在你的眼前，请于后台进行修改'),
(303, '直觉', 'Z', '运动健康', '04399889262024650_sm.jpg', 0, 0, 0, 1, 662, 0, '/data/upload/shop/editor/brand_default_max.jpg', '/data/upload/shop/editor/brand_default_small.jpg', '请于品牌管理里编辑我', '好商城提醒您：你当前的品牌介绍并没有填写！使用默认的这些会出现在你的眼前，请于后台进行修改'),
(304, '世达球', 'S', '运动健康', '04399889410183423_sm.jpg', 0, 0, 0, 1, 662, 0, '/data/upload/shop/editor/brand_default_max.jpg', '/data/upload/shop/editor/brand_default_small.jpg', '请于品牌管理里编辑我', '好商城提醒您：你当前的品牌介绍并没有填写！使用默认的这些会出现在你的眼前，请于后台进行修改'),
(305, '悠度', 'Y', '运动健康', '04399889744222357_sm.jpg', 0, 0, 0, 1, 662, 0, '/data/upload/shop/editor/brand_default_max.jpg', '/data/upload/shop/editor/brand_default_small.jpg', '请于品牌管理里编辑我', '好商城提醒您：你当前的品牌介绍并没有填写！使用默认的这些会出现在你的眼前，请于后台进行修改'),
(306, '威尔胜', 'W', '运动健康', '04399889941968796_sm.jpg', 0, 0, 0, 1, 662, 0, '/data/upload/shop/editor/brand_default_max.jpg', '/data/upload/shop/editor/brand_default_small.jpg', '请于品牌管理里编辑我', '好商城提醒您：你当前的品牌介绍并没有填写！使用默认的这些会出现在你的眼前，请于后台进行修改'),
(307, '远洋瑜伽', 'Y', '运动健康', '04399890266352034_sm.jpg', 0, 0, 0, 1, 662, 0, '/data/upload/shop/editor/brand_default_max.jpg', '/data/upload/shop/editor/brand_default_small.jpg', '请于品牌管理里编辑我', '好商城提醒您：你当前的品牌介绍并没有填写！使用默认的这些会出现在你的眼前，请于后台进行修改'),
(308, '信乐', 'X', '运动健康', '04399890429362085_sm.jpg', 0, 0, 0, 1, 662, 0, '/data/upload/shop/editor/brand_default_max.jpg', '/data/upload/shop/editor/brand_default_small.jpg', '请于品牌管理里编辑我', '好商城提醒您：你当前的品牌介绍并没有填写！使用默认的这些会出现在你的眼前，请于后台进行修改'),
(309, '诺可文', 'N', '运动健康', '04399890643925803_sm.jpg', 0, 0, 0, 1, 662, 0, '/data/upload/shop/editor/brand_default_max.jpg', '/data/upload/shop/editor/brand_default_small.jpg', '请于品牌管理里编辑我', '好商城提醒您：你当前的品牌介绍并没有填写！使用默认的这些会出现在你的眼前，请于后台进行修改'),
(310, '艾威', 'A', '运动健康', '04399890796771131_sm.jpg', 0, 0, 0, 1, 662, 0, '/data/upload/shop/editor/brand_default_max.jpg', '/data/upload/shop/editor/brand_default_small.jpg', '请于品牌管理里编辑我', '好商城提醒您：你当前的品牌介绍并没有填写！使用默认的这些会出现在你的眼前，请于后台进行修改'),
(311, 'LELO', 'L', '运动健康', '04399890952734102_sm.jpg', 0, 0, 0, 1, 662, 0, '/data/upload/shop/editor/brand_default_max.jpg', '/data/upload/shop/editor/brand_default_small.jpg', '请于品牌管理里编辑我', '好商城提醒您：你当前的品牌介绍并没有填写！使用默认的这些会出现在你的眼前，请于后台进行修改'),
(312, '乔山', 'Q', '运动健康', '04399891122713199_sm.jpg', 0, 0, 0, 1, 662, 0, '/data/upload/shop/editor/brand_default_max.jpg', '/data/upload/shop/editor/brand_default_small.jpg', '请于品牌管理里编辑我', '好商城提醒您：你当前的品牌介绍并没有填写！使用默认的这些会出现在你的眼前，请于后台进行修改'),
(313, '皮克朋', 'P', '运动健康', '04399891285897466_sm.jpg', 0, 0, 0, 1, 662, 0, '/data/upload/shop/editor/brand_default_max.jpg', '/data/upload/shop/editor/brand_default_small.jpg', '请于品牌管理里编辑我', '好商城提醒您：你当前的品牌介绍并没有填写！使用默认的这些会出现在你的眼前，请于后台进行修改'),
(314, '捷安特', 'J', '运动健康', '04399891438458842_sm.jpg', 0, 0, 0, 1, 662, 0, '/data/upload/shop/editor/brand_default_max.jpg', '/data/upload/shop/editor/brand_default_small.jpg', '请于品牌管理里编辑我', '好商城提醒您：你当前的品牌介绍并没有填写！使用默认的这些会出现在你的眼前，请于后台进行修改'),
(315, '开普特', 'K', '运动健康', '04399891598799644_sm.jpg', 0, 0, 0, 1, 662, 0, '/data/upload/shop/editor/brand_default_max.jpg', '/data/upload/shop/editor/brand_default_small.jpg', '请于品牌管理里编辑我', '好商城提醒您：你当前的品牌介绍并没有填写！使用默认的这些会出现在你的眼前，请于后台进行修改'),
(316, '火枫', 'H', '运动健康', '04399891771381530_sm.jpg', 0, 0, 0, 1, 662, 0, '/data/upload/shop/editor/brand_default_max.jpg', '/data/upload/shop/editor/brand_default_small.jpg', '请于品牌管理里编辑我', '好商城提醒您：你当前的品牌介绍并没有填写！使用默认的这些会出现在你的眼前，请于后台进行修改'),
(317, 'INDEED', 'I', '运动健康', '04399891911058029_sm.jpg', 0, 0, 0, 1, 662, 0, '/data/upload/shop/editor/brand_default_max.jpg', '/data/upload/shop/editor/brand_default_small.jpg', '请于品牌管理里编辑我', '好商城提醒您：你当前的品牌介绍并没有填写！使用默认的这些会出现在你的眼前，请于后台进行修改'),
(318, '欧亚马', 'O', '运动健康', '04399892067310657_sm.jpg', 0, 0, 0, 1, 662, 0, '/data/upload/shop/editor/brand_default_max.jpg', '/data/upload/shop/editor/brand_default_small.jpg', '请于品牌管理里编辑我', '好商城提醒您：你当前的品牌介绍并没有填写！使用默认的这些会出现在你的眼前，请于后台进行修改'),
(319, '李斯特', 'L', '运动健康', '04399892199751417_sm.jpg', 0, 0, 0, 1, 662, 0, '/data/upload/shop/editor/brand_default_max.jpg', '/data/upload/shop/editor/brand_default_small.jpg', '请于品牌管理里编辑我', '好商城提醒您：你当前的品牌介绍并没有填写！使用默认的这些会出现在你的眼前，请于后台进行修改'),
(320, '乐美福', 'L', '运动健康', '04399892359082323_sm.jpg', 0, 0, 0, 1, 662, 0, '/data/upload/shop/editor/brand_default_max.jpg', '/data/upload/shop/editor/brand_default_small.jpg', '请于品牌管理里编辑我', '好商城提醒您：你当前的品牌介绍并没有填写！使用默认的这些会出现在你的眼前，请于后台进行修改'),
(321, '以比赞', 'Y', '运动健康', '04399892526357198_sm.jpg', 0, 0, 0, 1, 662, 0, '/data/upload/shop/editor/brand_default_max.jpg', '/data/upload/shop/editor/brand_default_small.jpg', '请于品牌管理里编辑我', '好商城提醒您：你当前的品牌介绍并没有填写！使用默认的这些会出现在你的眼前，请于后台进行修改'),
(322, '皮尔瑜伽', 'P', '运动健康', '04399893307910546_sm.jpg', 0, 0, 0, 1, 662, 0, '/data/upload/shop/editor/brand_default_max.jpg', '/data/upload/shop/editor/brand_default_small.jpg', '请于品牌管理里编辑我', '好商城提醒您：你当前的品牌介绍并没有填写！使用默认的这些会出现在你的眼前，请于后台进行修改'),
(323, '以诗萜', 'Y', '运动健康', '04399893452531024_sm.jpg', 0, 0, 0, 1, 662, 0, '/data/upload/shop/editor/brand_default_max.jpg', '/data/upload/shop/editor/brand_default_small.jpg', '请于品牌管理里编辑我', '好商城提醒您：你当前的品牌介绍并没有填写！使用默认的这些会出现在你的眼前，请于后台进行修改'),
(324, '斯伯丁', 'S', '运动健康', '04399893596931049_sm.jpg', 0, 0, 0, 1, 662, 0, '/data/upload/shop/editor/brand_default_max.jpg', '/data/upload/shop/editor/brand_default_small.jpg', '请于品牌管理里编辑我', '好商城提醒您：你当前的品牌介绍并没有填写！使用默认的这些会出现在你的眼前，请于后台进行修改'),
(326, '玛克', 'M', '', '04399902137097199_sm.jpg', 0, 0, 0, 1, 0, 0, '/data/upload/shop/editor/brand_default_max.jpg', '/data/upload/shop/editor/brand_default_small.jpg', '请于品牌管理里编辑我', '好商城提醒您：你当前的品牌介绍并没有填写！使用默认的这些会出现在你的眼前，请于后台进行修改'),
(327, '美好家', 'M', '', '04399902244747580_sm.jpg', 0, 0, 0, 1, 0, 0, '/data/upload/shop/editor/brand_default_max.jpg', '/data/upload/shop/editor/brand_default_small.jpg', '请于品牌管理里编辑我', '好商城提醒您：你当前的品牌介绍并没有填写！使用默认的这些会出现在你的眼前，请于后台进行修改'),
(328, '溢彩年华', 'Y', '', '04399902391635130_sm.jpg', 0, 0, 0, 1, 0, 0, '/data/upload/shop/editor/brand_default_max.jpg', '/data/upload/shop/editor/brand_default_small.jpg', '请于品牌管理里编辑我', '好商城提醒您：你当前的品牌介绍并没有填写！使用默认的这些会出现在你的眼前，请于后台进行修改'),
(329, '欧司朗', 'O', '', '04399902537418591_sm.jpg', 0, 0, 0, 1, 0, 0, '/data/upload/shop/editor/brand_default_max.jpg', '/data/upload/shop/editor/brand_default_small.jpg', '请于品牌管理里编辑我', '好商城提醒您：你当前的品牌介绍并没有填写！使用默认的这些会出现在你的眼前，请于后台进行修改'),
(330, '世家洁具', 'S', '', '04399902668760247_sm.jpg', 0, 0, 0, 1, 0, 0, '/data/upload/shop/editor/brand_default_max.jpg', '/data/upload/shop/editor/brand_default_small.jpg', '请于品牌管理里编辑我', '好商城提醒您：你当前的品牌介绍并没有填写！使用默认的这些会出现在你的眼前，请于后台进行修改'),
(331, '天堂伞', 'T', '', '04399902780394855_sm.jpg', 0, 0, 0, 1, 0, 0, '/data/upload/shop/editor/brand_default_max.jpg', '/data/upload/shop/editor/brand_default_small.jpg', '请于品牌管理里编辑我', '好商城提醒您：你当前的品牌介绍并没有填写！使用默认的这些会出现在你的眼前，请于后台进行修改'),
(332, '慧乐家', 'H', '', '04399902896835151_sm.jpg', 0, 0, 0, 1, 0, 0, '/data/upload/shop/editor/brand_default_max.jpg', '/data/upload/shop/editor/brand_default_small.jpg', '请于品牌管理里编辑我', '好商城提醒您：你当前的品牌介绍并没有填写！使用默认的这些会出现在你的眼前，请于后台进行修改'),
(333, '希格', 'X', '', '04399903024936544_sm.jpg', 0, 0, 0, 1, 0, 0, '/data/upload/shop/editor/brand_default_max.jpg', '/data/upload/shop/editor/brand_default_small.jpg', '请于品牌管理里编辑我', '好商城提醒您：你当前的品牌介绍并没有填写！使用默认的这些会出现在你的眼前，请于后台进行修改'),
(334, '生活诚品', 'S', '', '04399903153847612_sm.jpg', 0, 0, 0, 1, 0, 0, '/data/upload/shop/editor/brand_default_max.jpg', '/data/upload/shop/editor/brand_default_small.jpg', '请于品牌管理里编辑我', '好商城提醒您：你当前的品牌介绍并没有填写！使用默认的这些会出现在你的眼前，请于后台进行修改'),
(335, '爱仕达', 'A', '', '04399903259361371_sm.jpg', 0, 0, 0, 1, 0, 0, '/data/upload/shop/editor/brand_default_max.jpg', '/data/upload/shop/editor/brand_default_small.jpg', '请于品牌管理里编辑我', '好商城提醒您：你当前的品牌介绍并没有填写！使用默认的这些会出现在你的眼前，请于后台进行修改'),
(336, '罗莱', 'L', '', '04399903404912119_sm.jpg', 0, 0, 0, 1, 0, 0, '/data/upload/shop/editor/brand_default_max.jpg', '/data/upload/shop/editor/brand_default_small.jpg', '请于品牌管理里编辑我', '好商城提醒您：你当前的品牌介绍并没有填写！使用默认的这些会出现在你的眼前，请于后台进行修改'),
(337, '索客', 'S', '', '04399903541756673_sm.jpg', 0, 0, 0, 1, 0, 0, '/data/upload/shop/editor/brand_default_max.jpg', '/data/upload/shop/editor/brand_default_small.jpg', '请于品牌管理里编辑我', '好商城提醒您：你当前的品牌介绍并没有填写！使用默认的这些会出现在你的眼前，请于后台进行修改'),
(338, '好事达', 'H', '', '04399903715622158_sm.jpg', 0, 0, 0, 1, 0, 0, '/data/upload/shop/editor/brand_default_max.jpg', '/data/upload/shop/editor/brand_default_small.jpg', '请于品牌管理里编辑我', '好商城提醒您：你当前的品牌介绍并没有填写！使用默认的这些会出现在你的眼前，请于后台进行修改'),
(339, '安睡宝', 'A', '', '04399903832203331_sm.jpg', 0, 0, 0, 1, 0, 0, '/data/upload/shop/editor/brand_default_max.jpg', '/data/upload/shop/editor/brand_default_small.jpg', '请于品牌管理里编辑我', '好商城提醒您：你当前的品牌介绍并没有填写！使用默认的这些会出现在你的眼前，请于后台进行修改'),
(340, '博洋家纺', 'B', '', '04399903956723469_sm.jpg', 0, 0, 0, 1, 0, 0, '/data/upload/shop/editor/brand_default_max.jpg', '/data/upload/shop/editor/brand_default_small.jpg', '请于品牌管理里编辑我', '好商城提醒您：你当前的品牌介绍并没有填写！使用默认的这些会出现在你的眼前，请于后台进行修改'),
(341, '空间大师', 'K', '', '04399904058344749_sm.jpg', 0, 0, 0, 1, 0, 0, '/data/upload/shop/editor/brand_default_max.jpg', '/data/upload/shop/editor/brand_default_small.jpg', '请于品牌管理里编辑我', '好商城提醒您：你当前的品牌介绍并没有填写！使用默认的这些会出现在你的眼前，请于后台进行修改'),
(342, '富安娜', 'F', '', '04399904168163421_sm.jpg', 0, 0, 0, 1, 0, 0, '/data/upload/shop/editor/brand_default_max.jpg', '/data/upload/shop/editor/brand_default_small.jpg', '请于品牌管理里编辑我', '好商城提醒您：你当前的品牌介绍并没有填写！使用默认的这些会出现在你的眼前，请于后台进行修改'),
(343, '三光云彩', 'S', '', '04399904279499345_sm.jpg', 0, 0, 0, 1, 0, 0, '/data/upload/shop/editor/brand_default_max.jpg', '/data/upload/shop/editor/brand_default_small.jpg', '请于品牌管理里编辑我', '好商城提醒您：你当前的品牌介绍并没有填写！使用默认的这些会出现在你的眼前，请于后台进行修改'),
(344, '乔曼帝', 'Q', '', '04399904423386126_sm.jpg', 0, 0, 0, 1, 0, 0, '/data/upload/shop/editor/brand_default_max.jpg', '/data/upload/shop/editor/brand_default_small.jpg', '请于品牌管理里编辑我', '好商城提醒您：你当前的品牌介绍并没有填写！使用默认的这些会出现在你的眼前，请于后台进行修改'),
(345, '乐扣乐扣', 'L', '', '04399904614221217_sm.jpg', 0, 0, 0, 1, 0, 0, '/data/upload/shop/editor/brand_default_max.jpg', '/data/upload/shop/editor/brand_default_small.jpg', '请于品牌管理里编辑我', '好商城提醒您：你当前的品牌介绍并没有填写！使用默认的这些会出现在你的眼前，请于后台进行修改'),
(348, '奥唯嘉（Ovega）', 'A', '文胸', '04431812331259168_sm.jpg', 0, 0, 0, 1, 58, 0, '/data/upload/shop/editor/brand_default_max.jpg', '/data/upload/shop/editor/brand_default_small.jpg', '请于品牌管理里编辑我', '好商城提醒您：你当前的品牌介绍并没有填写！使用默认的这些会出现在你的眼前，请于后台进行修改'),
(351, '曼妮芬（ManniForm）', 'M', '内衣', '04431810033957836_sm.jpg', 0, 0, 0, 1, 6, 0, '/data/upload/shop/editor/brand_default_max.jpg', '/data/upload/shop/editor/brand_default_small.jpg', '请于品牌管理里编辑我', '好商城提醒您：你当前的品牌介绍并没有填写！使用默认的这些会出现在你的眼前，请于后台进行修改'),
(352, '婷美（TINGMEI）', 'T', '内衣', '04431809546541815_sm.png', 0, 0, 0, 1, 6, 0, '/data/upload/shop/editor/brand_default_max.jpg', '/data/upload/shop/editor/brand_default_small.jpg', '请于品牌管理里编辑我', '好商城提醒您：你当前的品牌介绍并没有填写！使用默认的这些会出现在你的眼前，请于后台进行修改'),
(353, '古今', 'G', '内衣', '04431807497959652_sm.jpg', 0, 0, 0, 1, 6, 0, '/data/upload/shop/editor/brand_default_max.jpg', '/data/upload/shop/editor/brand_default_small.jpg', '请于品牌管理里编辑我', '好商城提醒您：你当前的品牌介绍并没有填写！使用默认的这些会出现在你的眼前，请于后台进行修改'),
(358, '金史密斯（KINGSMITH）', 'J', '健身器械', '04420592440315393_small.gif', 0, 0, 4, 1, 691, 0, '/data/upload/shop/editor/brand_default_max.jpg', '/data/upload/shop/editor/brand_default_small.jpg', '请于品牌管理里编辑我', '好商城提醒您：你当前的品牌介绍并没有填写！使用默认的这些会出现在你的眼前，请于后台进行修改'),
(359, '周大福', 'Z', '纯金K金饰品', '04420650490304114_sm.jpg', 0, 0, 0, 1, 532, 0, '/data/upload/shop/editor/brand_default_max.jpg', '/data/upload/shop/editor/brand_default_small.jpg', '请于品牌管理里编辑我', '好商城提醒您：你当前的品牌介绍并没有填写！使用默认的这些会出现在你的眼前，请于后台进行修改'),
(360, '周生生', 'Z', '纯金K金饰品', '04420650201635924_sm.jpg', 0, 0, 0, 1, 532, 0, '/data/upload/shop/editor/brand_default_max.jpg', '/data/upload/shop/editor/brand_default_small.jpg', '请于品牌管理里编辑我', '好商城提醒您：你当前的品牌介绍并没有填写！使用默认的这些会出现在你的眼前，请于后台进行修改'),
(364, 'BH (必艾奇)', 'B', '运动器械', '04420633630909218_small.jpg', 0, 0, 4, 1, 665, 0, '/data/upload/shop/editor/brand_default_max.jpg', '/data/upload/shop/editor/brand_default_small.jpg', '请于品牌管理里编辑我', '好商城提醒您：你当前的品牌介绍并没有填写！使用默认的这些会出现在你的眼前，请于后台进行修改');

-- --------------------------------------------------------

--
-- 表的结构 `33hao_cart`
--

CREATE TABLE IF NOT EXISTS `33hao_cart` (
  `cart_id` int(11) NOT NULL AUTO_INCREMENT COMMENT '购物车id',
  `buyer_id` int(11) unsigned NOT NULL DEFAULT '0' COMMENT '买家id',
  `store_id` int(11) unsigned NOT NULL DEFAULT '0' COMMENT '店铺id',
  `store_name` varchar(50) NOT NULL DEFAULT '' COMMENT '店铺名称',
  `goods_id` int(11) unsigned NOT NULL DEFAULT '0' COMMENT '商品id',
  `goods_name` varchar(100) NOT NULL COMMENT '商品名称',
  `goods_price` decimal(10,2) NOT NULL DEFAULT '0.00' COMMENT '商品价格',
  `goods_num` smallint(5) unsigned NOT NULL DEFAULT '1' COMMENT '购买商品数量',
  `goods_image` varchar(100) NOT NULL COMMENT '商品图片',
  `bl_id` mediumint(8) unsigned NOT NULL DEFAULT '0' COMMENT '组合套装ID',
  PRIMARY KEY (`cart_id`),
  KEY `member_id` (`buyer_id`)
) ENGINE=InnoDB  DEFAULT CHARSET=utf8 COMMENT='购物车数据表' AUTO_INCREMENT=67 ;

--
-- 转存表中的数据 `33hao_cart`
--

INSERT INTO `33hao_cart` (`cart_id`, `buyer_id`, `store_id`, `store_name`, `goods_id`, `goods_name`, `goods_price`, `goods_num`, `goods_image`, `bl_id`) VALUES
(37, 3, 3, '测试水厂1号', 100013, '测试水', '0.01', 1, '3_05472944445560878.png', 0);

-- --------------------------------------------------------

--
-- 表的结构 `33hao_chain`
--

CREATE TABLE IF NOT EXISTS `33hao_chain` (
  `chain_id` int(10) unsigned NOT NULL AUTO_INCREMENT COMMENT '门店id',
  `store_id` int(10) unsigned NOT NULL COMMENT '所属店铺id',
  `chain_user` varchar(50) NOT NULL COMMENT '登录名',
  `chain_pwd` char(32) NOT NULL COMMENT '登录密码',
  `chain_name` varchar(50) NOT NULL COMMENT '门店名称',
  `chain_img` varchar(50) NOT NULL COMMENT '门店图片',
  `area_id_1` int(10) unsigned NOT NULL DEFAULT '0' COMMENT '一级地区id',
  `area_id_2` int(10) unsigned NOT NULL DEFAULT '0' COMMENT '二级地区id',
  `area_id_3` int(10) unsigned NOT NULL DEFAULT '0' COMMENT '三级地区id',
  `area_id_4` int(10) unsigned NOT NULL DEFAULT '0' COMMENT '四级地区id',
  `area_id` int(10) unsigned NOT NULL COMMENT '地区id',
  `area_info` varchar(50) NOT NULL COMMENT '地区详情',
  `chain_address` varchar(50) NOT NULL COMMENT '详细地址',
  `chain_phone` varchar(100) NOT NULL COMMENT '联系方式',
  `chain_opening_hours` varchar(100) NOT NULL COMMENT '营业时间',
  `chain_traffic_line` varchar(100) NOT NULL COMMENT '交通线路',
  PRIMARY KEY (`chain_id`)
) ENGINE=InnoDB DEFAULT CHARSET=utf8 COMMENT='店铺门店表' AUTO_INCREMENT=1 ;

-- --------------------------------------------------------

--
-- 表的结构 `33hao_chain_stock`
--

CREATE TABLE IF NOT EXISTS `33hao_chain_stock` (
  `chain_id` int(10) unsigned NOT NULL COMMENT '门店id',
  `goods_id` int(10) unsigned NOT NULL COMMENT '商品id',
  `goods_commonid` int(10) unsigned NOT NULL COMMENT '商品SPU',
  `stock` int(10) NOT NULL COMMENT '库存',
  PRIMARY KEY (`chain_id`,`goods_id`)
) ENGINE=InnoDB DEFAULT CHARSET=utf8 COMMENT='门店商品库存表';

-- --------------------------------------------------------

--
-- 表的结构 `33hao_chat_log`
--

CREATE TABLE IF NOT EXISTS `33hao_chat_log` (
  `m_id` int(10) unsigned NOT NULL AUTO_INCREMENT COMMENT '记录ID',
  `f_id` int(10) unsigned NOT NULL COMMENT '会员ID',
  `f_name` varchar(50) NOT NULL COMMENT '会员名',
  `f_ip` varchar(15) NOT NULL COMMENT '发自IP',
  `t_id` int(10) unsigned NOT NULL COMMENT '接收会员ID',
  `t_name` varchar(50) NOT NULL COMMENT '接收会员名',
  `t_msg` varchar(300) DEFAULT NULL COMMENT '消息内容',
  `add_time` int(10) unsigned DEFAULT '0' COMMENT '添加时间',
  PRIMARY KEY (`m_id`)
) ENGINE=InnoDB DEFAULT CHARSET=utf8 COMMENT='消息记录表' AUTO_INCREMENT=1 ;

-- --------------------------------------------------------

--
-- 表的结构 `33hao_chat_msg`
--

CREATE TABLE IF NOT EXISTS `33hao_chat_msg` (
  `m_id` int(10) unsigned NOT NULL AUTO_INCREMENT COMMENT '记录ID',
  `f_id` int(10) unsigned NOT NULL COMMENT '会员ID',
  `f_name` varchar(50) NOT NULL COMMENT '会员名',
  `f_ip` varchar(15) NOT NULL COMMENT '发自IP',
  `t_id` int(10) unsigned NOT NULL COMMENT '接收会员ID',
  `t_name` varchar(50) NOT NULL COMMENT '接收会员名',
  `t_msg` varchar(300) DEFAULT NULL COMMENT '消息内容',
  `r_state` tinyint(1) unsigned DEFAULT '2' COMMENT '状态:1为已读,2为未读,默认为2',
  `add_time` int(10) unsigned DEFAULT '0' COMMENT '添加时间',
  PRIMARY KEY (`m_id`)
) ENGINE=InnoDB DEFAULT CHARSET=utf8 COMMENT='消息表' AUTO_INCREMENT=1 ;

-- --------------------------------------------------------

--
-- 表的结构 `33hao_circle`
--

CREATE TABLE IF NOT EXISTS `33hao_circle` (
  `circle_id` int(11) unsigned NOT NULL AUTO_INCREMENT COMMENT '圈子id',
  `circle_name` varchar(12) NOT NULL COMMENT '圈子名称',
  `circle_desc` varchar(255) DEFAULT NULL COMMENT '圈子描述',
  `circle_masterid` int(11) unsigned NOT NULL COMMENT '圈主id',
  `circle_mastername` varchar(50) NOT NULL COMMENT '圈主名称',
  `circle_img` varchar(50) DEFAULT NULL COMMENT '圈子图片',
  `class_id` int(11) unsigned NOT NULL COMMENT '圈子分类',
  `circle_mcount` int(11) unsigned NOT NULL DEFAULT '0' COMMENT '圈子成员数',
  `circle_thcount` int(11) unsigned NOT NULL DEFAULT '0' COMMENT '圈子主题数',
  `circle_gcount` int(11) unsigned NOT NULL DEFAULT '0' COMMENT '圈子商品数',
  `circle_pursuereason` varchar(255) DEFAULT NULL COMMENT '圈子申请理由',
  `circle_notice` varchar(255) DEFAULT NULL COMMENT '圈子公告',
  `circle_status` tinyint(3) unsigned NOT NULL COMMENT '圈子状态，0关闭，1开启，2审核中，3审核失败',
  `circle_statusinfo` varchar(255) DEFAULT NULL COMMENT '关闭或审核失败原因',
  `circle_joinaudit` tinyint(3) unsigned NOT NULL COMMENT '加入圈子时候需要审核，0不需要，1需要',
  `circle_addtime` varchar(10) NOT NULL COMMENT '圈子创建时间',
  `circle_noticetime` varchar(10) DEFAULT NULL COMMENT '圈子公告更新时间',
  `is_recommend` tinyint(3) unsigned NOT NULL COMMENT '是否推荐 0未推荐，1已推荐',
  `is_hot` tinyint(4) NOT NULL DEFAULT '0' COMMENT '是否为热门圈子 1是 0否',
  `circle_tag` varchar(60) DEFAULT NULL COMMENT '圈子标签',
  `new_verifycount` int(5) unsigned NOT NULL DEFAULT '0' COMMENT '等待审核成员数',
  `new_informcount` int(5) unsigned NOT NULL DEFAULT '0' COMMENT '等待处理举报数',
  `mapply_open` tinyint(4) NOT NULL DEFAULT '0' COMMENT '申请管理是否开启 0关闭，1开启',
  `mapply_ml` tinyint(4) NOT NULL DEFAULT '0' COMMENT '成员级别',
  `new_mapplycount` int(5) unsigned NOT NULL DEFAULT '0' COMMENT '管理申请数量',
  PRIMARY KEY (`circle_id`)
) ENGINE=InnoDB DEFAULT CHARSET=utf8 COMMENT='圈子表' AUTO_INCREMENT=1 ;

-- --------------------------------------------------------

--
-- 表的结构 `33hao_circle_affix`
--

CREATE TABLE IF NOT EXISTS `33hao_circle_affix` (
  `affix_id` int(11) unsigned NOT NULL AUTO_INCREMENT COMMENT '附件id',
  `affix_filename` varchar(100) NOT NULL COMMENT '文件名称',
  `affix_filethumb` varchar(100) NOT NULL COMMENT '缩略图名称',
  `affix_filesize` int(10) unsigned NOT NULL COMMENT '文件大小，单位字节',
  `affix_addtime` varchar(10) NOT NULL COMMENT '上传时间',
  `affix_type` tinyint(3) unsigned NOT NULL COMMENT '文件类型 0无 1主题 2评论',
  `member_id` int(11) unsigned NOT NULL COMMENT '会员id',
  `theme_id` int(11) unsigned NOT NULL COMMENT '主题id',
  `reply_id` int(11) unsigned NOT NULL DEFAULT '0' COMMENT '评论id',
  `circle_id` int(11) unsigned NOT NULL COMMENT '圈子id',
  PRIMARY KEY (`affix_id`)
) ENGINE=InnoDB DEFAULT CHARSET=utf8 COMMENT='附件表' AUTO_INCREMENT=1 ;

-- --------------------------------------------------------

--
-- 表的结构 `33hao_circle_class`
--

CREATE TABLE IF NOT EXISTS `33hao_circle_class` (
  `class_id` int(11) unsigned NOT NULL AUTO_INCREMENT COMMENT '圈子分类id',
  `class_name` varchar(50) NOT NULL COMMENT '圈子分类名称',
  `class_addtime` varchar(10) NOT NULL COMMENT '圈子分类创建时间',
  `class_sort` tinyint(3) unsigned NOT NULL COMMENT '圈子分类排序',
  `class_status` tinyint(3) unsigned NOT NULL COMMENT '圈子分类状态 0不显示，1显示',
  `is_recommend` tinyint(3) unsigned NOT NULL COMMENT '是否推荐 0未推荐，1已推荐',
  PRIMARY KEY (`class_id`)
) ENGINE=InnoDB DEFAULT CHARSET=utf8 COMMENT='圈子分类表' AUTO_INCREMENT=1 ;

-- --------------------------------------------------------

--
-- 表的结构 `33hao_circle_explog`
--

CREATE TABLE IF NOT EXISTS `33hao_circle_explog` (
  `el_id` int(11) unsigned NOT NULL AUTO_INCREMENT COMMENT '经验日志id',
  `circle_id` int(11) unsigned NOT NULL COMMENT '圈子id',
  `member_id` int(11) unsigned NOT NULL COMMENT '成员id',
  `member_name` varchar(50) NOT NULL COMMENT '成员名称',
  `el_exp` int(10) NOT NULL COMMENT '获得经验',
  `el_time` varchar(10) NOT NULL COMMENT '获得时间',
  `el_type` tinyint(3) unsigned NOT NULL COMMENT '类型 1管理员操作 2发表话题 3发表回复 4话题被回复 5话题被删除 6回复被删除',
  `el_itemid` varchar(100) NOT NULL COMMENT '信息id',
  `el_desc` varchar(255) NOT NULL COMMENT '描述',
  PRIMARY KEY (`el_id`)
) ENGINE=InnoDB DEFAULT CHARSET=utf8 COMMENT='经验日志表' AUTO_INCREMENT=1 ;

-- --------------------------------------------------------

--
-- 表的结构 `33hao_circle_expmember`
--

CREATE TABLE IF NOT EXISTS `33hao_circle_expmember` (
  `member_id` int(11) NOT NULL COMMENT '成员id',
  `circle_id` int(11) unsigned NOT NULL COMMENT '圈子id',
  `em_exp` int(10) NOT NULL COMMENT '获得经验',
  `em_time` varchar(10) NOT NULL COMMENT '获得时间',
  PRIMARY KEY (`member_id`,`circle_id`)
) ENGINE=InnoDB DEFAULT CHARSET=utf8 COMMENT='成员每天获得经验表';

-- --------------------------------------------------------

--
-- 表的结构 `33hao_circle_exptheme`
--

CREATE TABLE IF NOT EXISTS `33hao_circle_exptheme` (
  `theme_id` int(11) unsigned NOT NULL COMMENT '主题id',
  `et_exp` int(10) NOT NULL COMMENT '获得经验',
  `et_time` varchar(10) NOT NULL COMMENT '获得时间',
  PRIMARY KEY (`theme_id`)
) ENGINE=InnoDB DEFAULT CHARSET=utf8 COMMENT='主题每天获得经验表';

-- --------------------------------------------------------

--
-- 表的结构 `33hao_circle_fs`
--

CREATE TABLE IF NOT EXISTS `33hao_circle_fs` (
  `circle_id` int(11) unsigned NOT NULL COMMENT '圈子id',
  `friendship_id` int(11) unsigned NOT NULL COMMENT '友情圈子id',
  `friendship_name` varchar(11) NOT NULL COMMENT '友情圈子名称',
  `friendship_sort` tinyint(4) unsigned NOT NULL COMMENT '友情圈子排序',
  `friendship_status` tinyint(4) NOT NULL DEFAULT '1' COMMENT '友情圈子名称 1显示 0隐藏',
  PRIMARY KEY (`circle_id`,`friendship_id`)
) ENGINE=InnoDB DEFAULT CHARSET=utf8 COMMENT='友情圈子表';

-- --------------------------------------------------------

--
-- 表的结构 `33hao_circle_inform`
--

CREATE TABLE IF NOT EXISTS `33hao_circle_inform` (
  `inform_id` int(11) unsigned NOT NULL AUTO_INCREMENT COMMENT '举报id',
  `circle_id` int(11) unsigned NOT NULL COMMENT '圈子id',
  `circle_name` varchar(12) NOT NULL COMMENT '圈子名称',
  `theme_id` int(11) unsigned NOT NULL COMMENT '话题id',
  `theme_name` varchar(50) NOT NULL COMMENT '主题名称',
  `reply_id` int(11) unsigned NOT NULL COMMENT '回复id',
  `member_id` int(11) unsigned NOT NULL COMMENT '会员id',
  `member_name` varchar(50) NOT NULL COMMENT '会员名称',
  `inform_content` varchar(255) NOT NULL COMMENT '举报内容',
  `inform_time` varchar(10) NOT NULL COMMENT '举报时间',
  `inform_type` tinyint(4) NOT NULL COMMENT '类型 0话题、1回复',
  `inform_state` tinyint(4) NOT NULL COMMENT '状态 0未处理、1已处理',
  `inform_opid` int(11) unsigned DEFAULT '0' COMMENT '操作人id',
  `inform_opname` varchar(50) DEFAULT '' COMMENT '操作人名称',
  `inform_opexp` tinyint(4) DEFAULT '0' COMMENT '操作经验',
  `inform_opresult` varchar(255) DEFAULT '' COMMENT '处理结果',
  PRIMARY KEY (`inform_id`),
  KEY `circle_id` (`circle_id`,`theme_id`,`reply_id`)
) ENGINE=InnoDB DEFAULT CHARSET=utf8 COMMENT='圈子举报表' AUTO_INCREMENT=1 ;

-- --------------------------------------------------------

--
-- 表的结构 `33hao_circle_like`
--

CREATE TABLE IF NOT EXISTS `33hao_circle_like` (
  `theme_id` int(11) unsigned NOT NULL COMMENT '主题id',
  `member_id` int(11) unsigned NOT NULL COMMENT '会员id',
  `circle_id` int(11) unsigned NOT NULL COMMENT '圈子id'
) ENGINE=InnoDB DEFAULT CHARSET=utf8 COMMENT='主题赞表';

-- --------------------------------------------------------

--
-- 表的结构 `33hao_circle_mapply`
--

CREATE TABLE IF NOT EXISTS `33hao_circle_mapply` (
  `mapply_id` int(11) unsigned NOT NULL AUTO_INCREMENT COMMENT '申请id',
  `circle_id` int(11) unsigned NOT NULL COMMENT '圈子id',
  `member_id` int(11) unsigned NOT NULL COMMENT '成员id',
  `mapply_reason` varchar(255) NOT NULL COMMENT '申请理由',
  `mapply_time` varchar(10) NOT NULL COMMENT '申请时间',
  PRIMARY KEY (`mapply_id`)
) ENGINE=InnoDB DEFAULT CHARSET=utf8 COMMENT='申请管理表' AUTO_INCREMENT=1 ;

-- --------------------------------------------------------

--
-- 表的结构 `33hao_circle_member`
--

CREATE TABLE IF NOT EXISTS `33hao_circle_member` (
  `member_id` int(11) unsigned NOT NULL COMMENT '会员id',
  `circle_id` int(11) unsigned NOT NULL COMMENT '圈子id',
  `circle_name` varchar(12) DEFAULT NULL COMMENT '圈子名称',
  `member_name` varchar(50) NOT NULL COMMENT '会员名称',
  `cm_applycontent` varchar(255) DEFAULT '' COMMENT '申请内容',
  `cm_applytime` varchar(10) DEFAULT NULL COMMENT '申请时间',
  `cm_state` tinyint(3) unsigned NOT NULL DEFAULT '0' COMMENT '状态 0申请中 1通过 2未通过',
  `cm_intro` varchar(255) DEFAULT '' COMMENT '自我介绍',
  `cm_jointime` varchar(10) NOT NULL COMMENT '加入时间',
  `cm_level` int(11) NOT NULL DEFAULT '1' COMMENT '成员级别',
  `cm_levelname` varchar(10) NOT NULL DEFAULT '初级粉丝' COMMENT '成员头衔',
  `cm_exp` int(10) unsigned NOT NULL DEFAULT '1' COMMENT '会员经验',
  `cm_nextexp` int(10) NOT NULL DEFAULT '5' COMMENT '下一级所需经验',
  `is_identity` tinyint(3) unsigned DEFAULT NULL COMMENT '1圈主 2管理 3成员',
  `is_allowspeak` tinyint(3) unsigned NOT NULL DEFAULT '1' COMMENT '是否允许发言 1允许 0禁止',
  `is_star` tinyint(4) NOT NULL DEFAULT '0' COMMENT '明星成员 1是 0否',
  `cm_thcount` int(11) unsigned NOT NULL DEFAULT '0' COMMENT '主题数',
  `cm_comcount` int(11) unsigned NOT NULL DEFAULT '0' COMMENT '回复数',
  `cm_lastspeaktime` varchar(10) DEFAULT '' COMMENT '最后发言时间',
  `is_recommend` tinyint(4) NOT NULL DEFAULT '0' COMMENT '是否推荐 1是 0否',
  PRIMARY KEY (`member_id`,`circle_id`)
) ENGINE=InnoDB DEFAULT CHARSET=utf8 COMMENT='圈子会员表';

-- --------------------------------------------------------

--
-- 表的结构 `33hao_circle_ml`
--

CREATE TABLE IF NOT EXISTS `33hao_circle_ml` (
  `circle_id` int(11) unsigned NOT NULL AUTO_INCREMENT COMMENT '圈子id',
  `mlref_id` int(10) DEFAULT NULL COMMENT '参考头衔id 0为默认 null为自定义',
  `ml_1` varchar(10) NOT NULL COMMENT '1级头衔名称',
  `ml_2` varchar(10) NOT NULL COMMENT '2级头衔名称',
  `ml_3` varchar(10) NOT NULL COMMENT '3级头衔名称',
  `ml_4` varchar(10) NOT NULL COMMENT '4级头衔名称',
  `ml_5` varchar(10) NOT NULL COMMENT '5级头衔名称',
  `ml_6` varchar(10) NOT NULL COMMENT '6级头衔名称',
  `ml_7` varchar(10) NOT NULL COMMENT '7级头衔名称',
  `ml_8` varchar(10) NOT NULL COMMENT '8级头衔名称',
  `ml_9` varchar(10) NOT NULL COMMENT '9级头衔名称',
  `ml_10` varchar(10) NOT NULL COMMENT '10级头衔名称',
  `ml_11` varchar(10) NOT NULL COMMENT '11级头衔名称',
  `ml_12` varchar(10) NOT NULL COMMENT '12级头衔名称',
  `ml_13` varchar(10) NOT NULL COMMENT '13级头衔名称',
  `ml_14` varchar(10) NOT NULL COMMENT '14级头衔名称',
  `ml_15` varchar(10) NOT NULL COMMENT '15级头衔名称',
  `ml_16` varchar(10) NOT NULL COMMENT '16级头衔名称',
  PRIMARY KEY (`circle_id`)
) ENGINE=InnoDB DEFAULT CHARSET=utf8 COMMENT='会员头衔表' AUTO_INCREMENT=1 ;

-- --------------------------------------------------------

--
-- 表的结构 `33hao_circle_mldefault`
--

CREATE TABLE IF NOT EXISTS `33hao_circle_mldefault` (
  `mld_id` int(11) NOT NULL AUTO_INCREMENT COMMENT '头衔等级',
  `mld_name` varchar(10) NOT NULL COMMENT '头衔名称',
  `mld_exp` int(10) NOT NULL COMMENT '所需经验值',
  PRIMARY KEY (`mld_id`)
) ENGINE=InnoDB  DEFAULT CHARSET=utf8 COMMENT='成员头衔默认设置表' AUTO_INCREMENT=17 ;

--
-- 转存表中的数据 `33hao_circle_mldefault`
--

INSERT INTO `33hao_circle_mldefault` (`mld_id`, `mld_name`, `mld_exp`) VALUES
(1, '初级粉丝', 1),
(2, '中级粉丝', 5),
(3, '高级粉丝', 15),
(4, '正式会员', 30),
(5, '正式会员', 50),
(6, '核心会员', 100),
(7, '核心会员', 200),
(8, '铁杆会员', 500),
(9, '铁杆会员', 1000),
(10, '知名人士', 2000),
(11, '知名人士', 3000),
(12, '人气楷模', 6000),
(13, '人气楷模', 10000),
(14, '意见领袖', 18000),
(15, '资深元老', 30000),
(16, '荣耀元老', 60000);

-- --------------------------------------------------------

--
-- 表的结构 `33hao_circle_mlref`
--

CREATE TABLE IF NOT EXISTS `33hao_circle_mlref` (
  `mlref_id` int(10) NOT NULL AUTO_INCREMENT COMMENT '参考头衔id',
  `mlref_name` varchar(10) NOT NULL COMMENT '参考头衔名称',
  `mlref_addtime` varchar(10) NOT NULL COMMENT '创建时间',
  `mlref_status` tinyint(3) unsigned NOT NULL COMMENT '状态',
  `mlref_1` varchar(10) NOT NULL COMMENT '1级头衔名称',
  `mlref_2` varchar(10) NOT NULL COMMENT '2级头衔名称',
  `mlref_3` varchar(10) NOT NULL COMMENT '3级头衔名称',
  `mlref_4` varchar(10) NOT NULL COMMENT '4级头衔名称',
  `mlref_5` varchar(10) NOT NULL COMMENT '5级头衔名称',
  `mlref_6` varchar(10) NOT NULL COMMENT '6级头衔名称',
  `mlref_7` varchar(10) NOT NULL COMMENT '7级头衔名称',
  `mlref_8` varchar(10) NOT NULL COMMENT '8级头衔名称',
  `mlref_9` varchar(10) NOT NULL COMMENT '9级头衔名称',
  `mlref_10` varchar(10) NOT NULL COMMENT '10级头衔名称',
  `mlref_11` varchar(10) NOT NULL COMMENT '11级头衔名称',
  `mlref_12` varchar(10) NOT NULL COMMENT '12级头衔名称',
  `mlref_13` varchar(10) NOT NULL COMMENT '13级头衔名称',
  `mlref_14` varchar(10) NOT NULL COMMENT '14级头衔名称',
  `mlref_15` varchar(10) NOT NULL COMMENT '15级头衔名称',
  `mlref_16` varchar(10) NOT NULL COMMENT '16级头衔名称',
  PRIMARY KEY (`mlref_id`)
) ENGINE=InnoDB  DEFAULT CHARSET=utf8 COMMENT='会员参考头衔表' AUTO_INCREMENT=7 ;

--
-- 转存表中的数据 `33hao_circle_mlref`
--

INSERT INTO `33hao_circle_mlref` (`mlref_id`, `mlref_name`, `mlref_addtime`, `mlref_status`, `mlref_1`, `mlref_2`, `mlref_3`, `mlref_4`, `mlref_5`, `mlref_6`, `mlref_7`, `mlref_8`, `mlref_9`, `mlref_10`, `mlref_11`, `mlref_12`, `mlref_13`, `mlref_14`, `mlref_15`, `mlref_16`) VALUES
(1, '校园系列', '1371784037', 1, '托儿所', '幼儿园', '学前班', '一年级', '二年级', '三年级', '四年级', '五年级', '六年级', '初一', '初二', '初三', '高一', '高二', '高三', '大学'),
(2, '名气系列', '1371797598', 1, '默默无闻', '崭露头角', '锋芒毕露', '小有名气', '小有美名', '颇具名气', '颇具盛名', '富有名气', '富有美誉', '远近闻名', '崭露头角', '声名远扬', '赫赫有名', '大名鼎鼎', '如雷贯耳', '名扬四海'),
(3, '内涵系列', '1371884423', 1, '1L喂熊', '抢个沙发', '自带板凳', '路人甲君', '打酱油的', '华丽飘过', '前来围观', '我勒个去', '亮了瞎了', '兰州烧饼', '鸭梨山大', '笑而不语', '内牛满面', '虎躯一震', '霸气外露', '此贴必火'),
(4, '军衔系列', '1371884788', 1, '下士', '中士', '上士', '少尉', '中尉', '上尉', '大尉', '少校', '中校', '上校', '大校', '少将', '中将', '上将', '大将', '元帅'),
(5, '书生系列', '1371884953', 1, '白丁', '童生', '秀才', '举人', '举人', '贡士', '进士', '进士', '进士', '探花', '探花', '榜眼', '榜眼', '状元', '状元', '圣贤'),
(6, '武侠系列', '1371885047', 1, '初涉江湖', '无名之辈', '仗剑天涯', '人海孤鸿', '四方游侠', '江湖少侠', '后起之秀', '武林新贵', '武林高手', '英雄豪杰', '人中龙凤', '自成一派', '名震江湖', '武林盟主', '一代宗师', '笑傲江湖');

-- --------------------------------------------------------

--
-- 表的结构 `33hao_circle_recycle`
--

CREATE TABLE IF NOT EXISTS `33hao_circle_recycle` (
  `recycle_id` int(11) unsigned NOT NULL AUTO_INCREMENT COMMENT '回收站id',
  `member_id` int(11) NOT NULL COMMENT '会员id',
  `member_name` varchar(50) NOT NULL COMMENT '会员名称',
  `circle_id` int(11) unsigned NOT NULL COMMENT '圈子id',
  `circle_name` varchar(12) NOT NULL COMMENT '圈子名称',
  `theme_name` varchar(50) NOT NULL COMMENT '主题名称',
  `recycle_content` text NOT NULL COMMENT '内容',
  `recycle_opid` int(11) unsigned NOT NULL COMMENT '操作人id',
  `recycle_opname` varchar(50) NOT NULL COMMENT '操作人名称',
  `recycle_type` tinyint(3) unsigned NOT NULL COMMENT '类型 1话题，2回复',
  `recycle_time` varchar(10) NOT NULL COMMENT '操作时间',
  PRIMARY KEY (`recycle_id`)
) ENGINE=InnoDB DEFAULT CHARSET=utf8 COMMENT='圈子回收站表' AUTO_INCREMENT=1 ;

-- --------------------------------------------------------

--
-- 表的结构 `33hao_circle_thclass`
--

CREATE TABLE IF NOT EXISTS `33hao_circle_thclass` (
  `thclass_id` int(11) NOT NULL AUTO_INCREMENT COMMENT '主题分类id',
  `thclass_name` varchar(20) NOT NULL COMMENT '主题名称',
  `thclass_status` tinyint(3) unsigned NOT NULL DEFAULT '1' COMMENT '主题状态 1开启，0关闭',
  `is_moderator` tinyint(3) unsigned NOT NULL DEFAULT '0' COMMENT '管理专属 1是，0否',
  `thclass_sort` tinyint(3) unsigned NOT NULL COMMENT '分类排序',
  `circle_id` int(11) unsigned NOT NULL COMMENT '所属圈子id',
  PRIMARY KEY (`thclass_id`)
) ENGINE=InnoDB DEFAULT CHARSET=utf8 COMMENT='圈子主题分类表' AUTO_INCREMENT=1 ;

-- --------------------------------------------------------

--
-- 表的结构 `33hao_circle_theme`
--

CREATE TABLE IF NOT EXISTS `33hao_circle_theme` (
  `theme_id` int(11) unsigned NOT NULL AUTO_INCREMENT COMMENT '主题id',
  `theme_name` varchar(50) NOT NULL COMMENT '主题名称',
  `theme_content` text NOT NULL COMMENT '主题内容',
  `circle_id` int(11) unsigned NOT NULL COMMENT '圈子id',
  `circle_name` varchar(12) NOT NULL COMMENT '圈子名称',
  `thclass_id` int(11) unsigned NOT NULL DEFAULT '0' COMMENT '主题分类id',
  `thclass_name` varchar(20) DEFAULT '' COMMENT '主题分类名称',
  `member_id` int(11) unsigned NOT NULL COMMENT '会员id',
  `member_name` varchar(50) NOT NULL COMMENT '会员名称',
  `is_identity` tinyint(3) unsigned NOT NULL COMMENT '1圈主 2管理 3成员',
  `theme_addtime` varchar(10) NOT NULL COMMENT '主题发表时间',
  `theme_editname` varchar(50) DEFAULT NULL COMMENT '编辑人名称',
  `theme_edittime` varchar(10) DEFAULT NULL COMMENT '主题编辑时间',
  `theme_likecount` int(11) unsigned NOT NULL DEFAULT '0' COMMENT '喜欢数量',
  `theme_commentcount` int(11) unsigned NOT NULL DEFAULT '0' COMMENT '评论数量',
  `theme_browsecount` int(11) unsigned NOT NULL DEFAULT '0' COMMENT '浏览数量',
  `theme_sharecount` int(11) unsigned NOT NULL DEFAULT '0' COMMENT '分享数量',
  `is_stick` tinyint(3) unsigned NOT NULL DEFAULT '0' COMMENT '是否置顶 1是  0否',
  `is_digest` tinyint(3) unsigned NOT NULL DEFAULT '0' COMMENT '是否加精 1是 0否',
  `lastspeak_id` int(11) unsigned DEFAULT NULL COMMENT '最后发言人id',
  `lastspeak_name` varchar(50) DEFAULT NULL COMMENT '最后发言人名称',
  `lastspeak_time` varchar(10) DEFAULT NULL COMMENT '最后发言时间',
  `has_goods` tinyint(3) unsigned NOT NULL DEFAULT '0' COMMENT '商品标记 1是 0否',
  `has_affix` tinyint(3) unsigned NOT NULL DEFAULT '0' COMMENT '附件标记 1是 0 否',
  `is_closed` tinyint(4) NOT NULL DEFAULT '0' COMMENT '屏蔽 1是 0否',
  `is_recommend` tinyint(4) NOT NULL DEFAULT '0' COMMENT '是否推荐 1是 0否',
  `is_shut` tinyint(4) NOT NULL DEFAULT '0' COMMENT '主题是否关闭 1是 0否',
  `theme_exp` int(11) unsigned NOT NULL DEFAULT '0' COMMENT '获得经验',
  `theme_readperm` tinyint(3) unsigned NOT NULL DEFAULT '0' COMMENT '阅读权限',
  `theme_special` tinyint(3) unsigned NOT NULL DEFAULT '0' COMMENT '特殊话题 0普通 1投票',
  PRIMARY KEY (`theme_id`)
) ENGINE=InnoDB DEFAULT CHARSET=utf8 COMMENT='圈子主题表' AUTO_INCREMENT=1 ;

-- --------------------------------------------------------

--
-- 表的结构 `33hao_circle_thg`
--

CREATE TABLE IF NOT EXISTS `33hao_circle_thg` (
  `themegoods_id` int(11) NOT NULL AUTO_INCREMENT COMMENT '主题商品id',
  `theme_id` int(11) NOT NULL COMMENT '主题id',
  `reply_id` int(11) unsigned NOT NULL DEFAULT '0' COMMENT '回复id',
  `circle_id` int(11) unsigned NOT NULL COMMENT '圈子id',
  `goods_id` int(11) NOT NULL COMMENT '商品id',
  `goods_name` varchar(100) NOT NULL COMMENT '商品名称',
  `goods_price` decimal(10,2) NOT NULL COMMENT '商品价格',
  `goods_image` varchar(1000) NOT NULL COMMENT '商品图片',
  `store_id` int(11) NOT NULL COMMENT '店铺id',
  `thg_type` tinyint(4) NOT NULL DEFAULT '0' COMMENT '商品类型 0为本商城、1为淘宝 默认为0',
  `thg_url` varchar(1000) DEFAULT NULL COMMENT '商品链接',
  PRIMARY KEY (`themegoods_id`)
) ENGINE=InnoDB DEFAULT CHARSET=utf8 COMMENT='主题商品表' AUTO_INCREMENT=1 ;

-- --------------------------------------------------------

--
-- 表的结构 `33hao_circle_thpoll`
--

CREATE TABLE IF NOT EXISTS `33hao_circle_thpoll` (
  `theme_id` int(11) unsigned NOT NULL COMMENT '话题id',
  `poll_multiple` tinyint(3) unsigned NOT NULL COMMENT '单/多选 0单选、1多选',
  `poll_startime` varchar(10) NOT NULL COMMENT '开始时间',
  `poll_endtime` varchar(10) NOT NULL COMMENT '结束时间',
  `poll_days` tinyint(3) unsigned NOT NULL COMMENT '投票天数',
  `poll_voters` mediumint(8) unsigned NOT NULL DEFAULT '0' COMMENT '投票参与人数',
  PRIMARY KEY (`theme_id`)
) ENGINE=InnoDB DEFAULT CHARSET=utf8 COMMENT='投票表';

-- --------------------------------------------------------

--
-- 表的结构 `33hao_circle_thpolloption`
--

CREATE TABLE IF NOT EXISTS `33hao_circle_thpolloption` (
  `pollop_id` int(11) unsigned NOT NULL AUTO_INCREMENT COMMENT '投票选项id',
  `theme_id` int(11) unsigned NOT NULL COMMENT '话题id',
  `pollop_option` varchar(80) NOT NULL COMMENT '投票选项',
  `pollop_votes` mediumint(8) unsigned NOT NULL DEFAULT '0' COMMENT '得票数',
  `pollop_sort` tinyint(3) unsigned NOT NULL DEFAULT '0' COMMENT '排序',
  `pollop_votername` mediumtext COMMENT '投票者名称',
  PRIMARY KEY (`pollop_id`)
) ENGINE=InnoDB DEFAULT CHARSET=utf8 COMMENT='投票选项表' AUTO_INCREMENT=1 ;

-- --------------------------------------------------------

--
-- 表的结构 `33hao_circle_thpollvoter`
--

CREATE TABLE IF NOT EXISTS `33hao_circle_thpollvoter` (
  `theme_id` int(11) unsigned NOT NULL COMMENT '话题id',
  `member_id` int(11) unsigned NOT NULL COMMENT '成员id',
  `member_name` varchar(50) NOT NULL COMMENT '成员名称',
  `pollvo_options` mediumtext NOT NULL COMMENT '投票选项',
  `pollvo_time` varchar(10) NOT NULL COMMENT '投票选项',
  KEY `theme_id` (`theme_id`,`member_id`)
) ENGINE=InnoDB DEFAULT CHARSET=utf8 COMMENT='成员投票信息表';

-- --------------------------------------------------------

--
-- 表的结构 `33hao_circle_threply`
--

CREATE TABLE IF NOT EXISTS `33hao_circle_threply` (
  `theme_id` int(11) unsigned NOT NULL COMMENT '主题id',
  `reply_id` int(11) unsigned NOT NULL AUTO_INCREMENT COMMENT '评论id',
  `circle_id` int(11) unsigned NOT NULL COMMENT '圈子id',
  `member_id` int(11) unsigned NOT NULL COMMENT '会员id',
  `member_name` varchar(50) NOT NULL COMMENT '会员名称',
  `reply_content` text NOT NULL COMMENT '评论内容',
  `reply_addtime` varchar(10) NOT NULL COMMENT '发表时间',
  `reply_replyid` int(11) unsigned DEFAULT NULL COMMENT '回复楼层id',
  `reply_replyname` varchar(50) DEFAULT NULL COMMENT '回复楼层会员名称',
  `is_closed` tinyint(4) NOT NULL DEFAULT '0' COMMENT '屏蔽 1是 0否',
  `reply_exp` int(11) unsigned NOT NULL DEFAULT '0' COMMENT '获得经验',
  PRIMARY KEY (`theme_id`,`reply_id`)
) ENGINE=MyISAM DEFAULT CHARSET=utf8 COMMENT='主题评论表' AUTO_INCREMENT=1 ;

-- --------------------------------------------------------

--
-- 表的结构 `33hao_cms_article`
--

CREATE TABLE IF NOT EXISTS `33hao_cms_article` (
  `article_id` int(10) unsigned NOT NULL AUTO_INCREMENT COMMENT '文章编号',
  `article_title` varchar(50) NOT NULL COMMENT '文章标题',
  `article_class_id` int(10) unsigned NOT NULL DEFAULT '0' COMMENT '文章分类编号',
  `article_origin` varchar(50) DEFAULT NULL COMMENT '文章来源',
  `article_origin_address` varchar(255) DEFAULT NULL COMMENT '文章来源链接',
  `article_author` varchar(50) NOT NULL COMMENT '文章作者',
  `article_abstract` varchar(140) DEFAULT NULL COMMENT '文章摘要',
  `article_content` text COMMENT '文章正文',
  `article_image` varchar(255) DEFAULT NULL COMMENT '文章图片',
  `article_keyword` varchar(255) DEFAULT NULL COMMENT '文章关键字',
  `article_link` varchar(255) DEFAULT NULL COMMENT '相关文章',
  `article_goods` text COMMENT '相关商品',
  `article_start_time` int(10) unsigned NOT NULL DEFAULT '0' COMMENT '文章有效期开始时间',
  `article_end_time` int(10) unsigned NOT NULL DEFAULT '0' COMMENT '文章有效期结束时间',
  `article_publish_time` int(10) unsigned NOT NULL DEFAULT '0' COMMENT '文章发布时间',
  `article_click` int(10) unsigned NOT NULL DEFAULT '0' COMMENT '文章点击量',
  `article_sort` tinyint(1) unsigned NOT NULL DEFAULT '0' COMMENT '文章排序0-255',
  `article_commend_flag` tinyint(1) unsigned NOT NULL DEFAULT '0' COMMENT '文章推荐标志0-未推荐，1-已推荐',
  `article_comment_flag` tinyint(1) unsigned NOT NULL DEFAULT '1' COMMENT '文章是否允许评论1-允许，0-不允许',
  `article_verify_admin` varchar(50) DEFAULT NULL COMMENT '文章审核管理员',
  `article_verify_time` int(10) unsigned NOT NULL DEFAULT '0' COMMENT '文章审核时间',
  `article_state` tinyint(1) unsigned NOT NULL DEFAULT '1' COMMENT '1-草稿、2-待审核、3-已发布、4-回收站',
  `article_publisher_name` varchar(50) NOT NULL COMMENT '发布者用户名 ',
  `article_publisher_id` int(10) unsigned NOT NULL COMMENT '发布者编号',
  `article_type` tinyint(1) unsigned NOT NULL COMMENT '文章类型1-管理员发布，2-用户投稿',
  `article_attachment_path` varchar(50) NOT NULL COMMENT '文章附件路径',
  `article_image_all` text COMMENT '文章全部图片',
  `article_modify_time` int(10) unsigned NOT NULL DEFAULT '0' COMMENT '文章修改时间',
  `article_tag` varchar(255) DEFAULT NULL COMMENT '文章标签',
  `article_comment_count` int(10) unsigned DEFAULT '0' COMMENT '文章评论数',
  `article_attitude_1` int(10) unsigned NOT NULL DEFAULT '0' COMMENT '文章心情1',
  `article_attitude_2` int(10) unsigned NOT NULL DEFAULT '0' COMMENT '文章心情2',
  `article_attitude_3` int(10) unsigned NOT NULL DEFAULT '0' COMMENT '文章心情3',
  `article_attitude_4` int(10) unsigned NOT NULL DEFAULT '0' COMMENT '文章心情4',
  `article_attitude_5` int(10) unsigned NOT NULL DEFAULT '0' COMMENT '文章心情5',
  `article_attitude_6` int(10) unsigned NOT NULL DEFAULT '0' COMMENT '文章心情6',
  `article_title_short` varchar(50) NOT NULL DEFAULT '' COMMENT '文章短标题',
  `article_attitude_flag` tinyint(1) unsigned NOT NULL DEFAULT '1' COMMENT '文章态度开关1-允许，0-不允许',
  `article_commend_image_flag` tinyint(1) unsigned NOT NULL DEFAULT '0' COMMENT '文章推荐标志(图文)',
  `article_share_count` int(10) unsigned NOT NULL DEFAULT '0' COMMENT '文章分享数',
  `article_verify_reason` varchar(255) DEFAULT NULL COMMENT '审核失败原因',
  PRIMARY KEY (`article_id`)
) ENGINE=InnoDB DEFAULT CHARSET=utf8 COMMENT='CMS文章表' AUTO_INCREMENT=1 ;

-- --------------------------------------------------------

--
-- 表的结构 `33hao_cms_article_attitude`
--

CREATE TABLE IF NOT EXISTS `33hao_cms_article_attitude` (
  `attitude_id` int(10) unsigned NOT NULL AUTO_INCREMENT COMMENT '心情编号',
  `attitude_article_id` int(10) unsigned NOT NULL COMMENT '文章编号',
  `attitude_member_id` int(10) unsigned NOT NULL COMMENT '用户编号',
  `attitude_time` int(10) unsigned NOT NULL COMMENT '发布心情时间',
  PRIMARY KEY (`attitude_id`)
) ENGINE=InnoDB DEFAULT CHARSET=utf8 COMMENT='CMS文章心情表' AUTO_INCREMENT=1 ;

-- --------------------------------------------------------

--
-- 表的结构 `33hao_cms_article_class`
--

CREATE TABLE IF NOT EXISTS `33hao_cms_article_class` (
  `class_id` int(10) unsigned NOT NULL AUTO_INCREMENT COMMENT '分类编号 ',
  `class_name` varchar(50) NOT NULL COMMENT '分类名称',
  `class_sort` tinyint(1) unsigned NOT NULL DEFAULT '255' COMMENT '排序',
  PRIMARY KEY (`class_id`)
) ENGINE=InnoDB DEFAULT CHARSET=utf8 COMMENT='cms文章分类表' AUTO_INCREMENT=1 ;

-- --------------------------------------------------------

--
-- 表的结构 `33hao_cms_comment`
--

CREATE TABLE IF NOT EXISTS `33hao_cms_comment` (
  `comment_id` int(10) unsigned NOT NULL AUTO_INCREMENT COMMENT '评论编号',
  `comment_type` tinyint(1) NOT NULL COMMENT '评论类型编号',
  `comment_object_id` int(10) unsigned NOT NULL COMMENT '推荐商品编号',
  `comment_message` varchar(2000) NOT NULL COMMENT '评论内容',
  `comment_member_id` int(10) unsigned NOT NULL COMMENT '评论人编号',
  `comment_time` int(10) unsigned NOT NULL COMMENT '评论时间',
  `comment_quote` varchar(255) DEFAULT NULL COMMENT '评论引用',
  `comment_up` int(10) unsigned DEFAULT '0' COMMENT '顶数量',
  PRIMARY KEY (`comment_id`)
) ENGINE=InnoDB DEFAULT CHARSET=utf8 COMMENT='CMS评论表' AUTO_INCREMENT=1 ;

-- --------------------------------------------------------

--
-- 表的结构 `33hao_cms_comment_up`
--

CREATE TABLE IF NOT EXISTS `33hao_cms_comment_up` (
  `up_id` int(10) unsigned NOT NULL AUTO_INCREMENT COMMENT '顶编号',
  `comment_id` int(10) unsigned NOT NULL COMMENT '评论编号',
  `up_member_id` int(10) unsigned NOT NULL COMMENT '用户编号',
  `up_time` int(10) unsigned NOT NULL COMMENT '评论时间',
  PRIMARY KEY (`up_id`)
) ENGINE=InnoDB DEFAULT CHARSET=utf8 COMMENT='CMS评论顶表' AUTO_INCREMENT=1 ;

-- --------------------------------------------------------

--
-- 表的结构 `33hao_cms_index_module`
--

CREATE TABLE IF NOT EXISTS `33hao_cms_index_module` (
  `module_id` int(10) unsigned NOT NULL AUTO_INCREMENT COMMENT '模块编号',
  `module_title` varchar(50) DEFAULT '' COMMENT '模块标题',
  `module_name` varchar(50) NOT NULL COMMENT '模板名称',
  `module_type` varchar(50) DEFAULT '' COMMENT '模块类型，index-固定内容、article1-文章模块1、article2-文章模块2、micro-微商城、adv-通栏广告',
  `module_sort` tinyint(1) unsigned DEFAULT '255' COMMENT '排序',
  `module_state` tinyint(1) unsigned DEFAULT '1' COMMENT '状态1-显示、0-不显示',
  `module_content` text COMMENT '模块内容',
  `module_style` varchar(50) NOT NULL DEFAULT 'style1' COMMENT '模块主题',
  `module_view` tinyint(3) unsigned NOT NULL DEFAULT '1' COMMENT '后台列表显示样式 1-展开 2-折叠',
  PRIMARY KEY (`module_id`)
) ENGINE=InnoDB DEFAULT CHARSET=utf8 COMMENT='CMS首页模块表' AUTO_INCREMENT=1 ;

-- --------------------------------------------------------

--
-- 表的结构 `33hao_cms_module`
--

CREATE TABLE IF NOT EXISTS `33hao_cms_module` (
  `module_id` int(10) unsigned NOT NULL AUTO_INCREMENT COMMENT '模板模块编号',
  `module_title` varchar(50) NOT NULL DEFAULT '' COMMENT '模板模块标题',
  `module_name` varchar(50) NOT NULL DEFAULT '' COMMENT '模板名称',
  `module_type` varchar(50) NOT NULL DEFAULT '' COMMENT '模板模块类型，index-固定内容、article1-文章模块1、article2-文章模块2、micro-微商城、adv-通栏广告',
  `module_class` tinyint(3) unsigned NOT NULL DEFAULT '1' COMMENT '模板模块种类1-系统自带 2-用户自定义',
  PRIMARY KEY (`module_id`)
) ENGINE=InnoDB  DEFAULT CHARSET=utf8 COMMENT='CMS模板模块表' AUTO_INCREMENT=6 ;

--
-- 转存表中的数据 `33hao_cms_module`
--

INSERT INTO `33hao_cms_module` (`module_id`, `module_title`, `module_name`, `module_type`, `module_class`) VALUES
(1, '综合模块', 'index', 'index', 1),
(2, '微商城模块', 'micro', 'micro', 1),
(3, '文章模块1', 'article1', 'article1', 1),
(4, '文章模块2', 'article2', 'article2', 1),
(5, '通栏广告模块', 'adv', 'adv', 1);

-- --------------------------------------------------------

--
-- 表的结构 `33hao_cms_module_assembly`
--

CREATE TABLE IF NOT EXISTS `33hao_cms_module_assembly` (
  `assembly_id` int(10) unsigned NOT NULL AUTO_INCREMENT COMMENT '组件编号',
  `assembly_title` varchar(50) NOT NULL COMMENT '组件标题',
  `assembly_name` varchar(50) NOT NULL COMMENT '组件名称',
  `assembly_explain` varchar(255) NOT NULL COMMENT '组件说明',
  PRIMARY KEY (`assembly_id`)
) ENGINE=InnoDB  DEFAULT CHARSET=utf8 COMMENT='cms模块组件表' AUTO_INCREMENT=10 ;

--
-- 转存表中的数据 `33hao_cms_module_assembly`
--

INSERT INTO `33hao_cms_module_assembly` (`assembly_id`, `assembly_title`, `assembly_name`, `assembly_explain`) VALUES
(1, '文章', 'article', '文章组件'),
(2, '图片', 'picture', '图片组件'),
(3, '商品', 'goods', '商品组件'),
(4, '品牌', 'brand', '品牌组件'),
(5, '图文', 'article_image', '图文'),
(6, '店铺', 'store', '店铺'),
(7, '会员', 'member', '会员'),
(8, 'FLASH', 'flash', 'FLASH'),
(9, '自定义', 'html', '自定义');

-- --------------------------------------------------------

--
-- 表的结构 `33hao_cms_module_frame`
--

CREATE TABLE IF NOT EXISTS `33hao_cms_module_frame` (
  `frame_id` int(10) unsigned NOT NULL AUTO_INCREMENT COMMENT '框架编号',
  `frame_title` varchar(50) NOT NULL COMMENT '框架标题',
  `frame_name` varchar(50) NOT NULL COMMENT '框架名称',
  `frame_explain` varchar(255) NOT NULL COMMENT '框架说明',
  `frame_structure` varchar(255) NOT NULL COMMENT '框架结构',
  PRIMARY KEY (`frame_id`)
) ENGINE=InnoDB  DEFAULT CHARSET=utf8 COMMENT='cms模块框架表' AUTO_INCREMENT=9 ;

--
-- 转存表中的数据 `33hao_cms_module_frame`
--

INSERT INTO `33hao_cms_module_frame` (`frame_id`, `frame_title`, `frame_name`, `frame_explain`, `frame_structure`) VALUES
(1, '右边栏三列结构', '2_2_1', '右边栏三列结构', '{"block1":{"type":"block","name":"w2"},"block2":{"type":"block","name":"w2"},"block3":{"type":"block","name":"w1"}}'),
(2, '左边栏三列结构', '1_2_2', '左边栏三列结构', '{"block1":{"type":"block","name":"w1"},"block2":{"type":"block","name":"w2"},"block3":{"type":"block","name":"w2"}}'),
(3, '左右宽边栏结构', '2_1_2', '左右宽边栏结构', '{"block1":{"type":"block","name":"w2"},"block2":{"type":"block","name":"w1"},"block3":{"type":"block","name":"w2"}}'),
(4, '左边栏两列结构', '1_4', '左边栏两列结构', '{"block1":{"type":"block","name":"w1"},"block2":{"type":"block","name":"w4"}} '),
(5, '右边栏两列结构', '4_1', '右边栏两列结构', '{"block1":{"type":"block","name":"w4"},"block2":{"type":"block","name":"w1"}} '),
(6, '右边栏混合结构', '2x2_2_1', '右边栏混合结构', '{"block1":{"type":"content","name":"w2","child":{"block2":{"type":"block","name":"w22"},"block3":{"type":"block","name":"w22"}}},"block4":{"type":"block","name":"w2"},"block5":{"type":"block","name":"w1"}} '),
(7, '左边栏混合结构', '1_2_2x2', '左边栏混合结构', '{"block1":{"type":"block","name":"w1"},"block2":{"type":"block","name":"w2"},"block3":{"type":"content","name":"w2","child":{"block4":{"type":"block","name":"w22"},"block5":{"type":"block","name":"w22"}}}}'),
(8, '一体化结构', '1', '一体化结构', '{"block1":{"type":"block","name":"w5"}}');

-- --------------------------------------------------------

--
-- 表的结构 `33hao_cms_navigation`
--

CREATE TABLE IF NOT EXISTS `33hao_cms_navigation` (
  `navigation_id` int(10) unsigned NOT NULL AUTO_INCREMENT COMMENT '导航编号',
  `navigation_title` varchar(50) NOT NULL COMMENT '导航标题',
  `navigation_link` varchar(255) NOT NULL COMMENT '导航链接',
  `navigation_sort` tinyint(1) unsigned NOT NULL DEFAULT '255' COMMENT '排序',
  `navigation_open_type` tinyint(1) unsigned NOT NULL DEFAULT '1' COMMENT '导航打开方式1-本页打开，2-新页打开',
  PRIMARY KEY (`navigation_id`)
) ENGINE=InnoDB  DEFAULT CHARSET=utf8 COMMENT='CMS导航表' AUTO_INCREMENT=5 ;

--
-- 转存表中的数据 `33hao_cms_navigation`
--

INSERT INTO `33hao_cms_navigation` (`navigation_id`, `navigation_title`, `navigation_link`, `navigation_sort`, `navigation_open_type`) VALUES
(1, '商城', 'http://v5.33hao.com/', 255, 1),
(2, '圈子', 'http://v5.33hao.com/circle', 255, 1),
(3, '微商城', 'http://v5.33hao.com/microshop', 255, 1),
(4, '品牌', 'http://v5.33hao.com/shop/index.php?act=brand', 255, 1);

-- --------------------------------------------------------

--
-- 表的结构 `33hao_cms_notify`
--

CREATE TABLE IF NOT EXISTS `33hao_cms_notify` (
  `id` int(10) NOT NULL AUTO_INCREMENT,
  `title` varchar(50) NOT NULL COMMENT '标题',
  `content` text NOT NULL COMMENT '内容',
  `cms_type` int(10) NOT NULL COMMENT '类型（1学院 2消息）',
  `addtime` int(15) NOT NULL,
  PRIMARY KEY (`id`)
) ENGINE=MyISAM  DEFAULT CHARSET=utf8 COMMENT='公告表' AUTO_INCREMENT=2 ;

--
-- 转存表中的数据 `33hao_cms_notify`
--

INSERT INTO `33hao_cms_notify` (`id`, `title`, `content`, `cms_type`, `addtime`) VALUES
(1, 'dasdawd', 'dasdasda fgeef&nbsp;', 1, 1494239965);

-- --------------------------------------------------------

--
-- 表的结构 `33hao_cms_picture`
--

CREATE TABLE IF NOT EXISTS `33hao_cms_picture` (
  `picture_id` int(10) unsigned NOT NULL AUTO_INCREMENT COMMENT '画报编号',
  `picture_title` varchar(50) NOT NULL COMMENT '画报标题',
  `picture_class_id` int(10) unsigned NOT NULL DEFAULT '0' COMMENT '画报分类编号',
  `picture_author` varchar(50) NOT NULL COMMENT '画报作者',
  `picture_abstract` varchar(140) DEFAULT NULL COMMENT '画报摘要',
  `picture_image` varchar(255) DEFAULT NULL COMMENT '画报图片',
  `picture_keyword` varchar(255) DEFAULT NULL COMMENT '画报关键字',
  `picture_publish_time` int(10) unsigned NOT NULL DEFAULT '0' COMMENT '画报发布时间',
  `picture_click` int(10) unsigned NOT NULL DEFAULT '0' COMMENT '画报点击量',
  `picture_sort` tinyint(1) unsigned NOT NULL DEFAULT '0' COMMENT '画报排序0-255',
  `picture_commend_flag` tinyint(1) unsigned NOT NULL DEFAULT '1' COMMENT '画报推荐标志1-未推荐，2-已推荐',
  `picture_comment_flag` tinyint(1) unsigned NOT NULL DEFAULT '1' COMMENT '画报是否允许评论1-允许，2-不允许',
  `picture_verify_admin` varchar(50) DEFAULT NULL COMMENT '画报审核管理员',
  `picture_verify_time` int(10) unsigned NOT NULL DEFAULT '0' COMMENT '画报审核时间',
  `picture_state` tinyint(1) unsigned NOT NULL DEFAULT '1' COMMENT '1-草稿、2-待审核、3-已发布、4-回收站、5-已关闭',
  `picture_publisher_name` varchar(50) NOT NULL COMMENT '发布人用户名',
  `picture_publisher_id` int(10) unsigned NOT NULL COMMENT '发布人编号',
  `picture_type` tinyint(1) unsigned NOT NULL COMMENT '画报类型1-管理员发布，2-用户投稿',
  `picture_attachment_path` varchar(50) NOT NULL DEFAULT '',
  `picture_modify_time` int(10) unsigned NOT NULL COMMENT '画报修改时间',
  `picture_tag` varchar(255) DEFAULT NULL COMMENT '画报标签',
  `picture_comment_count` int(10) unsigned DEFAULT '0' COMMENT '画报评论数',
  `picture_title_short` varchar(50) DEFAULT '' COMMENT '画报短标题',
  `picture_image_count` tinyint(1) unsigned DEFAULT '0' COMMENT '画报图片总数',
  `picture_share_count` int(10) unsigned DEFAULT '0' COMMENT '画报分享数',
  `picture_verify_reason` varchar(255) DEFAULT NULL COMMENT '审核失败原因',
  PRIMARY KEY (`picture_id`)
) ENGINE=InnoDB DEFAULT CHARSET=utf8 COMMENT='CMS画报表' AUTO_INCREMENT=1 ;

-- --------------------------------------------------------

--
-- 表的结构 `33hao_cms_picture_class`
--

CREATE TABLE IF NOT EXISTS `33hao_cms_picture_class` (
  `class_id` int(10) unsigned NOT NULL AUTO_INCREMENT COMMENT '分类编号 ',
  `class_name` varchar(50) NOT NULL COMMENT '分类名称',
  `class_sort` tinyint(1) unsigned NOT NULL DEFAULT '255' COMMENT '排序',
  PRIMARY KEY (`class_id`)
) ENGINE=InnoDB DEFAULT CHARSET=utf8 COMMENT='cms画报分类表' AUTO_INCREMENT=1 ;

-- --------------------------------------------------------

--
-- 表的结构 `33hao_cms_picture_image`
--

CREATE TABLE IF NOT EXISTS `33hao_cms_picture_image` (
  `image_id` int(10) unsigned NOT NULL AUTO_INCREMENT COMMENT '图片编号',
  `image_name` varchar(255) NOT NULL COMMENT '图片地址',
  `image_abstract` varchar(200) DEFAULT NULL COMMENT '图片摘要',
  `image_goods` text COMMENT '相关商品',
  `image_store` varchar(255) DEFAULT NULL COMMENT '相关店铺',
  `image_width` int(10) unsigned DEFAULT NULL COMMENT '图片宽度',
  `image_height` int(10) unsigned DEFAULT NULL COMMENT '图片高度',
  `image_picture_id` int(10) unsigned NOT NULL COMMENT '画报编号',
  `image_path` varchar(50) DEFAULT NULL COMMENT '图片路径',
  PRIMARY KEY (`image_id`)
) ENGINE=InnoDB DEFAULT CHARSET=utf8 COMMENT='CMS画报图片表' AUTO_INCREMENT=1 ;

-- --------------------------------------------------------

--
-- 表的结构 `33hao_cms_special`
--

CREATE TABLE IF NOT EXISTS `33hao_cms_special` (
  `special_id` int(10) unsigned NOT NULL AUTO_INCREMENT COMMENT '专题编号',
  `special_title` varchar(50) NOT NULL COMMENT '专题标题',
  `special_stitle` varchar(200) NOT NULL COMMENT '专题副标题',
  `special_margin_top` int(10) DEFAULT '0' COMMENT '正文距顶部距离',
  `special_background` varchar(255) DEFAULT NULL COMMENT '专题背景',
  `special_image` varchar(255) DEFAULT NULL COMMENT '专题封面图',
  `special_image_all` text COMMENT '专题图片',
  `special_content` text COMMENT '专题内容',
  `special_modify_time` int(10) unsigned NOT NULL COMMENT '专题修改时间',
  `special_publish_id` int(10) unsigned NOT NULL COMMENT '专题发布者编号',
  `special_state` tinyint(1) unsigned NOT NULL COMMENT '专题状态1-草稿、2-已发布',
  `special_background_color` varchar(10) NOT NULL DEFAULT '#FFFFFF' COMMENT '专题背景色',
  `special_repeat` varchar(10) NOT NULL DEFAULT 'no-repeat' COMMENT '背景重复方式',
  `special_type` tinyint(1) unsigned NOT NULL DEFAULT '1' COMMENT '专题类型(1-cms专题 2-商城专题)',
  PRIMARY KEY (`special_id`)
) ENGINE=InnoDB DEFAULT CHARSET=utf8 COMMENT='CMS专题表' AUTO_INCREMENT=1 ;

-- --------------------------------------------------------

--
-- 表的结构 `33hao_cms_tag`
--

CREATE TABLE IF NOT EXISTS `33hao_cms_tag` (
  `tag_id` int(10) unsigned NOT NULL AUTO_INCREMENT COMMENT '标签编号',
  `tag_name` varchar(50) NOT NULL COMMENT '标签名称',
  `tag_sort` tinyint(1) unsigned NOT NULL COMMENT '标签排序',
  `tag_count` int(10) unsigned NOT NULL DEFAULT '0' COMMENT '标签使用计数',
  PRIMARY KEY (`tag_id`)
) ENGINE=InnoDB DEFAULT CHARSET=utf8 COMMENT='CMS标签表' AUTO_INCREMENT=1 ;

-- --------------------------------------------------------

--
-- 表的结构 `33hao_cms_tag_relation`
--

CREATE TABLE IF NOT EXISTS `33hao_cms_tag_relation` (
  `relation_id` int(10) unsigned NOT NULL AUTO_INCREMENT COMMENT '关系编号',
  `relation_type` tinyint(1) unsigned NOT NULL COMMENT '关系类型1-文章，2-画报',
  `relation_tag_id` int(10) unsigned NOT NULL COMMENT '标签编号',
  `relation_object_id` int(10) unsigned NOT NULL COMMENT '对象编号',
  PRIMARY KEY (`relation_id`)
) ENGINE=InnoDB DEFAULT CHARSET=utf8 COMMENT='CMS标签关系表' AUTO_INCREMENT=1 ;

-- --------------------------------------------------------

--
-- 表的结构 `33hao_complain`
--

CREATE TABLE IF NOT EXISTS `33hao_complain` (
  `complain_id` int(11) NOT NULL AUTO_INCREMENT COMMENT '投诉id',
  `order_id` int(11) NOT NULL COMMENT '订单id',
  `order_goods_id` int(10) unsigned DEFAULT '0' COMMENT '订单商品ID',
  `accuser_id` int(11) NOT NULL COMMENT '原告id',
  `accuser_name` varchar(50) NOT NULL COMMENT '原告名称',
  `accused_id` int(11) NOT NULL COMMENT '被告id',
  `accused_name` varchar(50) NOT NULL COMMENT '被告名称',
  `complain_subject_content` varchar(50) NOT NULL COMMENT '投诉主题',
  `complain_subject_id` int(11) NOT NULL COMMENT '投诉主题id',
  `complain_content` varchar(255) DEFAULT NULL COMMENT '投诉内容',
  `complain_pic1` varchar(100) DEFAULT NULL COMMENT '投诉图片1',
  `complain_pic2` varchar(100) DEFAULT NULL COMMENT '投诉图片2',
  `complain_pic3` varchar(100) DEFAULT NULL COMMENT '投诉图片3',
  `complain_datetime` int(11) NOT NULL COMMENT '投诉时间',
  `complain_handle_datetime` int(11) DEFAULT NULL COMMENT '投诉处理时间',
  `complain_handle_member_id` int(11) DEFAULT NULL COMMENT '投诉处理人id',
  `appeal_message` varchar(255) DEFAULT NULL COMMENT '申诉内容',
  `appeal_datetime` int(11) DEFAULT NULL COMMENT '申诉时间',
  `appeal_pic1` varchar(100) DEFAULT NULL COMMENT '申诉图片1',
  `appeal_pic2` varchar(100) DEFAULT NULL COMMENT '申诉图片2',
  `appeal_pic3` varchar(100) DEFAULT NULL COMMENT '申诉图片3',
  `final_handle_message` varchar(255) DEFAULT NULL COMMENT '最终处理意见',
  `final_handle_datetime` int(11) DEFAULT NULL COMMENT '最终处理时间',
  `final_handle_member_id` int(11) DEFAULT NULL COMMENT '最终处理人id',
  `complain_state` tinyint(4) NOT NULL COMMENT '投诉状态(10-新投诉/20-投诉通过转给被投诉人/30-被投诉人已申诉/40-提交仲裁/99-已关闭)',
  `complain_active` tinyint(4) NOT NULL DEFAULT '1' COMMENT '投诉是否通过平台审批(1未通过/2通过)',
  PRIMARY KEY (`complain_id`)
) ENGINE=InnoDB DEFAULT CHARSET=utf8 COMMENT='投诉表' AUTO_INCREMENT=1 ;

-- --------------------------------------------------------

--
-- 表的结构 `33hao_complain_subject`
--

CREATE TABLE IF NOT EXISTS `33hao_complain_subject` (
  `complain_subject_id` int(11) NOT NULL AUTO_INCREMENT COMMENT '投诉主题id',
  `complain_subject_content` varchar(50) NOT NULL COMMENT '投诉主题',
  `complain_subject_desc` varchar(100) NOT NULL COMMENT '投诉主题描述',
  `complain_subject_state` tinyint(4) NOT NULL COMMENT '投诉主题状态(1-有效/2-失效)',
  PRIMARY KEY (`complain_subject_id`)
) ENGINE=InnoDB  DEFAULT CHARSET=utf8 COMMENT='投诉主题表' AUTO_INCREMENT=4 ;

--
-- 转存表中的数据 `33hao_complain_subject`
--

INSERT INTO `33hao_complain_subject` (`complain_subject_id`, `complain_subject_content`, `complain_subject_desc`, `complain_subject_state`) VALUES
(1, '商家不同意退款', '买家申请退款被拒绝。', 2),
(2, '未收到货', '交易成功，未收到货，钱已经付给商家，可进行维权。', 1),
(3, '售后保障服务', '交易完成后30天内，在使用商品过程中，发现商品有质量问题或无法正常使用，可进行维权。', 1);

-- --------------------------------------------------------

--
-- 表的结构 `33hao_complain_talk`
--

CREATE TABLE IF NOT EXISTS `33hao_complain_talk` (
  `talk_id` int(11) NOT NULL AUTO_INCREMENT COMMENT '投诉对话id',
  `complain_id` int(11) NOT NULL COMMENT '投诉id',
  `talk_member_id` int(11) NOT NULL COMMENT '发言人id',
  `talk_member_name` varchar(50) NOT NULL COMMENT '发言人名称',
  `talk_member_type` varchar(10) NOT NULL COMMENT '发言人类型(1-投诉人/2-被投诉人/3-平台)',
  `talk_content` varchar(255) NOT NULL COMMENT '发言内容',
  `talk_state` tinyint(4) NOT NULL COMMENT '发言状态(1-显示/2-不显示)',
  `talk_admin` int(11) NOT NULL DEFAULT '0' COMMENT '对话管理员，屏蔽对话人的id',
  `talk_datetime` int(11) NOT NULL COMMENT '对话发表时间',
  PRIMARY KEY (`talk_id`)
) ENGINE=InnoDB DEFAULT CHARSET=utf8 COMMENT='投诉对话表' AUTO_INCREMENT=1 ;

-- --------------------------------------------------------

--
-- 表的结构 `33hao_consult`
--

CREATE TABLE IF NOT EXISTS `33hao_consult` (
  `consult_id` int(10) unsigned NOT NULL AUTO_INCREMENT COMMENT '咨询编号',
  `goods_id` int(11) unsigned DEFAULT '0' COMMENT '商品编号',
  `goods_name` varchar(100) NOT NULL COMMENT '商品名称',
  `member_id` int(11) NOT NULL DEFAULT '0' COMMENT '咨询发布者会员编号(0：游客)',
  `member_name` varchar(100) DEFAULT NULL COMMENT '会员名称',
  `store_id` int(11) unsigned NOT NULL DEFAULT '0' COMMENT '店铺编号',
  `store_name` varchar(50) NOT NULL COMMENT '店铺名称',
  `ct_id` int(10) unsigned NOT NULL COMMENT '咨询类型',
  `consult_content` varchar(255) DEFAULT NULL COMMENT '咨询内容',
  `consult_addtime` int(10) DEFAULT NULL COMMENT '咨询发布时间',
  `consult_reply` varchar(255) DEFAULT '' COMMENT '咨询回复内容',
  `consult_reply_time` int(10) DEFAULT NULL COMMENT '咨询回复时间',
  `isanonymous` tinyint(1) NOT NULL DEFAULT '0' COMMENT '0表示不匿名 1表示匿名',
  PRIMARY KEY (`consult_id`),
  KEY `goods_id` (`goods_id`),
  KEY `seller_id` (`store_id`)
) ENGINE=InnoDB DEFAULT CHARSET=utf8 COMMENT='产品咨询表' AUTO_INCREMENT=1 ;

-- --------------------------------------------------------

--
-- 表的结构 `33hao_consult_type`
--

CREATE TABLE IF NOT EXISTS `33hao_consult_type` (
  `ct_id` int(10) unsigned NOT NULL AUTO_INCREMENT COMMENT '咨询类型id',
  `ct_name` varchar(10) NOT NULL COMMENT '咨询类型名称',
  `ct_introduce` text NOT NULL COMMENT '咨询类型详细介绍',
  `ct_sort` tinyint(3) unsigned NOT NULL DEFAULT '0' COMMENT '咨询类型排序',
  PRIMARY KEY (`ct_id`)
) ENGINE=InnoDB  DEFAULT CHARSET=utf8 COMMENT='咨询类型表' AUTO_INCREMENT=5 ;

--
-- 转存表中的数据 `33hao_consult_type`
--

INSERT INTO `33hao_consult_type` (`ct_id`, `ct_name`, `ct_introduce`, `ct_sort`) VALUES
(1, '商品咨询', '&lt;strong&gt;商城承诺&lt;/strong&gt;：商品均为原装正品行货，自带机打发票，严格执行国家三包政策，享受全国联保服务。&lt;br /&gt;\r\n&lt;strong&gt;功能咨询&lt;/strong&gt;：咨询商品功能建议您拨打各品牌的官方客服电话，以便获得更准确的信息。', 1),
(2, '支付问题', '&lt;strong&gt;大额支付&lt;/strong&gt;：线上支付中的招行、工行、建行、农行、广发支持大额支付，最高单笔一次支付10000元。&lt;br /&gt;\r\n&lt;strong&gt;货到付款&lt;/strong&gt;：只有官方店铺支持货到付款功能。&lt;br /&gt;', 2),
(3, '发票及保修', '&lt;strong&gt;商城承诺&lt;/strong&gt;：商品均为原装正品行货，自带机打发票，严格执行国家三包政策，享受全国联保服务。&lt;br /&gt;\r\n&lt;strong&gt;发票类型&lt;/strong&gt;：商城所售商品均自带机打发票，在提供相关企业资料证明后，可申请开取增值税发票。&lt;br /&gt;\r\n&lt;strong&gt;退 换 货&lt;/strong&gt;：商城为您提供完善的退换货服务。', 3),
(4, '促销及赠品', '', 4);

-- --------------------------------------------------------

--
-- 表的结构 `33hao_consume`
--

CREATE TABLE IF NOT EXISTS `33hao_consume` (
  `consume_id` int(10) unsigned NOT NULL AUTO_INCREMENT COMMENT '消费表',
  `member_id` int(10) unsigned NOT NULL COMMENT '会员id',
  `member_name` varchar(50) NOT NULL COMMENT '会员名称',
  `consume_amount` decimal(10,2) NOT NULL COMMENT '金额',
  `consume_time` int(10) unsigned NOT NULL COMMENT '时间',
  `consume_remark` varchar(200) NOT NULL COMMENT '备注',
  PRIMARY KEY (`consume_id`)
) ENGINE=InnoDB  DEFAULT CHARSET=utf8 COMMENT='消费记录' AUTO_INCREMENT=97 ;

--
-- 转存表中的数据 `33hao_consume`
--

INSERT INTO `33hao_consume` (`consume_id`, `member_id`, `member_name`, `consume_amount`, `consume_time`, `consume_remark`) VALUES
(1, 9, 'shuichang4', '0.01', 1493869370, '下单，支付水币，订单号: 9000000000000301'),
(2, 9, 'shuichang4', '0.99', 1493869510, '下单，支付水币，订单号: 9000000000000401'),
(3, 9, 'shuichang4', '0.99', 1493878987, '确认退款，订单号: 9000000000000401'),
(4, 9, 'shuichang4', '0.99', 1493878988, '确认退款，订单号: 9000000000000401'),
(5, 9, 'shuichang4', '0.99', 1493878988, '确认退款，订单号: 9000000000000401'),
(6, 9, 'shuichang4', '5.00', 1493879164, '下单，支付水币，订单号: 9000000000000501'),
(7, 9, 'shuichang4', '5.00', 1493879282, '确认退款，订单号: 9000000000000501'),
(8, 9, 'shuichang4', '5.00', 1493879283, '确认退款，订单号: 9000000000000501'),
(9, 9, 'shuichang4', '5.00', 1493879283, '确认退款，订单号: 9000000000000501'),
(10, 9, 'shuichang4', '0.50', 1493900831, '下单，支付水币，订单号: 9000000000000601'),
(11, 9, 'shuichang4', '0.50', 1493901134, '下单，支付水币，订单号: 9000000000000701'),
(12, 9, 'shuichang4', '0.50', 1493901207, '下单，支付水币，订单号: 9000000000000801'),
(13, 9, 'shuichang4', '0.50', 1493901275, '下单，支付水币，订单号: 9000000000000901'),
(14, 9, 'shuichang4', '0.50', 1493901417, '下单，支付水币，订单号: 9000000000001001'),
(15, 9, 'shuichang4', '0.01', 1493950505, '下单，支付水币，订单号: 9000000000001101'),
(16, 9, 'shuichang4', '2.00', 1493952809, '下单，支付水币，订单号: 9000000000001201'),
(17, 9, 'shuichang4', '8.00', 1493954912, '下单，支付水币，订单号: 9000000000001301'),
(18, 9, 'shuichang4', '8.00', 1493963491, '确认退款，订单号: 9000000000001301'),
(19, 9, 'shuichang4', '8.00', 1493963492, '确认退水币，订单号: 9000000000001301'),
(20, 9, 'shuichang4', '90.00', 1493963903, '下单，支付水币，订单号: 9000000000001401'),
(21, 9, 'shuichang4', '90.00', 1493963977, '确认退款，订单号: 9000000000001401'),
(22, 9, 'shuichang4', '90.00', 1493963978, '确认退水币，订单号: 9000000000001401'),
(23, 9, 'shuichang4', '90.00', 1493964115, '下单，支付水币，订单号: 9000000000001501'),
(24, 9, 'shuichang4', '90.00', 1493964222, '确认退款，订单号: 9000000000001501'),
(25, 9, 'shuichang4', '90.00', 1493964287, '确认退款，订单号: 9000000000001501'),
(26, 9, 'shuichang4', '90.00', 1493964376, '确认退款，订单号: 9000000000001501'),
(27, 9, 'shuichang4', '90.00', 1493964402, '确认退款，订单号: 9000000000001501'),
(28, 9, 'shuichang4', '90.00', 1493964402, '确认退水币，订单号: 9000000000001501'),
(29, 9, 'shuichang4', '0.50', 1493964445, '确认退款，订单号: 9000000000001001'),
(30, 9, 'shuichang4', '0.50', 1493964445, '确认退水币，订单号: 9000000000001001'),
(31, 9, 'shuichang4', '9.00', 1493967703, '下单，支付水币，订单号: 9000000000001801'),
(32, 9, 'shuichang4', '9.00', 1493967769, '下单，支付水币，订单号: 9000000000001901'),
(33, 9, 'shuichang4', '9.00', 1493968094, '下单，支付水币，订单号: 9000000000002001'),
(34, 9, 'shuichang4', '9.00', 1493968113, '下单，支付水币，订单号: 9000000000002001'),
(35, 9, 'shuichang4', '0.01', 1493968450, '下单，支付水币，订单号: 9000000000002101'),
(36, 9, 'shuichang4', '0.00', 1493968536, '下单，支付水币，订单号: 9000000000002101'),
(37, 9, 'shuichang4', '0.01', 1493968618, '下单，支付水币，订单号: 9000000000002101'),
(38, 9, 'shuichang4', '9.00', 1493970795, '确认退款，订单号: 9000000000001801'),
(39, 9, 'shuichang4', '9.00', 1493970795, '确认退水币，订单号: 9000000000001801'),
(40, 9, 'shuichang4', '9.00', 1493970998, '确认退水币，订单号: 9000000000002001'),
(41, 9, 'shuichang4', '90.00', 1493971229, '下单，支付水币，订单号: 9000000000002201'),
(42, 9, 'shuichang4', '0.50', 1493971645, '下单，支付水币，订单号: 9000000000002301'),
(43, 2, 'sllsll', '1.20', 1494233854, '下单，支付水币，订单号: 9000000000002801'),
(44, 2, 'sllsll', '0.90', 1494322598, '下单，支付水币，订单号: 9000000000002402'),
(45, 2, 'sllsll', '0.20', 1494322599, '下单，支付水币，订单号: 9000000000002401'),
(46, 2, 'sllsll', '0.00', 1494322617, '下单，支付水币，订单号: 9000000000002402'),
(47, 2, 'sllsll', '0.00', 1494322618, '下单，支付水币，订单号: 9000000000002401'),
(48, 2, 'sllsll', '0.01', 1494322990, '下单，支付水币，订单号: 9000000000002501'),
(49, 2, 'sllsll', '0.07', 1494646842, '下单，支付水币，订单号: 9000000000002601'),
(50, 2, 'sllsll', '0.00', 1494646881, '下单，支付水币，订单号: 9000000000002601'),
(51, 2, 'sllsll', '0.07', 1494646897, '下单，支付水币，订单号: 9000000000002601'),
(52, 2, 'sllsll', '0.02', 1494655042, '下单，支付水币，订单号: 9000000000002701'),
(53, 2, 'sllsll', '0.20', 1494655404, '下单，支付预存款，订单号: 9000000000003301'),
(54, 2, 'sllsll', '0.20', 1494660059, '下单，支付预存款，订单号: 9000000000003401'),
(55, 2, 'sllsll', '0.70', 1494660744, '下单，支付水币，订单号: 9000000000004201'),
(56, 2, 'sllsll', '0.01', 1494660989, '下单，支付预存款，订单号: 9000000000003501'),
(57, 2, 'sllsll', '0.01', 1494661215, '下单，支付水币，订单号: 9000000000004301'),
(58, 2, 'sllsll', '0.02', 1494661215, '下单，支付水币，订单号: 9000000000004302'),
(59, 2, 'sllsll', '0.10', 1494663397, '下单，支付预存款，订单号: 9000000000004001'),
(60, 2, 'sllsll', '0.10', 1494663716, '下单，支付水币，订单号: 9000000000003901'),
(61, 2, 'sllsll', '0.10', 1494663738, '下单，支付水币，订单号: 9000000000004101'),
(62, 2, 'sllsll', '0.10', 1494663750, '下单，支付预存款，订单号: 9000000000003601'),
(63, 2, 'sllsll', '0.10', 1494663768, '下单，支付预存款，订单号: 9000000000003701'),
(64, 2, 'sllsll', '0.10', 1494670393, '下单，支付预存款，订单号: 9000000000006701'),
(65, 2, 'sllsll', '0.10', 1494670620, '下单，支付预存款，订单号: 9000000000006801'),
(66, 2, 'sllsll', '0.20', 1494670850, '下单，支付预存款，订单号: 9000000000006901'),
(67, 2, 'sllsll', '0.20', 1494671229, '下单，支付预存款，订单号: 9000000000007001'),
(68, 2, 'sllsll', '0.10', 1494671246, '下单，支付预存款，订单号: 9000000000007101'),
(69, 2, 'sllsll', '0.10', 1494671261, '下单，支付预存款，订单号: 9000000000007201'),
(70, 2, 'sllsll', '0.20', 1494671425, '下单，支付预存款，订单号: 9000000000007301'),
(71, 2, 'sllsll', '0.10', 1494814879, '下单，支付预存款，订单号: 9000000000006501'),
(72, 2, 'sllsll', '0.50', 1494814922, '下单，支付水币，订单号: 9000000000007401'),
(73, 2, 'sllsll', '0.30', 1494816887, '下单，支付预存款，订单号: 9000000000007501'),
(74, 2, 'sllsll', '0.20', 1494817624, '下单，支付预存款，订单号: 9000000000007601'),
(75, 2, 'sllsll', '0.10', 1494818828, '下单，支付水币，订单号: 9000000000006401'),
(76, 2, 'sllsll', '0.10', 1494818904, '下单，支付预存款，订单号: 9000000000008001'),
(77, 2, 'sllsll', '0.10', 1494830024, '下单，支付预存款，订单号: 9000000000008201'),
(78, 2, 'sllsll', '0.10', 1494830038, '下单，支付水币，订单号: 9000000000008301'),
(79, 2, 'sllsll', '0.10', 1494830932, '下单，支付预存款，订单号: 9000000000008601'),
(80, 2, 'sllsll', '0.10', 1494830944, '下单，支付预存款，订单号: 9000000000008701'),
(81, 2, 'sllsll', '0.10', 1494831030, '下单，支付预存款，订单号: 9000000000008801'),
(82, 2, 'sllsll', '0.10', 1494831071, '下单，支付预存款，订单号: 9000000000008901'),
(83, 2, 'sllsll', '0.10', 1494831087, '下单，支付预存款，订单号: 9000000000009001'),
(84, 2, 'sllsll', '0.10', 1494831310, '下单，支付水币，订单号: 9000000000009101'),
(85, 2, 'sllsll', '0.10', 1494831356, '下单，支付预存款，订单号: 9000000000008401'),
(86, 2, 'sllsll', '0.40', 1494831432, '下单，支付水币，订单号: 9000000000007701'),
(87, 2, 'sllsll', '0.10', 1494831600, '下单，支付预存款，订单号: 9000000000009301'),
(88, 2, 'sllsll', '0.10', 1494835983, '下单，支付预存款，订单号: 9000000000009801'),
(89, 2, 'sllsll', '0.10', 1494836005, '下单，支付预存款，订单号: 9000000000009901'),
(90, 2, 'sllsll', '0.10', 1494842270, '下单，支付水币，订单号: 9000000000011601'),
(91, 2, 'sllsll', '0.10', 1494842466, '下单，支付预存款，订单号: 9000000000011701'),
(92, 2, 'sllsll', '0.10', 1494842493, '下单，支付预存款，订单号: 9000000000011801'),
(93, 2, 'sllsll', '0.10', 1494842863, '下单，支付预存款，订单号: 9000000000012601'),
(94, 2, 'sllsll', '0.10', 1494842925, '下单，支付预存款，订单号: 9000000000012701'),
(95, 2, 'sllsll', '0.10', 1494842967, '下单，支付水币，订单号: 9000000000012801'),
(96, 2, 'sllsll', '0.10', 1494843090, '下单，支付水币，订单号: 9000000000013101');

-- --------------------------------------------------------

--
-- 表的结构 `33hao_contract`
--

CREATE TABLE IF NOT EXISTS `33hao_contract` (
  `ct_id` int(11) NOT NULL AUTO_INCREMENT COMMENT '自增ID',
  `ct_storeid` int(11) NOT NULL COMMENT '店铺ID',
  `ct_storename` varchar(500) NOT NULL COMMENT '店铺名称',
  `ct_itemid` int(11) NOT NULL COMMENT '服务项目ID',
  `ct_auditstate` tinyint(1) NOT NULL DEFAULT '0' COMMENT '申请审核状态0未审核1审核通过2审核失败3已支付保证金4保证金审核通过5保证金审核失败',
  `ct_joinstate` tinyint(1) NOT NULL DEFAULT '0' COMMENT '加入状态 0未申请 1已申请 2已加入',
  `ct_cost` decimal(10,2) NOT NULL DEFAULT '0.00' COMMENT '保证金余额',
  `ct_closestate` tinyint(1) NOT NULL DEFAULT '1' COMMENT '永久关闭 0永久关闭 1开启',
  `ct_quitstate` tinyint(1) NOT NULL DEFAULT '0' COMMENT '退出申请状态0未申请 1已申请 2申请失败',
  PRIMARY KEY (`ct_id`)
) ENGINE=InnoDB DEFAULT CHARSET=utf8 COMMENT='店铺消费者保障服务加入情况表' AUTO_INCREMENT=1 ;

-- --------------------------------------------------------

--
-- 表的结构 `33hao_contract_apply`
--

CREATE TABLE IF NOT EXISTS `33hao_contract_apply` (
  `cta_id` int(11) NOT NULL AUTO_INCREMENT COMMENT '申请ID',
  `cta_itemid` int(11) NOT NULL COMMENT '保障项目ID',
  `cta_storeid` int(11) NOT NULL COMMENT '店铺ID',
  `cta_storename` varchar(500) NOT NULL COMMENT '店铺名称',
  `cta_addtime` int(11) NOT NULL COMMENT '申请时间',
  `cta_auditstate` tinyint(1) NOT NULL DEFAULT '0' COMMENT '审核状态 0未审核 1审核通过 2审核失败 3保证金待审核 4保证金审核通过 5保证金审核失败',
  `cta_cost` decimal(10,2) DEFAULT '0.00' COMMENT '保证金金额',
  `cta_costimg` varchar(500) DEFAULT NULL COMMENT '保证金付款凭证图片',
  PRIMARY KEY (`cta_id`)
) ENGINE=InnoDB DEFAULT CHARSET=utf8 COMMENT='店铺加入消费者保障服务申请表' AUTO_INCREMENT=1 ;

-- --------------------------------------------------------

--
-- 表的结构 `33hao_contract_costlog`
--

CREATE TABLE IF NOT EXISTS `33hao_contract_costlog` (
  `clog_id` int(11) NOT NULL AUTO_INCREMENT COMMENT '自增ID',
  `clog_itemid` int(11) NOT NULL COMMENT '保障项目ID',
  `clog_itemname` varchar(100) NOT NULL COMMENT '保障项目名称',
  `clog_storeid` int(11) NOT NULL COMMENT '店铺ID',
  `clog_storename` varchar(500) NOT NULL COMMENT '店铺名称',
  `clog_adminid` int(11) DEFAULT NULL COMMENT '操作管理员ID',
  `clog_adminname` varchar(200) DEFAULT NULL COMMENT '操作管理员名称',
  `clog_price` decimal(10,2) NOT NULL COMMENT '金额',
  `clog_addtime` int(11) NOT NULL COMMENT '添加时间',
  `clog_desc` varchar(2000) NOT NULL COMMENT '描述',
  PRIMARY KEY (`clog_id`)
) ENGINE=InnoDB DEFAULT CHARSET=utf8 COMMENT='店铺消费者保障服务保证金日志表' AUTO_INCREMENT=1 ;

-- --------------------------------------------------------

--
-- 表的结构 `33hao_contract_item`
--

CREATE TABLE IF NOT EXISTS `33hao_contract_item` (
  `cti_id` int(11) NOT NULL AUTO_INCREMENT COMMENT '自增ID',
  `cti_name` varchar(100) NOT NULL COMMENT '保障项目名称',
  `cti_describe` varchar(2000) NOT NULL COMMENT '保障项目描述',
  `cti_cost` decimal(10,2) NOT NULL DEFAULT '0.00' COMMENT '保证金',
  `cti_icon` varchar(500) NOT NULL COMMENT '图标',
  `cti_descurl` varchar(500) DEFAULT NULL COMMENT '内容介绍文章地址',
  `cti_state` tinyint(1) NOT NULL DEFAULT '1' COMMENT '状态 0关闭 1开启',
  `cti_sort` int(11) DEFAULT '0' COMMENT '排序',
  PRIMARY KEY (`cti_id`)
) ENGINE=InnoDB  DEFAULT CHARSET=utf8 COMMENT='消费者保障服务项目表' AUTO_INCREMENT=11 ;

--
-- 转存表中的数据 `33hao_contract_item`
--

INSERT INTO `33hao_contract_item` (`cti_id`, `cti_name`, `cti_describe`, `cti_cost`, `cti_icon`, `cti_descurl`, `cti_state`, `cti_sort`) VALUES
(1, '7天退货', '卖家就该商品退货服务向买家作出承诺，自商品签收之日起至卖家承诺保障时间内，商品符合卖家约定状态的情况下，如买家对购买的商品不满意可无理由申请退货。', '1000.00', '7day.gif', '', 1, 1),
(2, '品质承诺', '卖家就该商品品质向买家作出承诺，承诺商品为正品。', '1000.00', 'pz.gif', '', 1, 2),
(3, '破损补寄', '卖家就该商品签收状态作出承诺，自商品签收之日起至卖家承诺保障时间内，如发现商品在运输途中出现破损，买家可申请破损部分商品补寄。', '1000.00', 'psbf.gif', '', 1, 3),
(4, '急速物流', '与优秀快递公司合作，快速送达买家手中，保障买家良好的购物物流体验。', '1000.00', 'jswl.gif', '', 1, 4),
(5, '', '', '0.00', '', '', 0, 0),
(6, '', '', '0.00', '', '', 0, 0),
(7, '', '', '0.00', '', '', 0, 0),
(8, '', '', '0.00', '', '', 0, 0),
(9, '', '', '0.00', '', '', 0, 0),
(10, '', '', '0.00', '', '', 0, 0);

-- --------------------------------------------------------

--
-- 表的结构 `33hao_contract_log`
--

CREATE TABLE IF NOT EXISTS `33hao_contract_log` (
  `log_id` int(11) NOT NULL AUTO_INCREMENT COMMENT '自增ID',
  `log_storeid` int(11) NOT NULL COMMENT '店铺ID',
  `log_storename` varchar(500) NOT NULL COMMENT '店铺名称',
  `log_itemid` int(11) NOT NULL COMMENT '服务项目ID',
  `log_itemname` varchar(100) NOT NULL COMMENT '服务项目名称',
  `log_msg` varchar(1000) NOT NULL COMMENT '操作描述',
  `log_addtime` int(11) NOT NULL COMMENT '添加时间',
  `log_role` varchar(100) NOT NULL COMMENT '操作者角色 管理员为admin 商家为seller',
  `log_userid` int(11) NOT NULL COMMENT '操作者ID',
  `log_username` varchar(200) NOT NULL COMMENT '操作者名称',
  PRIMARY KEY (`log_id`)
) ENGINE=InnoDB DEFAULT CHARSET=utf8 COMMENT='店铺消费者保障服务日志表' AUTO_INCREMENT=1 ;

-- --------------------------------------------------------

--
-- 表的结构 `33hao_contract_quitapply`
--

CREATE TABLE IF NOT EXISTS `33hao_contract_quitapply` (
  `ctq_id` int(11) NOT NULL AUTO_INCREMENT COMMENT '退出申请ID',
  `ctq_itemid` int(11) NOT NULL COMMENT '项目ID',
  `ctq_itemname` varchar(200) NOT NULL COMMENT '项目名称',
  `ctq_storeid` int(11) NOT NULL COMMENT '店铺ID',
  `ctq_storename` varchar(500) NOT NULL COMMENT '店铺名称',
  `ctq_addtime` int(11) NOT NULL COMMENT '添加时间',
  `ctq_auditstate` tinyint(4) NOT NULL COMMENT '审核状态0未审核1审核通过2审核失败',
  PRIMARY KEY (`ctq_id`)
) ENGINE=InnoDB DEFAULT CHARSET=utf8 COMMENT='店铺消费者保障服务退出申请表' AUTO_INCREMENT=1 ;

-- --------------------------------------------------------

--
-- 表的结构 `33hao_cron`
--

CREATE TABLE IF NOT EXISTS `33hao_cron` (
  `id` int(10) unsigned NOT NULL AUTO_INCREMENT,
  `type` tinyint(3) unsigned DEFAULT NULL COMMENT '任务类型 1商品上架 2根据商品id更新商品促销价格 3优惠套装过期 4推荐展位过期 5抢购开始更新商品促销价格 6抢购过期 7限时折扣过期 8加价购过期 9商品消费者保障服务开启状态更新 10手机专享过期',
  `exeid` int(10) unsigned NOT NULL DEFAULT '0' COMMENT '关联任务的ID[如商品ID,会员ID]',
  `exetime` int(11) unsigned NOT NULL DEFAULT '0' COMMENT '执行时间',
  PRIMARY KEY (`id`)
) ENGINE=InnoDB  DEFAULT CHARSET=utf8 COMMENT='任务队列表' AUTO_INCREMENT=11 ;

--
-- 转存表中的数据 `33hao_cron`
--

INSERT INTO `33hao_cron` (`id`, `type`, `exeid`, `exetime`) VALUES
(1, 7, 1, 1453392000),
(4, 6, 100009, 1453392000),
(5, 9, 100010, 1492049549),
(6, 9, 100011, 1492583651),
(7, 9, 100012, 1493282025),
(8, 9, 100013, 1493950457),
(9, 9, 100014, 1494213595),
(10, 9, 100015, 1494226093);

-- --------------------------------------------------------

--
-- 表的结构 `33hao_daddress`
--

CREATE TABLE IF NOT EXISTS `33hao_daddress` (
  `address_id` mediumint(10) unsigned NOT NULL AUTO_INCREMENT COMMENT '地址ID',
  `store_id` mediumint(10) unsigned NOT NULL DEFAULT '0' COMMENT '店铺ID',
  `seller_name` varchar(50) NOT NULL DEFAULT '' COMMENT '联系人',
  `area_id` mediumint(10) unsigned NOT NULL DEFAULT '0' COMMENT '地区ID',
  `city_id` mediumint(9) DEFAULT NULL COMMENT '市级ID',
  `area_info` varchar(100) DEFAULT NULL COMMENT '省市县',
  `address` varchar(100) NOT NULL COMMENT '地址',
  `telphone` varchar(40) DEFAULT NULL COMMENT '电话',
  `company` varchar(50) DEFAULT '' COMMENT '公司',
  `is_default` enum('0','1') NOT NULL DEFAULT '0' COMMENT '是否默认1是',
  PRIMARY KEY (`address_id`)
) ENGINE=InnoDB  DEFAULT CHARSET=utf8 COMMENT='卖家发货地址信息表' AUTO_INCREMENT=3 ;

--
-- 转存表中的数据 `33hao_daddress`
--

INSERT INTO `33hao_daddress` (`address_id`, `store_id`, `seller_name`, `area_id`, `city_id`, `area_info`, `address`, `telphone`, `company`, `is_default`) VALUES
(1, 2, '但丁', 2113, 171, '江苏 扬州市 江都市', '额发改委副', '1515158615', '', '1'),
(2, 3, '风格动感', 57, 40, '天津 天津市 河西区', '法国的公告', '1565165165', '', '0');

-- --------------------------------------------------------

--
-- 表的结构 `33hao_delivery_order`
--

CREATE TABLE IF NOT EXISTS `33hao_delivery_order` (
  `order_id` int(11) NOT NULL COMMENT '订单ID',
  `addtime` int(11) DEFAULT '0' COMMENT '订单生成时间',
  `order_sn` bigint(20) DEFAULT NULL COMMENT '订单号',
  `dlyp_id` int(11) DEFAULT NULL COMMENT '自提点ID',
  `shipping_code` varchar(50) DEFAULT NULL COMMENT '物流单号',
  `express_code` varchar(30) DEFAULT NULL COMMENT '快递公司编码',
  `express_name` varchar(30) DEFAULT NULL COMMENT '快递公司名称',
  `reciver_name` varchar(20) DEFAULT NULL COMMENT '收货人',
  `reciver_telphone` varchar(20) DEFAULT NULL COMMENT '电话',
  `reciver_mobphone` varchar(11) DEFAULT NULL COMMENT '手机',
  `dlyo_state` tinyint(3) unsigned NOT NULL DEFAULT '10' COMMENT '订单状态 10(默认)未到站，20已到站，30已提取',
  `dlyo_pickup_code` varchar(6) DEFAULT NULL COMMENT '提货码',
  PRIMARY KEY (`order_id`)
) ENGINE=InnoDB DEFAULT CHARSET=utf8 COMMENT='订单自提点表';

-- --------------------------------------------------------

--
-- 表的结构 `33hao_delivery_point`
--

CREATE TABLE IF NOT EXISTS `33hao_delivery_point` (
  `dlyp_id` int(10) unsigned NOT NULL AUTO_INCREMENT COMMENT '提货站id',
  `dlyp_name` varchar(50) NOT NULL COMMENT '提货站登录名',
  `dlyp_passwd` varchar(32) NOT NULL COMMENT '提货站登录密码',
  `dlyp_truename` varchar(20) NOT NULL COMMENT '真实姓名',
  `dlyp_mobile` varchar(11) DEFAULT '' COMMENT '手机号码',
  `dlyp_telephony` varchar(20) DEFAULT '' COMMENT '座机号码',
  `dlyp_address_name` varchar(20) NOT NULL COMMENT '服务站名称',
  `dlyp_area_1` int(10) unsigned NOT NULL COMMENT '一级地区id',
  `dlyp_area_2` int(10) unsigned NOT NULL COMMENT '二级地区id',
  `dlyp_area_3` int(10) unsigned NOT NULL COMMENT '三级地区id',
  `dlyp_area_4` int(10) unsigned NOT NULL COMMENT '四级地区id',
  `dlyp_area` int(10) unsigned NOT NULL COMMENT '地区id',
  `dlyp_area_info` varchar(255) NOT NULL COMMENT '地区内容',
  `dlyp_address` varchar(255) NOT NULL COMMENT '详细地址',
  `dlyp_idcard` varchar(18) NOT NULL COMMENT '身份证号码',
  `dlyp_idcard_image` varchar(255) NOT NULL COMMENT '身份证照片',
  `dlyp_addtime` int(10) unsigned NOT NULL COMMENT '添加时间',
  `dlyp_state` tinyint(3) unsigned NOT NULL COMMENT '提货站状态 0关闭，1开启，10等待审核, 20审核失败',
  `dlyp_fail_reason` varchar(255) DEFAULT NULL COMMENT '失败原因',
  PRIMARY KEY (`dlyp_id`),
  UNIQUE KEY `dlyp_name` (`dlyp_name`),
  UNIQUE KEY `dlyp_idcard` (`dlyp_idcard`),
  UNIQUE KEY `dlyp_mobile` (`dlyp_mobile`)
) ENGINE=InnoDB DEFAULT CHARSET=utf8 COMMENT='提货站表' AUTO_INCREMENT=1 ;

-- --------------------------------------------------------

--
-- 表的结构 `33hao_document`
--

CREATE TABLE IF NOT EXISTS `33hao_document` (
  `doc_id` mediumint(11) NOT NULL AUTO_INCREMENT COMMENT 'id',
  `doc_code` varchar(255) NOT NULL COMMENT '调用标识码',
  `doc_title` varchar(255) NOT NULL COMMENT '标题',
  `doc_content` text NOT NULL COMMENT '内容',
  `doc_time` int(10) unsigned NOT NULL COMMENT '添加时间/修改时间',
  PRIMARY KEY (`doc_id`),
  UNIQUE KEY `doc_code` (`doc_code`)
) ENGINE=InnoDB  DEFAULT CHARSET=utf8 COMMENT='系统文章表' AUTO_INCREMENT=7 ;

--
-- 转存表中的数据 `33hao_document`
--

INSERT INTO `33hao_document` (`doc_id`, `doc_code`, `doc_title`, `doc_content`, `doc_time`) VALUES
(1, 'agreement', '用户服务协议', '<p>特别提醒用户认真阅读本《用户服务协议》(下称《协议》) 中各条款。除非您接受本《协议》条款，否则您无权使用本网站提供的相关服务。您的使用行为将视为对本《协议》的接受，并同意接受本《协议》各项条款的约束。 <br /> <br /> <strong>一、定义</strong><br /></p>\r\n<ol>\r\n<li>"用户"指符合本协议所规定的条件，同意遵守本网站各种规则、条款（包括但不限于本协议），并使用本网站的个人或机构。</li>\r\n<li>"卖家"是指在本网站上出售物品的用户。"买家"是指在本网站购买物品的用户。</li>\r\n<li>"成交"指买家根据卖家所刊登的交易要求，在特定时间内提出最优的交易条件，因而取得依其提出的条件购买该交易物品的权利。</li>\r\n</ol>\r\n<p><br /> <br /> <strong>二、用户资格</strong><br /> <br /> 只有符合下列条件之一的人员或实体才能申请成为本网站用户，可以使用本网站的服务。</p>\r\n<ol>\r\n<li>年满十八岁，并具有民事权利能力和民事行为能力的自然人；</li>\r\n<li>未满十八岁，但监护人（包括但不仅限于父母）予以书面同意的自然人；</li>\r\n<li>根据中国法律或设立地法律、法规和/或规章成立并合法存在的公司、企事业单位、社团组织和其他组织。</li>\r\n</ol>\r\n<p><br /> 无民事行为能力人、限制民事行为能力人以及无经营或特定经营资格的组织不当注册为本网站用户或超过其民事权利或行为能力范围从事交易的，其与本网站之间的协议自始无效，本网站一经发现，有权立即注销该用户，并追究其使用本网站"服务"的一切法律责任。<br /> <br /> <strong>三.用户的权利和义务</strong><br /></p>\r\n<ol>\r\n<li>用户有权根据本协议的规定及本网站发布的相关规则，利用本网站网上交易平台登录物品、发布交易信息、查询物品信息、购买物品、与其他用户订立物品买卖合同、在本网站社区发帖、参加本网站的有关活动及有权享受本网站提供的其他的有关资讯及信息服务。</li>\r\n<li>用户有权根据需要更改密码和交易密码。用户应对以该用户名进行的所有活动和事件负全部责任。</li>\r\n<li>用户有义务确保向本网站提供的任何资料、注册信息真实准确，包括但不限于真实姓名、身份证号、联系电话、地址、邮政编码等。保证本网站及其他用户可以通过上述联系方式与自己进行联系。同时，用户也有义务在相关资料实际变更时及时更新有关注册资料。</li>\r\n<li>用户不得以任何形式擅自转让或授权他人使用自己在本网站的用户账号。</li>\r\n<li>用户有义务确保在本网站网上交易平台上登录物品、发布的交易信息真实、准确，无误导性。</li>\r\n<li>用户不得在本网站网上交易平台买卖国家禁止销售的或限制销售的物品、不得买卖侵犯他人知识产权或其他合法权益的物品，也不得买卖违背社会公共利益或公共道德的物品。</li>\r\n<li>用户不得在本网站发布各类违法或违规信息。包括但不限于物品信息、交易信息、社区帖子、物品留言，店铺留言，评价内容等。</li>\r\n<li>用户在本网站交易中应当遵守诚实信用原则，不得以干预或操纵物品价格等不正当竞争方式扰乱网上交易秩序，不得从事与网上交易无关的不当行为，不得在交易平台上发布任何违法信息。</li>\r\n<li>用户不应采取不正当手段（包括但不限于虚假交易、互换好评等方式）提高自身或他人信用度，或采用不正当手段恶意评价其他用户，降低其他用户信用度。</li>\r\n<li>用户承诺自己在使用本网站网上交易平台实施的所有行为遵守国家法律、法规和本网站的相关规定以及各种社会公共利益或公共道德。对于任何法律后果的发生，用户将以自己的名义独立承担所有相应的法律责任。</li>\r\n<li>用户在本网站网上交易过程中如与其他用户因交易产生纠纷，可以请求本网站从中予以协调。用户如发现其他用户有违法或违反本协议的行为，可以向本网站举报。如用户因网上交易与其他用户产生诉讼的，用户有权通过司法部门要求本网站提供相关资料。</li>\r\n<li>用户应自行承担因交易产生的相关费用，并依法纳税。</li>\r\n<li>未经本网站书面允许，用户不得将本网站资料以及在交易平台上所展示的任何信息以复制、修改、翻译等形式制作衍生作品、分发或公开展示。</li>\r\n<li>用户同意接收来自本网站的信息，包括但不限于活动信息、交易信息、促销信息等。</li>\r\n</ol>\r\n<p><br /> <br /> <strong>四、 本网站的权利和义务</strong><br /></p>\r\n<ol>\r\n<li>本网站不是传统意义上的"拍卖商"，仅为用户提供一个信息交流、进行物品买卖的平台，充当买卖双方之间的交流媒介，而非买主或卖主的代理商、合伙  人、雇员或雇主等经营关系人。公布在本网站上的交易物品是用户自行上传进行交易的物品，并非本网站所有。对于用户刊登物品、提供的信息或参与竞标的过程，  本网站均不加以监视或控制，亦不介入物品的交易过程，包括运送、付款、退款、瑕疵担保及其它交易事项，且不承担因交易物品存在品质、权利上的瑕疵以及交易  方履行交易协议的能力而产生的任何责任，对于出现在拍卖上的物品品质、安全性或合法性，本网站均不予保证。</li>\r\n<li>本网站有义务在现有技术水平的基础上努力确保整个网上交易平台的正常运行，尽力避免服务中断或将中断时间限制在最短时间内，保证用户网上交易活动的顺利进行。</li>\r\n<li>本网站有义务对用户在注册使用本网站网上交易平台中所遇到的问题及反映的情况及时作出回复。 </li>\r\n<li>本网站有权对用户的注册资料进行查阅，对存在任何问题或怀疑的注册资料，本网站有权发出通知询问用户并要求用户做出解释、改正，或直接做出处罚、删除等处理。</li>\r\n<li>用  户因在本网站网上交易与其他用户产生纠纷的，用户通过司法部门或行政部门依照法定程序要求本网站提供相关资料，本网站将积极配合并提供有关资料；用户将纠  纷告知本网站，或本网站知悉纠纷情况的，经审核后，本网站有权通过电子邮件及电话联系向纠纷双方了解纠纷情况，并将所了解的情况通过电子邮件互相通知对  方。 </li>\r\n<li>因网上交易平台的特殊性，本网站没有义务对所有用户的注册资料、所有的交易行为以及与交易有关的其他事项进行事先审查，但如发生以下情形，本网站有权限制用户的活动、向用户核实有关资料、发出警告通知、暂时中止、无限期地中止及拒绝向该用户提供服务：         \r\n<ul>\r\n<li>用户违反本协议或因被提及而纳入本协议的文件；</li>\r\n<li>存在用户或其他第三方通知本网站，认为某个用户或具体交易事项存在违法或不当行为，并提供相关证据，而本网站无法联系到该用户核证或验证该用户向本网站提供的任何资料；</li>\r\n<li>存在用户或其他第三方通知本网站，认为某个用户或具体交易事项存在违法或不当行为，并提供相关证据。本网站以普通非专业交易者的知识水平标准对相关内容进行判别，可以明显认为这些内容或行为可能对本网站用户或本网站造成财务损失或法律责任。 </li>\r\n</ul>\r\n</li>\r\n<li>在反网络欺诈行动中，本着保护广大用户利益的原则，当用户举报自己交易可能存在欺诈而产生交易争议时，本网站有权通过表面判断暂时冻结相关用户账号，并有权核对当事人身份资料及要求提供交易相关证明材料。</li>\r\n<li>根据国家法律法规、本协议的内容和本网站所掌握的事实依据，可以认定用户存在违法或违反本协议行为以及在本网站交易平台上的其他不当行为，本网站有权在本网站交易平台及所在网站上以网络发布形式公布用户的违法行为，并有权随时作出删除相关信息，而无须征得用户的同意。</li>\r\n<li>本  网站有权在不通知用户的前提下删除或采取其他限制性措施处理下列信息：包括但不限于以规避费用为目的；以炒作信用为目的；存在欺诈等恶意或虚假内容；与网  上交易无关或不是以交易为目的；存在恶意竞价或其他试图扰乱正常交易秩序因素；该信息违反公共利益或可能严重损害本网站和其他用户合法利益的。</li>\r\n<li>用  户授予本网站独家的、全球通用的、永久的、免费的信息许可使用权利，本网站有权对该权利进行再授权，依此授权本网站有权(全部或部份地)  使用、复制、修订、改写、发布、翻译、分发、执行和展示用户公示于网站的各类信息或制作其派生作品，以现在已知或日后开发的任何形式、媒体或技术，将上述  信息纳入其他作品内。</li>\r\n</ol>\r\n<p><br /> <br /> <strong>五、服务的中断和终止</strong><br /></p>\r\n<ol>\r\n<li>在  本网站未向用户收取相关服务费用的情况下，本网站可自行全权决定以任何理由  (包括但不限于本网站认为用户已违反本协议的字面意义和精神，或用户在超过180天内未登录本网站等)  终止对用户的服务，并不再保存用户在本网站的全部资料（包括但不限于用户信息、商品信息、交易信息等）。同时本网站可自行全权决定，在发出通知或不发出通  知的情况下，随时停止提供全部或部分服务。服务终止后，本网站没有义务为用户保留原用户资料或与之相关的任何信息，或转发任何未曾阅读或发送的信息给用户  或第三方。此外，本网站不就终止对用户的服务而对用户或任何第三方承担任何责任。 </li>\r\n<li>如用户向本网站提出注销本网站注册用户身份，需经本网站审核同意，由本网站注销该注册用户，用户即解除与本网站的协议关系，但本网站仍保留下列权利：         \r\n<ul>\r\n<li>用户注销后，本网站有权保留该用户的资料,包括但不限于以前的用户资料、店铺资料、商品资料和交易记录等。 </li>\r\n<li>用户注销后，如用户在注销前在本网站交易平台上存在违法行为或违反本协议的行为，本网站仍可行使本协议所规定的权利。 </li>\r\n</ul>\r\n</li>\r\n<li>如存在下列情况，本网站可以通过注销用户的方式终止服务：         \r\n<ul>\r\n<li>在用户违反本协议相关规定时，本网站有权终止向该用户提供服务。本网站将在中断服务时通知用户。但如该用户在被本网站终止提供服务后，再一次直接或间接或以他人名义注册为本网站用户的，本网站有权再次单方面终止为该用户提供服务；</li>\r\n<li>一旦本网站发现用户注册资料中主要内容是虚假的，本网站有权随时终止为该用户提供服务； </li>\r\n<li>本协议终止或更新时，用户未确认新的协议的。 </li>\r\n<li>其它本网站认为需终止服务的情况。 </li>\r\n</ul>\r\n</li>\r\n<li>因用户违反相关法律法规或者违反本协议规定等原因而致使本网站中断、终止对用户服务的，对于服务中断、终止之前用户交易行为依下列原则处理：         \r\n<ul>\r\n<li>本网站有权决定是否在中断、终止对用户服务前将用户被中断或终止服务的情况和原因通知用户交易关系方，包括但不限于对该交易有意向但尚未达成交易的用户,参与该交易竞价的用户，已达成交易要约用户。</li>\r\n<li>服务中断、终止之前，用户已经上传至本网站的物品尚未交易或交易尚未完成的，本网站有权在中断、终止服务的同时删除此项物品的相关信息。 </li>\r\n<li>服务中断、终止之前，用户已经就其他用户出售的具体物品作出要约，但交易尚未结束，本网站有权在中断或终止服务的同时删除该用户的相关要约和信息。</li>\r\n</ul>\r\n</li>\r\n<li>本网站若因用户的行为（包括但不限于刊登的商品、在本网站社区发帖等）侵害了第三方的权利或违反了相关规定，而受到第三方的追偿或受到主管机关的处分时，用户应赔偿本网站因此所产生的一切损失及费用。</li>\r\n<li>对违反相关法律法规或者违反本协议规定，且情节严重的用户，本网站有权终止该用户的其它服务。</li>\r\n</ol>\r\n<p><br /> <br /> <strong>六、协议的修订</strong><br /> <br /> 本协议可由本网站随时修订，并将修订后的协议公告于本网站之上，修订后的条款内容自公告时起生效，并成为本协议的一部分。用户若在本协议修改之后，仍继续使用本网站，则视为用户接受和自愿遵守修订后的协议。本网站行使修改或中断服务时，不需对任何第三方负责。<br /> <br /> <strong>七、 本网站的责任范围 </strong><br /> <br /> 当用户接受该协议时，用户应明确了解并同意∶</p>\r\n<ol>\r\n<li>是否经由本网站下载或取得任何资料，由用户自行考虑、衡量并且自负风险，因下载任何资料而导致用户电脑系统的任何损坏或资料流失，用户应负完全责任。</li>\r\n<li>用户经由本网站取得的建议和资讯，无论其形式或表现，绝不构成本协议未明示规定的任何保证。</li>\r\n<li>基于以下原因而造成的利润、商誉、使用、资料损失或其它无形损失，本网站不承担任何直接、间接、附带、特别、衍生性或惩罚性赔偿（即使本网站已被告知前款赔偿的可能性）：         \r\n<ul>\r\n<li>本网站的使用或无法使用。</li>\r\n<li>经由或通过本网站购买或取得的任何物品，或接收之信息，或进行交易所随之产生的替代物品及服务的购买成本。</li>\r\n<li>用户的传输或资料遭到未获授权的存取或变更。</li>\r\n<li>本网站中任何第三方之声明或行为。</li>\r\n<li>本网站其它相关事宜。</li>\r\n</ul>\r\n</li>\r\n<li>本网站只是为用户提供一个交易的平台，对于用户所刊登的交易物品的合法性、真实性及其品质，以及用户履行交易的能力等，本网站一律不负任何担保责任。用户如果因使用本网站，或因购买刊登于本网站的任何物品，而受有损害时，本网站不负任何补偿或赔偿责任。</li>\r\n<li>本  网站提供与其它互联网上的网站或资源的链接，用户可能会因此连结至其它运营商经营的网站，但不表示本网站与这些运营商有任何关系。其它运营商经营的网站均  由各经营者自行负责，不属于本网站控制及负责范围之内。对于存在或来源于此类网站或资源的任何内容、广告、产品或其它资料，本网站亦不予保证或负责。因使  用或依赖任何此类网站或资源发布的或经由此类网站或资源获得的任何内容、物品或服务所产生的任何损害或损失，本网站不负任何直接或间接的责任。</li>\r\n</ol>\r\n<p><br /> <br /> <strong>八.、不可抗力</strong><br /> <br /> 因不可抗力或者其他意外事件，使得本协议的履行不可能、不必要或者无意义的，双方均不承担责任。本合同所称之不可抗力意指不能预见、不能避免并不能克服的  客观情况，包括但不限于战争、台风、水灾、火灾、雷击或地震、罢工、暴动、法定疾病、黑客攻击、网络病毒、电信部门技术管制、政府行为或任何其它自然或人  为造成的灾难等客观情况。<br /> <br /> <strong>九、争议解决方式</strong><br /></p>\r\n<ol>\r\n<li>本协议及其修订本的有效性、履行和与本协议及其修订本效力有关的所有事宜，将受中华人民共和国法律管辖，任何争议仅适用中华人民共和国法律。</li>\r\n<li>因  使用本网站服务所引起与本网站的任何争议，均应提交深圳仲裁委员会按照该会届时有效的仲裁规则进行仲裁。相关争议应单独仲裁，不得与任何其它方的争议在任  何仲裁中合并处理，该仲裁裁决是终局，对各方均有约束力。如果所涉及的争议不适于仲裁解决，用户同意一切争议由人民法院管辖。</li>\r\n</ol>', 1449242303),
(4, 'open_store', '开店协议', '<p>使用本公司服务所须遵守的条款和条件。<br /><br />1.用户资格<br />本公司的服务仅向适用法律下能够签订具有法律约束力的合同的个人提供并仅由其使用。在不限制前述规定的前提下，本公司的服务不向18周岁以下或被临时或无限期中止的用户提供。如您不合资格，请勿使用本公司的服务。此外，您的账户（包括信用评价）和用户名不得向其他方转让或出售。另外，本公司保留根据其意愿中止或终止您的账户的权利。<br /><br />2.您的资料（包括但不限于所添加的任何商品）不得：<br />*具有欺诈性、虚假、不准确或具误导性；<br />*侵犯任何第三方著作权、专利权、商标权、商业秘密或其他专有权利或发表权或隐私权；<br />*违反任何适用的法律或法规（包括但不限于有关出口管制、消费者保护、不正当竞争、刑法、反歧视或贸易惯例/公平贸易法律的法律或法规）；<br />*有侮辱或者诽谤他人，侵害他人合法权益的内容；<br />*有淫秽、色情、赌博、暴力、凶杀、恐怖或者教唆犯罪的内容；<br />*包含可能破坏、改变、删除、不利影响、秘密截取、未经授权而接触或征用任何系统、数据或个人资料的任何病毒、特洛依木马、蠕虫、定时炸弹、删除蝇、复活节彩蛋、间谍软件或其他电脑程序；<br /><br />3.违约<br />如发生以下情形，本公司可能限制您的活动、立即删除您的商品、向本公司社区发出有关您的行为的警告、发出警告通知、暂时中止、无限期地中止或终止您的用户资格及拒绝向您提供服务：<br />(a)您违反本协议或纳入本协议的文件；<br />(b)本公司无法核证或验证您向本公司提供的任何资料；<br />(c)本公司相信您的行为可能对您、本公司用户或本公司造成损失或法律责任。<br /><br />4.责任限制<br />本公司、本公司的关联公司和相关实体或本公司的供应商在任何情况下均不就因本公司的网站、本公司的服务或本协议而产生或与之有关的利润损失或任何特别、间接或后果性的损害（无论以何种方式产生，包括疏忽）承担任何责任。您同意您就您自身行为之合法性单独承担责任。您同意，本公司和本公司的所有关联公司和相关实体对本公司用户的行为的合法性及产生的任何结果不承担责任。<br /><br />5.无代理关系<br />用户和本公司是独立的合同方，本协议无意建立也没有创立任何代理、合伙、合营、雇员与雇主或特许经营关系。本公司也不对任何用户及其网上交易行为做出明示或默许的推荐、承诺或担保。<br /><br />6.一般规定<br />本协议在所有方面均受中华人民共和国法律管辖。本协议的规定是可分割的，如本协议任何规定被裁定为无效或不可执行，该规定可被删除而其余条款应予以执行。</p>', 1449242303),
(5, 'groupbuy', '抢购活动协议', '<p>\r\n  一、抢购的所有权和运作权归本公司。\r\n</p>\r\n<p>\r\n    二、本公司有权在必要时修改本协议，本协议一旦发生变更，将会在相关页面上公布。如果您不同意所改动的内容，您应主动停止使用抢购服务。如果您继续使用服务，则视为接受本协议的变更。\r\n</p>\r\n<p>\r\n   三、如发生下列任何一种情形，本公司有权中断或终止向您提供的服务而无需通知您：\r\n</p>\r\n1、 您提供的个人资料不真实；<br />\r\n2、您违反本协议的规定；<br />\r\n3、 按照政府主管部门的监管要求；<br />\r\n4、本公司认为您的行为违反抢购服务性质或需求的特殊情形。\r\n<p>\r\n 四、尽管本协议可能另有其他规定，本公司仍然可以随时终止本协议。\r\n</p>\r\n<p>\r\n  五、本公司终止本协议的权利不会妨害本公司可能拥有的在本协议终止前因您违反本协议或本公司本应享有的任何其他权利。\r\n</p>\r\n<p>\r\n  六、您理解并完全接受，本公司有权自行对抢购资源作下线处理。\r\n</p>', 1449242303),
(6, 'create_circle', '圈子使用须知', '&nbsp;&nbsp; 请您仔细阅读本须知的全部内容（特别是以<strong><span style="text-decoration:underline;">粗体下划线</span></strong>标注的内容）。如果您不同意本须知的任意内容，您应当停止使用本产品。\r\n<p>\r\n  1、“圈子”是本公司开设的一个供商城用户（以下简称“用户”或“您”）交流购物体验等信息的网络社区。<strong><span style="text-decoration:underline;">您使用“圈子”产品需遵守本须知，并遵守本公司公布的操作流程和规则。</span></strong>\r\n</p>\r\n<p>\r\n  2、“圈子”产品的功能和产品提供方式由本公司自行决定，后续本公司可能调整产品名称和产品运行的域名等。<strong><span style="text-decoration:underline;">本须知适用于“圈子”产品的调整、改进版本和附加功能。</span></strong>\r\n</p>\r\n<p>\r\n    3、您可以通过本产品创建网络关系圈子，其他感兴趣的用户可以加入您创建的圈子。您应当遵守任何适用的法律之规定，并自觉尊重和维护其他参与者的合法权利。您不得以任何形式开展违法活动、侵犯他人合法权益、损害本公司或其他公司的合法利益，否则您需为此自行承担法律责任。<strong><span style="text-decoration:underline;">您同意本公司无需为产品使用者的违法或侵权等行为承担任何责任。</span></strong>\r\n</p>\r\n<p>\r\n  4、您同意并保证通过本产品上传、发布的文字、图片等全部信息素材符合相关法律的规定。您保证素材内容以及素材所含链接指向的内容的合法性和正当性，不侵犯他人的肖像权、名誉权、知识产权、隐私权等合法权益，也不会侵犯法人或其他团体的商业秘密等合法权益。\r\n</p>\r\n<p>\r\n    5、<strong><span style="text-decoration:underline;">您使用本产品可能需要提供关于您的个人资料、肖像、联系方式等个人信息。您了解并同意，在使用本产品过程中关于您的个人信息可能会通过网络等渠道进行传播。</span></strong>\r\n</p>\r\n<p>\r\n 6、您通过本产品上传、发布素材，即意味着<strong><span style="text-decoration:underline;">您同意向本公司提供免费的、永久性的、不可撤销的权利和许可，使本公司可以在全球范围内复制、发行、展示、演绎和通过信息网络等渠道使用您上传的素材和信息</span></strong>，例如将您提供的图片发布于活动页面或平面媒体中。\r\n</p>\r\n<p>\r\n   7、本公司无法事先了解您上传素材的真实性和合法性。如您上传的素材被发现不适宜展示或遭受他人举报或投诉的，本公司有权立即删除或进行屏蔽从而停止该素材的继续传播。<strong><span style="text-decoration:underline;">如果您违反本须知的内容、有关协议或规则等的，本公司有权删除相关素材并有权拒绝您继续使用产品，届时您无权要求本公司进行补偿或赔偿。</span></strong>\r\n</p>\r\n<p>\r\n 8、您使用本产品应同时遵守《用户服务协议》、本公司公布的各项规则以及本公司发布的关于本产品的特别规则和制度。\r\n</p>\r\n<p>\r\n   9、第三方可能通过分公司其他产品或本产品知悉并使用您上传的素材、个人信息或进而侵犯您的合法权利。<strong><span style="text-decoration:underline;">本公司提醒您注意和谨防网络诈骗以及其他可能对您不利的行动和信息，但本公司对第三方的侵权、违法等行为不承担赔偿等法律责任。</span></strong>您承诺合法使用并善待其他用户上传的素材和信息。\r\n</p>\r\n<p>\r\n 10、您应自行对上传的素材进行备份。本公司可能按照本须知删除或屏蔽素材，相关系统亦可能遭受网络攻击或网络故障，类似或其他情况均可能使您上传的素材丢失或故障，对此本公司将尽力避免但不做任何保证。\r\n</p>\r\n<p>\r\n 11、<strong><span style="text-decoration:underline;">如您因使用本产品与本公司发生纠纷的，您同意由本公司住所地人民法院管辖审理。</span></strong> \r\n</p>\r\n<p>\r\n   12、<strong><span style="text-decoration:underline;">本公司有权更新、修改本须知以及有关规则、流程等相关文件的内容，本公司在法律允许的范围内负责对本须知进行说明和解释</span></strong>。如您对修改存有异议，您有权选择不再继续使用本产品，但您在此前的行为仍受本须知以及相关文件最新的修改版本的约束。\r\n</p>', 1449242303);

-- --------------------------------------------------------

--
-- 表的结构 `33hao_evaluate_goods`
--

CREATE TABLE IF NOT EXISTS `33hao_evaluate_goods` (
  `geval_id` int(11) NOT NULL AUTO_INCREMENT COMMENT '评价ID',
  `geval_orderid` int(11) NOT NULL COMMENT '订单表自增ID',
  `geval_orderno` bigint(20) unsigned NOT NULL COMMENT '订单编号',
  `geval_ordergoodsid` int(11) NOT NULL COMMENT '订单商品表编号',
  `geval_goodsid` int(11) NOT NULL COMMENT '商品表编号',
  `geval_goodsname` varchar(100) NOT NULL COMMENT '商品名称',
  `geval_goodsprice` decimal(10,2) DEFAULT NULL COMMENT '商品价格',
  `geval_goodsimage` varchar(255) DEFAULT NULL COMMENT '商品图片',
  `geval_scores` tinyint(1) NOT NULL COMMENT '1-5分',
  `geval_content` varchar(255) DEFAULT NULL COMMENT '信誉评价内容',
  `geval_isanonymous` tinyint(1) NOT NULL DEFAULT '0' COMMENT '0表示不是 1表示是匿名评价',
  `geval_addtime` int(11) NOT NULL COMMENT '评价时间',
  `geval_storeid` int(11) NOT NULL COMMENT '店铺编号',
  `geval_storename` varchar(100) NOT NULL COMMENT '店铺名称',
  `geval_frommemberid` int(11) NOT NULL COMMENT '评价人编号',
  `geval_frommembername` varchar(100) NOT NULL COMMENT '评价人名称',
  `geval_explain` varchar(255) DEFAULT NULL COMMENT '解释内容',
  `geval_image` varchar(255) DEFAULT NULL COMMENT '晒单图片',
  `geval_content_again` varchar(255) NOT NULL COMMENT '追加评价内容',
  `geval_addtime_again` int(10) unsigned NOT NULL COMMENT '追加评价时间',
  `geval_image_again` varchar(255) NOT NULL COMMENT '追加评价图片',
  `geval_explain_again` varchar(255) NOT NULL COMMENT '追加解释内容',
  PRIMARY KEY (`geval_id`)
) ENGINE=InnoDB DEFAULT CHARSET=utf8 COMMENT='信誉评价表' AUTO_INCREMENT=1 ;

-- --------------------------------------------------------

--
-- 表的结构 `33hao_evaluate_store`
--

CREATE TABLE IF NOT EXISTS `33hao_evaluate_store` (
  `seval_id` int(11) NOT NULL AUTO_INCREMENT COMMENT '评价ID',
  `seval_orderid` int(11) unsigned NOT NULL COMMENT '订单ID',
  `seval_orderno` varchar(100) NOT NULL COMMENT '订单编号',
  `seval_addtime` int(11) unsigned NOT NULL COMMENT '评价时间',
  `seval_storeid` int(11) unsigned NOT NULL COMMENT '店铺编号',
  `seval_storename` varchar(100) NOT NULL COMMENT '店铺名称',
  `seval_memberid` int(11) unsigned NOT NULL COMMENT '买家编号',
  `seval_membername` varchar(100) NOT NULL COMMENT '买家名称',
  `seval_desccredit` tinyint(1) unsigned NOT NULL DEFAULT '5' COMMENT '描述相符评分',
  `seval_servicecredit` tinyint(1) unsigned NOT NULL DEFAULT '5' COMMENT '服务态度评分',
  `seval_deliverycredit` tinyint(1) unsigned NOT NULL DEFAULT '5' COMMENT '发货速度评分',
  PRIMARY KEY (`seval_id`)
) ENGINE=InnoDB DEFAULT CHARSET=utf8 COMMENT='店铺评分表' AUTO_INCREMENT=1 ;

-- --------------------------------------------------------

--
-- 表的结构 `33hao_exppoints_log`
--

CREATE TABLE IF NOT EXISTS `33hao_exppoints_log` (
  `exp_id` int(11) NOT NULL AUTO_INCREMENT COMMENT '经验值日志编号',
  `exp_memberid` int(11) NOT NULL COMMENT '会员编号',
  `exp_membername` varchar(100) NOT NULL COMMENT '会员名称',
  `exp_points` int(11) NOT NULL DEFAULT '0' COMMENT '经验值负数表示扣除',
  `exp_addtime` int(11) NOT NULL COMMENT '添加时间',
  `exp_desc` varchar(100) NOT NULL COMMENT '操作描述',
  `exp_stage` varchar(50) NOT NULL COMMENT '操作阶段',
  PRIMARY KEY (`exp_id`)
) ENGINE=InnoDB  DEFAULT CHARSET=utf8 COMMENT='经验值日志表' AUTO_INCREMENT=43 ;

--
-- 转存表中的数据 `33hao_exppoints_log`
--

INSERT INTO `33hao_exppoints_log` (`exp_id`, `exp_memberid`, `exp_membername`, `exp_points`, `exp_addtime`, `exp_desc`, `exp_stage`) VALUES
(1, 1, 'admin', 5, 1491898423, '会员登录', 'login'),
(2, 1, 'admin', 5, 1492048294, '会员登录', 'login'),
(3, 2, 'sllsll', 5, 1492051468, '会员登录', 'login'),
(4, 2, 'sllsll', 5, 1492133547, '会员登录', 'login'),
(5, 2, 'sllsll', 5, 1492396790, '会员登录', 'login'),
(6, 3, 'sina4509', 5, 1492480676, '会员登录', 'login'),
(7, 2, 'sllsll', 5, 1492480799, '会员登录', 'login'),
(8, 2, 'sllsll', 5, 1492655058, '会员登录', 'login'),
(9, 2, 'sllsll', 5, 1492766974, '会员登录', 'login'),
(10, 4, 'swsflqh', 5, 1493001567, '会员登录', 'login'),
(11, 2, 'sllsll', 5, 1493012701, '会员登录', 'login'),
(12, 4, 'swsflqh', 5, 1493115232, '会员登录', 'login'),
(13, 4, 'swsflqh', 5, 1493186371, '会员登录', 'login'),
(14, 2, 'sllsll', 5, 1493257735, '会员登录', 'login'),
(15, 3, 'sina4509', 5, 1493257921, '会员登录', 'login'),
(16, 4, 'swsflqh', 5, 1493259861, '会员登录', 'login'),
(17, 2, 'sllsll', 1, 1493282094, '订单9000000000000701购物消费', 'order'),
(18, 2, 'sllsll', 5, 1493344531, '会员登录', 'login'),
(19, 2, 'sllsll', 1, 1493345362, '订单9000000000000301购物消费', 'order'),
(20, 2, 'sllsll', 1, 1493365187, '订单9000000000000201购物消费', 'order'),
(21, 3, 'sina4509', 5, 1493689371, '会员登录', 'login'),
(22, 2, 'sllsll', 5, 1493720274, '会员登录', 'login'),
(23, 9, 'shuichang4', 5, 1493776007, '会员登录', 'login'),
(24, 2, 'sllsll', 5, 1493776039, '会员登录', 'login'),
(25, 9, 'shuichang4', 5, 1493862685, '会员登录', 'login'),
(26, 9, 'shuichang4', 5, 1493949305, '会员登录', 'login'),
(27, 9, 'shuichang4', 2, 1493952887, '订单9000000000001201购物消费', 'order'),
(28, 2, 'sllsll', 5, 1494038490, '会员登录', 'login'),
(29, 2, 'sllsll', 5, 1494215898, '会员登录', 'login'),
(30, 2, 'sllsll', 1, 1494233934, '订单9000000000002801购物消费', 'order'),
(31, 2, 'sllsll', 5, 1494302207, '会员登录', 'login'),
(32, 2, 'sllsll', 5, 1494379995, '会员登录', 'login'),
(33, 4, 'swsflqh', 5, 1494408694, '会员登录', 'login'),
(34, 13, '博丽灵梦', 5, 1494467693, '会员登录', 'login'),
(35, 2, 'sllsll', 5, 1494469710, '会员登录', 'login'),
(36, 9, 'shuichang4', 5, 1494470491, '会员登录', 'login'),
(37, 2, 'sllsll', 5, 1494572545, '会员登录', 'login'),
(38, 13, '博丽灵梦', 5, 1494574707, '会员登录', 'login'),
(39, 2, 'sllsll', 5, 1494641718, '会员登录', 'login'),
(40, 13, '博丽灵梦', 5, 1494642201, '会员登录', 'login'),
(41, 2, 'sllsll', 5, 1494834911, '会员登录', 'login'),
(42, 13, '博丽灵梦', 5, 1494835720, '会员登录', 'login');

-- --------------------------------------------------------

--
-- 表的结构 `33hao_express`
--

CREATE TABLE IF NOT EXISTS `33hao_express` (
  `id` tinyint(1) unsigned NOT NULL AUTO_INCREMENT COMMENT '索引ID',
  `e_name` varchar(50) NOT NULL COMMENT '公司名称',
  `e_state` enum('0','1') NOT NULL DEFAULT '1' COMMENT '状态',
  `e_code` varchar(50) NOT NULL COMMENT '编号',
  `e_letter` char(1) NOT NULL COMMENT '首字母',
  `e_order` enum('1','2') NOT NULL DEFAULT '2' COMMENT '1常用2不常用',
  `e_url` varchar(100) NOT NULL COMMENT '公司网址',
  `e_zt_state` tinyint(4) DEFAULT '0' COMMENT '是否支持服务站配送0否1是',
  UNIQUE KEY `id` (`id`)
) ENGINE=InnoDB  DEFAULT CHARSET=utf8 COMMENT='快递公司' AUTO_INCREMENT=48 ;

--
-- 转存表中的数据 `33hao_express`
--

INSERT INTO `33hao_express` (`id`, `e_name`, `e_state`, `e_code`, `e_letter`, `e_order`, `e_url`, `e_zt_state`) VALUES
(1, '安信达', '0', 'anxindakuaixi', 'A', '2', 'http://www.anxinda.com', 0),
(2, '包裹平邮', '1', 'youzhengguonei', 'B', '2', 'http://yjcx.chinapost.com.cn', 0),
(3, 'CCES', '1', 'cces', 'C', '2', 'http://www.cces.com.cn', 0),
(4, '传喜物流', '1', 'chuanxiwuliu', 'C', '2', 'http://www.cxcod.com', 0),
(5, 'DHL快递', '1', 'dhl', 'D', '2', 'http://www.cn.dhl.com', 0),
(6, '大田物流', '1', 'datianwuliu', 'D', '2', 'http://www.dtw.com.cn', 0),
(7, '德邦物流', '1', 'debangwuliu', 'D', '2', 'http://www.deppon.com', 0),
(8, 'EMS', '1', 'ems', 'E', '2', 'http://www.ems.com.cn', 0),
(9, 'EMS国际', '1', 'emsguoji', 'E', '2', '###', 0),
(10, '飞康达', '1', 'feikangda', 'F', '2', 'http://www.fkd.com.cn', 0),
(11, 'FedEx(国际)', '1', 'fedex', 'F', '2', 'http://fedex.com/cn', 0),
(12, '凡客如风达', '1', 'rufengda', 'F', '2', 'http://www.rufengda.com', 0),
(13, '港中能达', '1', 'ganzhongnengda', 'G', '2', 'http://www.nd56.com', 0),
(14, '挂号信', '1', 'youzhengguonei', 'G', '2', 'http://yjcx.chinapost.com.cn', 0),
(15, '共速达', '1', 'gongsuda', 'G', '2', 'http://www.gongsuda.com/mall/Search.aspx', 0),
(16, '汇通快递', '1', 'huitongkuaidi', 'H', '2', 'http://www.htky365.com', 0),
(17, '华宇物流', '1', 'tiandihuayu', 'H', '2', 'http://www.hoau.net', 0),
(18, '佳吉快运', '1', 'jiajiwuliu', 'J', '2', 'http://www.jiaji.com', 0),
(19, '佳怡物流', '1', 'jiayiwuliu', 'J', '2', 'http://www.jiayi56.com', 0),
(20, '急先达', '1', 'jixianda', 'J', '2', 'http://www.joust.cn', 0),
(21, '快捷速递', '1', 'kuaijiesudi', 'K', '2', 'http://www.fastexpress.com.cn', 0),
(22, '龙邦快递', '1', 'longbanwuliu', 'L', '2', 'http://www.lbex.com.cn', 0),
(23, '联邦快递', '1', 'lianbangkuaidi', 'L', '2', 'http://cndxp.apac.fedex.com/dxp.html', 0),
(24, '联昊通', '1', 'lianhaowuliu', 'L', '2', 'http://www.lhtex.com.cn', 0),
(25, '全一快递', '1', 'quanyikuaidi', 'Q', '2', 'http://www.apex100.com', 0),
(26, '全峰快递', '1', 'quanfengkuaidi', 'Q', '2', 'http://www.qfkd.com.cn', 0),
(27, '全日通', '1', 'quanritongkuaidi', 'Q', '2', 'http://www.at-express.com', 0),
(28, '申通快递', '1', 'shentong', 'S', '2', 'http://www.sto.cn', 0),
(29, '顺丰快递', '1', 'shunfeng', 'S', '1', 'http://www.sf-express.com', 0),
(30, '速尔快递', '1', 'suer', 'S', '2', 'http://www.sure56.com', 0),
(31, 'TNT快递', '1', 'tnt', 'T', '2', 'http://www.tnt.com.cn', 0),
(32, '天天快递', '1', 'tiantian', 'T', '2', 'http://www.ttkdex.com', 0),
(33, '天地华宇', '1', 'tiandihuayu', 'T', '2', 'http://www.hoau.net', 0),
(34, 'UPS快递', '1', 'ups', 'U', '2', 'http://www.ups.com/cn', 0),
(35, 'USPS', '1', 'usps', 'U', '2', 'http://www.kuaidi100.com/all/usps.shtml', 0),
(36, '新邦物流', '1', 'xinbangwuliu', 'X', '2', 'http://www.xbwl.cn', 0),
(37, '信丰物流', '1', 'xinfengwuliu', 'X', '2', 'http://www.xf-express.com.cn', 0),
(38, '希伊艾斯', '1', 'cces', 'X', '2', 'http://www.cces.com.cn', 0),
(39, '新蛋物流', '1', 'neweggozzo', 'X', '2', 'http://www.ozzo.com.cn', 0),
(40, '圆通快递', '1', 'yuantong', 'Y', '1', 'http://www.yto.net.cn', 0),
(41, '韵达快递', '1', 'yunda', 'Y', '1', 'http://www.yundaex.com', 0),
(42, '邮政包裹', '1', 'youzhengguonei', 'Y', '2', 'http://yjcx.chinapost.com.cn', 0),
(43, '优速快递', '1', 'youshuwuliu', 'Y', '2', 'http://www.uc56.com', 0),
(44, '中通快递', '1', 'zhongtong', 'Z', '1', 'http://www.zto.cn', 0),
(45, '中铁快运', '1', 'zhongtiewuliu', 'Z', '2', 'http://www.cre.cn', 0),
(46, '宅急送', '1', 'zhaijisong', 'Z', '2', 'http://www.zjs.com.cn', 0),
(47, '中邮物流', '1', 'zhongyouwuliu', 'Z', '2', 'http://www.cnpl.com.cn', 0);

-- --------------------------------------------------------

--
-- 表的结构 `33hao_favorites`
--

CREATE TABLE IF NOT EXISTS `33hao_favorites` (
  `log_id` int(10) unsigned NOT NULL AUTO_INCREMENT COMMENT '记录ID',
  `member_id` int(10) unsigned NOT NULL COMMENT '会员ID',
  `member_name` varchar(50) NOT NULL COMMENT '会员名',
  `fav_id` int(10) unsigned NOT NULL COMMENT '商品或店铺ID',
  `fav_type` char(5) NOT NULL DEFAULT 'goods' COMMENT '类型:goods为商品,store为店铺,默认为商品',
  `fav_time` int(10) unsigned NOT NULL COMMENT '收藏时间',
  `store_id` int(10) unsigned NOT NULL COMMENT '店铺ID',
  `store_name` varchar(20) NOT NULL COMMENT '店铺名称',
  `sc_id` int(10) unsigned DEFAULT '0' COMMENT '店铺分类ID',
  `goods_name` varchar(50) DEFAULT NULL COMMENT '商品名称',
  `goods_image` varchar(100) DEFAULT NULL COMMENT '商品图片',
  `gc_id` int(10) unsigned DEFAULT '0' COMMENT '商品分类ID',
  `log_price` decimal(10,2) DEFAULT '0.00' COMMENT '商品收藏时价格',
  `log_msg` varchar(20) DEFAULT NULL COMMENT '收藏备注',
  PRIMARY KEY (`log_id`),
  KEY `member_id` (`member_id`)
) ENGINE=InnoDB DEFAULT CHARSET=utf8 COMMENT='收藏表' AUTO_INCREMENT=1 ;

-- --------------------------------------------------------

--
-- 表的结构 `33hao_flowstat`
--

CREATE TABLE IF NOT EXISTS `33hao_flowstat` (
  `stattime` int(11) unsigned NOT NULL COMMENT '访问日期',
  `clicknum` int(11) unsigned NOT NULL COMMENT '访问量',
  `store_id` int(11) unsigned NOT NULL COMMENT '店铺ID',
  `type` varchar(10) NOT NULL COMMENT '类型',
  `goods_id` int(11) unsigned NOT NULL COMMENT '商品ID'
) ENGINE=InnoDB DEFAULT CHARSET=utf8 COMMENT='访问量统计表';

--
-- 转存表中的数据 `33hao_flowstat`
--

INSERT INTO `33hao_flowstat` (`stattime`, `clicknum`, `store_id`, `type`, `goods_id`) VALUES
(1493913600, 14, 3, 'sum', 0),
(1493913600, 14, 3, 'goods', 100013),
(1494000000, 1, 3, 'sum', 0),
(1494172800, 1, 3, 'sum', 0),
(1494172800, 1, 3, 'goods', 100013),
(1494345600, 1, 3, 'sum', 0),
(1494345600, 1, 3, 'goods', 100013),
(1494518400, 3, 3, 'sum', 0),
(1494518400, 3, 3, 'goods', 100013);

-- --------------------------------------------------------

--
-- 表的结构 `33hao_flowstat_1`
--

CREATE TABLE IF NOT EXISTS `33hao_flowstat_1` (
  `stattime` int(11) unsigned NOT NULL COMMENT '访问日期',
  `clicknum` int(11) unsigned NOT NULL COMMENT '访问量',
  `store_id` int(11) unsigned NOT NULL COMMENT '店铺ID',
  `type` varchar(10) NOT NULL COMMENT '类型',
  `goods_id` int(11) unsigned NOT NULL COMMENT '商品ID'
) ENGINE=InnoDB DEFAULT CHARSET=utf8 COMMENT='访问量统计表';

-- --------------------------------------------------------

--
-- 表的结构 `33hao_flowstat_2`
--

CREATE TABLE IF NOT EXISTS `33hao_flowstat_2` (
  `stattime` int(11) unsigned NOT NULL COMMENT '访问日期',
  `clicknum` int(11) unsigned NOT NULL COMMENT '访问量',
  `store_id` int(11) unsigned NOT NULL COMMENT '店铺ID',
  `type` varchar(10) NOT NULL COMMENT '类型',
  `goods_id` int(11) unsigned NOT NULL COMMENT '商品ID'
) ENGINE=InnoDB DEFAULT CHARSET=utf8 COMMENT='访问量统计表';

--
-- 转存表中的数据 `33hao_flowstat_2`
--

INSERT INTO `33hao_flowstat_2` (`stattime`, `clicknum`, `store_id`, `type`, `goods_id`) VALUES
(1492012800, 26, 2, 'sum', 0),
(1492012800, 15, 2, 'goods', 100010),
(1492099200, 1, 2, 'sum', 0),
(1492099200, 1, 2, 'goods', 100010),
(1492358400, 1, 2, 'sum', 0),
(1492358400, 1, 2, 'goods', 100010),
(1492963200, 1, 2, 'sum', 0),
(1492963200, 1, 2, 'goods', 100010),
(1493222400, 13, 2, 'sum', 0),
(1493222400, 4, 2, 'goods', 100011),
(1493222400, 9, 2, 'goods', 100010),
(1493308800, 6, 2, 'sum', 0),
(1493308800, 5, 2, 'goods', 100010),
(1493308800, 1, 2, 'goods', 100011),
(1493654400, 1, 2, 'sum', 0),
(1493654400, 1, 2, 'goods', 100010),
(1493827200, 7, 2, 'sum', 0),
(1493827200, 7, 2, 'goods', 100010),
(1494000000, 10, 2, 'sum', 0),
(1494000000, 4, 2, 'goods', 100010),
(1494000000, 5, 2, 'goods', 100011),
(1494172800, 1, 2, 'sum', 0),
(1494172800, 1, 2, 'goods', 100015),
(1494259200, 1, 2, 'sum', 0),
(1494345600, 8, 2, 'sum', 0),
(1494345600, 1, 2, 'goods', 100015),
(1494345600, 3, 2, 'goods', 100010),
(1494345600, 4, 2, 'goods', 100014),
(1494604800, 2, 2, 'sum', 0),
(1494604800, 2, 2, 'goods', 100011);

-- --------------------------------------------------------

--
-- 表的结构 `33hao_gadmin`
--

CREATE TABLE IF NOT EXISTS `33hao_gadmin` (
  `gid` smallint(5) unsigned NOT NULL AUTO_INCREMENT COMMENT '自增id',
  `gname` varchar(50) DEFAULT NULL COMMENT '组名',
  `limits` text COMMENT '权限内容',
  PRIMARY KEY (`gid`)
) ENGINE=InnoDB  DEFAULT CHARSET=utf8 COMMENT='权限组' AUTO_INCREMENT=2 ;

--
-- 转存表中的数据 `33hao_gadmin`
--

INSERT INTO `33hao_gadmin` (`gid`, `gname`, `limits`) VALUES
(1, '子公司', 'kn7lwn5MibnhyrU168dOCPgl5mMHzL5GHmuSs_BMiwLF95PjfaBKp9PlNtV0KlMzahIcOZMyIbQ0KTa05dZyvJGxrzOxaJRh7EeyJbH67iG9uhTE6tMws14Iq7JcPGWz0YU');

-- --------------------------------------------------------

--
-- 表的结构 `33hao_goods`
--

CREATE TABLE IF NOT EXISTS `33hao_goods` (
  `goods_id` int(10) unsigned NOT NULL AUTO_INCREMENT COMMENT '商品id(SKU)',
  `goods_commonid` int(10) unsigned NOT NULL COMMENT '商品公共表id',
  `goods_name` varchar(50) NOT NULL COMMENT '商品名称（+规格名称）',
  `goods_jingle` varchar(150) DEFAULT '' COMMENT '商品广告词',
  `store_id` int(10) unsigned NOT NULL COMMENT '店铺id',
  `store_name` varchar(50) NOT NULL COMMENT '店铺名称',
  `gc_id` int(10) unsigned NOT NULL COMMENT '商品分类id',
  `gc_id_1` int(10) unsigned NOT NULL COMMENT '一级分类id',
  `gc_id_2` int(10) unsigned NOT NULL COMMENT '二级分类id',
  `gc_id_3` int(10) unsigned NOT NULL COMMENT '三级分类id',
  `brand_id` int(10) unsigned DEFAULT '0' COMMENT '品牌id',
  `goods_price` decimal(10,2) NOT NULL COMMENT '商品价格',
  `goods_promotion_price` decimal(10,2) NOT NULL COMMENT '商品促销价格',
  `goods_promotion_type` tinyint(3) unsigned NOT NULL DEFAULT '0' COMMENT '促销类型 0无促销，1抢购，2限时折扣',
  `goods_marketprice` decimal(10,2) NOT NULL COMMENT '市场价',
  `goods_serial` varchar(50) DEFAULT '' COMMENT '商品货号',
  `goods_storage_alarm` tinyint(3) unsigned NOT NULL COMMENT '库存报警值',
  `goods_barcode` varchar(20) DEFAULT '' COMMENT '商品条形码',
  `goods_click` int(10) unsigned NOT NULL DEFAULT '0' COMMENT '商品点击数量',
  `goods_salenum` int(10) unsigned NOT NULL DEFAULT '0' COMMENT '销售数量',
  `goods_collect` int(10) unsigned NOT NULL DEFAULT '0' COMMENT '收藏数量',
  `spec_name` varchar(255) NOT NULL COMMENT '规格名称',
  `goods_spec` text NOT NULL COMMENT '商品规格序列化',
  `goods_storage` int(10) unsigned NOT NULL DEFAULT '0' COMMENT '商品库存',
  `goods_image` varchar(100) NOT NULL DEFAULT '' COMMENT '商品主图',
  `goods_body` text NOT NULL COMMENT '商品描述',
  `mobile_body` text NOT NULL COMMENT '手机端商品描述',
  `goods_state` tinyint(3) unsigned NOT NULL COMMENT '商品状态 0下架，1正常，10违规（禁售）',
  `goods_verify` tinyint(3) unsigned NOT NULL COMMENT '商品审核 1通过，0未通过，10审核中',
  `goods_addtime` int(10) unsigned NOT NULL COMMENT '商品添加时间',
  `goods_edittime` int(10) unsigned NOT NULL COMMENT '商品编辑时间',
  `areaid_1` int(10) unsigned NOT NULL COMMENT '一级地区id',
  `areaid_2` int(10) unsigned NOT NULL COMMENT '二级地区id',
  `color_id` int(10) unsigned NOT NULL DEFAULT '0' COMMENT '颜色规格id',
  `transport_id` mediumint(8) unsigned NOT NULL COMMENT '运费模板id',
  `goods_freight` decimal(10,2) unsigned NOT NULL DEFAULT '0.00' COMMENT '运费 0为免运费',
  `goods_vat` tinyint(3) unsigned NOT NULL DEFAULT '0' COMMENT '是否开具增值税发票 1是，0否',
  `goods_commend` tinyint(3) unsigned NOT NULL DEFAULT '0' COMMENT '商品推荐 1是，0否 默认0',
  `goods_stcids` varchar(255) DEFAULT '' COMMENT '店铺分类id 首尾用,隔开',
  `evaluation_good_star` tinyint(3) unsigned NOT NULL DEFAULT '5' COMMENT '好评星级',
  `evaluation_count` int(10) unsigned NOT NULL DEFAULT '0' COMMENT '评价数',
  `is_virtual` tinyint(3) unsigned NOT NULL DEFAULT '0' COMMENT '是否为虚拟商品 1是，0否',
  `virtual_indate` int(10) unsigned NOT NULL COMMENT '虚拟商品有效期',
  `virtual_limit` tinyint(3) unsigned NOT NULL COMMENT '虚拟商品购买上限',
  `virtual_invalid_refund` tinyint(3) unsigned NOT NULL DEFAULT '1' COMMENT '是否允许过期退款， 1是，0否',
  `is_fcode` tinyint(4) NOT NULL DEFAULT '0' COMMENT '是否为F码商品 1是，0否',
  `is_presell` tinyint(3) unsigned NOT NULL DEFAULT '0' COMMENT '是否是预售商品 1是，0否',
  `presell_deliverdate` int(11) NOT NULL DEFAULT '0' COMMENT '预售商品发货时间',
  `is_book` tinyint(4) NOT NULL DEFAULT '0' COMMENT '是否为预定商品，1是，0否',
  `book_down_payment` decimal(10,2) NOT NULL DEFAULT '0.00' COMMENT '定金金额',
  `book_final_payment` decimal(10,2) NOT NULL DEFAULT '0.00' COMMENT '尾款金额',
  `book_down_time` int(11) NOT NULL DEFAULT '0' COMMENT '预定结束时间',
  `book_buyers` mediumint(9) DEFAULT '0' COMMENT '预定人数',
  `have_gift` tinyint(3) unsigned NOT NULL DEFAULT '0' COMMENT '是否拥有赠品',
  `is_own_shop` tinyint(3) unsigned NOT NULL DEFAULT '0' COMMENT '是否为平台自营',
  `contract_1` tinyint(1) NOT NULL DEFAULT '0' COMMENT '消费者保障服务状态 0关闭 1开启',
  `contract_2` tinyint(1) NOT NULL DEFAULT '0' COMMENT '消费者保障服务状态 0关闭 1开启',
  `contract_3` tinyint(1) NOT NULL DEFAULT '0' COMMENT '消费者保障服务状态 0关闭 1开启',
  `contract_4` tinyint(1) NOT NULL DEFAULT '0' COMMENT '消费者保障服务状态 0关闭 1开启',
  `contract_5` tinyint(1) NOT NULL DEFAULT '0' COMMENT '消费者保障服务状态 0关闭 1开启',
  `contract_6` tinyint(1) NOT NULL DEFAULT '0' COMMENT '消费者保障服务状态 0关闭 1开启',
  `contract_7` tinyint(1) NOT NULL DEFAULT '0' COMMENT '消费者保障服务状态 0关闭 1开启',
  `contract_8` tinyint(1) NOT NULL DEFAULT '0' COMMENT '消费者保障服务状态 0关闭 1开启',
  `contract_9` tinyint(1) NOT NULL DEFAULT '0' COMMENT '消费者保障服务状态 0关闭 1开启',
  `contract_10` tinyint(1) NOT NULL DEFAULT '0' COMMENT '消费者保障服务状态 0关闭 1开启',
  `is_chain` tinyint(3) unsigned NOT NULL DEFAULT '0' COMMENT '是否为门店商品 1是，0否',
  `invite_rate` decimal(10,2) DEFAULT '0.00' COMMENT '分销佣金',
  PRIMARY KEY (`goods_id`)
) ENGINE=InnoDB  DEFAULT CHARSET=utf8 COMMENT='商品表' AUTO_INCREMENT=100016 ;

--
-- 转存表中的数据 `33hao_goods`
--

INSERT INTO `33hao_goods` (`goods_id`, `goods_commonid`, `goods_name`, `goods_jingle`, `store_id`, `store_name`, `gc_id`, `gc_id_1`, `gc_id_2`, `gc_id_3`, `brand_id`, `goods_price`, `goods_promotion_price`, `goods_promotion_type`, `goods_marketprice`, `goods_serial`, `goods_storage_alarm`, `goods_barcode`, `goods_click`, `goods_salenum`, `goods_collect`, `spec_name`, `goods_spec`, `goods_storage`, `goods_image`, `goods_body`, `mobile_body`, `goods_state`, `goods_verify`, `goods_addtime`, `goods_edittime`, `areaid_1`, `areaid_2`, `color_id`, `transport_id`, `goods_freight`, `goods_vat`, `goods_commend`, `goods_stcids`, `evaluation_good_star`, `evaluation_count`, `is_virtual`, `virtual_indate`, `virtual_limit`, `virtual_invalid_refund`, `is_fcode`, `is_presell`, `presell_deliverdate`, `is_book`, `book_down_payment`, `book_final_payment`, `book_down_time`, `book_buyers`, `have_gift`, `is_own_shop`, `contract_1`, `contract_2`, `contract_3`, `contract_4`, `contract_5`, `contract_6`, `contract_7`, `contract_8`, `contract_9`, `contract_10`, `is_chain`, `invite_rate`) VALUES
(100000, 100000, '劳力士ROLEX-潜航者型 116610-LV-97200自动机械钢带男表联保正品', '', 1, '好商城V5', 587, 530, 540, 587, 0, '70000.00', '70000.00', 0, '70000.00', '', 0, '', 0, 0, 0, 'N;', 'N;', 100, '1_04752627678636481.jpg', '', '', 1, 1, 1421918768, 1421918768, 0, 0, 0, 0, '0.00', 0, 1, '', 5, 0, 0, 0, 0, 0, 0, 0, 0, 0, '0.00', '0.00', 0, 0, 0, 1, 0, 0, 0, 0, 0, 0, 0, 0, 0, 0, 0, '0.00'),
(100001, 100001, '劳力士Rolex 深海系列 自动机械钢带男士表 联保正品116660 98210', '【雅欧国际】：所有商品全新原装正品　　', 1, '好商城V5', 587, 530, 540, 587, 0, '87500.00', '87500.00', 0, '87500.00', '', 0, '', 1, 0, 0, 'N;', 'N;', 100, '1_04752627707766698.png', '', '', 1, 1, 1421918773, 1421920269, 0, 0, 0, 0, '0.00', 0, 1, '', 5, 0, 0, 0, 0, 0, 0, 0, 0, 0, '0.00', '0.00', 0, 0, 0, 1, 0, 0, 0, 0, 0, 0, 0, 0, 0, 0, 0, '0.00'),
(100002, 100002, '劳力士Rolex MILGAUSS 116400GV-72400 自动机械钢带男表联保正品', '', 1, '好商城V5', 587, 530, 540, 587, 0, '63200.00', '63200.00', 0, '63200.00', '', 0, '', 0, 0, 0, 'N;', 'N;', 300, '1_04752627750479728.png', '', '', 1, 1, 1421918775, 1421918775, 0, 0, 0, 0, '0.00', 0, 1, '', 5, 0, 0, 0, 0, 0, 0, 0, 0, 0, '0.00', '0.00', 0, 0, 0, 1, 0, 0, 0, 0, 0, 0, 0, 0, 0, 0, 0, '0.00'),
(100003, 100003, '劳力士Rolex 日志型系列 自动机械钢带男士表 联保正品 116333', '【雅欧国际】：所有商品全新原装正品　　', 1, '好商城V5', 587, 530, 540, 587, 0, '89200.00', '89200.00', 0, '89200.00', '', 0, '', 0, 0, 0, 'N;', 'N;', 100, '1_04752627769865296.jpg', '', '', 1, 1, 1421918778, 1421918778, 0, 0, 0, 0, '0.00', 0, 1, '', 5, 0, 0, 0, 0, 0, 0, 0, 0, 0, '0.00', '0.00', 0, 0, 0, 1, 0, 0, 0, 0, 0, 0, 0, 0, 0, 0, 0, '0.00'),
(100004, 100004, '劳力士Rolex 日志型系列 自动机械钢带男表 联保正品 116233', '【雅欧国际】：所有商品全新原装正品　　', 1, '好商城V5', 587, 530, 540, 587, 0, '97800.00', '97800.00', 0, '97800.00', '', 0, '', 0, 0, 0, 'N;', 'N;', 100, '1_04752627799921979.jpg', '', '', 1, 1, 1421918781, 1421918781, 0, 0, 0, 0, '0.00', 0, 1, '', 5, 0, 0, 0, 0, 0, 0, 0, 0, 0, '0.00', '0.00', 0, 0, 0, 1, 0, 0, 0, 0, 0, 0, 0, 0, 0, 0, 0, '0.00'),
(100005, 100005, '劳力士Rolex 蚝式恒动 115234-CA-72190自动机械钢带男表联保正品', '', 1, '好商城V5', 587, 530, 540, 587, 0, '65900.00', '65900.00', 0, '65900.00', '', 0, '', 0, 0, 0, 'N;', 'N;', 100, '1_04752627843241680.jpg', '', '', 1, 1, 1421918784, 1421918784, 0, 0, 0, 0, '0.00', 0, 1, '', 5, 0, 0, 0, 0, 0, 0, 0, 0, 0, '0.00', '0.00', 0, 0, 0, 1, 0, 0, 0, 0, 0, 0, 0, 0, 0, 0, 0, '0.00'),
(100006, 100006, '劳力士Rolex 蚝式恒动系列 自动机械钢带男表 正品116231-G-63201', '', 1, '好商城V5', 587, 530, 540, 587, 0, '100500.00', '100500.00', 0, '100500.00', '', 0, '', 0, 0, 0, 'N;', 'N;', 100, '1_04752627871532105.png', '', '', 1, 1, 1421918788, 1421918788, 0, 0, 0, 0, '0.00', 0, 1, '', 5, 0, 0, 0, 0, 0, 0, 0, 0, 0, '0.00', '0.00', 0, 0, 0, 1, 0, 0, 0, 0, 0, 0, 0, 0, 0, 0, 0, '0.00'),
(100007, 100007, '劳力士Rolex 蚝式恒动系列自动机械钢带男表正品116523-8DI-78593', '', 1, '好商城V5', 587, 530, 540, 587, 0, '146300.00', '146300.00', 0, '146300.00', '', 0, '', 1, 0, 0, 'N;', 'N;', 100, '1_04752627900055146.png', '', '', 1, 1, 1421918790, 1421920187, 0, 0, 0, 0, '0.00', 0, 1, '', 5, 0, 0, 0, 0, 0, 0, 0, 0, 0, '0.00', '0.00', 0, 0, 0, 1, 0, 0, 0, 0, 0, 0, 0, 0, 0, 0, 0, '0.00'),
(100008, 100008, '劳力士Rolex 宇宙计型迪通拿 自动机械皮带男表 正品116519 CR.TB', '【雅欧国际】：所有商品全新原装正品　　', 1, '好商城V5', 587, 530, 540, 587, 0, '209500.00', '188550.00', 2, '209500.00', '', 0, '', 0, 0, 0, 'N;', 'N;', 100, '1_04752627931531971.jpg', '', '', 1, 1, 1421918793, 1421918793, 0, 0, 0, 0, '0.00', 0, 1, '', 5, 0, 0, 0, 0, 0, 0, 0, 0, 0, '0.00', '0.00', 0, 0, 0, 1, 0, 0, 0, 0, 0, 0, 0, 0, 0, 0, 0, '0.00'),
(100009, 100009, '劳力士Rolex 日志型系列 116200 63200 自动机械钢带男表联保正品', '【雅欧国际】：所有商品全新原装正品　　', 1, '好商城V5', 587, 530, 540, 587, 0, '52800.00', '42800.00', 1, '52800.00', '', 0, '', 2, 0, 0, 'N;', 'N;', 100, '1_04752627958339099.jpg', '', '', 1, 1, 1421918796, 1494417694, 0, 0, 0, 0, '0.00', 0, 1, '', 5, 0, 0, 0, 0, 0, 0, 0, 0, 0, '0.00', '0.00', 0, 0, 0, 1, 0, 0, 0, 0, 0, 0, 0, 0, 0, 0, 0, '0.00'),
(100010, 100010, '测试商品', '一级棒', 2, '测试水厂店铺', 633, 593, 599, 633, 144, '0.01', '0.01', 0, '0.01', '100001', 20, '100001', 53, 630, 0, 'N;', 'N;', 99584, '2_05453934459435128.png', '', '', 1, 1, 1492049549, 1494418660, 17, 258, 0, 0, '0.00', 0, 1, '', 5, 0, 0, 0, 0, 0, 0, 0, 0, 0, '0.00', '0.00', 0, 0, 0, 1, 0, 0, 0, 0, 0, 0, 0, 0, 0, 0, 0, '0.00'),
(100011, 100011, '测试商品2', '2341234', 2, '测试水厂店铺', 633, 593, 599, 633, 310, '0.01', '0.01', 0, '0.01', '100002', 20, '', 79, 628, 0, 'N;', 'N;', 99691, '2_05459276154634896.png', '', '', 1, 1, 1492583651, 1494842607, 19, 291, 0, 0, '0.00', 0, 1, '', 5, 0, 0, 0, 0, 0, 0, 0, 0, 0, '0.00', '0.00', 0, 0, 0, 1, 0, 0, 0, 0, 0, 0, 0, 0, 0, 0, 0, '0.00'),
(100012, 100012, '测试商品3', '', 2, '测试水厂店铺', 633, 593, 599, 633, 0, '0.01', '0.01', 0, '0.01', '', 200, '', 36, 130, 0, 'N;', 'N;', 999869, '2_05466260067490925.jpg', '', '', 1, 1, 1493282025, 1494841521, 5, 99, 0, 0, '0.00', 0, 1, '', 5, 0, 0, 0, 0, 0, 0, 0, 0, 0, '0.00', '0.00', 0, 0, 0, 1, 0, 0, 0, 0, 0, 0, 0, 0, 0, 0, 0, '0.00'),
(100013, 100013, '测试水', '', 3, '测试水厂1号', 633, 593, 599, 633, 0, '0.01', '0.01', 0, '0.01', '100002', 80, '', 43, 10984, 0, 'N;', 'N;', 9989015, '3_05472944445560878.png', '', '', 1, 1, 1493950457, 1494847124, 0, 0, 0, 0, '0.00', 0, 1, '', 5, 0, 0, 0, 0, 0, 0, 0, 0, 0, '0.00', '0.00', 0, 0, 0, 1, 0, 0, 0, 0, 0, 0, 0, 0, 0, 0, 0, '0.00'),
(100014, 100014, '测试商品3', '', 2, '测试水厂店铺', 633, 593, 599, 633, 0, '0.02', '0.02', 0, '0.02', '', 0, '', 25, 102, 0, 'N;', 'N;', 999897, '2_05475575915659858.jpg', '', '', 1, 1, 1494213595, 1494841521, 0, 0, 0, 0, '0.00', 0, 1, '', 5, 0, 0, 0, 0, 0, 0, 0, 0, 0, '0.00', '0.00', 0, 0, 0, 0, 0, 0, 0, 0, 0, 0, 0, 0, 0, 0, 0, '0.00'),
(100015, 100015, '空空1号', '', 2, '测试水厂店铺', 633, 593, 599, 633, 84, '0.01', '0.01', 0, '0.01', '', 255, '', 8, 140, 0, 'N;', 'N;', 999859, '2_05475700493262276.jpg', '', '', 1, 1, 1494226093, 1494841521, 0, 0, 0, 0, '0.00', 0, 1, '', 5, 0, 0, 0, 0, 0, 0, 0, 0, 0, '0.00', '0.00', 0, 0, 0, 0, 0, 0, 0, 0, 0, 0, 0, 0, 0, 0, 0, '0.00');

-- --------------------------------------------------------

--
-- 表的结构 `33hao_goods_attr_index`
--

CREATE TABLE IF NOT EXISTS `33hao_goods_attr_index` (
  `goods_id` int(10) unsigned NOT NULL COMMENT '商品id',
  `goods_commonid` int(10) unsigned NOT NULL COMMENT '商品公共表id',
  `gc_id` int(10) unsigned NOT NULL COMMENT '商品分类id',
  `type_id` int(10) unsigned NOT NULL COMMENT '类型id',
  `attr_id` int(10) unsigned NOT NULL COMMENT '属性id',
  `attr_value_id` int(10) unsigned NOT NULL COMMENT '属性值id',
  PRIMARY KEY (`goods_id`,`gc_id`,`attr_value_id`)
) ENGINE=InnoDB DEFAULT CHARSET=utf8 COMMENT='商品与属性对应表';

-- --------------------------------------------------------

--
-- 表的结构 `33hao_goods_browse`
--

CREATE TABLE IF NOT EXISTS `33hao_goods_browse` (
  `goods_id` int(11) NOT NULL COMMENT '商品ID',
  `member_id` int(11) NOT NULL COMMENT '会员ID',
  `browsetime` int(11) NOT NULL COMMENT '浏览时间',
  `gc_id` int(11) NOT NULL COMMENT '商品分类',
  `gc_id_1` int(11) NOT NULL COMMENT '商品一级分类',
  `gc_id_2` int(11) NOT NULL COMMENT '商品二级分类',
  `gc_id_3` int(11) NOT NULL COMMENT '商品三级分类',
  PRIMARY KEY (`goods_id`,`member_id`)
) ENGINE=InnoDB DEFAULT CHARSET=utf8 COMMENT='商品浏览历史表';

--
-- 转存表中的数据 `33hao_goods_browse`
--

INSERT INTO `33hao_goods_browse` (`goods_id`, `member_id`, `browsetime`, `gc_id`, `gc_id_1`, `gc_id_2`, `gc_id_3`) VALUES
(100010, 1, 1492063178, 633, 593, 599, 633),
(100010, 2, 1492077693, 633, 593, 599, 633),
(100010, 4, 1493015107, 633, 593, 599, 633),
(100010, 9, 1493716279, 633, 593, 599, 633),
(100010, 13, 1494418593, 633, 593, 599, 633),
(100011, 2, 1493282041, 633, 593, 599, 633),
(100013, 2, 1494578876, 633, 593, 599, 633),
(100013, 9, 1493980945, 633, 593, 599, 633),
(100013, 13, 1494418646, 633, 593, 599, 633),
(100014, 13, 1494418576, 633, 593, 599, 633),
(100015, 2, 1494233704, 633, 593, 599, 633);

-- --------------------------------------------------------

--
-- 表的结构 `33hao_goods_class`
--

CREATE TABLE IF NOT EXISTS `33hao_goods_class` (
  `gc_id` int(10) unsigned NOT NULL AUTO_INCREMENT COMMENT '索引ID',
  `gc_name` varchar(100) NOT NULL COMMENT '分类名称',
  `type_id` int(10) unsigned DEFAULT '0' COMMENT '类型id',
  `type_name` varchar(100) DEFAULT '' COMMENT '类型名称',
  `gc_parent_id` int(10) unsigned NOT NULL DEFAULT '0' COMMENT '父ID',
  `commis_rate` float unsigned NOT NULL DEFAULT '0' COMMENT '佣金比例',
  `gc_sort` tinyint(1) unsigned NOT NULL DEFAULT '0' COMMENT '排序',
  `gc_virtual` tinyint(3) unsigned NOT NULL DEFAULT '0' COMMENT '是否允许发布虚拟商品，1是，0否',
  `gc_title` varchar(200) DEFAULT '' COMMENT '名称',
  `gc_keywords` varchar(255) DEFAULT '' COMMENT '关键词',
  `gc_description` varchar(255) DEFAULT '' COMMENT '描述',
  `show_type` tinyint(3) unsigned NOT NULL DEFAULT '1' COMMENT '商品展示方式，1按颜色，2按SPU',
  PRIMARY KEY (`gc_id`),
  KEY `store_id` (`gc_parent_id`)
) ENGINE=InnoDB  DEFAULT CHARSET=utf8 COMMENT='商品分类表' AUTO_INCREMENT=1057 ;

--
-- 转存表中的数据 `33hao_goods_class`
--

INSERT INTO `33hao_goods_class` (`gc_id`, `gc_name`, `type_id`, `type_name`, `gc_parent_id`, `commis_rate`, `gc_sort`, `gc_virtual`, `gc_title`, `gc_keywords`, `gc_description`, `show_type`) VALUES
(1, '服饰鞋帽', 0, '', 0, 0, 255, 0, '', '', '', 1),
(2, '礼品箱包', 0, '', 0, 0, 255, 0, '', '', '', 1),
(3, '家居家装', 0, '', 0, 0, 255, 0, '', '', '', 1),
(4, '女装', 0, '', 1, 0, 255, 0, '', '', '', 1),
(5, '男装', 0, '', 1, 0, 255, 0, '', '', '', 1),
(6, '内衣', 0, '', 1, 0, 255, 0, '', '', '', 1),
(7, '运动', 0, '', 1, 0, 255, 0, '', '', '', 1),
(8, '女鞋', 0, '', 1, 0, 255, 0, '', '', '', 1),
(9, '男鞋', 0, '', 1, 0, 255, 0, '', '', '', 1),
(10, '配饰', 0, '', 1, 0, 255, 0, '', '', '', 1),
(11, '童装', 0, '', 1, 0, 255, 0, '', '', '', 1),
(12, 'T恤', 0, '', 4, 0, 255, 0, '', '', '', 1),
(13, '衬衫', 0, '', 4, 0, 255, 0, '', '', '', 1),
(14, '针织衫', 0, '', 4, 0, 255, 0, '', '', '', 1),
(15, '雪纺衫', 0, '', 4, 0, 255, 0, '', '', '', 1),
(16, '卫衣', 0, '', 4, 0, 255, 0, '', '', '', 1),
(17, '马甲', 0, '', 4, 0, 255, 0, '', '', '', 1),
(18, '连衣裙', 0, '', 4, 0, 255, 0, '', '', '', 1),
(19, '半身裙', 0, '', 4, 0, 255, 0, '', '', '', 1),
(20, '牛仔裤', 0, '', 4, 0, 255, 0, '', '', '', 1),
(21, '休闲裤', 0, '', 4, 0, 255, 0, '', '', '', 1),
(22, '打底裤', 0, '', 4, 0, 255, 0, '', '', '', 1),
(23, '正装裤', 0, '', 4, 0, 255, 0, '', '', '', 1),
(24, '西服', 0, '', 4, 0, 255, 0, '', '', '', 1),
(25, '短外套', 0, '', 4, 0, 255, 0, '', '', '', 1),
(26, '风衣', 0, '', 4, 0, 255, 0, '', '', '', 1),
(27, '大衣', 0, '', 4, 0, 255, 0, '', '', '', 1),
(28, '皮衣皮草', 0, '', 4, 0, 255, 0, '', '', '', 1),
(29, '棉服', 0, '', 4, 0, 255, 0, '', '', '', 1),
(30, '羽绒服', 0, '', 4, 0, 255, 0, '', '', '', 1),
(31, '孕妇装', 0, '', 4, 0, 255, 0, '', '', '', 1),
(32, '大码装', 0, '', 4, 0, 255, 0, '', '', '', 1),
(33, '中老年装', 0, '', 4, 0, 255, 0, '', '', '', 1),
(34, '婚纱礼服', 0, '', 4, 0, 255, 0, '', '', '', 1),
(35, '衬衫', 0, '', 5, 0, 255, 0, '', '', '', 1),
(36, 'T恤', 0, '', 5, 0, 255, 0, '', '', '', 1),
(37, 'POLO衫', 0, '', 5, 0, 255, 0, '', '', '', 1),
(38, '针织衫', 0, '', 5, 0, 255, 0, '', '', '', 1),
(39, '羊绒衫', 0, '', 5, 0, 255, 0, '', '', '', 1),
(40, '卫衣', 0, '', 5, 0, 255, 0, '', '', '', 1),
(41, '马甲／背心', 0, '', 5, 0, 255, 0, '', '', '', 1),
(42, '夹克', 0, '', 5, 0, 255, 0, '', '', '', 1),
(43, '风衣', 0, '', 5, 0, 255, 0, '', '', '', 1),
(44, '大衣', 0, '', 5, 0, 255, 0, '', '', '', 1),
(45, '皮衣', 0, '', 5, 0, 255, 0, '', '', '', 1),
(46, '外套', 0, '', 5, 0, 255, 0, '', '', '', 1),
(47, '西服', 0, '', 5, 0, 255, 0, '', '', '', 1),
(48, '棉服', 0, '', 5, 0, 255, 0, '', '', '', 1),
(49, '羽绒服', 0, '', 5, 0, 255, 0, '', '', '', 1),
(50, '牛仔裤', 0, '', 5, 0, 255, 0, '', '', '', 1),
(51, '休闲裤', 0, '', 5, 0, 255, 0, '', '', '', 1),
(52, '西裤', 0, '', 5, 0, 255, 0, '', '', '', 1),
(53, '西服套装', 0, '', 5, 0, 255, 0, '', '', '', 1),
(54, '大码装', 0, '', 5, 0, 255, 0, '', '', '', 1),
(55, '中老年装', 0, '', 5, 0, 255, 0, '', '', '', 1),
(56, '唐装', 0, '', 5, 0, 255, 0, '', '', '', 1),
(57, '工装', 0, '', 5, 0, 255, 0, '', '', '', 1),
(58, '文胸', 0, '', 6, 0, 255, 0, '', '', '', 1),
(59, '女式内裤', 0, '', 6, 0, 255, 0, '', '', '', 1),
(60, '男式内裤', 0, '', 6, 0, 255, 0, '', '', '', 1),
(61, '家居', 0, '', 6, 0, 255, 0, '', '', '', 1),
(62, '睡衣', 0, '', 6, 0, 255, 0, '', '', '', 1),
(63, '塑身衣', 0, '', 6, 0, 255, 0, '', '', '', 1),
(64, '睡袍／浴袍', 0, '', 6, 0, 255, 0, '', '', '', 1),
(65, '泳衣', 0, '', 6, 0, 255, 0, '', '', '', 1),
(66, '背心', 0, '', 6, 0, 255, 0, '', '', '', 1),
(67, '抹胸', 0, '', 6, 0, 255, 0, '', '', '', 1),
(68, '连裤袜', 0, '', 6, 0, 255, 0, '', '', '', 1),
(69, '美腿袜', 0, '', 6, 0, 255, 0, '', '', '', 1),
(70, '男袜', 0, '', 6, 0, 255, 0, '', '', '', 1),
(71, '女袜', 0, '', 6, 0, 255, 0, '', '', '', 1),
(72, '情趣内衣', 0, '', 6, 0, 255, 0, '', '', '', 1),
(73, '保暖内衣', 0, '', 6, 0, 255, 0, '', '', '', 1),
(74, '休闲鞋', 0, '', 7, 0, 255, 0, '', '', '', 1),
(75, '帆布鞋', 0, '', 7, 0, 255, 0, '', '', '', 1),
(76, '跑步鞋', 0, '', 7, 0, 255, 0, '', '', '', 1),
(77, '篮球鞋', 0, '', 7, 0, 255, 0, '', '', '', 1),
(78, '足球鞋', 0, '', 7, 0, 255, 0, '', '', '', 1),
(79, '训练鞋', 0, '', 7, 0, 255, 0, '', '', '', 1),
(80, '乒羽鞋', 0, '', 7, 0, 255, 0, '', '', '', 1),
(81, '拖鞋', 0, '', 7, 0, 255, 0, '', '', '', 1),
(82, '卫衣', 0, '', 7, 0, 255, 0, '', '', '', 1),
(83, '夹克', 0, '', 7, 0, 255, 0, '', '', '', 1),
(84, 'T恤', 0, '', 7, 0, 255, 0, '', '', '', 1),
(85, '棉服／羽绒服', 0, '', 7, 0, 255, 0, '', '', '', 1),
(86, '运动裤', 0, '', 7, 0, 255, 0, '', '', '', 1),
(87, '套装', 0, '', 7, 0, 255, 0, '', '', '', 1),
(88, '运动包', 0, '', 7, 0, 255, 0, '', '', '', 1),
(89, '运动配件', 0, '', 7, 0, 255, 0, '', '', '', 1),
(90, '平底鞋', 0, '', 8, 0, 255, 0, '', '', '', 1),
(91, '高跟鞋', 0, '', 8, 0, 255, 0, '', '', '', 1),
(92, '单鞋', 0, '', 8, 0, 255, 0, '', '', '', 1),
(93, '休闲鞋', 0, '', 8, 0, 255, 0, '', '', '', 1),
(94, '凉鞋', 0, '', 8, 0, 255, 0, '', '', '', 1),
(95, '女靴', 0, '', 8, 0, 255, 0, '', '', '', 1),
(96, '雪地靴', 0, '', 8, 0, 255, 0, '', '', '', 1),
(97, '拖鞋', 0, '', 8, 0, 255, 0, '', '', '', 1),
(98, '裸靴', 0, '', 8, 0, 255, 0, '', '', '', 1),
(99, '筒靴', 0, '', 8, 0, 255, 0, '', '', '', 1),
(100, '帆布鞋', 0, '', 8, 0, 255, 0, '', '', '', 1),
(101, '雨鞋／雨靴', 0, '', 8, 0, 255, 0, '', '', '', 1),
(102, '妈妈鞋', 0, '', 8, 0, 255, 0, '', '', '', 1),
(103, '鞋配件', 0, '', 8, 0, 255, 0, '', '', '', 1),
(104, '特色鞋', 0, '', 8, 0, 255, 0, '', '', '', 1),
(105, '鱼嘴鞋', 0, '', 8, 0, 255, 0, '', '', '', 1),
(106, '布鞋／绣花鞋', 0, '', 8, 0, 255, 0, '', '', '', 1),
(107, '商务休闲鞋', 0, '', 9, 0, 255, 0, '', '', '', 1),
(108, '正装鞋', 0, '', 9, 0, 255, 0, '', '', '', 1),
(109, '休闲鞋', 0, '', 9, 0, 255, 0, '', '', '', 1),
(110, '凉鞋／沙滩鞋', 0, '', 9, 0, 255, 0, '', '', '', 1),
(111, '男靴', 0, '', 9, 0, 255, 0, '', '', '', 1),
(112, '功能鞋', 0, '', 9, 0, 255, 0, '', '', '', 1),
(113, '拖鞋', 0, '', 9, 0, 255, 0, '', '', '', 1),
(114, '传统布鞋', 0, '', 9, 0, 255, 0, '', '', '', 1),
(115, '鞋配件', 0, '', 9, 0, 255, 0, '', '', '', 1),
(116, '帆布鞋', 0, '', 9, 0, 255, 0, '', '', '', 1),
(117, '豆豆鞋', 0, '', 9, 0, 255, 0, '', '', '', 1),
(118, '驾车鞋', 0, '', 9, 0, 255, 0, '', '', '', 1),
(119, '太阳镜', 0, '', 10, 0, 255, 0, '', '', '', 1),
(120, '框镜', 0, '', 10, 0, 255, 0, '', '', '', 1),
(121, '皮带', 0, '', 10, 0, 255, 0, '', '', '', 1),
(122, '围巾', 0, '', 10, 0, 255, 0, '', '', '', 1),
(123, '手套', 0, '', 10, 0, 255, 0, '', '', '', 1),
(124, '帽子', 0, '', 10, 0, 255, 0, '', '', '', 1),
(125, '领带', 0, '', 10, 0, 255, 0, '', '', '', 1),
(126, '袖扣', 0, '', 10, 0, 255, 0, '', '', '', 1),
(127, '其他配件', 0, '', 10, 0, 255, 0, '', '', '', 1),
(128, '丝巾', 0, '', 10, 0, 255, 0, '', '', '', 1),
(129, '披肩', 0, '', 10, 0, 255, 0, '', '', '', 1),
(130, '腰带', 0, '', 10, 0, 255, 0, '', '', '', 1),
(131, '腰链／腰封', 0, '', 10, 0, 255, 0, '', '', '', 1),
(132, '棒球帽', 0, '', 10, 0, 255, 0, '', '', '', 1),
(133, '毛线', 0, '', 10, 0, 255, 0, '', '', '', 1),
(134, '遮阳帽', 0, '', 10, 0, 255, 0, '', '', '', 1),
(135, '防紫外线手套', 0, '', 10, 0, 255, 0, '', '', '', 1),
(136, '草帽', 0, '', 10, 0, 255, 0, '', '', '', 1),
(137, '套装', 0, '', 11, 0, 255, 0, '', '', '', 1),
(138, '上衣', 0, '', 11, 0, 255, 0, '', '', '', 1),
(139, '裤子', 0, '', 11, 0, 255, 0, '', '', '', 1),
(140, '裙子', 0, '', 11, 0, 255, 0, '', '', '', 1),
(141, '内衣／家居服', 0, '', 11, 0, 255, 0, '', '', '', 1),
(142, '羽绒服／棉服', 0, '', 11, 0, 255, 0, '', '', '', 1),
(143, '亲子装', 0, '', 11, 0, 255, 0, '', '', '', 1),
(144, '儿童配饰', 0, '', 11, 0, 255, 0, '', '', '', 1),
(145, '礼服／演出服', 0, '', 11, 0, 255, 0, '', '', '', 1),
(146, '运动鞋', 0, '', 11, 0, 255, 0, '', '', '', 1),
(147, '单鞋', 0, '', 11, 0, 255, 0, '', '', '', 1),
(148, '靴子', 0, '', 11, 0, 255, 0, '', '', '', 1),
(149, '凉鞋', 0, '', 11, 0, 255, 0, '', '', '', 1),
(150, '功能鞋', 0, '', 11, 0, 255, 0, '', '', '', 1),
(151, '潮流女包', 0, '', 2, 0, 255, 0, '', '', '', 1),
(152, '时尚男包', 0, '', 2, 0, 255, 0, '', '', '', 1),
(153, '功能箱包', 0, '', 2, 0, 255, 0, '', '', '', 1),
(154, '礼品', 0, '', 2, 0, 255, 0, '', '', '', 1),
(155, '奢侈品', 0, '', 2, 0, 255, 0, '', '', '', 1),
(156, '钱包/卡包', 0, '', 151, 0, 255, 0, '', '', '', 1),
(157, '手拿包', 0, '', 151, 0, 255, 0, '', '', '', 1),
(158, '单肩包', 0, '', 151, 0, 255, 0, '', '', '', 1),
(159, '双肩包', 0, '', 151, 0, 255, 0, '', '', '', 1),
(160, '手提包', 0, '', 151, 0, 255, 0, '', '', '', 1),
(161, '斜挎包', 0, '', 151, 0, 255, 0, '', '', '', 1),
(162, '钱包/卡包', 0, '', 152, 0, 255, 0, '', '', '', 1),
(163, '男士手包', 0, '', 152, 0, 255, 0, '', '', '', 1),
(164, '腰带／礼盒', 0, '', 152, 0, 255, 0, '', '', '', 1),
(165, '商务公文包', 0, '', 152, 0, 255, 0, '', '', '', 1),
(166, '电脑数码包', 0, '', 153, 0, 255, 0, '', '', '', 1),
(167, '拉杆箱', 0, '', 153, 0, 255, 0, '', '', '', 1),
(168, '旅行包', 0, '', 153, 0, 255, 0, '', '', '', 1),
(169, '旅行配件', 0, '', 153, 0, 255, 0, '', '', '', 1),
(170, '休闲运动包', 0, '', 153, 0, 255, 0, '', '', '', 1),
(171, '登山包', 0, '', 153, 0, 255, 0, '', '', '', 1),
(172, '妈咪包', 0, '', 153, 0, 255, 0, '', '', '', 1),
(173, '书包', 0, '', 153, 0, 255, 0, '', '', '', 1),
(174, '火机烟具', 0, '', 154, 0, 255, 0, '', '', '', 1),
(175, '礼品文具', 0, '', 154, 0, 255, 0, '', '', '', 1),
(176, '瑞士军刀', 0, '', 154, 0, 255, 0, '', '', '', 1),
(177, '收藏品', 0, '', 154, 0, 255, 0, '', '', '', 1),
(178, '工艺礼品', 0, '', 154, 0, 255, 0, '', '', '', 1),
(179, '创意礼品', 0, '', 154, 0, 255, 0, '', '', '', 1),
(180, '礼卡礼卷', 0, '', 154, 0, 255, 0, '', '', '', 1),
(181, '鲜花速递', 0, '', 154, 0, 255, 0, '', '', '', 1),
(182, '婚庆用品', 0, '', 154, 0, 255, 0, '', '', '', 1),
(184, '奢侈品箱包', 0, '', 155, 0, 255, 0, '', '', '', 1),
(185, '钱包', 0, '', 155, 0, 255, 0, '', '', '', 1),
(186, '服饰', 0, '', 155, 0, 255, 0, '', '', '', 1),
(187, '腰带', 0, '', 155, 0, 255, 0, '', '', '', 1),
(188, '太阳镜眼镜', 0, '', 155, 0, 255, 0, '', '', '', 1),
(189, '配件', 0, '', 155, 0, 255, 0, '', '', '', 1),
(190, 'GUCCI', 0, '', 155, 0, 255, 0, '', '', '', 1),
(191, 'PRADA', 0, '', 155, 0, 255, 0, '', '', '', 1),
(192, 'FENDI', 0, '', 155, 0, 255, 0, '', '', '', 1),
(193, 'BURBERRY', 0, '', 155, 0, 255, 0, '', '', '', 1),
(194, 'MONTBLANC', 0, '', 155, 0, 255, 0, '', '', '', 1),
(195, 'ARMANI', 0, '', 155, 0, 255, 0, '', '', '', 1),
(196, 'RIMOWA', 0, '', 155, 0, 255, 0, '', '', '', 1),
(197, 'RAY-BAN', 0, '', 155, 0, 255, 0, '', '', '', 1),
(198, 'COACH', 0, '', 155, 0, 255, 0, '', '', '', 1),
(199, '更多品牌', 0, '', 155, 0, 255, 0, '', '', '', 1),
(200, '家纺', 0, '', 3, 0, 255, 0, '', '', '', 1),
(201, '灯具', 0, '', 3, 0, 255, 0, '', '', '', 1),
(202, '生活日用', 0, '', 3, 0, 255, 0, '', '', '', 1),
(203, '家装软饰', 0, '', 3, 0, 255, 0, '', '', '', 1),
(204, '清洁日用', 0, '', 3, 0, 255, 0, '', '', '', 1),
(205, '宠物生活', 0, '', 3, 0, 255, 0, '', '', '', 1),
(206, '床品件套', 0, '', 200, 0, 255, 0, '', '', '', 1),
(207, '被子', 0, '', 200, 0, 255, 0, '', '', '', 1),
(208, '枕芯枕套', 0, '', 200, 0, 255, 0, '', '', '', 1),
(209, '床单被罩', 0, '', 200, 0, 255, 0, '', '', '', 1),
(210, '毛巾被/毯', 0, '', 200, 0, 255, 0, '', '', '', 1),
(211, '床垫/床褥', 0, '', 200, 0, 255, 0, '', '', '', 1),
(212, '蚊帐/凉席', 0, '', 200, 0, 255, 0, '', '', '', 1),
(213, '抱枕坐垫', 0, '', 200, 0, 255, 0, '', '', '', 1),
(214, '毛巾家纺', 0, '', 200, 0, 255, 0, '', '', '', 1),
(215, '电热毯', 0, '', 200, 0, 255, 0, '', '', '', 1),
(216, '窗帘/窗纱', 0, '', 200, 0, 255, 0, '', '', '', 1),
(217, '酒店用品', 0, '', 200, 0, 255, 0, '', '', '', 1),
(218, '台灯', 0, '', 201, 0, 255, 0, '', '', '', 1),
(219, '节能灯', 0, '', 201, 0, 255, 0, '', '', '', 1),
(220, '装饰灯', 0, '', 201, 0, 255, 0, '', '', '', 1),
(221, '落地灯', 0, '', 201, 0, 255, 0, '', '', '', 1),
(222, '应急灯/手电', 0, '', 201, 0, 255, 0, '', '', '', 1),
(223, 'LED灯', 0, '', 201, 0, 255, 0, '', '', '', 1),
(224, '吸顶灯', 0, '', 201, 0, 255, 0, '', '', '', 1),
(225, '五金电器', 0, '', 201, 0, 255, 0, '', '', '', 1),
(226, '吊灯', 0, '', 201, 0, 255, 0, '', '', '', 1),
(227, '氛围照明', 0, '', 201, 0, 255, 0, '', '', '', 1),
(228, '收纳用品', 0, '', 202, 0, 255, 0, '', '', '', 1),
(229, '雨伞雨具', 0, '', 202, 0, 255, 0, '', '', '', 1),
(230, '浴室用品', 0, '', 202, 0, 255, 0, '', '', '', 1),
(231, '缝纫用品', 0, '', 202, 0, 255, 0, '', '', '', 1),
(232, '洗晒用品', 0, '', 202, 0, 255, 0, '', '', '', 1),
(233, '净化除味', 0, '', 202, 0, 255, 0, '', '', '', 1),
(234, '桌布/罩件', 0, '', 203, 0, 255, 0, '', '', '', 1),
(235, '地毯地垫', 0, '', 203, 0, 255, 0, '', '', '', 1),
(236, '沙发垫套', 0, '', 203, 0, 255, 0, '', '', '', 1),
(237, '相框/相片墙', 0, '', 203, 0, 255, 0, '', '', '', 1),
(238, '墙画墙贴', 0, '', 203, 0, 255, 0, '', '', '', 1),
(239, '节庆饰品', 0, '', 203, 0, 255, 0, '', '', '', 1),
(240, '手工/十字绣', 0, '', 203, 0, 255, 0, '', '', '', 1),
(241, '工艺摆件', 0, '', 203, 0, 255, 0, '', '', '', 1),
(242, '其他', 0, '', 203, 0, 255, 0, '', '', '', 1),
(243, '纸品湿巾', 0, '', 204, 0, 255, 0, '', '', '', 1),
(244, '衣物清洁', 0, '', 204, 0, 255, 0, '', '', '', 1),
(245, '清洁工具', 0, '', 204, 0, 255, 0, '', '', '', 1),
(246, '驱虫用品', 0, '', 204, 0, 255, 0, '', '', '', 1),
(247, '居室清洁', 0, '', 204, 0, 255, 0, '', '', '', 1),
(248, '皮具护理', 0, '', 204, 0, 255, 0, '', '', '', 1),
(249, '宠物主粮', 0, '', 205, 0, 255, 0, '', '', '', 1),
(250, '宠物零食', 0, '', 205, 0, 255, 0, '', '', '', 1),
(251, '营养品', 0, '', 205, 0, 255, 0, '', '', '', 1),
(252, '家居日用', 0, '', 205, 0, 255, 0, '', '', '', 1),
(253, '玩具服饰', 0, '', 205, 0, 255, 0, '', '', '', 1),
(254, '出行装备', 0, '', 205, 0, 255, 0, '', '', '', 1),
(255, '医护美容', 0, '', 205, 0, 255, 0, '', '', '', 1),
(256, '数码办公', 0, '', 0, 0, 255, 0, '', '', '', 1),
(258, '手机配件', 0, '', 256, 0, 255, 0, '', '', '', 1),
(259, '摄影摄像', 0, '', 256, 0, 255, 0, '', '', '', 1),
(260, '数码配件', 0, '', 256, 0, 255, 0, '', '', '', 1),
(261, '时尚影音', 0, '', 256, 0, 255, 0, '', '', '', 1),
(262, '手机', 0, '', 257, 0, 255, 0, '', '', '', 1),
(263, '对讲机', 0, '', 257, 0, 255, 0, '', '', '', 1),
(264, '手机电池', 0, '', 258, 0, 255, 0, '', '', '', 1),
(265, '蓝牙耳机', 0, '', 258, 0, 255, 0, '', '', '', 1),
(266, '充电器/数据线', 0, '', 258, 0, 255, 0, '', '', '', 1),
(267, '手机耳机', 0, '', 258, 0, 255, 0, '', '', '', 1),
(268, '手机贴膜', 0, '', 258, 0, 255, 0, '', '', '', 1),
(269, '手机存储卡', 0, '', 258, 0, 255, 0, '', '', '', 1),
(270, '手机保护套', 0, '', 258, 0, 255, 0, '', '', '', 1),
(271, '车载配件', 0, '', 258, 0, 255, 0, '', '', '', 1),
(272, 'iPhone 配件', 0, '', 258, 0, 255, 0, '', '', '', 1),
(273, '创意配件', 0, '', 258, 0, 255, 0, '', '', '', 1),
(274, '便携/无线音响', 0, '', 258, 0, 255, 0, '', '', '', 1),
(275, '手机饰品', 0, '', 258, 0, 255, 0, '', '', '', 1),
(276, '数码相机', 0, '', 259, 0, 255, 0, '', '', '', 1),
(277, '单电/微单相机', 0, '', 259, 0, 255, 0, '', '', '', 1),
(278, '单反相机', 0, '', 259, 0, 255, 0, '', '', '', 1),
(279, '摄像机', 0, '', 259, 0, 255, 0, '', '', '', 1),
(280, '拍立得', 0, '', 259, 0, 255, 0, '', '', '', 1),
(281, '镜头', 0, '', 259, 0, 255, 0, '', '', '', 1),
(282, '存储卡', 0, '', 260, 0, 255, 0, '', '', '', 1),
(283, '读卡器', 0, '', 260, 0, 255, 0, '', '', '', 1),
(284, '滤镜', 0, '', 260, 0, 255, 0, '', '', '', 1),
(285, '闪光灯/手柄', 0, '', 260, 0, 255, 0, '', '', '', 1),
(286, '相机包', 0, '', 260, 0, 255, 0, '', '', '', 1),
(287, '三脚架/云台', 0, '', 260, 0, 255, 0, '', '', '', 1),
(288, '相机清洁', 0, '', 260, 0, 255, 0, '', '', '', 1),
(289, '相机贴膜', 0, '', 260, 0, 255, 0, '', '', '', 1),
(290, '机身附件', 0, '', 260, 0, 255, 0, '', '', '', 1),
(291, '镜头附件', 0, '', 260, 0, 255, 0, '', '', '', 1),
(292, '电池/充电器', 0, '', 260, 0, 255, 0, '', '', '', 1),
(293, '移动电源', 0, '', 260, 0, 255, 0, '', '', '', 1),
(294, 'MP3/MP4', 0, '', 261, 0, 255, 0, '', '', '', 1),
(295, '智能设备', 0, '', 261, 0, 255, 0, '', '', '', 1),
(296, '耳机/耳麦', 0, '', 261, 0, 255, 0, '', '', '', 1),
(297, '音箱', 0, '', 261, 0, 255, 0, '', '', '', 1),
(298, '高清播放器', 0, '', 261, 0, 255, 0, '', '', '', 1),
(299, '电子书', 0, '', 261, 0, 255, 0, '', '', '', 1),
(300, '电子词典', 0, '', 261, 0, 255, 0, '', '', '', 1),
(301, 'MP3/MP4配件', 0, '', 261, 0, 255, 0, '', '', '', 1),
(302, '录音笔', 0, '', 261, 0, 255, 0, '', '', '', 1),
(303, '麦克风', 0, '', 261, 0, 255, 0, '', '', '', 1),
(304, '专业音频', 0, '', 261, 0, 255, 0, '', '', '', 1),
(305, '电子教育', 0, '', 261, 0, 255, 0, '', '', '', 1),
(306, '数码相框', 0, '', 261, 0, 255, 0, '', '', '', 1),
(307, '苹果配件', 0, '', 261, 0, 255, 0, '', '', '', 1),
(308, '家用电器', 0, '', 0, 0, 255, 0, '', '', '', 1),
(309, '大家电', 0, '', 308, 0, 255, 0, '', '', '', 1),
(310, '生活电器', 0, '', 308, 0, 255, 0, '', '', '', 1),
(311, '厨房电器', 0, '', 308, 0, 255, 0, '', '', '', 1),
(312, '个护健康', 0, '', 308, 0, 255, 0, '', '', '', 1),
(313, '五金家装', 0, '', 308, 0, 255, 0, '', '', '', 1),
(314, '平板电视', 0, '', 309, 0, 255, 0, '', '', '', 1),
(315, '空调', 0, '', 309, 0, 255, 0, '', '', '', 1),
(316, '冰箱', 0, '', 309, 0, 255, 0, '', '', '', 1),
(317, '洗衣机', 0, '', 309, 0, 255, 0, '', '', '', 1),
(318, '家庭影院', 0, '', 309, 0, 255, 0, '', '', '', 1),
(319, 'DVD播放机', 0, '', 309, 0, 255, 0, '', '', '', 1),
(320, '迷你音响', 0, '', 309, 0, 255, 0, '', '', '', 1),
(321, '烟机/灶具', 0, '', 309, 0, 255, 0, '', '', '', 1),
(322, '热水器', 0, '', 309, 0, 255, 0, '', '', '', 1),
(323, '消毒柜/洗碗机', 0, '', 309, 0, 255, 0, '', '', '', 1),
(324, '酒柜/冰吧/冷柜', 0, '', 309, 0, 255, 0, '', '', '', 1),
(325, '家电配件', 0, '', 309, 0, 255, 0, '', '', '', 1),
(326, '净化器', 0, '', 310, 0, 255, 0, '', '', '', 1),
(327, '电风扇', 0, '', 310, 0, 255, 0, '', '', '', 1),
(328, '吸尘器', 0, '', 310, 0, 255, 0, '', '', '', 1),
(329, '加湿器', 0, '', 310, 0, 255, 0, '', '', '', 1),
(330, '净水设备', 0, '', 310, 0, 255, 0, '', '', '', 1),
(331, '饮水机', 0, '', 310, 0, 255, 0, '', '', '', 1),
(332, '冷风扇', 0, '', 310, 0, 255, 0, '', '', '', 1),
(333, '挂烫机/熨斗', 0, '', 310, 0, 255, 0, '', '', '', 1),
(334, '电话机', 0, '', 310, 0, 255, 0, '', '', '', 1),
(335, '插座', 0, '', 310, 0, 255, 0, '', '', '', 1),
(336, '收录/音机', 0, '', 310, 0, 255, 0, '', '', '', 1),
(337, '除湿/干衣机', 0, '', 310, 0, 255, 0, '', '', '', 1),
(338, '清洁机', 0, '', 310, 0, 255, 0, '', '', '', 1),
(339, '取暖电器', 0, '', 310, 0, 255, 0, '', '', '', 1),
(340, '其它生活电器', 0, '', 310, 0, 255, 0, '', '', '', 1),
(341, '料理/榨汁机', 0, '', 311, 0, 255, 0, '', '', '', 1),
(342, '豆浆机', 0, '', 311, 0, 255, 0, '', '', '', 1),
(343, '电饭煲', 0, '', 311, 0, 255, 0, '', '', '', 1),
(344, '电压力锅', 0, '', 311, 0, 255, 0, '', '', '', 1),
(345, '面包机', 0, '', 311, 0, 255, 0, '', '', '', 1),
(346, '咖啡机', 0, '', 311, 0, 255, 0, '', '', '', 1),
(347, '微波炉', 0, '', 311, 0, 255, 0, '', '', '', 1),
(348, '电烤箱', 0, '', 311, 0, 255, 0, '', '', '', 1),
(349, '电磁炉', 0, '', 311, 0, 255, 0, '', '', '', 1),
(350, '电饼铛/烧烤盘', 0, '', 311, 0, 255, 0, '', '', '', 1),
(351, '煮蛋器', 0, '', 311, 0, 255, 0, '', '', '', 1),
(352, '酸奶机', 0, '', 311, 0, 255, 0, '', '', '', 1),
(353, '电炖锅', 0, '', 311, 0, 255, 0, '', '', '', 1),
(354, '电水壶/热水瓶', 0, '', 311, 0, 255, 0, '', '', '', 1),
(355, '多用途锅', 0, '', 311, 0, 255, 0, '', '', '', 1),
(356, '果蔬解毒机', 0, '', 311, 0, 255, 0, '', '', '', 1),
(357, '其它厨房电器', 0, '', 311, 0, 255, 0, '', '', '', 1),
(358, '剃须刀', 0, '', 312, 0, 255, 0, '', '', '', 1),
(359, '剃/脱毛器', 0, '', 312, 0, 255, 0, '', '', '', 1),
(360, '口腔护理', 0, '', 312, 0, 255, 0, '', '', '', 1),
(361, '电吹风', 0, '', 312, 0, 255, 0, '', '', '', 1),
(362, '美容器', 0, '', 312, 0, 255, 0, '', '', '', 1),
(363, '美发器', 0, '', 312, 0, 255, 0, '', '', '', 1),
(364, '按摩椅', 0, '', 312, 0, 255, 0, '', '', '', 1),
(365, '按摩器', 0, '', 312, 0, 255, 0, '', '', '', 1),
(366, '足浴盆', 0, '', 312, 0, 255, 0, '', '', '', 1),
(367, '血压计', 0, '', 312, 0, 255, 0, '', '', '', 1),
(368, '健康秤/厨房秤', 0, '', 312, 0, 255, 0, '', '', '', 1),
(369, '血糖仪', 0, '', 312, 0, 255, 0, '', '', '', 1),
(370, '体温计', 0, '', 312, 0, 255, 0, '', '', '', 1),
(371, '计步器/脂肪检测仪', 0, '', 312, 0, 255, 0, '', '', '', 1),
(372, '其它健康电器', 0, '', 312, 0, 255, 0, '', '', '', 1),
(373, '电动工具', 0, '', 313, 0, 255, 0, '', '', '', 1),
(374, '手动工具', 0, '', 313, 0, 255, 0, '', '', '', 1),
(375, '仪器仪表', 0, '', 313, 0, 255, 0, '', '', '', 1),
(376, '浴霸/排气扇', 0, '', 313, 0, 255, 0, '', '', '', 1),
(377, '灯具', 0, '', 313, 0, 255, 0, '', '', '', 1),
(378, 'LED灯', 0, '', 313, 0, 255, 0, '', '', '', 1),
(379, '洁身器', 0, '', 313, 0, 255, 0, '', '', '', 1),
(380, '水槽', 0, '', 313, 0, 255, 0, '', '', '', 1),
(381, '龙头', 0, '', 313, 0, 255, 0, '', '', '', 1),
(382, '淋浴花洒', 0, '', 313, 0, 255, 0, '', '', '', 1),
(383, '厨卫五金', 0, '', 313, 0, 255, 0, '', '', '', 1),
(384, '家具五金', 0, '', 313, 0, 255, 0, '', '', '', 1),
(385, '门铃', 0, '', 313, 0, 255, 0, '', '', '', 1),
(386, '电气开关', 0, '', 313, 0, 255, 0, '', '', '', 1),
(387, '插座', 0, '', 313, 0, 255, 0, '', '', '', 1),
(388, '电工电料', 0, '', 313, 0, 255, 0, '', '', '', 1),
(389, '监控安防', 0, '', 313, 0, 255, 0, '', '', '', 1),
(390, '电脑整机', 0, '', 256, 0, 255, 0, '', '', '', 1),
(391, '电脑配件', 0, '', 256, 0, 255, 0, '', '', '', 1),
(392, '外设产品', 0, '', 256, 0, 255, 0, '', '', '', 1),
(393, '网络产品', 0, '', 256, 0, 255, 0, '', '', '', 1),
(394, '办公打印', 0, '', 256, 0, 255, 0, '', '', '', 1),
(395, '办公文仪', 0, '', 256, 0, 255, 0, '', '', '', 1),
(398, '笔记本', 0, '', 390, 0, 255, 0, '', '', '', 1),
(399, '超极本', 0, '', 390, 0, 255, 0, '', '', '', 1),
(400, '游戏本', 0, '', 390, 0, 255, 0, '', '', '', 1),
(401, '平板电脑', 0, '', 390, 0, 255, 0, '', '', '', 1),
(402, '平板电脑配件', 0, '', 390, 0, 255, 0, '', '', '', 1),
(403, '台式机', 0, '', 390, 0, 255, 0, '', '', '', 1),
(404, '服务器', 0, '', 390, 0, 255, 0, '', '', '', 1),
(405, '笔记本配件', 0, '', 390, 0, 255, 0, '', '', '', 1),
(406, 'CPU', 0, '', 391, 0, 255, 0, '', '', '', 1),
(407, '主板', 0, '', 391, 0, 255, 0, '', '', '', 1),
(408, '显卡', 0, '', 391, 0, 255, 0, '', '', '', 1),
(409, '硬盘', 0, '', 391, 0, 255, 0, '', '', '', 1),
(410, 'SSD固态硬盘', 0, '', 391, 0, 255, 0, '', '', '', 1),
(411, '内存', 0, '', 391, 0, 255, 0, '', '', '', 1),
(412, '机箱', 0, '', 391, 0, 255, 0, '', '', '', 1),
(413, '电源', 0, '', 391, 0, 255, 0, '', '', '', 1),
(414, '显示器', 0, '', 391, 0, 255, 0, '', '', '', 1),
(415, '刻录机/光驱', 0, '', 391, 0, 255, 0, '', '', '', 1),
(416, '散热器', 0, '', 391, 0, 255, 0, '', '', '', 1),
(417, '声卡/扩展卡', 0, '', 391, 0, 255, 0, '', '', '', 1),
(418, '装机配件', 0, '', 391, 0, 255, 0, '', '', '', 1),
(419, '鼠标', 0, '', 392, 0, 255, 0, '', '', '', 1),
(420, '键盘', 0, '', 392, 0, 255, 0, '', '', '', 1),
(421, '移动硬盘', 0, '', 392, 0, 255, 0, '', '', '', 1),
(422, 'U盘', 0, '', 392, 0, 255, 0, '', '', '', 1),
(423, '摄像头', 0, '', 392, 0, 255, 0, '', '', '', 1),
(424, '外置盒', 0, '', 392, 0, 255, 0, '', '', '', 1),
(425, '游戏设备', 0, '', 392, 0, 255, 0, '', '', '', 1),
(426, '电视盒', 0, '', 392, 0, 255, 0, '', '', '', 1),
(427, '手写板', 0, '', 392, 0, 255, 0, '', '', '', 1),
(428, '鼠标垫', 0, '', 392, 0, 255, 0, '', '', '', 1),
(429, '插座', 0, '', 392, 0, 255, 0, '', '', '', 1),
(430, 'UPS电源', 0, '', 392, 0, 255, 0, '', '', '', 1),
(431, '线缆', 0, '', 392, 0, 255, 0, '', '', '', 1),
(432, '电脑工具', 0, '', 392, 0, 255, 0, '', '', '', 1),
(433, '电脑清洁', 0, '', 392, 0, 255, 0, '', '', '', 1),
(434, '路由器', 0, '', 393, 0, 255, 0, '', '', '', 1),
(435, '网卡', 0, '', 393, 0, 255, 0, '', '', '', 1),
(436, '交换机', 0, '', 393, 0, 255, 0, '', '', '', 1),
(437, '网络存储', 0, '', 393, 0, 255, 0, '', '', '', 1),
(438, '3G上网', 0, '', 393, 0, 255, 0, '', '', '', 1),
(439, '网络盒子', 0, '', 393, 0, 255, 0, '', '', '', 1),
(440, '打印机', 0, '', 394, 0, 255, 0, '', '', '', 1),
(441, '一体机', 0, '', 394, 0, 255, 0, '', '', '', 1),
(442, '投影机', 0, '', 394, 0, 255, 0, '', '', '', 1),
(443, '投影配件', 0, '', 394, 0, 255, 0, '', '', '', 1),
(444, '传真机', 0, '', 394, 0, 255, 0, '', '', '', 1),
(445, '复合机', 0, '', 394, 0, 255, 0, '', '', '', 1),
(446, '碎纸机', 0, '', 394, 0, 255, 0, '', '', '', 1),
(447, '扫描仪', 0, '', 394, 0, 255, 0, '', '', '', 1),
(448, '墨盒', 0, '', 394, 0, 255, 0, '', '', '', 1),
(449, '硒鼓', 0, '', 394, 0, 255, 0, '', '', '', 1),
(450, '墨粉', 0, '', 394, 0, 255, 0, '', '', '', 1),
(451, '色带', 0, '', 394, 0, 255, 0, '', '', '', 1),
(452, '办公文具', 0, '', 395, 0, 255, 0, '', '', '', 1),
(453, '文件管理', 0, '', 395, 0, 255, 0, '', '', '', 1),
(454, '笔类', 0, '', 395, 0, 255, 0, '', '', '', 1),
(455, '纸类', 0, '', 395, 0, 255, 0, '', '', '', 1),
(456, '本册/便签', 0, '', 395, 0, 255, 0, '', '', '', 1),
(457, '学生文具', 0, '', 395, 0, 255, 0, '', '', '', 1),
(458, '财务用品', 0, '', 395, 0, 255, 0, '', '', '', 1),
(459, '计算器', 0, '', 395, 0, 255, 0, '', '', '', 1),
(460, '激光笔', 0, '', 395, 0, 255, 0, '', '', '', 1),
(461, '白板/封装', 0, '', 395, 0, 255, 0, '', '', '', 1),
(462, '考勤机', 0, '', 395, 0, 255, 0, '', '', '', 1),
(463, '刻录碟片/附件', 0, '', 395, 0, 255, 0, '', '', '', 1),
(464, '点钞机', 0, '', 395, 0, 255, 0, '', '', '', 1),
(465, '支付设备/POS机', 0, '', 395, 0, 255, 0, '', '', '', 1),
(466, '安防监控', 0, '', 395, 0, 255, 0, '', '', '', 1),
(467, '呼叫/会议设备', 0, '', 395, 0, 255, 0, '', '', '', 1),
(468, '保险柜', 0, '', 395, 0, 255, 0, '', '', '', 1),
(469, '办公家具', 0, '', 395, 0, 255, 0, '', '', '', 1),
(470, '个护化妆', 0, '', 0, 0, 255, 0, '', '', '', 1),
(471, '面部护理', 0, '', 470, 0, 255, 0, '', '', '', 1),
(472, '身体护理', 0, '', 470, 0, 255, 0, '', '', '', 1),
(473, '口腔护理', 0, '', 470, 0, 255, 0, '', '', '', 1),
(474, '女性护理', 0, '', 470, 0, 255, 0, '', '', '', 1),
(475, '男士护理', 0, '', 470, 0, 255, 0, '', '', '', 1),
(476, '魅力彩妆', 0, '', 470, 0, 255, 0, '', '', '', 1),
(477, '香水SPA', 0, '', 470, 0, 255, 0, '', '', '', 1),
(478, '洁面乳', 0, '', 471, 0, 255, 0, '', '', '', 1),
(479, '爽肤水', 0, '', 471, 0, 255, 0, '', '', '', 1),
(480, '精华露', 0, '', 471, 0, 255, 0, '', '', '', 1),
(481, '乳液面霜', 0, '', 471, 0, 255, 0, '', '', '', 1),
(482, '面膜面贴', 0, '', 471, 0, 255, 0, '', '', '', 1),
(483, '眼部护理', 0, '', 471, 0, 255, 0, '', '', '', 1),
(484, '颈部护理', 0, '', 471, 0, 255, 0, '', '', '', 1),
(485, 'T区护理', 0, '', 471, 0, 255, 0, '', '', '', 1),
(486, '护肤套装', 0, '', 471, 0, 255, 0, '', '', '', 1),
(487, '防晒隔离', 0, '', 471, 0, 255, 0, '', '', '', 1),
(488, '洗发护发', 0, '', 472, 0, 255, 0, '', '', '', 1),
(489, '染发/造型', 0, '', 472, 0, 255, 0, '', '', '', 1),
(490, '沐浴', 0, '', 472, 0, 255, 0, '', '', '', 1),
(491, '磨砂/浴盐', 0, '', 472, 0, 255, 0, '', '', '', 1),
(492, '身体乳', 0, '', 472, 0, 255, 0, '', '', '', 1),
(493, '手工/香皂', 0, '', 472, 0, 255, 0, '', '', '', 1),
(494, '香薰精油', 0, '', 472, 0, 255, 0, '', '', '', 1),
(495, '纤体瘦身', 0, '', 472, 0, 255, 0, '', '', '', 1),
(496, '脱毛膏', 0, '', 472, 0, 255, 0, '', '', '', 1),
(497, '手足护理', 0, '', 472, 0, 255, 0, '', '', '', 1),
(498, '洗护套装', 0, '', 472, 0, 255, 0, '', '', '', 1),
(499, '牙膏/牙粉', 0, '', 473, 0, 255, 0, '', '', '', 1),
(500, '牙刷/牙线', 0, '', 473, 0, 255, 0, '', '', '', 1),
(501, '漱口水', 0, '', 473, 0, 255, 0, '', '', '', 1),
(502, '卫生巾', 0, '', 474, 0, 255, 0, '', '', '', 1),
(503, '卫生护垫', 0, '', 474, 0, 255, 0, '', '', '', 1),
(504, '洗液', 0, '', 474, 0, 255, 0, '', '', '', 1),
(505, '美容食品', 0, '', 474, 0, 255, 0, '', '', '', 1),
(506, '其他', 0, '', 474, 0, 255, 0, '', '', '', 1),
(507, '脸部护理', 0, '', 475, 0, 255, 0, '', '', '', 1),
(508, '眼部护理', 0, '', 475, 0, 255, 0, '', '', '', 1),
(509, '身体护理', 0, '', 475, 0, 255, 0, '', '', '', 1),
(510, '男士香水', 0, '', 475, 0, 255, 0, '', '', '', 1),
(511, '剃须护理', 0, '', 475, 0, 255, 0, '', '', '', 1),
(512, '防脱洗护', 0, '', 475, 0, 255, 0, '', '', '', 1),
(513, '男士唇膏', 0, '', 475, 0, 255, 0, '', '', '', 1),
(514, '粉底/遮瑕', 0, '', 476, 0, 255, 0, '', '', '', 1),
(515, '腮红', 0, '', 476, 0, 255, 0, '', '', '', 1),
(516, '眼影/眼线', 0, '', 476, 0, 255, 0, '', '', '', 1),
(517, '眉笔', 0, '', 476, 0, 255, 0, '', '', '', 1),
(518, '睫毛膏', 0, '', 476, 0, 255, 0, '', '', '', 1),
(519, '唇膏唇彩', 0, '', 476, 0, 255, 0, '', '', '', 1),
(520, '彩妆组合', 0, '', 476, 0, 255, 0, '', '', '', 1),
(521, '卸妆', 0, '', 476, 0, 255, 0, '', '', '', 1),
(522, '美甲', 0, '', 476, 0, 255, 0, '', '', '', 1),
(523, '彩妆工具', 0, '', 476, 0, 255, 0, '', '', '', 1),
(524, '假发', 0, '', 476, 0, 255, 0, '', '', '', 1),
(525, '女士香水', 0, '', 477, 0, 255, 0, '', '', '', 1),
(526, '男士香水', 0, '', 477, 0, 255, 0, '', '', '', 1),
(527, '组合套装', 0, '', 477, 0, 255, 0, '', '', '', 1),
(528, '迷你香水', 0, '', 477, 0, 255, 0, '', '', '', 1),
(529, '香体走珠', 0, '', 477, 0, 255, 0, '', '', '', 1),
(530, '珠宝手表', 0, '', 0, 0, 255, 0, '', '', '', 1),
(531, '时尚饰品', 0, '', 530, 0, 255, 0, '', '', '', 1),
(532, '纯金K金饰品', 0, '', 530, 0, 255, 0, '', '', '', 1),
(533, '金银投资', 0, '', 530, 0, 255, 0, '', '', '', 1),
(534, '银饰', 0, '', 530, 0, 255, 0, '', '', '', 1),
(535, '钻石饰品', 0, '', 530, 0, 255, 0, '', '', '', 1),
(536, '翡翠玉石', 0, '', 530, 0, 255, 0, '', '', '', 1),
(537, '水晶玛瑙', 0, '', 530, 0, 255, 0, '', '', '', 1),
(538, '宝石珍珠', 0, '', 530, 0, 255, 0, '', '', '', 1),
(539, '婚庆', 0, '', 530, 0, 255, 0, '', '', '', 1),
(540, '钟表手表', 0, '', 530, 0, 255, 0, '', '', '', 1),
(541, '项链', 0, '', 531, 0, 255, 0, '', '', '', 1),
(542, '手链/脚链', 0, '', 531, 0, 255, 0, '', '', '', 1),
(543, '戒指', 0, '', 531, 0, 255, 0, '', '', '', 1),
(544, '耳饰', 0, '', 531, 0, 255, 0, '', '', '', 1),
(545, '头饰', 0, '', 531, 0, 255, 0, '', '', '', 1),
(546, '胸针', 0, '', 531, 0, 255, 0, '', '', '', 1),
(547, '婚庆饰品', 0, '', 531, 0, 255, 0, '', '', '', 1),
(548, '饰品配件', 0, '', 531, 0, 255, 0, '', '', '', 1),
(549, '吊坠/项链', 0, '', 532, 0, 255, 0, '', '', '', 1),
(550, '手镯/手链/脚链', 0, '', 532, 0, 255, 0, '', '', '', 1),
(551, '戒指', 0, '', 532, 0, 255, 0, '', '', '', 1),
(552, '耳饰', 0, '', 532, 0, 255, 0, '', '', '', 1),
(553, '工艺金', 0, '', 533, 0, 255, 0, '', '', '', 1),
(554, '工艺银', 0, '', 533, 0, 255, 0, '', '', '', 1),
(555, '吊坠/项链', 0, '', 534, 0, 255, 0, '', '', '', 1),
(556, '手镯/手链/脚链', 0, '', 534, 0, 255, 0, '', '', '', 1),
(557, '戒指/耳饰', 0, '', 534, 0, 255, 0, '', '', '', 1),
(558, '宝宝金银', 0, '', 534, 0, 255, 0, '', '', '', 1),
(559, '千足银', 0, '', 534, 0, 255, 0, '', '', '', 1),
(560, '裸钻', 0, '', 535, 0, 255, 0, '', '', '', 1),
(561, '戒指', 0, '', 535, 0, 255, 0, '', '', '', 1),
(563, '项链/吊坠', 0, '', 535, 0, 255, 0, '', '', '', 1),
(564, '耳饰', 0, '', 535, 0, 255, 0, '', '', '', 1),
(565, '手镯/手链', 0, '', 535, 0, 255, 0, '', '', '', 1),
(566, '项链/吊坠', 0, '', 536, 0, 255, 0, '', '', '', 1),
(567, '手镯/手串', 0, '', 536, 0, 255, 0, '', '', '', 1),
(568, '戒指', 0, '', 536, 0, 255, 0, '', '', '', 1),
(569, '耳饰', 0, '', 536, 0, 255, 0, '', '', '', 1),
(570, '挂件/摆件/把件', 0, '', 536, 0, 255, 0, '', '', '', 1),
(571, '高值收藏', 0, '', 536, 0, 255, 0, '', '', '', 1),
(572, '耳饰', 0, '', 537, 0, 255, 0, '', '', '', 1),
(573, '手镯/手链/脚链', 0, '', 537, 0, 255, 0, '', '', '', 1),
(574, '戒指', 0, '', 537, 0, 255, 0, '', '', '', 1),
(575, '头饰/胸针', 0, '', 537, 0, 255, 0, '', '', '', 1),
(576, '摆件/挂件', 0, '', 537, 0, 255, 0, '', '', '', 1),
(577, '项链/吊坠', 0, '', 538, 0, 255, 0, '', '', '', 1),
(578, '耳饰', 0, '', 538, 0, 255, 0, '', '', '', 1),
(579, '手镯/手链', 0, '', 538, 0, 255, 0, '', '', '', 1),
(580, '戒指', 0, '', 538, 0, 255, 0, '', '', '', 1),
(581, '婚嫁首饰', 0, '', 539, 0, 255, 0, '', '', '', 1),
(582, '婚纱摄影', 0, '', 539, 0, 255, 0, '', '', '', 1),
(583, '婚纱礼服', 0, '', 539, 0, 255, 0, '', '', '', 1),
(584, '婚庆服务', 0, '', 539, 0, 255, 0, '', '', '', 1),
(585, '婚庆礼品/用品', 0, '', 539, 0, 255, 0, '', '', '', 1),
(586, '婚宴', 0, '', 539, 0, 255, 0, '', '', '', 1),
(587, '瑞士品牌', 0, '', 540, 0, 255, 0, '', '', '', 1),
(588, '国产品牌', 0, '', 540, 0, 255, 0, '', '', '', 1),
(589, '日本品牌', 0, '', 540, 0, 255, 0, '', '', '', 1),
(590, '时尚品牌', 0, '', 540, 0, 255, 0, '', '', '', 1),
(591, '闹钟挂钟', 0, '', 540, 0, 255, 0, '', '', '', 1),
(592, '儿童手表', 0, '', 540, 0, 255, 0, '', '', '', 1),
(593, '食品饮料', 0, '', 0, 0, 255, 0, '', '', '', 1),
(594, '进口食品', 0, '', 593, 0, 255, 0, '', '', '', 1),
(595, '地方特产', 0, '', 593, 0, 255, 0, '', '', '', 1),
(596, '休闲食品', 0, '', 593, 0, 255, 0, '', '', '', 1),
(597, '粮油调味', 0, '', 593, 0, 255, 0, '', '', '', 1),
(598, '中外名酒', 0, '', 593, 0, 255, 0, '', '', '', 1),
(599, '饮料冲调', 0, '', 593, 0, 255, 0, '', '', '', 1),
(600, '营养健康', 0, '', 593, 0, 255, 0, '', '', '', 1),
(601, '亚健康调理', 0, '', 593, 0, 255, 0, '', '', '', 1),
(602, '健康礼品', 0, '', 593, 0, 255, 0, '', '', '', 1),
(603, '生鲜食品', 0, '', 593, 0, 255, 0, '', '', '', 1),
(604, '饼干蛋糕', 0, '', 594, 0, 255, 0, '', '', '', 1),
(605, '糖果巧克力', 0, '', 594, 0, 255, 0, '', '', '', 1),
(606, '休闲零食', 0, '', 594, 0, 255, 0, '', '', '', 1),
(607, '冲调饮品', 0, '', 594, 0, 255, 0, '', '', '', 1),
(608, '粮油调味', 0, '', 594, 0, 255, 0, '', '', '', 1),
(609, '华北', 0, '', 595, 0, 255, 0, '', '', '', 1),
(610, '西北', 0, '', 595, 0, 255, 0, '', '', '', 1),
(611, '西南', 0, '', 595, 0, 255, 0, '', '', '', 1),
(612, '东北', 0, '', 595, 0, 255, 0, '', '', '', 1),
(613, '华南', 0, '', 595, 0, 255, 0, '', '', '', 1),
(614, '华东', 0, '', 595, 0, 255, 0, '', '', '', 1),
(615, '华中', 0, '', 595, 0, 255, 0, '', '', '', 1),
(616, '休闲零食', 0, '', 596, 0, 255, 0, '', '', '', 1),
(617, '坚果炒货', 0, '', 596, 0, 255, 0, '', '', '', 1),
(618, '肉干肉松', 0, '', 596, 0, 255, 0, '', '', '', 1),
(619, '蜜饯果脯', 0, '', 596, 0, 255, 0, '', '', '', 1),
(620, '糖果/巧克力', 0, '', 596, 0, 255, 0, '', '', '', 1),
(621, '饼干蛋糕', 0, '', 596, 0, 255, 0, '', '', '', 1),
(622, '米面杂粮', 0, '', 597, 0, 255, 0, '', '', '', 1),
(623, '食用油', 0, '', 597, 0, 255, 0, '', '', '', 1),
(624, '调味品', 0, '', 597, 0, 255, 0, '', '', '', 1),
(625, '南北干货', 0, '', 597, 0, 255, 0, '', '', '', 1),
(626, '方便食品', 0, '', 597, 0, 255, 0, '', '', '', 1),
(627, '有机食品', 0, '', 597, 0, 255, 0, '', '', '', 1),
(628, '白酒', 0, '', 598, 0, 255, 0, '', '', '', 1),
(629, '洋酒', 0, '', 598, 0, 255, 0, '', '', '', 1),
(630, '葡萄酒', 0, '', 598, 0, 255, 0, '', '', '', 1),
(631, '啤酒', 0, '', 598, 0, 255, 0, '', '', '', 1),
(632, '黄酒', 0, '', 598, 0, 255, 0, '', '', '', 1),
(633, '水', 0, '', 599, 0, 255, 0, '', '', '', 1),
(634, '饮料', 0, '', 599, 0, 255, 0, '', '', '', 1),
(635, '牛奶', 0, '', 599, 0, 255, 0, '', '', '', 1),
(636, '茶叶', 0, '', 599, 0, 255, 0, '', '', '', 1),
(637, '咖啡/奶茶', 0, '', 599, 0, 255, 0, '', '', '', 1),
(638, '冲饮谷物', 0, '', 599, 0, 255, 0, '', '', '', 1),
(639, '基础营养', 0, '', 600, 0, 255, 0, '', '', '', 1),
(640, '美体养颜', 0, '', 600, 0, 255, 0, '', '', '', 1),
(641, '滋补调养', 0, '', 600, 0, 255, 0, '', '', '', 1),
(642, '骨骼健康', 0, '', 600, 0, 255, 0, '', '', '', 1),
(643, '保健茶饮', 0, '', 600, 0, 255, 0, '', '', '', 1),
(644, '成分保健', 0, '', 600, 0, 255, 0, '', '', '', 1),
(645, '无糖食品', 0, '', 600, 0, 255, 0, '', '', '', 1),
(646, '调节三高', 0, '', 601, 0, 255, 0, '', '', '', 1),
(647, '心脑养护', 0, '', 601, 0, 255, 0, '', '', '', 1),
(648, '改善睡眠', 0, '', 601, 0, 255, 0, '', '', '', 1),
(649, '肝肾养护', 0, '', 601, 0, 255, 0, '', '', '', 1),
(650, '免疫调节', 0, '', 601, 0, 255, 0, '', '', '', 1),
(651, '更多调理', 0, '', 601, 0, 255, 0, '', '', '', 1),
(652, '参茸礼品', 0, '', 602, 0, 255, 0, '', '', '', 1),
(653, '更多礼品', 0, '', 602, 0, 255, 0, '', '', '', 1),
(654, '水果', 0, '', 603, 0, 255, 0, '', '', '', 1),
(655, '蔬菜', 0, '', 603, 0, 255, 0, '', '', '', 1),
(656, '海鲜水产', 0, '', 603, 0, 255, 0, '', '', '', 1),
(657, '禽蛋', 0, '', 603, 0, 255, 0, '', '', '', 1),
(658, '鲜肉', 0, '', 603, 0, 255, 0, '', '', '', 1),
(659, '加工类肉食', 0, '', 603, 0, 255, 0, '', '', '', 1),
(660, '冻品', 0, '', 603, 0, 255, 0, '', '', '', 1),
(661, '半成品', 0, '', 603, 0, 255, 0, '', '', '', 1),
(662, '运动健康', 0, '', 0, 0, 255, 0, '', '', '', 1),
(663, '户外鞋服', 0, '', 662, 0, 255, 0, '', '', '', 1),
(664, '户外装备', 0, '', 662, 0, 255, 0, '', '', '', 1),
(665, '运动器械', 0, '', 662, 0, 255, 0, '', '', '', 1),
(666, '纤体瑜伽', 0, '', 662, 0, 255, 0, '', '', '', 1),
(667, '体育娱乐', 0, '', 662, 0, 255, 0, '', '', '', 1),
(668, '成人用品', 0, '', 662, 0, 255, 0, '', '', '', 1),
(669, '保健器械', 0, '', 662, 0, 255, 0, '', '', '', 1),
(670, '急救卫生', 0, '', 662, 0, 255, 0, '', '', '', 1),
(671, '户外服装', 0, '', 663, 0, 255, 0, '', '', '', 1),
(672, '户外鞋袜', 0, '', 663, 0, 255, 0, '', '', '', 1),
(673, '户外配饰', 0, '', 663, 0, 255, 0, '', '', '', 1),
(674, '帐篷', 0, '', 664, 0, 255, 0, '', '', '', 1),
(675, '睡袋', 0, '', 664, 0, 255, 0, '', '', '', 1),
(676, '登山攀岩', 0, '', 664, 0, 255, 0, '', '', '', 1),
(677, '户外背包', 0, '', 664, 0, 255, 0, '', '', '', 1),
(678, '户外照明', 0, '', 664, 0, 255, 0, '', '', '', 1),
(679, '户外垫子', 0, '', 664, 0, 255, 0, '', '', '', 1),
(680, '户外仪表', 0, '', 664, 0, 255, 0, '', '', '', 1),
(681, '户外工具', 0, '', 664, 0, 255, 0, '', '', '', 1),
(682, '望远镜', 0, '', 664, 0, 255, 0, '', '', '', 1),
(683, '垂钓用品', 0, '', 664, 0, 255, 0, '', '', '', 1),
(684, '旅游用品', 0, '', 664, 0, 255, 0, '', '', '', 1),
(685, '便携桌椅床', 0, '', 664, 0, 255, 0, '', '', '', 1),
(686, '烧烤用品', 0, '', 664, 0, 255, 0, '', '', '', 1),
(687, '野餐炊具', 0, '', 664, 0, 255, 0, '', '', '', 1),
(688, '军迷用品', 0, '', 664, 0, 255, 0, '', '', '', 1),
(689, '游泳用具', 0, '', 664, 0, 255, 0, '', '', '', 1),
(690, '泳衣', 0, '', 664, 0, 255, 0, '', '', '', 1),
(691, '健身器械', 0, '', 665, 0, 255, 0, '', '', '', 1),
(692, '运动器材', 0, '', 665, 0, 255, 0, '', '', '', 1),
(693, '极限轮滑', 0, '', 665, 0, 255, 0, '', '', '', 1),
(694, '骑行运动', 0, '', 665, 0, 255, 0, '', '', '', 1),
(695, '运动护具', 0, '', 665, 0, 255, 0, '', '', '', 1),
(696, '武术搏击', 0, '', 665, 0, 255, 0, '', '', '', 1),
(697, '瑜伽垫', 0, '', 666, 0, 255, 0, '', '', '', 1),
(698, '瑜伽服', 0, '', 666, 0, 255, 0, '', '', '', 1),
(699, '瑜伽配件', 0, '', 666, 0, 255, 0, '', '', '', 1),
(700, '瑜伽套装', 0, '', 666, 0, 255, 0, '', '', '', 1),
(701, '舞蹈鞋服', 0, '', 666, 0, 255, 0, '', '', '', 1),
(702, '羽毛球', 0, '', 667, 0, 255, 0, '', '', '', 1),
(703, '乒乓球', 0, '', 667, 0, 255, 0, '', '', '', 1),
(704, '篮球', 0, '', 667, 0, 255, 0, '', '', '', 1),
(705, '足球', 0, '', 667, 0, 255, 0, '', '', '', 1),
(706, '网球', 0, '', 667, 0, 255, 0, '', '', '', 1),
(707, '排球', 0, '', 667, 0, 255, 0, '', '', '', 1),
(708, '高尔夫球', 0, '', 667, 0, 255, 0, '', '', '', 1),
(709, '棋牌麻将', 0, '', 667, 0, 255, 0, '', '', '', 1),
(710, '其他', 0, '', 667, 0, 255, 0, '', '', '', 1),
(711, '安全避孕', 0, '', 668, 0, 255, 0, '', '', '', 1),
(712, '验孕测孕', 0, '', 668, 0, 255, 0, '', '', '', 1),
(713, '人体润滑', 0, '', 668, 0, 255, 0, '', '', '', 1),
(714, '情爱玩具', 0, '', 668, 0, 255, 0, '', '', '', 1),
(715, '情趣内衣', 0, '', 668, 0, 255, 0, '', '', '', 1),
(716, '组合套装', 0, '', 668, 0, 255, 0, '', '', '', 1),
(717, '养生器械', 0, '', 669, 0, 255, 0, '', '', '', 1),
(718, '保健用品', 0, '', 669, 0, 255, 0, '', '', '', 1),
(719, '康复辅助', 0, '', 669, 0, 255, 0, '', '', '', 1),
(720, '家庭护理', 0, '', 669, 0, 255, 0, '', '', '', 1),
(721, '跌打损伤', 0, '', 670, 0, 255, 0, '', '', '', 1),
(722, '烫伤止痒', 0, '', 670, 0, 255, 0, '', '', '', 1),
(723, '防裂抗冻', 0, '', 670, 0, 255, 0, '', '', '', 1),
(724, '口腔咽部', 0, '', 670, 0, 255, 0, '', '', '', 1),
(725, '眼部保健', 0, '', 670, 0, 255, 0, '', '', '', 1),
(726, '鼻炎健康', 0, '', 670, 0, 255, 0, '', '', '', 1),
(727, '风湿骨痛', 0, '', 670, 0, 255, 0, '', '', '', 1),
(728, '生殖泌尿', 0, '', 670, 0, 255, 0, '', '', '', 1),
(729, '美体塑身', 0, '', 670, 0, 255, 0, '', '', '', 1),
(730, '汽车用品', 0, '', 0, 0, 255, 0, '', '', '', 1),
(731, '电子电器', 0, '', 730, 0, 255, 0, '', '', '', 1),
(732, '系统养护', 0, '', 730, 0, 255, 0, '', '', '', 1),
(733, '改装配件', 0, '', 730, 0, 255, 0, '', '', '', 1),
(734, '汽车美容', 0, '', 730, 0, 255, 0, '', '', '', 1),
(735, '座垫脚垫', 0, '', 730, 0, 255, 0, '', '', '', 1),
(736, '内饰精品', 0, '', 730, 0, 255, 0, '', '', '', 1),
(737, '安全自驾', 0, '', 730, 0, 255, 0, '', '', '', 1),
(738, '便携GPS导航', 0, '', 731, 0, 255, 0, '', '', '', 1),
(739, '嵌入式导航', 0, '', 731, 0, 255, 0, '', '', '', 1),
(740, '安全预警仪', 0, '', 731, 0, 255, 0, '', '', '', 1),
(741, '行车记录仪', 0, '', 731, 0, 255, 0, '', '', '', 1),
(742, '跟踪防盗器', 0, '', 731, 0, 255, 0, '', '', '', 1),
(743, '倒车雷达', 0, '', 731, 0, 255, 0, '', '', '', 1),
(744, '车载电源', 0, '', 731, 0, 255, 0, '', '', '', 1),
(745, '车载蓝牙', 0, '', 731, 0, 255, 0, '', '', '', 1),
(746, '车载影音', 0, '', 731, 0, 255, 0, '', '', '', 1),
(747, '车载净化器', 0, '', 731, 0, 255, 0, '', '', '', 1),
(748, '车载冰箱', 0, '', 731, 0, 255, 0, '', '', '', 1),
(749, '车载吸尘器', 0, '', 731, 0, 255, 0, '', '', '', 1),
(750, '充气泵', 0, '', 731, 0, 255, 0, '', '', '', 1),
(751, '胎压监测', 0, '', 731, 0, 255, 0, '', '', '', 1),
(752, '车载生活电器', 0, '', 731, 0, 255, 0, '', '', '', 1),
(753, '机油', 0, '', 732, 0, 255, 0, '', '', '', 1),
(754, '添加剂', 0, '', 732, 0, 255, 0, '', '', '', 1),
(755, '防冻冷却液', 0, '', 732, 0, 255, 0, '', '', '', 1),
(756, '附属油', 0, '', 732, 0, 255, 0, '', '', '', 1),
(757, '底盘装甲', 0, '', 732, 0, 255, 0, '', '', '', 1),
(758, '空调清洗剂', 0, '', 732, 0, 255, 0, '', '', '', 1),
(759, '金属养护', 0, '', 732, 0, 255, 0, '', '', '', 1),
(760, '雨刷', 0, '', 733, 0, 255, 0, '', '', '', 1),
(761, '车灯', 0, '', 733, 0, 255, 0, '', '', '', 1),
(762, '轮胎', 0, '', 733, 0, 255, 0, '', '', '', 1),
(763, '贴膜', 0, '', 733, 0, 255, 0, '', '', '', 1),
(764, '装饰贴', 0, '', 733, 0, 255, 0, '', '', '', 1),
(765, '后视镜', 0, '', 733, 0, 255, 0, '', '', '', 1),
(766, '机油滤', 0, '', 733, 0, 255, 0, '', '', '', 1),
(767, '空气滤', 0, '', 733, 0, 255, 0, '', '', '', 1),
(768, '空调滤', 0, '', 733, 0, 255, 0, '', '', '', 1),
(769, '燃油滤', 0, '', 733, 0, 255, 0, '', '', '', 1),
(770, '火花塞', 0, '', 733, 0, 255, 0, '', '', '', 1),
(771, '喇叭', 0, '', 733, 0, 255, 0, '', '', '', 1),
(772, '刹车片', 0, '', 733, 0, 255, 0, '', '', '', 1),
(773, '刹车盘', 0, '', 733, 0, 255, 0, '', '', '', 1),
(774, '减震器', 0, '', 733, 0, 255, 0, '', '', '', 1),
(775, '车身装饰', 0, '', 733, 0, 255, 0, '', '', '', 1),
(776, '尾喉/排气管', 0, '', 733, 0, 255, 0, '', '', '', 1),
(777, '踏板', 0, '', 733, 0, 255, 0, '', '', '', 1),
(778, '蓄电池', 0, '', 733, 0, 255, 0, '', '', '', 1),
(779, '其他配件', 0, '', 733, 0, 255, 0, '', '', '', 1),
(780, '漆面美容', 0, '', 734, 0, 255, 0, '', '', '', 1),
(781, '漆面修复', 0, '', 734, 0, 255, 0, '', '', '', 1),
(782, '内饰清洁', 0, '', 734, 0, 255, 0, '', '', '', 1),
(783, '玻璃美容', 0, '', 734, 0, 255, 0, '', '', '', 1),
(784, '补漆笔', 0, '', 734, 0, 255, 0, '', '', '', 1),
(785, '轮胎轮毂清洗', 0, '', 734, 0, 255, 0, '', '', '', 1),
(786, '洗车器', 0, '', 734, 0, 255, 0, '', '', '', 1),
(787, '洗车水枪', 0, '', 734, 0, 255, 0, '', '', '', 1),
(788, '洗车配件', 0, '', 734, 0, 255, 0, '', '', '', 1),
(789, '洗车液', 0, '', 734, 0, 255, 0, '', '', '', 1),
(790, '车掸', 0, '', 734, 0, 255, 0, '', '', '', 1),
(791, '擦车巾/海绵', 0, '', 734, 0, 255, 0, '', '', '', 1),
(792, '凉垫', 0, '', 735, 0, 255, 0, '', '', '', 1),
(793, '四季垫', 0, '', 735, 0, 255, 0, '', '', '', 1),
(794, '毛垫', 0, '', 735, 0, 255, 0, '', '', '', 1),
(795, '专车专用座垫', 0, '', 735, 0, 255, 0, '', '', '', 1),
(796, '专车专用座套', 0, '', 735, 0, 255, 0, '', '', '', 1),
(797, '通用座套', 0, '', 735, 0, 255, 0, '', '', '', 1),
(798, '多功能垫', 0, '', 735, 0, 255, 0, '', '', '', 1),
(799, '专车专用脚垫', 0, '', 735, 0, 255, 0, '', '', '', 1),
(800, '通用脚垫', 0, '', 735, 0, 255, 0, '', '', '', 1),
(801, '后备箱垫', 0, '', 735, 0, 255, 0, '', '', '', 1),
(802, '车用香水', 0, '', 736, 0, 255, 0, '', '', '', 1),
(803, '车用炭包', 0, '', 736, 0, 255, 0, '', '', '', 1),
(804, '空气净化', 0, '', 736, 0, 255, 0, '', '', '', 1),
(805, '颈枕/头枕', 0, '', 736, 0, 255, 0, '', '', '', 1),
(806, '抱枕/腰靠', 0, '', 736, 0, 255, 0, '', '', '', 1),
(807, '方向盘套', 0, '', 736, 0, 255, 0, '', '', '', 1),
(808, '挂件', 0, '', 736, 0, 255, 0, '', '', '', 1),
(809, '摆件', 0, '', 736, 0, 255, 0, '', '', '', 1),
(810, '布艺软饰', 0, '', 736, 0, 255, 0, '', '', '', 1),
(811, '功能用品', 0, '', 736, 0, 255, 0, '', '', '', 1),
(812, '整理收纳', 0, '', 736, 0, 255, 0, '', '', '', 1),
(813, 'CD夹', 0, '', 736, 0, 255, 0, '', '', '', 1),
(814, '儿童安全座椅', 0, '', 737, 0, 255, 0, '', '', '', 1),
(815, '应急救援', 0, '', 737, 0, 255, 0, '', '', '', 1),
(816, '汽修工具', 0, '', 737, 0, 255, 0, '', '', '', 1),
(817, '自驾野营', 0, '', 737, 0, 255, 0, '', '', '', 1),
(818, '自驾照明', 0, '', 737, 0, 255, 0, '', '', '', 1),
(819, '保温箱', 0, '', 737, 0, 255, 0, '', '', '', 1),
(820, '置物箱', 0, '', 737, 0, 255, 0, '', '', '', 1),
(821, '车衣', 0, '', 737, 0, 255, 0, '', '', '', 1),
(822, '遮阳挡雪挡', 0, '', 737, 0, 255, 0, '', '', '', 1),
(823, '车锁地锁', 0, '', 737, 0, 255, 0, '', '', '', 1),
(824, '摩托车装备', 0, '', 737, 0, 255, 0, '', '', '', 1),
(825, '玩具乐器', 0, '', 0, 0, 255, 0, '', '', '', 1),
(826, '适用年龄', 0, '', 825, 0, 255, 0, '', '', '', 1),
(827, '遥控/电动', 0, '', 825, 0, 255, 0, '', '', '', 1),
(828, '毛绒布艺', 0, '', 825, 0, 255, 0, '', '', '', 1),
(829, '娃娃玩具', 0, '', 825, 0, 255, 0, '', '', '', 1),
(830, '模型玩具', 0, '', 825, 0, 255, 0, '', '', '', 1),
(831, '健身玩具', 0, '', 825, 0, 255, 0, '', '', '', 1),
(832, '动漫玩具', 0, '', 825, 0, 255, 0, '', '', '', 1),
(833, '益智玩具', 0, '', 825, 0, 255, 0, '', '', '', 1),
(834, '积木拼插', 0, '', 825, 0, 255, 0, '', '', '', 1),
(835, 'DIY玩具', 0, '', 825, 0, 255, 0, '', '', '', 1),
(836, '创意减压', 0, '', 825, 0, 255, 0, '', '', '', 1),
(837, '乐器相关', 0, '', 825, 0, 255, 0, '', '', '', 1),
(838, '0-6个月', 0, '', 826, 0, 255, 0, '', '', '', 1),
(839, '6-12个月', 0, '', 826, 0, 255, 0, '', '', '', 1),
(840, '1-3岁', 0, '', 826, 0, 255, 0, '', '', '', 1),
(841, '3-6岁', 0, '', 826, 0, 255, 0, '', '', '', 1),
(842, '6-14岁', 0, '', 826, 0, 255, 0, '', '', '', 1),
(843, '14岁以上', 0, '', 826, 0, 255, 0, '', '', '', 1),
(844, '遥控车', 0, '', 827, 0, 255, 0, '', '', '', 1),
(845, '遥控飞机', 0, '', 827, 0, 255, 0, '', '', '', 1),
(846, '遥控船', 0, '', 827, 0, 255, 0, '', '', '', 1),
(847, '机器人/电动', 0, '', 827, 0, 255, 0, '', '', '', 1),
(848, '轨道/助力', 0, '', 827, 0, 255, 0, '', '', '', 1),
(849, '毛绒/布艺', 0, '', 828, 0, 255, 0, '', '', '', 1),
(850, '靠垫/抱枕', 0, '', 828, 0, 255, 0, '', '', '', 1),
(851, '芭比娃娃', 0, '', 829, 0, 255, 0, '', '', '', 1),
(852, '卡通娃娃', 0, '', 829, 0, 255, 0, '', '', '', 1),
(853, '智能娃娃', 0, '', 829, 0, 255, 0, '', '', '', 1),
(854, '仿真模型', 0, '', 830, 0, 255, 0, '', '', '', 1),
(855, '拼插模型', 0, '', 830, 0, 255, 0, '', '', '', 1),
(856, '收藏爱好', 0, '', 830, 0, 255, 0, '', '', '', 1),
(857, '炫舞毯', 0, '', 831, 0, 255, 0, '', '', '', 1),
(858, '爬行垫/毯', 0, '', 831, 0, 255, 0, '', '', '', 1),
(859, '户外玩具', 0, '', 831, 0, 255, 0, '', '', '', 1),
(860, '戏水玩具', 0, '', 831, 0, 255, 0, '', '', '', 1),
(861, '电影周边', 0, '', 832, 0, 255, 0, '', '', '', 1),
(862, '卡通周边', 0, '', 832, 0, 255, 0, '', '', '', 1),
(863, '网游周边', 0, '', 832, 0, 255, 0, '', '', '', 1),
(864, '摇铃/床铃', 0, '', 833, 0, 255, 0, '', '', '', 1),
(865, '健身架', 0, '', 833, 0, 255, 0, '', '', '', 1),
(866, '早教启智', 0, '', 833, 0, 255, 0, '', '', '', 1),
(867, '拖拉玩具', 0, '', 833, 0, 255, 0, '', '', '', 1),
(868, '积木', 0, '', 834, 0, 255, 0, '', '', '', 1),
(869, '拼图', 0, '', 834, 0, 255, 0, '', '', '', 1),
(870, '磁力棒', 0, '', 834, 0, 255, 0, '', '', '', 1),
(871, '立体拼插', 0, '', 834, 0, 255, 0, '', '', '', 1),
(872, '手工彩泥', 0, '', 835, 0, 255, 0, '', '', '', 1),
(873, '绘画工具', 0, '', 835, 0, 255, 0, '', '', '', 1),
(874, '情景玩具', 0, '', 835, 0, 255, 0, '', '', '', 1),
(875, '减压玩具', 0, '', 836, 0, 255, 0, '', '', '', 1),
(876, '创意玩具', 0, '', 836, 0, 255, 0, '', '', '', 1),
(877, '钢琴', 0, '', 837, 0, 255, 0, '', '', '', 1),
(878, '电子琴', 0, '', 837, 0, 255, 0, '', '', '', 1);
INSERT INTO `33hao_goods_class` (`gc_id`, `gc_name`, `type_id`, `type_name`, `gc_parent_id`, `commis_rate`, `gc_sort`, `gc_virtual`, `gc_title`, `gc_keywords`, `gc_description`, `show_type`) VALUES
(879, '手风琴', 0, '', 837, 0, 255, 0, '', '', '', 1),
(880, '吉他/贝斯', 0, '', 837, 0, 255, 0, '', '', '', 1),
(881, '民族管弦乐器', 0, '', 837, 0, 255, 0, '', '', '', 1),
(882, '西洋管弦乐', 0, '', 837, 0, 255, 0, '', '', '', 1),
(883, '口琴/口风琴/竖笛', 0, '', 837, 0, 255, 0, '', '', '', 1),
(884, '西洋打击乐器', 0, '', 837, 0, 255, 0, '', '', '', 1),
(885, '各式乐器配件', 0, '', 837, 0, 255, 0, '', '', '', 1),
(886, '电脑音乐', 0, '', 837, 0, 255, 0, '', '', '', 1),
(887, '工艺礼品乐器', 0, '', 837, 0, 255, 0, '', '', '', 1),
(888, '厨具', 0, '', 0, 0, 255, 0, '', '', '', 1),
(889, '烹饪锅具', 0, '', 888, 0, 255, 0, '', '', '', 1),
(890, '刀剪菜板', 0, '', 888, 0, 255, 0, '', '', '', 1),
(891, '收纳保鲜', 0, '', 888, 0, 255, 0, '', '', '', 1),
(892, '水具酒具', 0, '', 888, 0, 255, 0, '', '', '', 1),
(893, '餐具', 0, '', 888, 0, 255, 0, '', '', '', 1),
(895, '炒锅', 0, '', 889, 0, 255, 0, '', '', '', 1),
(896, '煎锅', 0, '', 889, 0, 255, 0, '', '', '', 1),
(897, '压力锅', 0, '', 889, 0, 255, 0, '', '', '', 1),
(898, '蒸锅', 0, '', 889, 0, 255, 0, '', '', '', 1),
(899, '汤锅', 0, '', 889, 0, 255, 0, '', '', '', 1),
(900, '奶锅', 0, '', 889, 0, 255, 0, '', '', '', 1),
(901, '套锅', 0, '', 889, 0, 255, 0, '', '', '', 1),
(902, '煲类', 0, '', 889, 0, 255, 0, '', '', '', 1),
(903, '水壶', 0, '', 889, 0, 255, 0, '', '', '', 1),
(904, '厨用杂件', 0, '', 889, 0, 255, 0, '', '', '', 1),
(905, '单刀', 0, '', 890, 0, 255, 0, '', '', '', 1),
(906, '剪刀', 0, '', 890, 0, 255, 0, '', '', '', 1),
(907, '套刀', 0, '', 890, 0, 255, 0, '', '', '', 1),
(908, '砧板', 0, '', 890, 0, 255, 0, '', '', '', 1),
(909, '刀具配件', 0, '', 890, 0, 255, 0, '', '', '', 1),
(910, '保鲜盒', 0, '', 891, 0, 255, 0, '', '', '', 1),
(911, '保鲜膜/袋', 0, '', 891, 0, 255, 0, '', '', '', 1),
(912, '调料器皿', 0, '', 891, 0, 255, 0, '', '', '', 1),
(913, '饭盒/提锅', 0, '', 891, 0, 255, 0, '', '', '', 1),
(914, '塑料杯', 0, '', 892, 0, 255, 0, '', '', '', 1),
(915, '运动水壶', 0, '', 892, 0, 255, 0, '', '', '', 1),
(916, '玻璃杯', 0, '', 892, 0, 255, 0, '', '', '', 1),
(917, '陶瓷杯', 0, '', 892, 0, 255, 0, '', '', '', 1),
(918, '保温杯', 0, '', 892, 0, 255, 0, '', '', '', 1),
(919, '保温壶', 0, '', 892, 0, 255, 0, '', '', '', 1),
(920, '酒杯/套装', 0, '', 892, 0, 255, 0, '', '', '', 1),
(921, '酒具配件', 0, '', 892, 0, 255, 0, '', '', '', 1),
(922, '餐具套装', 0, '', 893, 0, 255, 0, '', '', '', 1),
(923, '碗/碟/盘', 0, '', 893, 0, 255, 0, '', '', '', 1),
(924, '筷勺/刀叉', 0, '', 893, 0, 255, 0, '', '', '', 1),
(925, '一次性餐具', 0, '', 893, 0, 255, 0, '', '', '', 1),
(935, '茶具/咖啡具', 0, '', 888, 0, 255, 0, '', '', '', 1),
(936, '整套茶具', 0, '', 935, 0, 255, 0, '', '', '', 1),
(937, '茶杯', 0, '', 935, 0, 255, 0, '', '', '', 1),
(938, '茶壶', 0, '', 935, 0, 255, 0, '', '', '', 1),
(939, '茶盘茶托', 0, '', 935, 0, 255, 0, '', '', '', 1),
(940, '茶叶罐', 0, '', 935, 0, 255, 0, '', '', '', 1),
(941, '茶具配件', 0, '', 935, 0, 255, 0, '', '', '', 1),
(942, '茶宠摆件', 0, '', 935, 0, 255, 0, '', '', '', 1),
(943, '咖啡具', 0, '', 935, 0, 255, 0, '', '', '', 1),
(944, '其他', 0, '', 935, 0, 255, 0, '', '', '', 1),
(959, '母婴用品', 0, '', 0, 0, 255, 0, '', '', '', 1),
(960, '奶粉', 0, '', 959, 0, 255, 0, '', '', '', 1),
(961, '营养辅食', 0, '', 959, 0, 255, 0, '', '', '', 1),
(962, '尿裤湿巾', 0, '', 959, 0, 255, 0, '', '', '', 1),
(963, '喂养用品', 0, '', 959, 0, 255, 0, '', '', '', 1),
(964, '洗护用品', 0, '', 959, 0, 255, 0, '', '', '', 1),
(965, '童车童床', 0, '', 959, 0, 255, 0, '', '', '', 1),
(966, '服饰寝居', 0, '', 959, 0, 255, 0, '', '', '', 1),
(967, '妈妈专区', 0, '', 959, 0, 255, 0, '', '', '', 1),
(968, '品牌奶粉', 0, '', 960, 0, 255, 0, '', '', '', 1),
(969, '妈妈奶粉', 0, '', 960, 0, 255, 0, '', '', '', 1),
(970, '1段奶粉', 0, '', 960, 0, 255, 0, '', '', '', 1),
(971, '2段奶粉', 0, '', 960, 0, 255, 0, '', '', '', 1),
(972, '3段奶粉', 0, '', 960, 0, 255, 0, '', '', '', 1),
(973, '4段奶粉', 0, '', 960, 0, 255, 0, '', '', '', 1),
(974, '羊奶粉', 0, '', 960, 0, 255, 0, '', '', '', 1),
(975, '特殊配方', 0, '', 960, 0, 255, 0, '', '', '', 1),
(976, '成人奶粉', 0, '', 960, 0, 255, 0, '', '', '', 1),
(977, '婴幼营养', 0, '', 961, 0, 255, 0, '', '', '', 1),
(978, '初乳', 0, '', 961, 0, 255, 0, '', '', '', 1),
(979, '米粉/菜粉', 0, '', 961, 0, 255, 0, '', '', '', 1),
(980, '果泥/果汁', 0, '', 961, 0, 255, 0, '', '', '', 1),
(981, '肉松/饼干', 0, '', 961, 0, 255, 0, '', '', '', 1),
(982, '辅食', 0, '', 961, 0, 255, 0, '', '', '', 1),
(983, '孕期营养', 0, '', 961, 0, 255, 0, '', '', '', 1),
(984, '清火/开胃', 0, '', 961, 0, 255, 0, '', '', '', 1),
(985, '面条/粥', 0, '', 961, 0, 255, 0, '', '', '', 1),
(986, '品牌尿裤', 0, '', 962, 0, 255, 0, '', '', '', 1),
(987, '新生儿', 0, '', 962, 0, 255, 0, '', '', '', 1),
(988, 'S号', 0, '', 962, 0, 255, 0, '', '', '', 1),
(989, 'M号', 0, '', 962, 0, 255, 0, '', '', '', 1),
(990, 'L号', 0, '', 962, 0, 255, 0, '', '', '', 1),
(991, 'XL/XXL号', 0, '', 962, 0, 255, 0, '', '', '', 1),
(992, '裤型尿裤', 0, '', 962, 0, 255, 0, '', '', '', 1),
(993, '湿巾', 0, '', 962, 0, 255, 0, '', '', '', 1),
(994, '尿布/尿垫', 0, '', 962, 0, 255, 0, '', '', '', 1),
(995, '成人尿裤', 0, '', 962, 0, 255, 0, '', '', '', 1),
(996, '奶瓶', 0, '', 963, 0, 255, 0, '', '', '', 1),
(997, '奶嘴', 0, '', 963, 0, 255, 0, '', '', '', 1),
(998, '吸奶器', 0, '', 963, 0, 255, 0, '', '', '', 1),
(999, '暖奶/消毒', 0, '', 963, 0, 255, 0, '', '', '', 1),
(1000, '餐具', 0, '', 963, 0, 255, 0, '', '', '', 1),
(1001, '水具', 0, '', 963, 0, 255, 0, '', '', '', 1),
(1002, '牙胶/安抚', 0, '', 963, 0, 255, 0, '', '', '', 1),
(1003, '辅助用品', 0, '', 963, 0, 255, 0, '', '', '', 1),
(1004, '宝宝护肤', 0, '', 964, 0, 255, 0, '', '', '', 1),
(1005, '洗浴用品', 0, '', 964, 0, 255, 0, '', '', '', 1),
(1006, '洗发沐浴', 0, '', 964, 0, 255, 0, '', '', '', 1),
(1007, '清洁用品', 0, '', 964, 0, 255, 0, '', '', '', 1),
(1008, '护理用品', 0, '', 964, 0, 255, 0, '', '', '', 1),
(1009, '妈妈护肤', 0, '', 964, 0, 255, 0, '', '', '', 1),
(1010, '婴儿推车', 0, '', 965, 0, 255, 0, '', '', '', 1),
(1011, '餐椅摇椅', 0, '', 965, 0, 255, 0, '', '', '', 1),
(1012, '婴儿床', 0, '', 965, 0, 255, 0, '', '', '', 1),
(1013, '学步车', 0, '', 965, 0, 255, 0, '', '', '', 1),
(1014, '三轮车', 0, '', 965, 0, 255, 0, '', '', '', 1),
(1015, '自行车', 0, '', 965, 0, 255, 0, '', '', '', 1),
(1016, '电动车', 0, '', 965, 0, 255, 0, '', '', '', 1),
(1017, '健身车', 0, '', 965, 0, 255, 0, '', '', '', 1),
(1018, '安全座椅', 0, '', 965, 0, 255, 0, '', '', '', 1),
(1019, '婴儿外出服', 0, '', 966, 0, 255, 0, '', '', '', 1),
(1020, '婴儿内衣', 0, '', 966, 0, 255, 0, '', '', '', 1),
(1021, '婴儿礼盒', 0, '', 966, 0, 255, 0, '', '', '', 1),
(1022, '婴儿鞋帽袜', 0, '', 966, 0, 255, 0, '', '', '', 1),
(1023, '安全防护', 0, '', 966, 0, 255, 0, '', '', '', 1),
(1024, '家居床品', 0, '', 966, 0, 255, 0, '', '', '', 1),
(1025, '其他', 0, '', 966, 0, 255, 0, '', '', '', 1),
(1026, '包/背婴带', 0, '', 967, 0, 255, 0, '', '', '', 1),
(1027, '妈妈护理', 0, '', 967, 0, 255, 0, '', '', '', 1),
(1028, '产后塑身', 0, '', 967, 0, 255, 0, '', '', '', 1),
(1029, '孕妇内衣', 0, '', 967, 0, 255, 0, '', '', '', 1),
(1030, '防辐射服', 0, '', 967, 0, 255, 0, '', '', '', 1),
(1031, '孕妇装', 0, '', 967, 0, 255, 0, '', '', '', 1),
(1032, '孕妇食品', 0, '', 967, 0, 255, 0, '', '', '', 1),
(1033, '妈妈美容', 0, '', 967, 0, 255, 0, '', '', '', 1),
(1034, '手机通讯', 0, '', 256, 0, 255, 0, '', '', '', 1),
(1035, '手机', 0, '', 1034, 0, 255, 0, '', '', '', 1),
(1036, '对讲机', 0, '', 1034, 0, 255, 0, '', '', '', 1),
(1037, '虚拟充值', 0, '', 0, 0, 255, 1, '', '', '', 1),
(1041, '充值', 0, '', 1037, 0, 255, 1, '', '', '', 1),
(1042, '游戏', 0, '', 1037, 0, 255, 1, '', '', '', 1),
(1043, '票务', 0, '', 1037, 0, 255, 1, '', '', '', 1),
(1044, '手机充值', 0, '', 1041, 0, 255, 1, '', '', '', 1),
(1045, '游戏点卡', 0, '', 1042, 0, 255, 1, '', '', '', 1),
(1046, 'QQ充值', 0, '', 1042, 0, 255, 1, '', '', '', 1),
(1047, '电影票', 0, '', 1043, 0, 255, 1, '', '', '', 1),
(1048, '演唱会', 0, '', 1043, 0, 255, 1, '', '', '', 1),
(1049, '话剧/歌剧/音乐剧', 0, '', 1043, 0, 255, 1, '', '', '', 1),
(1050, '体育赛事', 0, '', 1043, 0, 255, 1, '', '', '', 1),
(1051, '舞蹈芭蕾', 0, '', 1043, 0, 255, 1, '', '', '', 1),
(1052, '戏曲综艺', 0, '', 1043, 0, 255, 1, '', '', '', 1),
(1053, '女装', 0, '', 4, 0, 255, 0, '', '', '', 1),
(1054, '整车', 0, '', 730, 0, 255, 0, '', '', '', 1),
(1055, '新车', 0, '', 1054, 0, 255, 0, '', '', '', 1),
(1056, '二手车', 0, '', 1054, 0, 255, 0, '', '', '', 1);

-- --------------------------------------------------------

--
-- 表的结构 `33hao_goods_class_nav`
--

CREATE TABLE IF NOT EXISTS `33hao_goods_class_nav` (
  `cn_adv2_link` varchar(100) NOT NULL COMMENT '广告2链接',
  `gc_id` int(10) unsigned NOT NULL COMMENT '商品分类id',
  `cn_alias` varchar(100) DEFAULT '' COMMENT '商品分类别名',
  `cn_classids` varchar(100) DEFAULT '' COMMENT '推荐子级分类',
  `cn_brandids` varchar(100) DEFAULT '' COMMENT '推荐的品牌',
  `cn_pic` varchar(100) DEFAULT '' COMMENT '分类图片',
  `cn_adv1` varchar(100) DEFAULT '' COMMENT '广告图1',
  `cn_adv1_link` varchar(100) DEFAULT '' COMMENT '广告1链接',
  `cn_adv2` varchar(100) DEFAULT '' COMMENT '广告图2',
  PRIMARY KEY (`gc_id`)
) ENGINE=InnoDB DEFAULT CHARSET=utf8 COMMENT='分类导航表';

--
-- 转存表中的数据 `33hao_goods_class_nav`
--

INSERT INTO `33hao_goods_class_nav` (`cn_adv2_link`, `gc_id`, `cn_alias`, `cn_classids`, `cn_brandids`, `cn_pic`, `cn_adv1`, `cn_adv1_link`, `cn_adv2`) VALUES
('', 1, '', '12,19,26,33,35,42,49,56', '108,105,101,96,89,80,83,352', '04849343852775378.png', '04849383096194771.jpg', '', '04849383096284687.jpg'),
('', 2, '', '156,163,168,170,186,192,193,198', '342,341,336,335,334,330,329,328', '04849344505821846.png', '04849386427434184.jpg', '', '04849386427492123.jpg'),
('', 3, '', '206,210,213,216,220,227,231', '344,342,341,338,336,335,330,329', '04849345975757419.png', '04849387912371887.jpg', '', '04849387912422255.jpg'),
('', 256, '', '278,279,398,399,437,1035,1036', '215,214,208,202,196,190,184', '04849346415545755.png', '04849389240497918.jpg', '', '04849389240540796.jpg'),
('', 308, '', '314,317,318,321,326,327,328,329', '241,240,235,234,229,228,223,217', '04849346837120218.png', '04849391321812920.jpg', '', '04849391321877848.jpg'),
('', 470, '', '478,479,485,486,490,491,497,498', '142,136,135,130,128,124,123,117', '04849347515759481.png', '04849392722316549.jpg', '', '04849392722363907.jpg'),
('', 530, '', '557,563,566,567,570,571,572,575,576', '171,165,159,153,152,146,360,359', '04849347913383394.png', '04849399151585529.jpg', '', '04849399151680886.jpg'),
('', 593, '', '605,617,623,629,630,632,636,637', '264,263,258,257,252,251,246,245', '04849348133390475.png', '04849400285934568.jpg', '', '04849400285991819.jpg'),
('', 662, '', '671,675,676,677,681,682,683,684,690', '324,323,318,317,312,311,306,305', '04849348436546686.png', '04849401365781256.jpg', '', '04849401365834473.jpg'),
('', 730, '', '738,740,744,746,752,753,754', '241,240,234,228,227,222,221,216', '04849348664379344.png', '04849404510419498.jpg', '', '04849404510472921.jpg'),
('', 825, '', '844,847,848,849,850,851,855,857', '344,343,338,337,332,331,326,148', '04849352366294406.png', '04849405508671552.jpg', '', '04849405508723529.jpg'),
('', 888, '', '895,902,918,936,939,942,943', '322,321,316,315,310,309,304,303', '04849352648636017.png', '04849408123501895.jpg', '', '04849408123559604.jpg'),
('', 959, '', '968,970,975,981,982,986,994,996', '302,301,296,295,290,284,278,272', '04849353182209090.png', '04849409796241200.jpg', '', '04849409796289293.jpg'),
('', 1037, '', '1044,1047,1048,1049,1050,1051,1052', '244,243,242', '04849353042725089.png', '04849412911666956.jpg', '', '04849412911723098.jpg');

-- --------------------------------------------------------

--
-- 表的结构 `33hao_goods_class_staple`
--

CREATE TABLE IF NOT EXISTS `33hao_goods_class_staple` (
  `staple_id` int(10) unsigned NOT NULL AUTO_INCREMENT COMMENT '常用分类id',
  `staple_name` varchar(255) NOT NULL COMMENT '常用分类名称',
  `gc_id_1` int(10) unsigned NOT NULL COMMENT '一级分类id',
  `gc_id_2` int(10) unsigned NOT NULL COMMENT '二级商品分类',
  `gc_id_3` int(10) unsigned NOT NULL COMMENT '三级商品分类',
  `type_id` int(10) unsigned NOT NULL COMMENT '类型id',
  `member_id` int(10) unsigned NOT NULL COMMENT '会员id',
  `counter` int(10) unsigned NOT NULL DEFAULT '1' COMMENT '计数器',
  PRIMARY KEY (`staple_id`),
  KEY `store_id` (`member_id`)
) ENGINE=InnoDB  DEFAULT CHARSET=utf8 COMMENT='店铺常用分类表' AUTO_INCREMENT=4 ;

--
-- 转存表中的数据 `33hao_goods_class_staple`
--

INSERT INTO `33hao_goods_class_staple` (`staple_id`, `staple_name`, `gc_id_1`, `gc_id_2`, `gc_id_3`, `type_id`, `member_id`, `counter`) VALUES
(1, '家用电器 >厨房电器 >面包机', 308, 311, 345, 0, 1, 1),
(2, '食品饮料 >饮料冲调 >水', 593, 599, 633, 0, 3, 6),
(3, '食品饮料 >饮料冲调 >水', 593, 599, 633, 0, 6, 1);

-- --------------------------------------------------------

--
-- 表的结构 `33hao_goods_class_tag`
--

CREATE TABLE IF NOT EXISTS `33hao_goods_class_tag` (
  `gc_tag_id` int(10) unsigned NOT NULL AUTO_INCREMENT COMMENT 'TAGid',
  `gc_id_1` int(10) unsigned NOT NULL COMMENT '一级分类id',
  `gc_id_2` int(10) unsigned NOT NULL COMMENT '二级分类id',
  `gc_id_3` int(10) unsigned NOT NULL COMMENT '三级分类id',
  `gc_tag_name` varchar(255) NOT NULL COMMENT '分类TAG名称',
  `gc_tag_value` text NOT NULL COMMENT '分类TAG值',
  `gc_id` int(10) unsigned NOT NULL COMMENT '商品分类id',
  `type_id` int(10) unsigned NOT NULL COMMENT '类型id',
  PRIMARY KEY (`gc_tag_id`)
) ENGINE=InnoDB DEFAULT CHARSET=utf8 COMMENT='商品分类TAG表' AUTO_INCREMENT=1 ;

-- --------------------------------------------------------

--
-- 表的结构 `33hao_goods_common`
--

CREATE TABLE IF NOT EXISTS `33hao_goods_common` (
  `goods_commonid` int(10) unsigned NOT NULL AUTO_INCREMENT COMMENT '商品公共表id',
  `goods_name` varchar(50) NOT NULL COMMENT '商品名称',
  `goods_jingle` varchar(150) DEFAULT '' COMMENT '商品广告词',
  `gc_id` int(10) unsigned NOT NULL COMMENT '商品分类',
  `gc_id_1` int(10) unsigned NOT NULL COMMENT '一级分类id',
  `gc_id_2` int(10) unsigned NOT NULL COMMENT '二级分类id',
  `gc_id_3` int(10) unsigned NOT NULL COMMENT '三级分类id',
  `gc_name` varchar(200) NOT NULL COMMENT '商品分类',
  `store_id` int(10) unsigned NOT NULL COMMENT '店铺id',
  `store_name` varchar(50) NOT NULL COMMENT '店铺名称',
  `spec_name` varchar(255) NOT NULL COMMENT '规格名称',
  `spec_value` text NOT NULL COMMENT '规格值',
  `brand_id` int(10) unsigned DEFAULT '0' COMMENT '品牌id',
  `brand_name` varchar(100) DEFAULT '' COMMENT '品牌名称',
  `type_id` int(10) unsigned NOT NULL DEFAULT '0' COMMENT '类型id',
  `goods_image` varchar(100) NOT NULL COMMENT '商品主图',
  `goods_attr` text NOT NULL COMMENT '商品属性',
  `goods_custom` text NOT NULL COMMENT '商品自定义属性',
  `goods_body` text NOT NULL COMMENT '商品内容',
  `mobile_body` text NOT NULL COMMENT '手机端商品描述',
  `goods_state` tinyint(3) unsigned NOT NULL COMMENT '商品状态 0下架，1正常，10违规（禁售）',
  `goods_stateremark` varchar(255) DEFAULT NULL COMMENT '违规原因',
  `goods_verify` tinyint(3) unsigned NOT NULL COMMENT '商品审核 1通过，0未通过，10审核中',
  `goods_verifyremark` varchar(255) DEFAULT NULL COMMENT '审核失败原因',
  `goods_lock` tinyint(3) unsigned NOT NULL DEFAULT '0' COMMENT '商品锁定 0未锁，1已锁',
  `goods_addtime` int(10) unsigned NOT NULL COMMENT '商品添加时间',
  `goods_selltime` int(10) unsigned NOT NULL COMMENT '上架时间',
  `goods_price` decimal(10,2) NOT NULL COMMENT '商品价格',
  `goods_marketprice` decimal(10,2) NOT NULL COMMENT '市场价',
  `goods_costprice` decimal(10,2) NOT NULL COMMENT '成本价',
  `goods_discount` float unsigned NOT NULL COMMENT '折扣',
  `goods_serial` varchar(50) DEFAULT '' COMMENT '商品货号',
  `goods_storage_alarm` tinyint(3) unsigned NOT NULL COMMENT '库存报警值',
  `goods_barcode` varchar(20) DEFAULT '' COMMENT '商品条形码',
  `transport_id` mediumint(8) unsigned NOT NULL DEFAULT '0' COMMENT '运费模板',
  `transport_title` varchar(60) DEFAULT '' COMMENT '运费模板名称',
  `goods_commend` tinyint(3) unsigned NOT NULL DEFAULT '0' COMMENT '商品推荐 1是，0否，默认为0',
  `goods_freight` decimal(10,2) unsigned NOT NULL DEFAULT '0.00' COMMENT '运费 0为免运费',
  `goods_vat` tinyint(3) unsigned NOT NULL DEFAULT '0' COMMENT '是否开具增值税发票 1是，0否',
  `areaid_1` int(10) unsigned NOT NULL COMMENT '一级地区id',
  `areaid_2` int(10) unsigned NOT NULL COMMENT '二级地区id',
  `goods_stcids` varchar(255) DEFAULT '' COMMENT '店铺分类id 首尾用,隔开',
  `plateid_top` int(10) unsigned DEFAULT NULL COMMENT '顶部关联板式',
  `plateid_bottom` int(10) unsigned DEFAULT NULL COMMENT '底部关联板式',
  `is_virtual` tinyint(3) unsigned NOT NULL DEFAULT '0' COMMENT '是否为虚拟商品 1是，0否',
  `virtual_indate` int(10) unsigned DEFAULT NULL COMMENT '虚拟商品有效期',
  `virtual_limit` tinyint(3) unsigned DEFAULT NULL COMMENT '虚拟商品购买上限',
  `virtual_invalid_refund` tinyint(3) unsigned NOT NULL DEFAULT '1' COMMENT '是否允许过期退款， 1是，0否',
  `sup_id` int(11) NOT NULL COMMENT '供应商id',
  `is_own_shop` tinyint(3) unsigned NOT NULL DEFAULT '0' COMMENT '是否为平台自营',
  PRIMARY KEY (`goods_commonid`)
) ENGINE=InnoDB  DEFAULT CHARSET=utf8 COMMENT='商品公共内容表' AUTO_INCREMENT=100016 ;

--
-- 转存表中的数据 `33hao_goods_common`
--

INSERT INTO `33hao_goods_common` (`goods_commonid`, `goods_name`, `goods_jingle`, `gc_id`, `gc_id_1`, `gc_id_2`, `gc_id_3`, `gc_name`, `store_id`, `store_name`, `spec_name`, `spec_value`, `brand_id`, `brand_name`, `type_id`, `goods_image`, `goods_attr`, `goods_custom`, `goods_body`, `mobile_body`, `goods_state`, `goods_stateremark`, `goods_verify`, `goods_verifyremark`, `goods_lock`, `goods_addtime`, `goods_selltime`, `goods_price`, `goods_marketprice`, `goods_costprice`, `goods_discount`, `goods_serial`, `goods_storage_alarm`, `goods_barcode`, `transport_id`, `transport_title`, `goods_commend`, `goods_freight`, `goods_vat`, `areaid_1`, `areaid_2`, `goods_stcids`, `plateid_top`, `plateid_bottom`, `is_virtual`, `virtual_indate`, `virtual_limit`, `virtual_invalid_refund`, `sup_id`, `is_own_shop`) VALUES
(100000, '劳力士ROLEX-潜航者型 116610-LV-97200自动机械钢带男表联保正品', '', 587, 530, 540, 587, '珠宝手表&gt;钟表手表&gt;瑞士品牌', 1, '好商城V5', 'N;', 'N;', 0, '', 0, '1_04752627678636481.jpg', 's:0:"";', 's:0:"";', '<p><img src="http://img04.taobaocdn.com/imgextra/i4/2010071101/TB2tCEPaVXXXXX_XpXXXXXXXXXX_!!2010071101.jpg" alt="image" style="text-align: absmiddle;" /> </p><table border="0" cellpadding="0" cellspacing="0" width="90%"><tr><td>&nbsp;</td></tr></table>', '', 1, NULL, 1, NULL, 0, 1421918768, 0, '70000.00', '70000.00', '0.00', 0, '', 0, '', 0, '', 1, '0.00', 0, 0, 0, '', 0, 0, 0, 0, 0, 0, 0, 1),
(100001, '劳力士Rolex 深海系列 自动机械钢带男士表 联保正品116660 98210', '【雅欧国际】：所有商品全新原装正品　　', 587, 530, 540, 587, '珠宝手表&gt;钟表手表&gt;瑞士品牌', 1, '好商城V5', 'N;', 'N;', 0, '', 0, '1_04752627707766698.png', 's:0:"";', 's:0:"";', '<p><img src="http://img03.taobaocdn.com/imgextra/i3/2010071101/TB2XkUKaVXXXXbOXpXXXXXXXXXX_!!2010071101.jpg" alt="image" style="text-align: absmiddle;" /> </p><table border="0" cellpadding="0" cellspacing="0" width="90%"><tr><td>&nbsp;</td></tr></table>', '', 1, NULL, 1, NULL, 0, 1421918773, 0, '87500.00', '87500.00', '0.00', 0, '', 0, '', 0, '', 1, '0.00', 0, 0, 0, '', 0, 0, 0, 0, 0, 0, 0, 1),
(100002, '劳力士Rolex MILGAUSS 116400GV-72400 自动机械钢带男表联保正品', '', 587, 530, 540, 587, '珠宝手表&gt;钟表手表&gt;瑞士品牌', 1, '好商城V5', 'N;', 'N;', 0, '', 0, '1_04752627750479728.png', 's:0:"";', 's:0:"";', '<p><img src="http://img02.taobaocdn.com/imgextra/i2/2010071101/TB2x97LaVXXXXbqXpXXXXXXXXXX_!!2010071101.jpg" alt="image" style="text-align: absmiddle;" /></p><table border="0" cellpadding="0" cellspacing="0" width="90%"><tr><td>&nbsp;</td></tr></table>', '', 1, NULL, 1, NULL, 0, 1421918775, 0, '63200.00', '63200.00', '0.00', 0, '', 0, '', 0, '', 1, '0.00', 0, 0, 0, '', 0, 0, 0, 0, 0, 0, 0, 1),
(100003, '劳力士Rolex 日志型系列 自动机械钢带男士表 联保正品 116333', '【雅欧国际】：所有商品全新原装正品　　', 587, 530, 540, 587, '珠宝手表&gt;钟表手表&gt;瑞士品牌', 1, '好商城V5', 'N;', 'N;', 0, '', 0, '1_04752627769865296.jpg', 's:0:"";', 's:0:"";', '<p><img src="http://img04.taobaocdn.com/imgextra/i4/2010071101/TB2sjkWaVXXXXapXXXXXXXXXXXX_!!2010071101.jpg" alt="image" style="text-align: absmiddle;" /></p><table border="0" cellpadding="0" cellspacing="0" width="90%"><tr><td>&nbsp;</td></tr></table>', '', 1, NULL, 1, NULL, 0, 1421918778, 0, '89200.00', '89200.00', '0.00', 0, '', 0, '', 0, '', 1, '0.00', 0, 0, 0, '', 0, 0, 0, 0, 0, 0, 0, 1),
(100004, '劳力士Rolex 日志型系列 自动机械钢带男表 联保正品 116233', '【雅欧国际】：所有商品全新原装正品　　', 587, 530, 540, 587, '珠宝手表&gt;钟表手表&gt;瑞士品牌', 1, '好商城V5', 'N;', 'N;', 0, '', 0, '1_04752627799921979.jpg', 's:0:"";', 's:0:"";', '<p><img src="http://img04.taobaocdn.com/imgextra/i4/2010071101/TB2ThkGaVXXXXc6XpXXXXXXXXXX_!!2010071101.jpg" alt="image" style="text-align: absMiddle;" /></p><table border="0" cellpadding="0" cellspacing="0" width="90%"><tr><td>&nbsp;</td></tr></table>', '', 1, NULL, 1, NULL, 0, 1421918781, 0, '97800.00', '97800.00', '0.00', 0, '', 0, '', 0, '', 1, '0.00', 0, 0, 0, '', 0, 0, 0, 0, 0, 0, 0, 1),
(100005, '劳力士Rolex 蚝式恒动 115234-CA-72190自动机械钢带男表联保正品', '', 587, 530, 540, 587, '珠宝手表&gt;钟表手表&gt;瑞士品牌', 1, '好商城V5', 'N;', 'N;', 0, '', 0, '1_04752627843241680.jpg', 's:0:"";', 's:0:"";', '<p><img src="http://img03.taobaocdn.com/imgextra/i3/2010071101/TB2m.3ZaVXXXXXSXXXXXXXXXXXX_!!2010071101.jpg" alt="image" style="text-align: absMiddle;" /></p><table border="0" cellpadding="0" cellspacing="0" width="90%"><tr><td>&nbsp;</td></tr></table>', '', 1, NULL, 1, NULL, 0, 1421918784, 0, '65900.00', '65900.00', '0.00', 0, '', 0, '', 0, '', 1, '0.00', 0, 0, 0, '', 0, 0, 0, 0, 0, 0, 0, 1),
(100006, '劳力士Rolex 蚝式恒动系列 自动机械钢带男表 正品116231-G-63201', '', 587, 530, 540, 587, '珠宝手表&gt;钟表手表&gt;瑞士品牌', 1, '好商城V5', 'N;', 'N;', 0, '', 0, '1_04752627871532105.png', 's:0:"";', 's:0:"";', '<p><img src="http://img04.taobaocdn.com/imgextra/i4/2010071101/TB2p.wIaVXXXXbZXpXXXXXXXXXX_!!2010071101.jpg" alt="image" style="text-align: absmiddle;" /> </p><table border="0" cellpadding="0" cellspacing="0" width="90%"><tr><td>&nbsp;</td></tr></table>', '', 1, NULL, 1, NULL, 0, 1421918788, 0, '100500.00', '100500.00', '0.00', 0, '', 0, '', 0, '', 1, '0.00', 0, 0, 0, '', 0, 0, 0, 0, 0, 0, 0, 1),
(100007, '劳力士Rolex 蚝式恒动系列自动机械钢带男表正品116523-8DI-78593', '', 587, 530, 540, 587, '珠宝手表&gt;钟表手表&gt;瑞士品牌', 1, '好商城V5', 'N;', 'N;', 0, '', 0, '1_04752627900055146.png', 's:0:"";', 's:0:"";', '<p><img src="http://img02.taobaocdn.com/imgextra/i2/2010071101/TB2iOs1aVXXXXXcXXXXXXXXXXXX_!!2010071101.jpg" alt="image" style="text-align: absmiddle;" /> </p><table border="0" cellpadding="0" cellspacing="0" width="90%"><tr><td>&nbsp;</td></tr></table>', '', 1, NULL, 1, NULL, 0, 1421918790, 0, '146300.00', '146300.00', '0.00', 0, '', 0, '', 0, '', 1, '0.00', 0, 0, 0, '', 0, 0, 0, 0, 0, 0, 0, 1),
(100008, '劳力士Rolex 宇宙计型迪通拿 自动机械皮带男表 正品116519 CR.TB', '【雅欧国际】：所有商品全新原装正品　　', 587, 530, 540, 587, '珠宝手表&gt;钟表手表&gt;瑞士品牌', 1, '好商城V5', 'N;', 'N;', 0, '', 0, '1_04752627931531971.jpg', 's:0:"";', 's:0:"";', '<p><img src="http://img04.taobaocdn.com/imgextra/i4/2010071101/TB22FtebXXXXXaiXXXXXXXXXXXX_!!2010071101.jpg" alt="image" style="text-align: absMiddle;" /></p><table border="0" cellpadding="0" cellspacing="0" width="90%"><tr><td>&nbsp;</td></tr></table>', '', 1, NULL, 1, NULL, 0, 1421918793, 0, '209500.00', '209500.00', '0.00', 0, '', 0, '', 0, '', 1, '0.00', 0, 0, 0, '', 0, 0, 0, 0, 0, 0, 0, 1),
(100009, '劳力士Rolex 日志型系列 116200 63200 自动机械钢带男表联保正品', '【雅欧国际】：所有商品全新原装正品　　', 587, 530, 540, 587, '珠宝手表&gt;钟表手表&gt;瑞士品牌', 1, '好商城V5', 'N;', 'N;', 0, '', 0, '1_04752627958339099.jpg', 's:0:"";', 's:0:"";', '<p><img src="http://img01.taobaocdn.com/imgextra/i1/2010071101/TB2SjxdbXXXXXagXXXXXXXXXXXX_!!2010071101.jpg" alt="image" style="text-align: absMiddle;" /></p><table border="0" cellpadding="0" cellspacing="0" width="90%"><tr><td>&nbsp;</td></tr></table>', '', 1, NULL, 1, NULL, 1, 1421918796, 0, '52800.00', '52800.00', '0.00', 0, '', 0, '', 0, '', 1, '0.00', 0, 0, 0, '', 0, 0, 0, 0, 0, 0, 0, 1),
(100010, '测试商品', '一级棒', 633, 593, 599, 633, '食品饮料 &gt;饮料冲调 &gt;水', 2, '测试水厂店铺', 'N;', 'N;', 144, '万宝龙', 0, '2_05453934459435128.png', 'N;', 'N;', '<p>\r\n	测试商品描述\r\n</p>', '', 1, NULL, 1, NULL, 0, 1493354280, 0, '0.01', '0.01', '0.01', 100, '100001', 20, '100001', 0, '', 1, '0.00', 0, 17, 258, '', 0, 0, 0, 0, 0, 0, 0, 1),
(100011, '测试商品2', '', 633, 593, 599, 633, '食品饮料 &gt;饮料冲调 &gt;水', 2, '测试水厂店铺', 'N;', 'N;', 310, '艾威', 0, '2_05459276154634896.png', 'N;', 'N;', '打算dad', '', 1, NULL, 1, NULL, 0, 1493354294, 0, '0.01', '0.01', '0.01', 100, '100002', 20, '', 0, '', 1, '0.00', 0, 19, 291, '', 0, 0, 0, 0, 0, 0, 0, 1),
(100012, '测试商品3', '', 633, 593, 599, 633, '食品饮料 &gt;饮料冲调 &gt;水', 2, '测试水厂店铺', 'N;', 'N;', 0, '', 0, '2_05466260067490925.jpg', 'N;', 'N;', '', '', 1, NULL, 1, NULL, 0, 1493282025, 0, '0.01', '0.01', '0.01', 100, '', 200, '', 0, '', 1, '0.00', 0, 5, 99, '', 0, 0, 0, 0, 0, 0, 0, 1),
(100013, '测试水', '', 633, 593, 599, 633, '食品饮料 &gt;饮料冲调 &gt;水', 3, '测试水厂1号', 'N;', 'N;', 0, '', 0, '3_05472944445560878.png', 'N;', 'N;', '', '', 1, NULL, 1, NULL, 0, 1493950457, 0, '0.01', '0.01', '0.01', 100, '100002', 80, '', 0, '', 1, '0.00', 0, 0, 0, '', 0, 0, 0, 0, 0, 0, 0, 1),
(100014, '测试商品3', '', 633, 593, 599, 633, '食品饮料 &gt;饮料冲调 &gt;水', 2, '测试水厂店铺', 'N;', 'N;', 0, '', 0, '2_05475575915659858.jpg', 'N;', 'N;', '', '', 1, NULL, 1, NULL, 0, 1494213595, 0, '0.02', '0.02', '0.02', 100, '', 0, '', 0, '', 1, '0.00', 0, 0, 0, '', 0, 0, 0, 0, 0, 0, 0, 0),
(100015, '空空1号', '', 633, 593, 599, 633, '食品饮料 &gt;饮料冲调 &gt;水', 2, '测试水厂店铺', 'N;', 'N;', 84, '阿迪达斯', 0, '2_05475700493262276.jpg', 'N;', 'N;', '', '', 1, NULL, 1, NULL, 0, 1494226093, 0, '0.01', '0.01', '0.01', 100, '', 255, '', 0, '', 1, '0.00', 0, 0, 0, '', 0, 0, 0, 0, 0, 0, 0, 0);

-- --------------------------------------------------------

--
-- 表的结构 `33hao_goods_fcode`
--

CREATE TABLE IF NOT EXISTS `33hao_goods_fcode` (
  `fc_id` int(10) unsigned NOT NULL AUTO_INCREMENT COMMENT 'F码id',
  `goods_id` int(10) unsigned NOT NULL COMMENT '商品sku',
  `fc_code` varchar(20) NOT NULL COMMENT 'F码',
  `fc_state` tinyint(3) unsigned NOT NULL DEFAULT '0' COMMENT '状态 0未使用，1已使用',
  PRIMARY KEY (`fc_id`)
) ENGINE=InnoDB DEFAULT CHARSET=utf8 COMMENT='商品F码' AUTO_INCREMENT=1 ;

-- --------------------------------------------------------

--
-- 表的结构 `33hao_goods_gift`
--

CREATE TABLE IF NOT EXISTS `33hao_goods_gift` (
  `gift_id` int(10) unsigned NOT NULL AUTO_INCREMENT COMMENT '赠品id ',
  `goods_id` int(10) unsigned NOT NULL COMMENT '主商品id',
  `goods_commonid` int(10) unsigned NOT NULL COMMENT '主商品公共id',
  `gift_goodsid` int(10) unsigned NOT NULL COMMENT '赠品商品id ',
  `gift_goodsname` varchar(50) NOT NULL COMMENT '主商品名称',
  `gift_goodsimage` varchar(100) NOT NULL COMMENT '主商品图片',
  `gift_amount` tinyint(3) unsigned NOT NULL COMMENT '赠品数量',
  PRIMARY KEY (`gift_id`)
) ENGINE=InnoDB DEFAULT CHARSET=utf8 COMMENT='商品赠品表' AUTO_INCREMENT=1 ;

-- --------------------------------------------------------

--
-- 表的结构 `33hao_goods_images`
--

CREATE TABLE IF NOT EXISTS `33hao_goods_images` (
  `goods_image_id` int(10) unsigned NOT NULL AUTO_INCREMENT COMMENT '商品图片id',
  `goods_commonid` int(10) unsigned NOT NULL COMMENT '商品公共内容id',
  `store_id` int(10) unsigned NOT NULL COMMENT '店铺id',
  `color_id` int(10) unsigned NOT NULL COMMENT '颜色规格值id',
  `goods_image` varchar(1000) NOT NULL COMMENT '商品图片',
  `goods_image_sort` tinyint(3) unsigned NOT NULL COMMENT '排序',
  `is_default` tinyint(3) unsigned NOT NULL DEFAULT '0' COMMENT '默认主题，1是，0否',
  PRIMARY KEY (`goods_image_id`)
) ENGINE=InnoDB  DEFAULT CHARSET=utf8 COMMENT='商品图片' AUTO_INCREMENT=26 ;

--
-- 转存表中的数据 `33hao_goods_images`
--

INSERT INTO `33hao_goods_images` (`goods_image_id`, `goods_commonid`, `store_id`, `color_id`, `goods_image`, `goods_image_sort`, `is_default`) VALUES
(1, 100000, 1, 0, '1_04752627678636481.jpg', 0, 1),
(2, 100001, 1, 0, '1_04752627707766698.png', 0, 1),
(3, 100001, 1, 0, '1_04752627711844438.png', 0, 0),
(4, 100001, 1, 0, '1_04752627715984525.png', 0, 0),
(5, 100001, 1, 0, '1_04752627723007356.png', 0, 0),
(6, 100001, 1, 0, '1_04752627731269795.png', 0, 0),
(7, 100002, 1, 0, '1_04752627750479728.png', 0, 1),
(8, 100003, 1, 0, '1_04752627769865296.jpg', 0, 1),
(9, 100003, 1, 0, '1_04752627779656765.png', 0, 0),
(10, 100004, 1, 0, '1_04752627799921979.jpg', 0, 1),
(11, 100004, 1, 0, '1_04752627802778337.jpg', 0, 0),
(12, 100004, 1, 0, '1_04752627805681085.jpg', 0, 0),
(13, 100004, 1, 0, '1_04752627809660767.jpg', 0, 0),
(14, 100004, 1, 0, '1_04752627813773082.jpg', 0, 0),
(15, 100005, 1, 0, '1_04752627843241680.jpg', 0, 1),
(16, 100006, 1, 0, '1_04752627871532105.png', 0, 1),
(17, 100007, 1, 0, '1_04752627900055146.png', 0, 1),
(18, 100008, 1, 0, '1_04752627931531971.jpg', 0, 1),
(19, 100009, 1, 0, '1_04752627958339099.jpg', 0, 1),
(20, 100010, 2, 0, '2_05453934459435128.png', 0, 1),
(21, 100011, 2, 0, '2_05459276154634896.png', 0, 1),
(22, 100012, 2, 0, '2_05466260067490925.jpg', 0, 1),
(23, 100013, 3, 0, '3_05472944445560878.png', 0, 1),
(24, 100014, 2, 0, '2_05475575915659858.jpg', 0, 1),
(25, 100015, 2, 0, '2_05475700493262276.jpg', 0, 1);

-- --------------------------------------------------------

--
-- 表的结构 `33hao_goods_recommend`
--

CREATE TABLE IF NOT EXISTS `33hao_goods_recommend` (
  `rec_id` int(10) unsigned NOT NULL AUTO_INCREMENT,
  `rec_gc_id` mediumint(9) DEFAULT NULL COMMENT '最底级商品分类ID',
  `rec_goods_id` int(11) DEFAULT NULL COMMENT '商品goods_id',
  `rec_gc_name` varchar(150) DEFAULT NULL COMMENT '商品分类名称',
  PRIMARY KEY (`rec_id`),
  KEY `rec_gc_id` (`rec_gc_id`)
) ENGINE=InnoDB DEFAULT CHARSET=utf8 COMMENT='商品推荐表' AUTO_INCREMENT=1 ;

-- --------------------------------------------------------

--
-- 表的结构 `33hao_groupbuy`
--

CREATE TABLE IF NOT EXISTS `33hao_groupbuy` (
  `groupbuy_id` int(10) unsigned NOT NULL AUTO_INCREMENT COMMENT '抢购ID',
  `groupbuy_name` varchar(255) NOT NULL COMMENT '活动名称',
  `start_time` int(10) unsigned NOT NULL DEFAULT '0' COMMENT '开始时间',
  `end_time` int(10) unsigned NOT NULL DEFAULT '0' COMMENT '结束时间',
  `goods_id` int(10) unsigned NOT NULL DEFAULT '0' COMMENT '商品ID',
  `goods_commonid` int(10) unsigned NOT NULL COMMENT '商品公共表ID',
  `goods_name` varchar(200) NOT NULL COMMENT '商品名称',
  `store_id` int(10) unsigned NOT NULL DEFAULT '0' COMMENT '店铺ID',
  `store_name` varchar(50) NOT NULL COMMENT '店铺名称',
  `goods_price` decimal(10,2) NOT NULL COMMENT '商品原价',
  `groupbuy_price` decimal(10,2) NOT NULL COMMENT '抢购价格',
  `groupbuy_rebate` decimal(10,2) NOT NULL COMMENT '折扣',
  `virtual_quantity` int(10) unsigned NOT NULL COMMENT '虚拟购买数量',
  `upper_limit` int(10) unsigned NOT NULL DEFAULT '0' COMMENT '购买上限',
  `buyer_count` int(10) unsigned NOT NULL DEFAULT '0' COMMENT '已购买人数',
  `buy_quantity` int(10) unsigned NOT NULL DEFAULT '0' COMMENT '购买数量',
  `groupbuy_intro` text COMMENT '本团介绍',
  `state` tinyint(1) unsigned NOT NULL DEFAULT '0' COMMENT '抢购状态 10-审核中 20-正常 30-审核失败 31-管理员关闭 32-已结束',
  `recommended` tinyint(1) unsigned NOT NULL COMMENT '是否推荐 0.未推荐 1.已推荐',
  `views` int(10) unsigned NOT NULL DEFAULT '0' COMMENT '查看次数',
  `class_id` int(10) unsigned NOT NULL COMMENT '抢购类别编号',
  `s_class_id` int(10) unsigned NOT NULL DEFAULT '0' COMMENT '抢购2级分类id',
  `groupbuy_image` varchar(100) NOT NULL COMMENT '抢购图片',
  `groupbuy_image1` varchar(100) DEFAULT NULL COMMENT '抢购图片1',
  `remark` varchar(255) DEFAULT '' COMMENT '备注',
  `is_vr` tinyint(3) unsigned NOT NULL DEFAULT '0' COMMENT '是否虚拟抢购 1是0否',
  `vr_city_id` int(11) DEFAULT NULL COMMENT '虚拟抢购城市id',
  `vr_area_id` int(11) DEFAULT NULL COMMENT '虚拟抢购区域id',
  `vr_mall_id` int(11) DEFAULT NULL COMMENT '虚拟抢购商区id',
  `vr_class_id` int(11) DEFAULT NULL COMMENT '虚拟抢购大分类id',
  `vr_s_class_id` int(11) DEFAULT NULL COMMENT '虚拟抢购小分类id',
  PRIMARY KEY (`groupbuy_id`)
) ENGINE=InnoDB  DEFAULT CHARSET=utf8 COMMENT='抢购商品表' AUTO_INCREMENT=2 ;

--
-- 转存表中的数据 `33hao_groupbuy`
--

INSERT INTO `33hao_groupbuy` (`groupbuy_id`, `groupbuy_name`, `start_time`, `end_time`, `goods_id`, `goods_commonid`, `goods_name`, `store_id`, `store_name`, `goods_price`, `groupbuy_price`, `groupbuy_rebate`, `virtual_quantity`, `upper_limit`, `buyer_count`, `buy_quantity`, `groupbuy_intro`, `state`, `recommended`, `views`, `class_id`, `s_class_id`, `groupbuy_image`, `groupbuy_image1`, `remark`, `is_vr`, `vr_city_id`, `vr_area_id`, `vr_mall_id`, `vr_class_id`, `vr_s_class_id`) VALUES
(1, '劳力士Rolex 日志型系列 116200 63200', 1421942400, 1453392000, 100009, 100009, '劳力士Rolex 日志型系列 116200 63200 自动机械钢带男表联保正品', 1, '好商城V5', '52800.00', '42800.00', '8.11', 0, 0, 0, 0, '<img src="../data/upload/shop/store/goods/1/1_04752627958339099_1280.jpg" alt="image" />', 20, 0, 0, 0, 0, '1_04752644979681500.jpg', '', '自动机械钢带男表联保正品', 0, NULL, NULL, NULL, NULL, NULL);

-- --------------------------------------------------------

--
-- 表的结构 `33hao_groupbuy_class`
--

CREATE TABLE IF NOT EXISTS `33hao_groupbuy_class` (
  `class_id` int(10) unsigned NOT NULL AUTO_INCREMENT COMMENT '类别编号',
  `class_name` varchar(20) NOT NULL COMMENT '类别名称',
  `class_parent_id` int(10) unsigned NOT NULL COMMENT '父类别编号',
  `sort` tinyint(1) unsigned NOT NULL COMMENT '排序',
  `deep` tinyint(1) unsigned DEFAULT '0' COMMENT '深度',
  PRIMARY KEY (`class_id`)
) ENGINE=InnoDB DEFAULT CHARSET=utf8 COMMENT='抢购类别表' AUTO_INCREMENT=1 ;

-- --------------------------------------------------------

--
-- 表的结构 `33hao_groupbuy_price_range`
--

CREATE TABLE IF NOT EXISTS `33hao_groupbuy_price_range` (
  `range_id` int(10) unsigned NOT NULL AUTO_INCREMENT COMMENT '价格区间编号',
  `range_name` varchar(20) NOT NULL COMMENT '区间名称',
  `range_start` int(10) unsigned NOT NULL COMMENT '区间下限',
  `range_end` int(10) unsigned NOT NULL COMMENT '区间上限',
  PRIMARY KEY (`range_id`)
) ENGINE=InnoDB DEFAULT CHARSET=utf8 COMMENT='抢购价格区间表' AUTO_INCREMENT=1 ;

-- --------------------------------------------------------

--
-- 表的结构 `33hao_groupbuy_quota`
--

CREATE TABLE IF NOT EXISTS `33hao_groupbuy_quota` (
  `quota_id` int(10) unsigned NOT NULL AUTO_INCREMENT COMMENT '抢购套餐编号',
  `member_id` int(10) unsigned NOT NULL COMMENT '用户编号',
  `store_id` int(10) unsigned NOT NULL COMMENT '店铺编号',
  `member_name` varchar(50) NOT NULL COMMENT '用户名',
  `store_name` varchar(50) NOT NULL COMMENT '店铺名称',
  `start_time` int(10) unsigned NOT NULL COMMENT '套餐开始时间',
  `end_time` int(10) unsigned NOT NULL COMMENT '套餐结束时间',
  PRIMARY KEY (`quota_id`)
) ENGINE=InnoDB  DEFAULT CHARSET=utf8 COMMENT='抢购套餐表' AUTO_INCREMENT=2 ;

--
-- 转存表中的数据 `33hao_groupbuy_quota`
--

INSERT INTO `33hao_groupbuy_quota` (`quota_id`, `member_id`, `store_id`, `member_name`, `store_name`, `start_time`, `end_time`) VALUES
(1, 3, 2, 'sina4509', '测试水厂店铺', 1494246676, 1496838676);

-- --------------------------------------------------------

--
-- 表的结构 `33hao_help`
--

CREATE TABLE IF NOT EXISTS `33hao_help` (
  `help_id` int(10) unsigned NOT NULL AUTO_INCREMENT COMMENT '帮助ID',
  `help_sort` tinyint(1) unsigned DEFAULT '255' COMMENT '排序',
  `help_title` varchar(100) NOT NULL COMMENT '标题',
  `help_info` text COMMENT '帮助内容',
  `help_url` varchar(100) DEFAULT '' COMMENT '跳转链接',
  `update_time` int(10) unsigned NOT NULL COMMENT '更新时间',
  `type_id` int(10) unsigned NOT NULL COMMENT '帮助类型',
  `page_show` tinyint(1) unsigned DEFAULT '1' COMMENT '页面类型:1为店铺,2为会员,默认为1',
  PRIMARY KEY (`help_id`)
) ENGINE=InnoDB  DEFAULT CHARSET=utf8 COMMENT='帮助内容表' AUTO_INCREMENT=111 ;

--
-- 转存表中的数据 `33hao_help`
--

INSERT INTO `33hao_help` (`help_id`, `help_sort`, `help_title`, `help_info`, `help_url`, `update_time`, `type_id`, `page_show`) VALUES
(96, 1, '入驻流程', '<div class="right">\r\n        <ul class="right-top">\r\n                <li class="single">\r\n                        <p class="first">\r\n                                了解入驻相关要求\r\n                        </p>\r\n                </li>\r\n                <li class="double">\r\n                        <span>入驻标准</span> \r\n                </li>\r\n                <li class="single">\r\n                        <p>\r\n                                入驻申请\r\n                        </p>\r\n                </li>\r\n                <li class="double">\r\n                        <span>马上入驻</span> \r\n                </li>\r\n                <li class="single">\r\n                        <p>\r\n                                等待审核\r\n                        </p>\r\n                </li>\r\n                <li class="double">\r\n                        <span>查看审核进度</span> \r\n                </li>\r\n                <li class="single">\r\n                        <p>\r\n                                入驻成功\r\n                        </p>\r\n                </li>\r\n        </ul>\r\n        <div class="t-1">\r\n                <p class="title">\r\n                        注册本站账号\r\n                </p>\r\n                <p>\r\n                        点击网站右上方的“免费注册”按钮进行注册，成为本站会员\r\n                </p>\r\n        </div>\r\n        <div class="bg-icon">\r\n        </div>\r\n        <div class="t-2">\r\n                <p class="title">\r\n                        基本资料填写\r\n                </p>\r\n                <p>\r\n                        进入“商家中心”，点击“立即入驻”即可进行资料填写\r\n                </p>\r\n        </div>\r\n        <div class="bg-icon">\r\n        </div>\r\n        <div class="t-3">\r\n                <p class="title">\r\n                        资质证明上传\r\n                </p>\r\n                <p>\r\n                        将营业执照原件的彩色扫描件（或彩照形式）及盖公章的申请人身份证正反面复印件上传\r\n                </p>\r\n        </div>\r\n        <div class="bg-icon">\r\n        </div>\r\n        <div class="t-4">\r\n                <p class="title">\r\n                        等候审核\r\n                </p>\r\n                <p>\r\n                        本站会在3个工作日内审核您的入驻申请\r\n                </p>\r\n        </div>\r\n        <div class="bg-icon">\r\n        </div>\r\n        <div class="t-5">\r\n                <p class="title">\r\n                        签署协议\r\n                </p>\r\n                <p>\r\n                        审核通过后即可在线签署《神爸入驻合同》\r\n                </p>\r\n        </div>\r\n        <div class="bg-icon">\r\n        </div>\r\n        <div class="t-6">\r\n                <p class="title">\r\n                        提交保证金\r\n                </p>\r\n                <p>\r\n                        商家在活动上线前须交纳 ¥10000 元商品质量和服务保证金\r\n                </p>\r\n                <p>\r\n                        数码类目商家保证金为 ¥50000（等其他类目\r\n                </p>\r\n                <p>\r\n                        $8500，手续费需自行承担）\r\n                </p>\r\n        </div>\r\n</div>', '', 1455720010, 1, 1),
(97, 2, '招商标准', '<div class="text">\r\n	<p>\r\n		<span>1</span>商家需具有一般纳税人或者小额纳税人资质；注册资本50万元及以上。\r\n	</p>\r\n</div>\r\n<div class="text">\r\n	<p class="more">\r\n		<span>2</span>我们接受各行业有一定知名度的品牌入驻，入驻企业须是品牌所有者或授权渠道商，并且确保所提供的商品\r\n          为品牌正品，价格足够有竞争力。\r\n	</p>\r\n</div>\r\n<div class="text">\r\n	<span>3</span>入驻商家经营类目需是以下类目的一种或几种 <span class="sign">箱包</span> <span class="sign">服饰</span> <span class="sign">电器</span> <span class="sign">家居</span> <span class="sign">办公</span> \r\n</div>\r\n<div class="text last-text">\r\n	<p>\r\n		<span>4</span>入驻商家成立时间需大于1年，即商家营业执照有效期起始时间至商家提交入驻审核时间大于1年。\r\n	</p>\r\n</div>\r\n<div class="c-request">\r\n	<div class="title">\r\n		<span></span>公司资质要求\r\n	</div>\r\n	<table>\r\n		<tbody>\r\n			<tr>\r\n				<td class="col1">\r\n					证件名称\r\n				</td>\r\n				<td>\r\n					资质要求\r\n				</td>\r\n			</tr>\r\n		</tbody>\r\n		<tbody>\r\n			<tr>\r\n				<td class="col1">\r\n					1.营业执照\r\n				</td>\r\n				<td>\r\n					必须具有法人资格，如为分支机构不具有法人资格的需提供总公司营业执照及其授权书；\r\n                    完成有效年检，复印件需加盖公司公章。<a class="showImg" href="denied:javascript:;">查看样例&gt;</a> \r\n				</td>\r\n			</tr>\r\n			<tr>\r\n				<td class="col1">\r\n					2.税务登记证\r\n				</td>\r\n				<td>\r\n					国税、地税均可，复印件需加盖公司公章。<a class="showImg" href="denied:javascript:;">查看样例&gt;</a> \r\n				</td>\r\n			</tr>\r\n			<tr>\r\n				<td class="col1">\r\n					3.组织机构代码证\r\n				</td>\r\n				<td>\r\n					复印件需加盖公司公章。<a class="showImg" href="denied:javascript:;">查看样例&gt;</a> \r\n				</td>\r\n			</tr>\r\n			<tr>\r\n				<td class="col1">\r\n					4.法人身份证\r\n				</td>\r\n				<td>\r\n					需提供法人正反面身份证扫描件或复印件，并加盖公司公章。<a class="showImg" href="denied:javascript:;">查看样例&gt;</a> \r\n				</td>\r\n			</tr>\r\n		</tbody>\r\n	</table>\r\n</div>\r\n<div class="b-request">\r\n	<div class="title">\r\n		<span></span>品牌资质要求\r\n	</div>\r\n	<table>\r\n		<tbody>\r\n			<tr>\r\n				<td class="col1">\r\n					证件名称\r\n				</td>\r\n				<td>\r\n					资质要求\r\n				</td>\r\n			</tr>\r\n		</tbody>\r\n		<tbody>\r\n			<tr>\r\n				<td class="col1">\r\n					1.商标注册证\r\n				</td>\r\n				<td>\r\n					需提供有效期内的商标注册证，仅接受R标。\r\n				</td>\r\n			</tr>\r\n			<tr>\r\n				<td class="col1">\r\n					2.品牌授权书\r\n				</td>\r\n				<td>\r\n					若品牌申请人为代理商，需提供满足以下条件的品牌授权书：\r\n					<p>\r\n						(1) 需授权在本站销售\r\n					</p>\r\n					<p>\r\n						(2) 授权书需注明授权期限、落款\r\n					</p>\r\n					<p>\r\n						(3) 若商标注册人是个人，需提供商标注册人身份证正反面复印件\r\n					</p>\r\n					<p>\r\n						(4) 需要确保授权链条的完整，即申请入驻企业拿到的授权能够逐级逆推回品牌商。\r\n					</p>\r\n				</td>\r\n			</tr>\r\n			<tr>\r\n				<td class="col1">\r\n					3.质检报告或3C认证证书\r\n				</td>\r\n				<td>\r\n					每个品牌须提供一份由权威质检机构出具的最近2年内的质检报告\r\n或者有效期内的3C认证证书。<a class="showImg" href="denied:javascript:;">查看详细说明&gt;</a> \r\n				</td>\r\n			</tr>\r\n			<tr>\r\n				<td class="col1">\r\n					4.报关单和检验检疫证明\r\n				</td>\r\n				<td>\r\n					若为进口产品，须提交近一年内海关进口报关单和检验检疫合格证明\r\n				</td>\r\n			</tr>\r\n		</tbody>\r\n	</table>\r\n</div>', '', 1455720054, 1, 1),
(98, 3, '合作细则', '<div class="fee">\r\n        <div class="title">\r\n                <span></span>收费标准\r\n        </div>\r\n        <p>\r\n                *本站于2015年2月1日起，邀请部分品牌商家体验平台合作，暂时不收佣金。\r\n        </p>\r\n        <p>\r\n                *本站有权根据市场情况及自身经营情况调整佣金比例，但调整需至少提前30天通知商家。\r\n        </p>\r\n</div>\r\n<div class="fee-rule">\r\n        <div class="title">\r\n                <span></span>保证金\r\n        </div>\r\n        <p>\r\n                *商家在本站参与抢购活动必须交商品质量服务保证金（保证金主要用于保证商家按照神爸网的规则进行抢购活动，并且在商家有违规行为时\r\n根据相关规则用于向本站及消费者支付违约金）。\r\n        </p>\r\n        <p>\r\n                *商家在申请入驻获得批准时需一次性缴纳保证金，统一为人民币壹万元，食品类目商家、海外购国内商家为伍万元人民币（海外购国外商家需\r\n缴纳捌仟伍佰元美元，手续费需自行承担）\r\n        </p>\r\n        <p>\r\n                *本站有权根据商家的业务变化及实际违约赔付情况通知商家调整保证金金额，商家应在收到本站通知后的10天内补足保证金，如果没有及\r\n时补足保证金金额的，本站有权中止合作。\r\n        </p>\r\n        <p>\r\n                *由于保证金并非本站收取的费用，一直存在于您的本站企业账户中做冻结，所以不提供收据或发票，敬请谅解。\r\n        </p>\r\n        <p>\r\n                *商家如果要退出本站，终止合作，可以向本站提出保证金退还申请，本站审核通过后会在1个月内将保证金解冻至商家的本站账户内。\r\n商家同意该保证金不计算利息。\r\n        </p>\r\n        <p>\r\n                *商家有违规行为时，如根据相关规则需从已冻结保证金中支付违约金的，本站根据商家申请，按照商家实际支付金额向商家开具合法票据。\r\n开具日期为商家提交申请后的15个工作日内。\r\n        </p>\r\n        <p>\r\n                *因资质造假被清退的商家将不返还保证金，因违规行为扣取的保证金不返还，具体保证金扣取情况参见《本站合作商家违规处罚管理规定》。\r\n        </p>\r\n        <p>\r\n                *本站将根据国家经济情况、市场状况及神爸网经营情况适时适当调整保证金制度。保证金制度的调整会提前1个月公布并通知所有商家。\r\n        </p>\r\n</div>\r\n<div class="fee services">\r\n        <div class="title">\r\n                <span></span>48小时发货服务\r\n        </div>\r\n        <p>\r\n                *您的订单将在付款后48小时内发货。\r\n        </p>\r\n</div>\r\n<div class="fee baoyou">\r\n        <div class="title">\r\n                <span></span>全场包邮\r\n        </div>\r\n        <p>\r\n                *配送：本站支持偏远地区除外的下单即包邮（偏远地区包括新疆、西藏、内蒙古、宁夏、青海），特定地区按每笔最小订单加收25元运费，\r\n部分类目（一般指大件商品）因供应商原因不支持包邮送货。\r\n        </p>\r\n</div>\r\n<div class="fee qianshou">\r\n        <div class="title">\r\n                <span></span>验货签收\r\n        </div>\r\n        <p>\r\n                *货物当面交付的，收货人接受货物后，视为对表面一致的确认；\r\n收货人不能亲自签收，委托第三人签收时，第三人应当提供收货人的授权文件并出示收货人及第三人本人身份证原件。\r\n        </p>\r\n        <p>\r\n                对于需要先签收再打开包装查看的货物，收货人应当要求承运人当场监督并打开包装查看。如发现表面不一致，应当直接退货或者要求在签收单\r\n（收货人联和承运人联）上加注详细情况并让承运人签字确认。\r\n        </p>\r\n        <p>\r\n                收货人签字确认表面一致后，不得就表面一致的问题提出异议并要求退款。但如收货人能够提供相关证据，如物流公司证明商品签收时即存在表面\r\n一致问题的除外。\r\n        </p>\r\n        <p>\r\n                表面一致的定义：表面一致指凭肉眼或简单计量工具即可判断所收到的货物表面状况良好且与网页上的商品图片或者文字描述一致。表面一致的判\r\n断范围可参考但不限于货物的形状、大小、重量、颜色、型号、新旧程度。\r\n        </p>\r\n</div>\r\n<div class="fee meiliyou">\r\n        <div class="title">\r\n                <span></span>15天无理由退货服务\r\n        </div>\r\n        <h3>\r\n                一、15天无理由退货\r\n        </h3>\r\n        <p>\r\n                *本站郑重承诺：如商品未经使用或穿着，商品及外包装保持出售时的原状，商品吊牌及配件齐全，将享受15天无理由退货服务。即如果您对商\r\n品不满意，在不影响二次销售的前提下，可在收货后15天之内申请无理由退货。退回运费由您自行承担。\r\n退货金额将在供应商确认收货1个工作日内退至您的本站账户\r\n        </p>\r\n        <p>\r\n                *温馨提示：以下情况均不享受15天无理由退货服务\r\n        </p>\r\n        <p>\r\n                1、任何非本站出售的商品；\r\n        </p>\r\n        <p>\r\n                2、申请退货日期距商品签收日期超过7天的；\r\n        </p>\r\n        <p>\r\n                3、任何因非正常使用、保管或买家个人原因造成商品损坏的，包括但不限于自行修改尺寸，洗涤，皮具表面刮花、打油，刺绣，水洗、碰酸、碱、\r\n     油或者触硬物，雨天穿着，长时间穿着等；\r\n        </p>\r\n        <p>\r\n                4、未经网上申请，自行寄回至本站或供应商仓库的；\r\n        </p>\r\n        <p>\r\n                5、使用快递到付、平邮或未将商品寄至正确地址的；\r\n        </p>\r\n        <p>\r\n                6、鉴于食品安全问题，食品类商品不支持无理由退货；\r\n        </p>\r\n        <p>\r\n                7、海外购某些特殊情况不办理退货的，但仍可与商家协商；\r\n        </p>\r\n        <h3>\r\n                二、退货运费条款\r\n        </h3>\r\n        <p>\r\n                （一）15天无理由退货产生的运费由买家承担\r\n        </p>\r\n        <p>\r\n                （二）由于商品问题导致的退货，本站将提供运费补贴。同省补贴不超过10元，非同省不超过20元，特定地区不超过25元（特定地区指：新疆、\r\n          西藏、内蒙古、宁夏、青海）。\r\n        </p>\r\n        <p>\r\n                （三）、本站是限时抢购模式，商品在线时间均不超过7天，不支持换货。\r\n        </p>\r\n</div>\r\n<div class="fee tuihuo">\r\n        <div class="title">\r\n                <span></span>退货流程\r\n        </div>\r\n        <p>\r\n                第一步，申请退货：进入“我的神爸—我的订单”找到对应的订单，点击“售后”，填写及上传相关的信息提交退货申请。\r\n        </p>\r\n        <p>\r\n                第二步，本站审核：退货申请提交后，本站将对售后理由、图片凭证进行审核。\r\n        </p>\r\n        <p>\r\n                第三步，寄回商品：审核通过后，根据页面的退货地址退货商品，并填写有效的退货物流单号（部分退货原因无需此操作）\r\n        </p>\r\n        <p>\r\n                第四步，供应商签收：供应商签收商品后，同意退款申请。\r\n        </p>\r\n        <p>\r\n                第五步，退款完成：退款款项将在1个工作日内打款至神爸网账户。\r\n        </p>\r\n</div>\r\n<div class="fee peifu">\r\n        <div class="title">\r\n                <span></span>非正品赔付\r\n        </div>\r\n        <p>\r\n                本站承诺，在线销售的所有商品均为品牌正品。您在本站购买的每件商品，均由中国人民财产保险公司（PICC）承保。如您对商品是否正品\r\n存在怀疑，可到品牌专柜或有资质的机构进行鉴定，并及时通知神爸网。如鉴定结果为非正品，请提供相关证明，并在收件后90天内申请赔付。\r\n本站将按商品实付金额的三倍进行赔偿。\r\n        </p>\r\n</div>', '', 1455720086, 1, 1),
(99, 4, '合作品牌', '<div class="brand_img">\r\n	<img alt="image" src="http://s.33hao.com/data/upload/shop/article/help_store_05090420267966612.png" /> \r\n</div>', '', 1455720125, 1, 1),
(101, 155, '签署入驻协议', '签署入驻协议', '', 1392949932, 99, 1),
(102, 156, '商家信息提交', '商家信息提交', '', 1392949961, 99, 1),
(103, 157, '平台审核资质', '平台审核资质', '', 1392949991, 99, 1),
(104, 158, '商家缴纳费用', '商家缴纳费用', '', 1392950031, 99, 1),
(105, 159, '店铺开通', '店铺开通', '', 1392950076, 99, 1),
(106, 255, '商品发布规则', '商品发布规则', '', 1392950396, 91, 1),
(107, 255, '商品规格及属性', '商品规格及属性', '', 1392950481, 92, 1),
(108, 255, '限时折扣说明', '限时折扣说明', '', 1392950523, 93, 1),
(109, 255, '订单商品退款', '订单商品退款', '', 1392950670, 94, 1),
(110, 255, '续约流程及费用', '续约流程及费用', '', 1392950739, 95, 1);

-- --------------------------------------------------------

--
-- 表的结构 `33hao_help_type`
--

CREATE TABLE IF NOT EXISTS `33hao_help_type` (
  `type_id` int(10) unsigned NOT NULL AUTO_INCREMENT COMMENT '类型ID',
  `type_name` varchar(50) NOT NULL COMMENT '类型名称',
  `type_sort` tinyint(1) unsigned DEFAULT '255' COMMENT '排序',
  `help_code` varchar(10) DEFAULT 'auto' COMMENT '调用编号(auto的可删除)',
  `help_show` tinyint(1) unsigned DEFAULT '1' COMMENT '是否显示,0为否,1为是,默认为1',
  `page_show` tinyint(1) unsigned DEFAULT '1' COMMENT '页面类型:1为店铺,2为会员,默认为1',
  PRIMARY KEY (`type_id`)
) ENGINE=InnoDB  DEFAULT CHARSET=utf8 COMMENT='帮助类型表' AUTO_INCREMENT=100 ;

--
-- 转存表中的数据 `33hao_help_type`
--

INSERT INTO `33hao_help_type` (`type_id`, `type_name`, `type_sort`, `help_code`, `help_show`, `page_show`) VALUES
(91, '规则体系', 91, 'sys_rules', 1, 1),
(92, '商品管理', 92, 'sys_goods', 1, 1),
(93, '促销方式', 93, 'sys_sales', 1, 1),
(94, '订单及售后', 94, 'sys_order', 1, 1),
(95, '店铺续约', 95, 'sys_renew', 1, 1),
(99, '入驻流程', 99, 'store_in', 1, 1);

-- --------------------------------------------------------

--
-- 表的结构 `33hao_inform`
--

CREATE TABLE IF NOT EXISTS `33hao_inform` (
  `inform_id` int(11) NOT NULL AUTO_INCREMENT COMMENT '举报id',
  `inform_member_id` int(11) NOT NULL COMMENT '举报人id',
  `inform_member_name` varchar(50) NOT NULL COMMENT '举报人会员名',
  `inform_goods_id` int(11) NOT NULL COMMENT '被举报的商品id',
  `inform_goods_name` varchar(100) NOT NULL COMMENT '被举报的商品名称',
  `inform_subject_id` int(11) NOT NULL COMMENT '举报主题id',
  `inform_subject_content` varchar(50) NOT NULL COMMENT '举报主题',
  `inform_content` varchar(100) NOT NULL COMMENT '举报信息',
  `inform_pic1` varchar(100) DEFAULT NULL COMMENT '图片1',
  `inform_pic2` varchar(100) DEFAULT NULL COMMENT '图片2',
  `inform_pic3` varchar(100) DEFAULT NULL COMMENT '图片3',
  `inform_datetime` int(11) NOT NULL COMMENT '举报时间',
  `inform_store_id` int(11) NOT NULL COMMENT '被举报商品的店铺id',
  `inform_state` tinyint(4) NOT NULL COMMENT '举报状态(1未处理/2已处理)',
  `inform_handle_type` tinyint(4) NOT NULL COMMENT '举报处理结果(1无效举报/2恶意举报/3有效举报)',
  `inform_handle_message` varchar(100) DEFAULT '' COMMENT '举报处理信息',
  `inform_handle_datetime` int(11) DEFAULT '0' COMMENT '举报处理时间',
  `inform_handle_member_id` int(11) DEFAULT '0' COMMENT '管理员id',
  `inform_goods_image` varchar(150) DEFAULT NULL COMMENT '商品图',
  `inform_store_name` varchar(100) DEFAULT NULL COMMENT '店铺名',
  PRIMARY KEY (`inform_id`)
) ENGINE=InnoDB DEFAULT CHARSET=utf8 COMMENT='举报表' AUTO_INCREMENT=1 ;

-- --------------------------------------------------------

--
-- 表的结构 `33hao_inform_subject`
--

CREATE TABLE IF NOT EXISTS `33hao_inform_subject` (
  `inform_subject_id` int(11) NOT NULL AUTO_INCREMENT COMMENT '举报主题id',
  `inform_subject_content` varchar(100) NOT NULL COMMENT '举报主题内容',
  `inform_subject_type_id` int(11) NOT NULL COMMENT '举报类型id',
  `inform_subject_type_name` varchar(50) NOT NULL COMMENT '举报类型名称 ',
  `inform_subject_state` tinyint(11) NOT NULL COMMENT '举报主题状态(1可用/2失效)',
  PRIMARY KEY (`inform_subject_id`)
) ENGINE=InnoDB  DEFAULT CHARSET=utf8 COMMENT='举报主题表' AUTO_INCREMENT=6 ;

--
-- 转存表中的数据 `33hao_inform_subject`
--

INSERT INTO `33hao_inform_subject` (`inform_subject_id`, `inform_subject_content`, `inform_subject_type_id`, `inform_subject_type_name`, `inform_subject_state`) VALUES
(1, '管制刀具、弓弩类、其他武器等', 1, '出售禁售品', 1),
(2, '赌博用具类', 1, '出售禁售品', 1),
(3, '枪支弹药', 1, '出售禁售品', 1),
(4, '毒品及吸毒工具', 1, '出售禁售品', 1),
(5, '色差大，质量差。', 2, '产品质量问题', 1);

-- --------------------------------------------------------

--
-- 表的结构 `33hao_inform_subject_type`
--

CREATE TABLE IF NOT EXISTS `33hao_inform_subject_type` (
  `inform_type_id` int(11) NOT NULL AUTO_INCREMENT COMMENT '举报类型id',
  `inform_type_name` varchar(50) NOT NULL COMMENT '举报类型名称 ',
  `inform_type_desc` varchar(100) NOT NULL COMMENT '举报类型描述',
  `inform_type_state` tinyint(4) NOT NULL COMMENT '举报类型状态(1有效/2失效)',
  PRIMARY KEY (`inform_type_id`)
) ENGINE=InnoDB  DEFAULT CHARSET=utf8 COMMENT='举报类型表' AUTO_INCREMENT=3 ;

--
-- 转存表中的数据 `33hao_inform_subject_type`
--

INSERT INTO `33hao_inform_subject_type` (`inform_type_id`, `inform_type_name`, `inform_type_desc`, `inform_type_state`) VALUES
(1, '出售禁售品', '销售商城禁止和限制交易规则下所规定的所有商品。', 1),
(2, '产品质量问题', '产品质量差，与描述严重不相符。', 1);

-- --------------------------------------------------------

--
-- 表的结构 `33hao_invoice`
--

CREATE TABLE IF NOT EXISTS `33hao_invoice` (
  `inv_id` int(11) NOT NULL AUTO_INCREMENT COMMENT '索引id',
  `member_id` int(10) unsigned NOT NULL COMMENT '会员ID',
  `inv_state` enum('1','2') DEFAULT NULL COMMENT '1普通发票2增值税发票',
  `inv_title` varchar(50) DEFAULT '' COMMENT '发票抬头[普通发票]',
  `inv_content` varchar(10) DEFAULT '' COMMENT '发票内容[普通发票]',
  `inv_company` varchar(50) DEFAULT '' COMMENT '单位名称',
  `inv_code` varchar(50) DEFAULT '' COMMENT '纳税人识别号',
  `inv_reg_addr` varchar(50) DEFAULT '' COMMENT '注册地址',
  `inv_reg_phone` varchar(30) DEFAULT '' COMMENT '注册电话',
  `inv_reg_bname` varchar(30) DEFAULT '' COMMENT '开户银行',
  `inv_reg_baccount` varchar(30) DEFAULT '' COMMENT '银行账户',
  `inv_rec_name` varchar(20) DEFAULT '' COMMENT '收票人姓名',
  `inv_rec_mobphone` varchar(15) DEFAULT '' COMMENT '收票人手机号',
  `inv_rec_province` varchar(30) DEFAULT '' COMMENT '收票人省份',
  `inv_goto_addr` varchar(50) DEFAULT '' COMMENT '送票地址',
  PRIMARY KEY (`inv_id`)
) ENGINE=InnoDB DEFAULT CHARSET=utf8 COMMENT='买家发票信息表' AUTO_INCREMENT=1 ;

-- --------------------------------------------------------

--
-- 表的结构 `33hao_link`
--

CREATE TABLE IF NOT EXISTS `33hao_link` (
  `link_id` int(10) unsigned NOT NULL AUTO_INCREMENT COMMENT '索引id',
  `link_title` varchar(100) DEFAULT NULL COMMENT '标题',
  `link_url` varchar(100) DEFAULT NULL COMMENT '链接',
  `link_pic` varchar(100) DEFAULT NULL COMMENT '图片',
  `link_sort` tinyint(3) unsigned NOT NULL DEFAULT '255' COMMENT '排序',
  PRIMARY KEY (`link_id`)
) ENGINE=InnoDB  DEFAULT CHARSET=utf8 COMMENT='合作伙伴表' AUTO_INCREMENT=6 ;

--
-- 转存表中的数据 `33hao_link`
--

INSERT INTO `33hao_link` (`link_id`, `link_title`, `link_url`, `link_pic`, `link_sort`) VALUES
(1, '好商城', 'http://www.33hao.com', '33haologo.png', 0),
(2, '演示站点', 'http://v3.33hao.com', '33haologo.png', 1),
(4, '支持论坛', 'http://www.dede168.com', '', 1),
(5, '淘宝店', 'http://www.dede168.com', '', 0);

-- --------------------------------------------------------

--
-- 表的结构 `33hao_lock`
--

CREATE TABLE IF NOT EXISTS `33hao_lock` (
  `pid` bigint(20) unsigned NOT NULL COMMENT 'IP+TYPE',
  `pvalue` tinyint(3) unsigned NOT NULL DEFAULT '1' COMMENT '次数',
  `expiretime` int(11) NOT NULL DEFAULT '0' COMMENT '锁定截止时间',
  PRIMARY KEY (`pid`)
) ENGINE=InnoDB DEFAULT CHARSET=utf8 COMMENT='防灌水表';

--
-- 转存表中的数据 `33hao_lock`
--

INSERT INTO `33hao_lock` (`pid`, `pvalue`, `expiretime`) VALUES
(32322356533, 2, 1492757836),
(32322356943, 2, 1492049281),
(32322356963, 2, 1493692689),
(32322356983, 2, 1491882276),
(32322357051, 3, 1494840553);

-- --------------------------------------------------------

--
-- 表的结构 `33hao_mail_cron`
--

CREATE TABLE IF NOT EXISTS `33hao_mail_cron` (
  `mail_id` int(11) NOT NULL AUTO_INCREMENT COMMENT '消息任务计划id',
  `mail` varchar(100) NOT NULL COMMENT '邮箱地址',
  `subject` varchar(255) NOT NULL COMMENT '邮件标题',
  `contnet` text NOT NULL COMMENT '邮件内容',
  PRIMARY KEY (`mail_id`)
) ENGINE=InnoDB DEFAULT CHARSET=utf8 COMMENT='邮件任务计划表' AUTO_INCREMENT=1 ;

-- --------------------------------------------------------

--
-- 表的结构 `33hao_mail_msg_temlates`
--

CREATE TABLE IF NOT EXISTS `33hao_mail_msg_temlates` (
  `name` varchar(100) NOT NULL COMMENT '模板名称',
  `title` varchar(100) DEFAULT NULL COMMENT '模板标题',
  `code` varchar(30) NOT NULL COMMENT '模板调用代码',
  `content` text NOT NULL COMMENT '模板内容',
  PRIMARY KEY (`code`)
) ENGINE=InnoDB DEFAULT CHARSET=utf8 COMMENT='邮件模板表';

--
-- 转存表中的数据 `33hao_mail_msg_temlates`
--

INSERT INTO `33hao_mail_msg_temlates` (`name`, `title`, `code`, `content`) VALUES
('<strong>[用户]</strong>身份验证通知', '账户安全认证 - {$site_name}', 'authenticate', '【{$site_name}】您于{$send_time}提交账户安全验证，验证码是：{$verify_code}。'),
('<strong>[用户]</strong>邮箱验证通知', '邮箱验证通知 - {$site_name}', 'bind_email', '<p>您好！</p>\r\n<p>请在24小时内点击以下链接完成邮箱验证</p>\r\n<p><a href="{$verify_url}" target="_blank">马上验证</a></p>\r\n<p>如果您不能点击上面链接，还可以将以下链接复制到浏览器地址栏中访问</p>\r\n<p>{$verify_url}</p>'),
('<strong>[用户]</strong>手机验证通知', '手机验证通知 - {$site_name}', 'modify_mobile', '【{$site_name}】您于{$send_time}绑定手机号，验证码是：{$verify_code}。'),
('<strong>[用户]</strong>重置密码通知', '重置密码通知 - {$site_name}', 'reset_pwd', '<p>您好！</p>\r\n<p>您刚才在{$site_name}重置了密码，新密码为：{$new_password}。</p>\r\n<p>请尽快登录 <a href="{$site_url}" target="_blank">{$site_url}</a> 修改密码。</p>'),
('<strong>[用户]</strong>门店提货通知', '门店提货通知 - {$site_name}', 'send_chain_code', '【{$site_name}】您已成功下单，订单号：{$order_sn}，提货码：{$chain_code}，请持以上信息及时到门店取货。'),
('<strong>[用户]</strong>自提通知', '用户自提通知 - {$site_name}', 'send_pickup_code', '【{$site_name}】您的订单已到达自提点，请上门取货！提货时请提供手机号/订单号/运单号及提货码：{$pickup_code}。'),
('<strong>[用户]</strong>虚拟兑换码通知', '虚拟兑换码通知 - {$site_name}', 'send_vr_code', '【{$site_name}】您的虚拟兑换码是：{$vr_code}。');

-- --------------------------------------------------------

--
-- 表的结构 `33hao_mall_consult`
--

CREATE TABLE IF NOT EXISTS `33hao_mall_consult` (
  `mc_id` int(10) unsigned NOT NULL AUTO_INCREMENT COMMENT '平台客服咨询id',
  `mct_id` int(10) unsigned NOT NULL COMMENT '咨询类型id',
  `member_id` int(10) unsigned NOT NULL COMMENT '会员id',
  `member_name` varchar(50) NOT NULL COMMENT '会员名称',
  `mc_content` varchar(500) NOT NULL COMMENT '咨询内容',
  `mc_addtime` int(10) unsigned NOT NULL COMMENT '咨询时间',
  `is_reply` tinyint(3) unsigned NOT NULL DEFAULT '0' COMMENT '是否回复，1是，0否，默认0',
  `mc_reply` varchar(500) DEFAULT '' COMMENT '回复内容',
  `mc_reply_time` int(10) unsigned DEFAULT '0' COMMENT '回复时间',
  `admin_id` int(10) unsigned DEFAULT '0' COMMENT '管理员id',
  `admin_name` varchar(50) DEFAULT '' COMMENT '管理员名称',
  PRIMARY KEY (`mc_id`)
) ENGINE=InnoDB DEFAULT CHARSET=utf8 COMMENT='平台客服咨询表' AUTO_INCREMENT=1 ;

-- --------------------------------------------------------

--
-- 表的结构 `33hao_mall_consult_type`
--

CREATE TABLE IF NOT EXISTS `33hao_mall_consult_type` (
  `mct_id` int(10) unsigned NOT NULL AUTO_INCREMENT COMMENT '平台客服咨询类型id',
  `mct_name` varchar(50) NOT NULL COMMENT '咨询类型名称',
  `mct_introduce` text NOT NULL COMMENT '平台客服咨询类型备注',
  `mct_sort` tinyint(3) unsigned DEFAULT '255' COMMENT '咨询类型排序',
  PRIMARY KEY (`mct_id`)
) ENGINE=InnoDB  DEFAULT CHARSET=utf8 COMMENT='平台客服咨询类型表' AUTO_INCREMENT=3 ;

--
-- 转存表中的数据 `33hao_mall_consult_type`
--

INSERT INTO `33hao_mall_consult_type` (`mct_id`, `mct_name`, `mct_introduce`, `mct_sort`) VALUES
(1, '商品咨询', '&lt;p&gt;\r\n  请写明商品链接，或平台货号。\r\n&lt;/p&gt;\r\n&lt;p&gt;\r\n   如果您对商品规格、介绍等有疑问，可以在商品详情页“购买咨询”处发起咨询，会得到及时专业的回复。\r\n&lt;/p&gt;', 255),
(2, '订单咨询', '&lt;p&gt;\r\n  请写明要咨询的订单编号。\r\n&lt;/p&gt;\r\n&lt;p&gt;\r\n 如需处理交易中产生的纠纷，请选择投诉。\r\n&lt;/p&gt;', 255);

-- --------------------------------------------------------

--
-- 表的结构 `33hao_mb_category`
--

CREATE TABLE IF NOT EXISTS `33hao_mb_category` (
  `gc_id` smallint(5) unsigned NOT NULL DEFAULT '0' COMMENT '商城系统的分类ID',
  `gc_thumb` varchar(150) DEFAULT NULL COMMENT '缩略图',
  PRIMARY KEY (`gc_id`)
) ENGINE=InnoDB DEFAULT CHARSET=utf8 COMMENT='一级分类缩略图[手机端]';

--
-- 转存表中的数据 `33hao_mb_category`
--

INSERT INTO `33hao_mb_category` (`gc_id`, `gc_thumb`) VALUES
(1, '05015381809285330.png'),
(2, '05015381349504237.png'),
(3, '05015381681266734.png'),
(256, '05015381190111257.png'),
(308, '05015382063902705.png'),
(470, '05015382211209809.png'),
(530, '05015382869763762.png'),
(593, '05015382413708016.png'),
(730, '05015382972892418.png'),
(825, '05015383078446336.png'),
(888, '05015382679643040.png'),
(959, '05015383177958780.png'),
(1037, '05015383410379550.png');

-- --------------------------------------------------------

--
-- 表的结构 `33hao_mb_feedback`
--

CREATE TABLE IF NOT EXISTS `33hao_mb_feedback` (
  `id` int(10) unsigned NOT NULL AUTO_INCREMENT,
  `content` varchar(500) DEFAULT NULL,
  `type` varchar(50) DEFAULT NULL COMMENT '1来自手机端2来自PC端',
  `ftime` int(10) unsigned NOT NULL DEFAULT '0' COMMENT '反馈时间',
  `member_id` int(10) unsigned NOT NULL COMMENT '用户编号',
  `member_name` varchar(50) NOT NULL COMMENT '用户名',
  PRIMARY KEY (`id`)
) ENGINE=InnoDB DEFAULT CHARSET=utf8 COMMENT='意见反馈' AUTO_INCREMENT=1 ;

-- --------------------------------------------------------

--
-- 表的结构 `33hao_mb_payment`
--

CREATE TABLE IF NOT EXISTS `33hao_mb_payment` (
  `payment_id` tinyint(1) unsigned NOT NULL COMMENT '支付索引id',
  `payment_code` char(20) NOT NULL COMMENT '支付代码名称',
  `payment_name` char(10) NOT NULL COMMENT '支付名称',
  `payment_config` varchar(255) DEFAULT NULL COMMENT '支付接口配置信息',
  `payment_state` enum('0','1') NOT NULL DEFAULT '0' COMMENT '接口状态0禁用1启用',
  PRIMARY KEY (`payment_id`)
) ENGINE=InnoDB DEFAULT CHARSET=utf8 COMMENT='手机支付方式表';

--
-- 转存表中的数据 `33hao_mb_payment`
--

INSERT INTO `33hao_mb_payment` (`payment_id`, `payment_code`, `payment_name`, `payment_config`, `payment_state`) VALUES
(1, 'alipay', '支付宝', '', '0'),
(2, 'wxpay', '微信支付', '', '0'),
(3, 'wxpay_jsapi', '微信支付JSAPI', '', '0'),
(4, 'alipay_mb', '支付宝移动支付', '', '0');

-- --------------------------------------------------------

--
-- 表的结构 `33hao_mb_seller_token`
--

CREATE TABLE IF NOT EXISTS `33hao_mb_seller_token` (
  `token_id` int(10) unsigned NOT NULL AUTO_INCREMENT COMMENT '令牌编号',
  `seller_id` int(10) unsigned NOT NULL COMMENT '用户编号',
  `seller_name` varchar(50) NOT NULL COMMENT '用户名',
  `token` varchar(50) NOT NULL COMMENT '登录令牌',
  `openid` varchar(50) DEFAULT NULL COMMENT '微信支付jsapi的openid缓存',
  `login_time` int(10) unsigned NOT NULL COMMENT '登录时间',
  `client_type` varchar(10) NOT NULL COMMENT '客户端类型 windows',
  PRIMARY KEY (`token_id`)
) ENGINE=InnoDB DEFAULT CHARSET=utf8 COMMENT='客户端商家登录令牌表' AUTO_INCREMENT=1 ;

-- --------------------------------------------------------

--
-- 表的结构 `33hao_mb_special`
--

CREATE TABLE IF NOT EXISTS `33hao_mb_special` (
  `special_id` int(10) unsigned NOT NULL AUTO_INCREMENT COMMENT '专题编号',
  `special_desc` varchar(20) NOT NULL COMMENT '专题描述',
  PRIMARY KEY (`special_id`)
) ENGINE=InnoDB DEFAULT CHARSET=utf8 COMMENT='手机专题表' AUTO_INCREMENT=1 ;

-- --------------------------------------------------------

--
-- 表的结构 `33hao_mb_special_item`
--

CREATE TABLE IF NOT EXISTS `33hao_mb_special_item` (
  `item_id` int(10) unsigned NOT NULL AUTO_INCREMENT COMMENT '专题项目编号',
  `special_id` int(10) unsigned NOT NULL COMMENT '专题编号',
  `item_type` varchar(50) NOT NULL COMMENT '项目类型',
  `item_data` varchar(2000) NOT NULL COMMENT '项目内容',
  `item_usable` tinyint(3) unsigned NOT NULL DEFAULT '0' COMMENT '项目是否可用 0-不可用 1-可用',
  `item_sort` tinyint(3) unsigned NOT NULL DEFAULT '0' COMMENT '项目排序',
  PRIMARY KEY (`item_id`)
) ENGINE=InnoDB DEFAULT CHARSET=utf8 COMMENT='手机专题项目表' AUTO_INCREMENT=1 ;

-- --------------------------------------------------------

--
-- 表的结构 `33hao_mb_user_token`
--

CREATE TABLE IF NOT EXISTS `33hao_mb_user_token` (
  `token_id` int(10) unsigned NOT NULL AUTO_INCREMENT COMMENT '令牌编号',
  `member_id` int(10) unsigned NOT NULL COMMENT '用户编号',
  `member_name` varchar(50) NOT NULL COMMENT '用户名',
  `token` varchar(50) NOT NULL COMMENT '登录令牌',
  `openid` varchar(50) DEFAULT NULL COMMENT '微信支付jsapi的openid缓存',
  `login_time` int(10) unsigned NOT NULL COMMENT '登录时间',
  `client_type` varchar(10) NOT NULL COMMENT '客户端类型 android wap',
  PRIMARY KEY (`token_id`)
) ENGINE=InnoDB  DEFAULT CHARSET=utf8 COMMENT='移动端登录令牌表' AUTO_INCREMENT=3 ;

--
-- 转存表中的数据 `33hao_mb_user_token`
--

INSERT INTO `33hao_mb_user_token` (`token_id`, `member_id`, `member_name`, `token`, `openid`, `login_time`, `client_type`) VALUES
(1, 2, 'sllsll', '70be29308a37a16d36e02fae6edc8608', NULL, 1494672546, 'APP'),
(2, 13, '博丽灵梦', 'e3586840b26402cd26e47b7564a10df2', NULL, 1494847113, 'APP');

-- --------------------------------------------------------

--
-- 表的结构 `33hao_member`
--

CREATE TABLE IF NOT EXISTS `33hao_member` (
  `member_id` int(11) NOT NULL AUTO_INCREMENT COMMENT '会员id',
  `member_name` varchar(50) NOT NULL COMMENT '会员名称',
  `member_truename` varchar(20) DEFAULT NULL COMMENT '真实姓名',
  `member_avatar` varchar(50) DEFAULT NULL COMMENT '会员头像',
  `member_sex` tinyint(1) DEFAULT NULL COMMENT '会员性别',
  `member_birthday` date DEFAULT NULL COMMENT '生日',
  `member_passwd` varchar(32) NOT NULL COMMENT '会员密码',
  `member_paypwd` char(32) DEFAULT NULL COMMENT '支付密码',
  `member_email` varchar(100) NOT NULL COMMENT '会员邮箱',
  `member_email_bind` tinyint(4) NOT NULL DEFAULT '0' COMMENT '0未绑定1已绑定',
  `member_mobile` varchar(11) DEFAULT NULL COMMENT '手机号',
  `member_mobile_bind` tinyint(4) NOT NULL DEFAULT '0' COMMENT '0未绑定1已绑定',
  `member_qq` varchar(100) DEFAULT NULL COMMENT 'qq',
  `member_ww` varchar(100) DEFAULT NULL COMMENT '阿里旺旺',
  `member_banday` int(10) NOT NULL DEFAULT '3' COMMENT '有效天数',
  `member_login_num` int(11) NOT NULL DEFAULT '1' COMMENT '登录次数',
  `member_time` varchar(10) NOT NULL COMMENT '会员注册时间',
  `member_login_time` varchar(10) NOT NULL COMMENT '当前登录时间',
  `member_old_login_time` varchar(10) NOT NULL COMMENT '上次登录时间',
  `member_login_ip` varchar(20) DEFAULT NULL COMMENT '当前登录ip',
  `member_old_login_ip` varchar(20) DEFAULT NULL COMMENT '上次登录ip',
  `member_qqopenid` varchar(100) DEFAULT NULL COMMENT 'qq互联id',
  `member_qqinfo` text COMMENT 'qq账号相关信息',
  `member_sinaopenid` varchar(100) DEFAULT NULL COMMENT '新浪微博登录id',
  `member_sinainfo` text COMMENT '新浪账号相关信息序列化值',
  `weixin_unionid` varchar(50) DEFAULT NULL COMMENT '微信用户统一标识',
  `weixin_info` varchar(255) DEFAULT NULL COMMENT '微信用户相关信息',
  `member_points` int(11) NOT NULL DEFAULT '0' COMMENT '会员积分',
  `available_predeposit` decimal(10,2) unsigned NOT NULL DEFAULT '0.00' COMMENT '预存款可用金额',
  `freeze_predeposit` decimal(10,2) unsigned NOT NULL DEFAULT '0.00' COMMENT '预存款冻结金额',
  `available_rc_balance` decimal(10,2) unsigned NOT NULL DEFAULT '0.00' COMMENT '可用充值卡余额',
  `freeze_rc_balance` decimal(10,2) unsigned NOT NULL DEFAULT '0.00' COMMENT '冻结充值卡余额',
  `inform_allow` tinyint(1) NOT NULL DEFAULT '1' COMMENT '是否允许举报(1可以/2不可以)',
  `is_buy` tinyint(1) NOT NULL DEFAULT '1' COMMENT '会员是否有购买权限 1为开启 0为关闭',
  `is_allowtalk` tinyint(1) NOT NULL DEFAULT '1' COMMENT '会员是否有咨询和发送站内信的权限 1为开启 0为关闭',
  `member_state` tinyint(1) NOT NULL DEFAULT '1' COMMENT '会员的开启状态 1为开启 0为关闭',
  `member_snsvisitnum` int(11) NOT NULL DEFAULT '0' COMMENT 'sns空间访问次数',
  `member_areaid` int(11) DEFAULT NULL COMMENT '地区ID',
  `member_cityid` int(11) DEFAULT NULL COMMENT '城市ID',
  `member_provinceid` int(11) DEFAULT NULL COMMENT '省份ID',
  `user_host` varchar(100) NOT NULL DEFAULT 'http://192.168.0.174' COMMENT '域名',
  `member_areainfo` varchar(255) DEFAULT NULL COMMENT '地区内容',
  `member_privacy` text COMMENT '隐私设定',
  `member_exppoints` int(11) NOT NULL DEFAULT '0' COMMENT '会员经验值',
  `invite_one` int(10) DEFAULT '0' COMMENT '一级会员',
  `invite_two` int(10) DEFAULT '0' COMMENT '二级会员',
  `invite_three` int(10) DEFAULT '0' COMMENT '三级会员',
  `inviter_id` int(11) DEFAULT NULL COMMENT '邀请人ID',
  `vip_id` int(5) NOT NULL DEFAULT '0' COMMENT 'vip等级',
  `from_company` int(11) DEFAULT NULL COMMENT '所属子公司',
  `from_store` varchar(255) DEFAULT NULL COMMENT '关系店铺',
  `water_fee` decimal(10,2) NOT NULL DEFAULT '0.00' COMMENT '水币',
  PRIMARY KEY (`member_id`),
  KEY `member_name` (`member_name`)
) ENGINE=InnoDB  DEFAULT CHARSET=utf8 COMMENT='会员表' AUTO_INCREMENT=14 ;

--
-- 转存表中的数据 `33hao_member`
--

INSERT INTO `33hao_member` (`member_id`, `member_name`, `member_truename`, `member_avatar`, `member_sex`, `member_birthday`, `member_passwd`, `member_paypwd`, `member_email`, `member_email_bind`, `member_mobile`, `member_mobile_bind`, `member_qq`, `member_ww`, `member_banday`, `member_login_num`, `member_time`, `member_login_time`, `member_old_login_time`, `member_login_ip`, `member_old_login_ip`, `member_qqopenid`, `member_qqinfo`, `member_sinaopenid`, `member_sinainfo`, `weixin_unionid`, `weixin_info`, `member_points`, `available_predeposit`, `freeze_predeposit`, `available_rc_balance`, `freeze_rc_balance`, `inform_allow`, `is_buy`, `is_allowtalk`, `member_state`, `member_snsvisitnum`, `member_areaid`, `member_cityid`, `member_provinceid`, `user_host`, `member_areainfo`, `member_privacy`, `member_exppoints`, `invite_one`, `invite_two`, `invite_three`, `inviter_id`, `vip_id`, `from_company`, `from_store`, `water_fee`) VALUES
(1, 'admin', NULL, NULL, NULL, NULL, 'e10adc3949ba59abbe56e057f20f883e', NULL, '', 0, NULL, 0, NULL, NULL, 3, 4, '1470415031', '1492048293', '1491903324', '192.168.0.174', '192.168.0.174', NULL, NULL, NULL, NULL, NULL, NULL, 60, '0.00', '0.00', '0.00', '0.00', 1, 1, 1, 1, 0, NULL, NULL, NULL, 'http://192.168.0.174', NULL, NULL, 10, 0, 0, 0, NULL, 0, 0, '', '0.00'),
(2, 'sllsll', NULL, '05470553021271567_sm.jpg', NULL, NULL, 'e10adc3949ba59abbe56e057f20f883e', 'c33367701511b4f6020ec61ded352059', '771880522@qq.com', 0, '15177120981', 0, NULL, NULL, 3, 36, '1491881676', '1494834910', '1494641718', '192.168.0.174', '192.168.0.174', NULL, NULL, NULL, NULL, NULL, NULL, 590, '99996.19', '0.00', '0.00', '0.00', 1, 1, 1, 1, 1, NULL, NULL, NULL, 'http://192.168.0.174', NULL, NULL, 99, 0, 0, 0, 0, 0, 2, '', '99997.41'),
(3, 'sina4509', NULL, NULL, NULL, NULL, 'e10adc3949ba59abbe56e057f20f883e', NULL, '287744023@qq.com', 0, NULL, 0, NULL, NULL, 3, 4, '1492048681', '1493689370', '1493257920', '192.168.0.176', '192.168.0.176', NULL, NULL, NULL, NULL, NULL, NULL, 110, '10000.00', '0.00', '0.00', '0.00', 1, 1, 1, 1, 0, NULL, NULL, NULL, 'http://192.168.0.174', NULL, NULL, 15, 0, 0, 0, 0, 0, 0, '', '0.00'),
(4, 'swsflqh', NULL, NULL, NULL, NULL, 'e10adc3949ba59abbe56e057f20f883e', NULL, 'dafsd@sina.com', 0, NULL, 0, NULL, NULL, 3, 8, '1492757236', '1494408694', '1493259860', '192.168.0.133', '192.168.0.135', NULL, NULL, NULL, NULL, NULL, NULL, 170, '0.00', '0.00', '0.00', '0.00', 1, 1, 1, 1, 0, NULL, NULL, NULL, 'http://192.168.0.174', NULL, NULL, 25, 0, 0, 0, 0, 0, 0, '', '0.20'),
(5, 'sina4508', NULL, '', NULL, NULL, 'e10adc3949ba59abbe56e057f20f883e', NULL, 'sina4508@qq.com', 0, '18682115903', 0, NULL, NULL, 3, 1, '1493692089', '1493692089', '1493692089', '192.168.0.176', '192.168.0.176', NULL, NULL, NULL, NULL, NULL, NULL, 20, '0.00', '0.00', '0.00', '0.00', 1, 1, 1, 1, 0, NULL, NULL, NULL, 'http://192.168.0.174', NULL, NULL, 0, 0, 0, 0, 0, 0, 0, '', '0.00'),
(6, 'shuichang1', NULL, NULL, NULL, NULL, 'e10adc3949ba59abbe56e057f20f883e', NULL, '', 0, NULL, 0, NULL, NULL, 3, 1, '1493696790', '1493696790', '1493696790', '192.168.0.176', '192.168.0.176', NULL, NULL, NULL, NULL, NULL, NULL, 20, '0.00', '0.00', '0.00', '0.00', 1, 1, 1, 1, 0, NULL, NULL, NULL, 'http://192.168.0.174', NULL, NULL, 0, 0, 0, 0, NULL, 0, 2, '', '0.00'),
(7, 'shuichang2', NULL, NULL, NULL, NULL, 'e10adc3949ba59abbe56e057f20f883e', NULL, '', 0, NULL, 0, NULL, NULL, 3, 1, '1493704859', '1493704859', '1493704859', '192.168.0.176', '192.168.0.176', NULL, NULL, NULL, NULL, NULL, NULL, 20, '0.00', '0.00', '0.00', '0.00', 1, 1, 1, 1, 0, NULL, NULL, NULL, 'http://192.168.0.174', NULL, NULL, 0, 0, 0, 0, NULL, 0, 2, '', '0.00'),
(8, 'shuichang3', NULL, NULL, NULL, NULL, 'e10adc3949ba59abbe56e057f20f883e', NULL, '', 0, NULL, 0, NULL, NULL, 3, 1, '1493710544', '1493710544', '1493710544', '192.168.0.176', '192.168.0.176', NULL, NULL, NULL, NULL, NULL, NULL, 20, '0.00', '0.00', '0.00', '0.00', 1, 1, 1, 1, 0, NULL, NULL, NULL, 'http://192.168.0.174', NULL, NULL, 0, 0, 0, 0, NULL, 0, 2, '', '0.00'),
(9, 'shuichang4', '5fasdf123123123', '05470553021271567_sm.jpg', 0, NULL, 'e10adc3949ba59abbe56e057f20f883e', 'c33367701511b4f6020ec61ded352059', '6541651111@qq.com', 1, '', 1, '541615', '', 3, 8, '1493711313', '1494470490', '1493949305', '', '', NULL, NULL, NULL, NULL, NULL, NULL, 140, '0.00', '0.00', '0.00', '0.00', 1, 1, 1, 1, 0, NULL, NULL, NULL, 'http://192.168.0.174', NULL, NULL, 22, 0, 0, 0, NULL, 0, 2, '', '137.46'),
(10, 'shuichang5', '', NULL, 0, NULL, 'e10adc3949ba59abbe56e057f20f883e', NULL, '16516156@qq.com', 0, NULL, 0, '', NULL, 3, 1, '1493711535', '1493711535', '1493711535', '192.168.0.176', '192.168.0.176', NULL, NULL, NULL, NULL, NULL, NULL, 20, '0.00', '0.00', '0.00', '0.00', 1, 1, 1, 1, 0, NULL, NULL, NULL, 'http://192.168.0.174', NULL, NULL, 0, 0, 0, 0, NULL, 0, 2, '', '0.00'),
(13, '博丽灵梦', '', '05470553021271567_sm.jpg', 0, NULL, 'e10adc3949ba59abbe56e057f20f883e', NULL, '2877440232@qq.com', 0, '13713956265', 0, '', NULL, 3, 36, '1494406012', '1494847113', '1494846981', '192.168.0.140', '192.168.0.140', NULL, NULL, NULL, NULL, NULL, NULL, 140, '0.00', '0.00', '0.00', '0.00', 1, 1, 1, 1, 0, NULL, NULL, NULL, 'http://192.168.0.174', NULL, NULL, 20, 0, 0, 0, NULL, 0, 2, NULL, '0.00');

-- --------------------------------------------------------

--
-- 表的结构 `33hao_member_common`
--

CREATE TABLE IF NOT EXISTS `33hao_member_common` (
  `member_id` int(11) NOT NULL COMMENT '会员ID',
  `auth_code` char(6) DEFAULT NULL COMMENT '短信/邮件验证码',
  `send_acode_time` int(11) unsigned NOT NULL DEFAULT '0' COMMENT '短信/邮件验证码发送时间',
  `send_mb_time` int(11) DEFAULT NULL COMMENT '发送短信验证码时间',
  `send_email_time` int(11) DEFAULT NULL COMMENT '发送邮件验证码时间',
  `send_mb_times` tinyint(4) NOT NULL DEFAULT '0' COMMENT '发送手机验证码次数',
  `send_acode_times` tinyint(4) NOT NULL DEFAULT '0' COMMENT '发送验证码次数',
  `auth_code_check_times` tinyint(4) NOT NULL DEFAULT '0' COMMENT '验证码验证次数[目前wap使用]',
  `auth_modify_pwd_time` int(11) NOT NULL DEFAULT '0' COMMENT '修改密码授权时间[目前wap使用]',
  PRIMARY KEY (`member_id`)
) ENGINE=InnoDB DEFAULT CHARSET=utf8 COMMENT='会员扩展表';

--
-- 转存表中的数据 `33hao_member_common`
--

INSERT INTO `33hao_member_common` (`member_id`, `auth_code`, `send_acode_time`, `send_mb_time`, `send_email_time`, `send_mb_times`, `send_acode_times`, `auth_code_check_times`, `auth_modify_pwd_time`) VALUES
(1, NULL, 0, NULL, NULL, 0, 0, 0, 0),
(2, NULL, 0, NULL, NULL, 0, 0, 0, 0),
(3, NULL, 0, NULL, NULL, 0, 0, 0, 0),
(4, NULL, 0, NULL, NULL, 0, 0, 0, 0),
(5, NULL, 0, NULL, NULL, 0, 0, 0, 0),
(6, NULL, 0, NULL, NULL, 0, 0, 0, 0),
(7, NULL, 0, NULL, NULL, 0, 0, 0, 0),
(8, NULL, 0, NULL, NULL, 0, 0, 0, 0),
(9, NULL, 0, NULL, NULL, 0, 0, 0, 0),
(10, NULL, 0, NULL, NULL, 0, 0, 0, 0),
(11, NULL, 0, NULL, NULL, 0, 0, 0, 0),
(12, NULL, 0, NULL, NULL, 0, 0, 0, 0),
(13, NULL, 0, NULL, NULL, 0, 0, 0, 0);

-- --------------------------------------------------------

--
-- 表的结构 `33hao_member_msg_setting`
--

CREATE TABLE IF NOT EXISTS `33hao_member_msg_setting` (
  `mmt_code` varchar(50) NOT NULL COMMENT '用户消息模板编号',
  `member_id` int(10) unsigned NOT NULL COMMENT '会员id',
  `is_receive` tinyint(3) unsigned NOT NULL COMMENT '是否接收 1是，0否',
  PRIMARY KEY (`mmt_code`,`member_id`)
) ENGINE=InnoDB DEFAULT CHARSET=utf8 COMMENT='用户消息接收设置表';

-- --------------------------------------------------------

--
-- 表的结构 `33hao_member_msg_tpl`
--

CREATE TABLE IF NOT EXISTS `33hao_member_msg_tpl` (
  `mmt_code` varchar(50) NOT NULL COMMENT '用户消息模板编号',
  `mmt_name` varchar(50) NOT NULL COMMENT '模板名称',
  `mmt_message_switch` tinyint(3) unsigned NOT NULL COMMENT '站内信接收开关',
  `mmt_message_content` varchar(255) NOT NULL COMMENT '站内信消息内容',
  `mmt_short_switch` tinyint(3) unsigned NOT NULL COMMENT '短信接收开关',
  `mmt_short_content` varchar(255) NOT NULL COMMENT '短信接收内容',
  `mmt_mail_switch` tinyint(3) unsigned NOT NULL COMMENT '邮件接收开关',
  `mmt_mail_subject` varchar(255) NOT NULL COMMENT '邮件标题',
  `mmt_mail_content` text NOT NULL COMMENT '邮件内容',
  PRIMARY KEY (`mmt_code`)
) ENGINE=InnoDB DEFAULT CHARSET=utf8 COMMENT='用户消息模板';

--
-- 转存表中的数据 `33hao_member_msg_tpl`
--

INSERT INTO `33hao_member_msg_tpl` (`mmt_code`, `mmt_name`, `mmt_message_switch`, `mmt_message_content`, `mmt_short_switch`, `mmt_short_content`, `mmt_mail_switch`, `mmt_mail_subject`, `mmt_mail_content`) VALUES
('arrival_notice', '到货通知提醒', 1, '您关注的商品 “{$goods_name}” 已经到货。<a href="{$goods_url}" target="_blank">点击查看商品</a>', 0, '【{$site_name}】您关注的商品 “{$goods_name}” 已经到货。', 0, '{$site_name}提醒：您关注的商品  “{$goods_name}” 已经到货。', '<p>\r\n   {$site_name}提醒：\r\n</p>\r\n<p>\r\n  您关注的商品 “{$goods_name}” 已经到货。\r\n</p>\r\n<p>\r\n <a href="{$goods_url}" target="_blank">点击查看商品</a> \r\n</p>\r\n<p>\r\n   <br />\r\n</p>\r\n<p>\r\n   <br />\r\n</p>\r\n<p>\r\n   <br />\r\n</p>\r\n<p style="text-align:right;">\r\n {$site_name}\r\n</p>\r\n<p style="text-align:right;">\r\n   {$mail_send_time}\r\n</p>'),
('consult_goods_reply', '商品咨询回复提醒', 1, '您关于商品 “{$goods_name}”的咨询，商家已经回复。<a href="{$consult_url}" target="_blank">点击查看回复</a>', 0, '【{$site_name}】您关于商品 “{$goods_name}” 的咨询，商家已经回复。', 0, '{$site_name}提醒：您关于商品 “{$goods_name}”的咨询，商家已经回复。', '<p>\r\n  {$site_name}提醒：\r\n</p>\r\n<p>\r\n  您关注的商品“{$goods_name}” 已经到货。\r\n</p>\r\n<p>\r\n  <a href="{$consult_url}" target="_blank">点击查看回复</a> \r\n</p>\r\n<p>\r\n <br />\r\n</p>\r\n<p>\r\n   <br />\r\n</p>\r\n<p>\r\n   <br />\r\n</p>\r\n<p style="text-align:right;">\r\n {$site_name}\r\n</p>\r\n<p style="text-align:right;">\r\n   {$mail_send_time}\r\n</p>\r\n<br />\r\n<div class="firebugResetStyles firebugBlockBackgroundColor">\r\n <div style="background-color:transparent ! important;" class="firebugResetStyles">\r\n  </div>\r\n</div>'),
('consult_mall_reply', '平台客服回复提醒', 1, '您的平台客服咨询已经回复。<a href="{$consult_url}" target="_blank">点击查看回复</a>', 0, '【{$site_name}】您的平台客服咨询已经回复。', 0, '{$site_name}提醒：您的平台客服咨询已经回复。', '<p>\r\n {$site_name}提醒：\r\n</p>\r\n<p>\r\n  您的平台客服咨询已经回复。\r\n</p>\r\n<p>\r\n    <a href="{$consult_url}" target="_blank">点击查看回复</a> \r\n</p>\r\n<p>\r\n <br />\r\n</p>\r\n<p>\r\n   <br />\r\n</p>\r\n<p style="text-align:right;">\r\n {$site_name}\r\n</p>\r\n<p style="text-align:right;">\r\n   {$mail_send_time}\r\n</p>'),
('order_book_end_pay', '预定订单尾款支付提醒', 1, '您的订单已经进入支付尾款时间。<a href="{$order_url}" target="_blank">点击支付尾款</a>', 0, '【{$site_name}】您的订单已经进入支付尾款时间。订单编号 {$order_sn}。', 0, '{$site_name}提醒：您的订单已经进入支付尾款时间。订单编号 {$order_sn}。', '<p>\r\n    {$site_name}提醒：\r\n</p>\r\n<p>\r\n  您的订单已经进入支付尾款时间。订单编号 {$order_sn}。<br />\r\n<a href="{$order_url}" target="_blank">点击支付尾款</a>\r\n</p>\r\n<p>\r\n    <br />\r\n</p>\r\n<p>\r\n   <br />\r\n</p>\r\n<p>\r\n   <br />\r\n</p>\r\n<p style="text-align:right;">\r\n {$site_name}\r\n</p>\r\n<p style="text-align:right;">\r\n   {$mail_send_time}\r\n</p>\r\n<br />'),
('order_deliver_success', '商品出库提醒', 1, '您的订单已经出库。<a href="{$order_url}" target="_blank">点击查看订单</a>', 0, '【{$site_name}】您的订单已经出库。订单编号 {$order_sn}。', 0, '{$site_name}提醒：您的订单已经出库。订单编号 {$order_sn}。', '<p>\r\n    {$site_name}提醒：\r\n</p>\r\n<p>\r\n  您的订单已经出库。订单编号 {$order_sn}。<br />\r\n<a href="{$order_url}" target="_blank">点击查看订单</a>\r\n</p>\r\n<p>\r\n    <br />\r\n</p>\r\n<p>\r\n   <br />\r\n</p>\r\n<p>\r\n   <br />\r\n</p>\r\n<p style="text-align:right;">\r\n {$site_name}\r\n</p>\r\n<p style="text-align:right;">\r\n   {$mail_send_time}\r\n</p>\r\n<br />'),
('order_payment_success', '付款成功提醒', 1, '关于订单：{$order_sn}的款项已经收到，请留意出库通知。<a href="{$order_url}" target="_blank">点击查看订单详情</a>', 0, '【{$site_name}】{$order_sn}的款项已经收到，请留意出库通知。', 0, '{$site_name}提醒：{$order_sn}的款项已经收到，请留意出库通知。', '<p>\r\n {$site_name}提醒：\r\n</p>\r\n<p>\r\n  {$order_sn}的款项已经收到，请留意出库通知。\r\n</p>\r\n<p>\r\n  <a href="{$order_url}" target="_blank">点击查看订单详情</a>\r\n</p>\r\n<p>\r\n  <br />\r\n</p>\r\n<p>\r\n   <br />\r\n</p>\r\n<p>\r\n   <br />\r\n</p>\r\n<p style="text-align:right;">\r\n {$site_name}\r\n</p>\r\n<p style="text-align:right;">\r\n   {$mail_send_time}\r\n</p>\r\n<br />'),
('predeposit_change', '余额变动提醒', 1, '你的账户于 {$time} 账户资金有变化，描述：{$desc}，可用金额变化 ：{$av_amount}元，冻结金额变化：{$freeze_amount}元。<a href="{$pd_url}" target="_blank">点击查看余额</a>', 0, '【{$site_name}】你的账户于 {$time} 账户资金有变化，描述：{$desc}，可用金额变化： {$av_amount}元，冻结金额变化：{$freeze_amount}元。', 0, '{$site_name}提醒：你的账户于 {$time} 账户资金有变化，描述：{$desc}，可用金额变化： {$av_amount}元，冻结金额变化：{$freeze_amount}元。', '<p>\r\n    {$site_name}提醒：\r\n</p>\r\n<p>\r\n  你的账户于 {$time} 账户资金有变化，描述：{$desc}，可用金额变化：{$av_amount}元，冻结金额变化：{$freeze_amount}元。\r\n</p>\r\n<p>\r\n  <a href="{$pd_url}" target="_blank">点击查看余额</a> \r\n</p>\r\n<p>\r\n  <br />\r\n</p>\r\n<p>\r\n   <br />\r\n</p>\r\n<p>\r\n   <br />\r\n</p>\r\n<p style="text-align:right;">\r\n {$site_name}\r\n</p>\r\n<p style="text-align:right;">\r\n   {$mail_send_time}\r\n</p>'),
('recharge_card_balance_change', '充值卡余额变动提醒', 1, '你的账户于 {$time} 充值卡余额有变化，描述：{$description}，可用充值卡余额变化 ：{$available_amount}元，冻结充值卡余额变化：{$freeze_amount}元。<a href="{$url}" target="_blank">点击查看充值卡余额</a>', 0, '【{$site_name}】你的账户于 {$time} 充值卡余额有变化，描述：{$description}，可用充值卡余额变化： {$available_amount}元，冻结充值卡余额变化：{$freeze_amount}元。', 0, '{$site_name}提醒：你的账户于 {$time} 充值卡余额有变化，描述：{$description}，可用充值卡余额变化： {$available_amount}元，冻结充值卡余额变化：{$freeze_amount}元。', '<p>\r\n    {$site_name}提醒：\r\n</p>\r\n<p>\r\n  你的账户于 {$time} 充值卡余额有变化，描述：{$description}，可用充值卡余额变化：{$available_amount}元，冻结充值卡余额变化：{$freeze_amount}元。\r\n</p>\r\n<p>\r\n  <a href="{$url}" target="_blank">点击查看余额</a> \r\n</p>\r\n<p>\r\n  <br />\r\n</p>\r\n<p>\r\n   <br />\r\n</p>\r\n<p>\r\n   <br />\r\n</p>\r\n<p style="text-align:right;">\r\n {$site_name}\r\n</p>\r\n<p style="text-align:right;">\r\n   {$mail_send_time}\r\n</p>'),
('refund_return_notice', '退款退货提醒', 1, '您的退款退货单有了变化。<a href="{$refund_url}" target="_blank">点击查看</a>', 0, '【{$site_name}】您的退款退货单有了变化。退款退货单编号：{$refund_sn}。', 0, '{$site_name}提醒：您的退款退货单有了变化。', '<p>\r\n  {$site_name}提醒：\r\n</p>\r\n<p>\r\n  您的退款退货单有了变化。退款退货单编号：{$refund_sn}。\r\n</p>\r\n<p>\r\n    &lt;a href="{$refund_url}" target="_blank"&gt;点击查看&lt;/a&gt;\r\n</p>\r\n<p>\r\n <br />\r\n</p>\r\n<p>\r\n   <br />\r\n</p>\r\n<p>\r\n   <br />\r\n</p>\r\n<p style="text-align:right;">\r\n {$site_name}\r\n</p>\r\n<p style="text-align:right;">\r\n   {$mail_send_time}\r\n</p>\r\n<br />'),
('rpt_use', '红包使用提醒', 1, '您有红包已经使用，编号：{$rpacket_code}。<a href="{$rpacket_url}" target="_blank">点击查看</a>', 0, '【{$site_name}】您有红包已经使用，编号：{$rpacket_code}。', 0, '{$site_name}提醒：您有红包已经使用，编号：{$rpacket_code}。', '<p>\n  {$site_name}提醒：\n</p>\n<p>\n  您有红包已经使用，编号：{$rpacket_code}。\n</p>\n<p>\n &lt;a href="{$rpacket_url}" target="_blank"&gt;点击查看&lt;/a&gt;\n</p>\n<p>\n    <br />\n</p>\n<p>\n   <br />\n</p>\n<p>\n   <br />\n</p>\n<p style="text-align:right;">\n {$site_name}\n</p>\n<p style="text-align:right;">\n   {$mail_send_time}\n</p>\n<p>\n    <br />\n</p>\n<p>\n   <br />\n</p>'),
('voucher_use', '代金券使用提醒', 1, '您有代金券已经使用，代金券编号：{$voucher_code}。<a href="{$voucher_url}" target="_blank">点击查看</a>', 0, '【{$site_name}】您有代金券已经使用，代金券编号：{$voucher_code}。', 0, '{$site_name}提醒：您有代金券已经使用，代金券编号：{$voucher_code}。', '<p>\r\n  {$site_name}提醒：\r\n</p>\r\n<p>\r\n  您有代金券已经使用，代金券编号：{$voucher_code}。\r\n</p>\r\n<p>\r\n &lt;a href="{$voucher_url}" target="_blank"&gt;点击查看&lt;/a&gt;\r\n</p>\r\n<p>\r\n    <br />\r\n</p>\r\n<p>\r\n   <br />\r\n</p>\r\n<p>\r\n   <br />\r\n</p>\r\n<p style="text-align:right;">\r\n {$site_name}\r\n</p>\r\n<p style="text-align:right;">\r\n   {$mail_send_time}\r\n</p>\r\n<p>\r\n    <br />\r\n</p>\r\n<p>\r\n   <br />\r\n</p>'),
('voucher_will_expire', '代金券即将到期提醒', 1, '您有一个代金券即将在{$indate}过期，请记得使用。<a href="{$voucher_url}" target="_blank">点击查看</a>', 0, '【{$site_name}】您有一个代金券即将在{$indate}过期，请记得使用。', 0, '{$site_name}提醒：您有一个代金券即将在{$indate}过期，请记得使用。', '<p>\r\n	{$site_name}提醒：\r\n</p>\r\n<p>\r\n	您有一个代金券即将在{$indate}过期，请记得使用。\r\n</p>\r\n<p>\r\n	<a href="{$voucher_url}" target="_blank">点击查看</a> \r\n</p>\r\n<p>\r\n	<br />\r\n</p>\r\n<p>\r\n	<br />\r\n</p>\r\n<p>\r\n	<br />\r\n</p>\r\n<p style="text-align:right;">\r\n	{$site_name}\r\n</p>\r\n<p style="text-align:right;">\r\n	{$mail_send_time}\r\n</p>\r\n<p>\r\n	<br />\r\n</p>\r\n<p>\r\n	<br />\r\n</p>'),
('vr_code_will_expire', '兑换码即将到期提醒', 1, '您有一组兑换码即将在{$indate}过期，请记得使用。<a href="{$vr_order_url}" target="_blank">点击查看</a>', 0, '【{$site_name}】您有一组兑换码即将在{$indate}过期，请记得使用。', 0, '{$site_name}提醒：您有一组兑换码即将在{$indate}过期，请记得使用。', '<p>\r\n	{$site_name}提醒：\r\n</p>\r\n<p>\r\n	您有一组兑换码即将在{$indate}过期，请记得使用。\r\n</p>\r\n<p>\r\n	&lt;a href="{$vr_order_url}" target="_blank"&gt;点击查看&lt;/a&gt;\r\n</p>\r\n<p>\r\n	<br />\r\n</p>\r\n<p>\r\n	<br />\r\n</p>\r\n<p>\r\n	<br />\r\n</p>\r\n<p style="text-align:right;">\r\n	{$site_name}\r\n</p>\r\n<p style="text-align:right;">\r\n	{$mail_send_time}\r\n</p>\r\n<p>\r\n	<br />\r\n</p>\r\n<p>\r\n	<br />\r\n</p>');

-- --------------------------------------------------------

--
-- 表的结构 `33hao_member_seller`
--

CREATE TABLE IF NOT EXISTS `33hao_member_seller` (
  `id` int(10) NOT NULL AUTO_INCREMENT,
  `buyer_id` int(10) NOT NULL COMMENT '会员ID',
  `seller_id` int(10) NOT NULL COMMENT '店铺ID',
  `vip_id` int(10) NOT NULL COMMENT '等级ID',
  PRIMARY KEY (`id`)
) ENGINE=MyISAM  DEFAULT CHARSET=utf8 COMMENT='店铺会员表' AUTO_INCREMENT=3 ;

--
-- 转存表中的数据 `33hao_member_seller`
--

INSERT INTO `33hao_member_seller` (`id`, `buyer_id`, `seller_id`, `vip_id`) VALUES
(1, 2, 2, 0),
(2, 9, 3, 0);

-- --------------------------------------------------------

--
-- 表的结构 `33hao_member_vip`
--

CREATE TABLE IF NOT EXISTS `33hao_member_vip` (
  `id` int(10) NOT NULL AUTO_INCREMENT,
  `vip_level_name` varchar(50) NOT NULL COMMENT '等级名称',
  `vip_level_seller_id` int(10) NOT NULL COMMENT '归属店铺',
  `vip_level_cesttime` varchar(100) NOT NULL COMMENT '创建时间',
  PRIMARY KEY (`id`)
) ENGINE=MyISAM  DEFAULT CHARSET=utf8 COMMENT='会员等级明细' AUTO_INCREMENT=3 ;

--
-- 转存表中的数据 `33hao_member_vip`
--

INSERT INTO `33hao_member_vip` (`id`, `vip_level_name`, `vip_level_seller_id`, `vip_level_cesttime`) VALUES
(1, '白金级', 2, '1493276313'),
(2, '黄金级', 2, '1493276326');

-- --------------------------------------------------------

--
-- 表的结构 `33hao_message`
--

CREATE TABLE IF NOT EXISTS `33hao_message` (
  `message_id` int(11) NOT NULL AUTO_INCREMENT COMMENT '短消息索引id',
  `message_parent_id` int(11) NOT NULL COMMENT '回复短消息message_id',
  `from_member_id` int(11) NOT NULL COMMENT '短消息发送人',
  `to_member_id` varchar(1000) NOT NULL COMMENT '短消息接收人',
  `message_title` varchar(50) DEFAULT NULL COMMENT '短消息标题',
  `message_body` varchar(255) NOT NULL COMMENT '短消息内容',
  `message_time` varchar(10) NOT NULL COMMENT '短消息发送时间',
  `message_update_time` varchar(10) DEFAULT NULL COMMENT '短消息回复更新时间',
  `message_open` tinyint(1) NOT NULL DEFAULT '0' COMMENT '短消息打开状态',
  `message_state` tinyint(1) NOT NULL DEFAULT '0' COMMENT '短消息状态，0为正常状态，1为发送人删除状态，2为接收人删除状态',
  `message_type` tinyint(1) NOT NULL DEFAULT '0' COMMENT '0为私信、1为系统消息、2为留言',
  `read_member_id` varchar(1000) DEFAULT NULL COMMENT '已经读过该消息的会员id',
  `del_member_id` varchar(1000) DEFAULT NULL COMMENT '已经删除该消息的会员id',
  `message_ismore` tinyint(1) NOT NULL DEFAULT '0' COMMENT '站内信是否为一条发给多个用户 0为否 1为多条 ',
  `from_member_name` varchar(100) DEFAULT NULL COMMENT '发信息人用户名',
  `to_member_name` varchar(100) DEFAULT NULL COMMENT '接收人用户名',
  PRIMARY KEY (`message_id`),
  KEY `from_member_id` (`from_member_id`),
  KEY `to_member_id` (`to_member_id`(255)),
  KEY `message_ismore` (`message_ismore`)
) ENGINE=InnoDB  DEFAULT CHARSET=utf8 COMMENT='短消息' AUTO_INCREMENT=122 ;

--
-- 转存表中的数据 `33hao_message`
--

INSERT INTO `33hao_message` (`message_id`, `message_parent_id`, `from_member_id`, `to_member_id`, `message_title`, `message_body`, `message_time`, `message_update_time`, `message_open`, `message_state`, `message_type`, `read_member_id`, `del_member_id`, `message_ismore`, `from_member_name`, `to_member_name`) VALUES
(1, 0, 0, '2', NULL, '您的订单已经出库。<a href="http://192.168.0.174/Shopnc_b2b2c/index.php?act=member_order&op=show_order&order_id=2" target="_blank">点击查看订单</a>', '1492077086', '1492077086', 0, 0, 1, '', '', 0, '', ''),
(2, 0, 0, '2', NULL, '您的订单已经出库。<a href="http://192.168.0.174/Shopnc_b2b2c/index.php?act=member_order&op=show_order&order_id=1" target="_blank">点击查看订单</a>', '1492135489', '1492135489', 0, 0, 1, '', '', 0, '', ''),
(3, 0, 0, '2', NULL, '您的订单已经出库。<a href="http://192.168.0.174/Shopnc_b2b2c/index.php?act=member_order&op=show_order&order_id=3" target="_blank">点击查看订单</a>', '1492136812', '1492136812', 0, 0, 1, '', '', 0, '', ''),
(4, 0, 0, '4', NULL, '您的订单已经出库。<a href="http://192.168.0.174/Shopnc_b2b2c/index.php?act=member_order&op=show_order&order_id=4" target="_blank">点击查看订单</a>', '1493015255', '1493015255', 0, 0, 1, '', '', 0, '', ''),
(5, 0, 0, '9', NULL, '你的账户于 2017-05-04 11:42:50 账户资金有变化，描述：下单，支付水币，订单号: 9000000000000301，可用金额变化 ：-0.01元，冻结金额变化：0.00元。<a href="http://localhost/Shopnc_b2b2c/member/index.php?act=predeposit&op=pd_log_list" target="_blank">点击查看余额</a>', '1493869370', '1493869370', 0, 0, 1, '', '', 0, '', ''),
(6, 0, 0, '9', NULL, '你的账户于 2017-05-04 11:45:10 账户资金有变化，描述：下单，支付水币，订单号: 9000000000000401，可用金额变化 ：-0.99元，冻结金额变化：0.00元。<a href="http://localhost/Shopnc_b2b2c/member/index.php?act=predeposit&op=pd_log_list" target="_blank">点击查看余额</a>', '1493869510', '1493869510', 0, 0, 1, '', '', 0, '', ''),
(7, 0, 0, '9', NULL, '您的退款退货单有了变化。<a href="http://localhost/Shopnc_b2b2c/index.php?act=member_refund&op=view&refund_id=1" target="_blank">点击查看</a>', '1493869718', '1493869718', 0, 0, 1, '', '', 0, '', ''),
(8, 0, 0, '9', NULL, '你的账户于 2017-05-04 14:23:07 充值卡余额有变化，描述：确认退款，订单号: 9000000000000401，可用充值卡余额变化 ：0.99元，冻结充值卡余额变化：0.00元。<a href="http://localhost/Shopnc_b2b2c/member/index.php?act=predeposit&op=rcb_log_list" target="_blank">点击查看充值卡余额</a>', '1493878987', '1493878987', 0, 0, 1, '', '', 0, '', ''),
(9, 0, 0, '9', NULL, '你的账户于 2017-05-04 14:23:07 账户资金有变化，描述：确认退款，订单号: 9000000000000401，可用金额变化 ：0.99元，冻结金额变化：0.00元。<a href="http://localhost/Shopnc_b2b2c/member/index.php?act=predeposit&op=pd_log_list" target="_blank">点击查看余额</a>', '1493878988', '1493878988', 0, 0, 1, '', '', 0, '', ''),
(10, 0, 0, '9', NULL, '你的账户于 2017-05-04 14:23:08 账户资金有变化，描述：确认退款，订单号: 9000000000000401，可用金额变化 ：0.99元，冻结金额变化：0.00元。<a href="http://localhost/Shopnc_b2b2c/member/index.php?act=predeposit&op=pd_log_list" target="_blank">点击查看余额</a>', '1493878988', '1493878988', 0, 0, 1, '', '', 0, '', ''),
(11, 0, 0, '9', NULL, '您的退款退货单有了变化。<a href="http://localhost/Shopnc_b2b2c/index.php?act=member_refund&op=view&refund_id=1" target="_blank">点击查看</a>', '1493878989', '1493878989', 0, 0, 1, '', '', 0, '', ''),
(12, 0, 0, '9', NULL, '你的账户于 2017-05-04 14:26:04 账户资金有变化，描述：下单，支付水币，订单号: 9000000000000501，可用金额变化 ：-5.00元，冻结金额变化：0.00元。<a href="http://localhost/Shopnc_b2b2c/member/index.php?act=predeposit&op=pd_log_list" target="_blank">点击查看余额</a>', '1493879164', '1493879164', 0, 0, 1, '', '', 0, '', ''),
(13, 0, 0, '9', NULL, '您的退款退货单有了变化。<a href="http://localhost/Shopnc_b2b2c/index.php?act=member_refund&op=view&refund_id=2" target="_blank">点击查看</a>', '1493879262', '1493879262', 0, 0, 1, '', '', 0, '', ''),
(14, 0, 0, '9', NULL, '你的账户于 2017-05-04 14:28:02 充值卡余额有变化，描述：确认退款，订单号: 9000000000000501，可用充值卡余额变化 ：5.00元，冻结充值卡余额变化：0.00元。<a href="http://localhost/Shopnc_b2b2c/member/index.php?act=predeposit&op=rcb_log_list" target="_blank">点击查看充值卡余额</a>', '1493879283', '1493879283', 0, 0, 1, '', '', 0, '', ''),
(15, 0, 0, '9', NULL, '你的账户于 2017-05-04 14:28:03 账户资金有变化，描述：确认退款，订单号: 9000000000000501，可用金额变化 ：5.00元，冻结金额变化：0.00元。<a href="http://localhost/Shopnc_b2b2c/member/index.php?act=predeposit&op=pd_log_list" target="_blank">点击查看余额</a>', '1493879283', '1493879283', 0, 0, 1, '', '', 0, '', ''),
(16, 0, 0, '9', NULL, '你的账户于 2017-05-04 14:28:03 账户资金有变化，描述：确认退款，订单号: 9000000000000501，可用金额变化 ：5.00元，冻结金额变化：0.00元。<a href="http://localhost/Shopnc_b2b2c/member/index.php?act=predeposit&op=pd_log_list" target="_blank">点击查看余额</a>', '1493879283', '1493879283', 0, 0, 1, '', '', 0, '', ''),
(17, 0, 0, '9', NULL, '您的退款退货单有了变化。<a href="http://localhost/Shopnc_b2b2c/index.php?act=member_refund&op=view&refund_id=2" target="_blank">点击查看</a>', '1493879283', '1493879283', 0, 0, 1, '', '', 0, '', ''),
(18, 0, 0, '9', NULL, '你的账户于 2017-05-04 20:27:10 账户资金有变化，描述：下单，支付水币，订单号: 9000000000000601，可用金额变化 ：-0.50元，冻结金额变化：0.00元。<a href="http://localhost/Shopnc_b2b2c/member/index.php?act=predeposit&op=pd_log_list" target="_blank">点击查看余额</a>', '1493900831', '1493900831', 0, 0, 1, '', '', 0, '', ''),
(19, 0, 0, '9', NULL, '你的账户于 2017-05-04 20:32:14 账户资金有变化，描述：下单，支付水币，订单号: 9000000000000701，可用金额变化 ：-0.50元，冻结金额变化：0.00元。<a href="http://localhost/Shopnc_b2b2c/member/index.php?act=predeposit&op=pd_log_list" target="_blank">点击查看余额</a>', '1493901134', '1493901134', 0, 0, 1, '', '', 0, '', ''),
(20, 0, 0, '9', NULL, '你的账户于 2017-05-04 20:33:27 账户资金有变化，描述：下单，支付水币，订单号: 9000000000000801，可用金额变化 ：-0.50元，冻结金额变化：0.00元。<a href="http://localhost/Shopnc_b2b2c/member/index.php?act=predeposit&op=pd_log_list" target="_blank">点击查看余额</a>', '1493901207', '1493901207', 0, 0, 1, '', '', 0, '', ''),
(21, 0, 0, '9', NULL, '你的账户于 2017-05-04 20:34:35 账户资金有变化，描述：下单，支付水币，订单号: 9000000000000901，可用金额变化 ：-0.50元，冻结金额变化：0.00元。<a href="http://localhost/Shopnc_b2b2c/member/index.php?act=predeposit&op=pd_log_list" target="_blank">点击查看余额</a>', '1493901275', '1493901275', 0, 0, 1, '', '', 0, '', ''),
(22, 0, 0, '9', NULL, '你的账户于 2017-05-04 20:36:57 账户资金有变化，描述：下单，支付水币，订单号: 9000000000001001，可用金额变化 ：-0.50元，冻结金额变化：0.00元。<a href="http://localhost/Shopnc_b2b2c/member/index.php?act=predeposit&op=pd_log_list" target="_blank">点击查看余额</a>', '1493901417', '1493901417', 0, 0, 1, '', '', 0, '', ''),
(23, 0, 0, '9', NULL, '您的退款退货单有了变化。<a href="http://localhost/Shopnc_b2b2c/index.php?act=member_refund&op=view&refund_id=3" target="_blank">点击查看</a>', '1493949447', '1493949447', 0, 0, 1, '', '', 0, '', ''),
(24, 0, 0, '9', NULL, '你的账户于 2017-05-05 10:15:05 账户资金有变化，描述：下单，支付水币，订单号: 9000000000001101，可用金额变化 ：-0.01元，冻结金额变化：0.00元。<a href="http://localhost/Shopnc_b2b2c/member/index.php?act=predeposit&op=pd_log_list" target="_blank">点击查看余额</a>', '1493950505', '1493950505', 0, 0, 1, '', '', 0, '', ''),
(25, 0, 0, '9', NULL, '您的订单已经出库。<a href="http://localhost/Shopnc_b2b2c/index.php?act=member_order&op=show_order&order_id=12" target="_blank">点击查看订单</a>', '1493950582', '1493950582', 0, 0, 1, '', '', 0, '', ''),
(26, 0, 0, '9', NULL, '你的账户于 2017-05-05 10:53:29 账户资金有变化，描述：下单，支付水币，订单号: 9000000000001201，可用金额变化 ：-2.00元，冻结金额变化：0.00元。<a href="http://localhost/Shopnc_b2b2c/member/index.php?act=predeposit&op=pd_log_list" target="_blank">点击查看余额</a>', '1493952809', '1493952809', 0, 0, 1, '', '', 0, '', ''),
(27, 0, 0, '9', NULL, '您的订单已经出库。<a href="http://localhost/Shopnc_b2b2c/index.php?act=member_order&op=show_order&order_id=13" target="_blank">点击查看订单</a>', '1493952878', '1493952878', 0, 0, 1, '', '', 0, '', ''),
(28, 0, 0, '9', NULL, '你的账户于 2017-05-05 11:28:32 账户资金有变化，描述：下单，支付水币，订单号: 9000000000001301，可用金额变化 ：-8.00元，冻结金额变化：0.00元。<a href="http://localhost/Shopnc_b2b2c/member/index.php?act=predeposit&op=pd_log_list" target="_blank">点击查看余额</a>', '1493954912', '1493954912', 0, 0, 1, '', '', 0, '', ''),
(29, 0, 0, '9', NULL, '您的退款退货单有了变化。<a href="http://localhost/Shopnc_b2b2c/index.php?act=member_refund&op=view&refund_id=4" target="_blank">点击查看</a>', '1493954959', '1493954959', 0, 0, 1, '', '', 0, '', ''),
(30, 0, 0, '9', NULL, '你的账户于 2017-05-05 13:51:31 充值卡余额有变化，描述：确认退款，订单号: 9000000000001301，可用充值卡余额变化 ：8.00元，冻结充值卡余额变化：0.00元。<a href="http://localhost/Shopnc_b2b2c/member/index.php?act=predeposit&op=rcb_log_list" target="_blank">点击查看充值卡余额</a>', '1493963491', '1493963491', 0, 0, 1, '', '', 0, '', ''),
(31, 0, 0, '9', NULL, '你的账户于 2017-05-05 13:51:32 账户资金有变化，描述：确认退水币，订单号: 9000000000001301，可用金额变化 ：8.00元，冻结金额变化：0.00元。<a href="http://localhost/Shopnc_b2b2c/member/index.php?act=predeposit&op=pd_log_list" target="_blank">点击查看余额</a>', '1493963492', '1493963492', 0, 0, 1, '', '', 0, '', ''),
(32, 0, 0, '9', NULL, '您的退款退货单有了变化。<a href="http://localhost/Shopnc_b2b2c/index.php?act=member_refund&op=view&refund_id=4" target="_blank">点击查看</a>', '1493963492', '1493963492', 0, 0, 1, '', '', 0, '', ''),
(33, 0, 0, '9', NULL, '你的账户于 2017-05-05 13:58:23 账户资金有变化，描述：下单，支付水币，订单号: 9000000000001401，可用金额变化 ：-90.00元，冻结金额变化：0.00元。<a href="http://localhost/Shopnc_b2b2c/member/index.php?act=predeposit&op=pd_log_list" target="_blank">点击查看余额</a>', '1493963903', '1493963903', 0, 0, 1, '', '', 0, '', ''),
(34, 0, 0, '9', NULL, '您的退款退货单有了变化。<a href="http://localhost/Shopnc_b2b2c/index.php?act=member_refund&op=view&refund_id=5" target="_blank">点击查看</a>', '1493963965', '1493963965', 0, 0, 1, '', '', 0, '', ''),
(35, 0, 0, '9', NULL, '你的账户于 2017-05-05 13:59:37 充值卡余额有变化，描述：确认退款，订单号: 9000000000001401，可用充值卡余额变化 ：90.00元，冻结充值卡余额变化：0.00元。<a href="http://localhost/Shopnc_b2b2c/member/index.php?act=predeposit&op=rcb_log_list" target="_blank">点击查看充值卡余额</a>', '1493963977', '1493963977', 0, 0, 1, '', '', 0, '', ''),
(36, 0, 0, '9', NULL, '你的账户于 2017-05-05 13:59:37 账户资金有变化，描述：确认退水币，订单号: 9000000000001401，可用金额变化 ：90.00元，冻结金额变化：0.00元。<a href="http://localhost/Shopnc_b2b2c/member/index.php?act=predeposit&op=pd_log_list" target="_blank">点击查看余额</a>', '1493963978', '1493963978', 0, 0, 1, '', '', 0, '', ''),
(37, 0, 0, '9', NULL, '您的退款退货单有了变化。<a href="http://localhost/Shopnc_b2b2c/index.php?act=member_refund&op=view&refund_id=5" target="_blank">点击查看</a>', '1493963978', '1493963978', 0, 0, 1, '', '', 0, '', ''),
(38, 0, 0, '9', NULL, '你的账户于 2017-05-05 14:01:54 账户资金有变化，描述：下单，支付水币，订单号: 9000000000001501，可用金额变化 ：-90.00元，冻结金额变化：0.00元。<a href="http://localhost/Shopnc_b2b2c/member/index.php?act=predeposit&op=pd_log_list" target="_blank">点击查看余额</a>', '1493964115', '1493964115', 0, 0, 1, '', '', 0, '', ''),
(39, 0, 0, '9', NULL, '您的退款退货单有了变化。<a href="http://localhost/Shopnc_b2b2c/index.php?act=member_refund&op=view&refund_id=6" target="_blank">点击查看</a>', '1493964137', '1493964137', 0, 0, 1, '', '', 0, '', ''),
(40, 0, 0, '9', NULL, '你的账户于 2017-05-05 14:03:42 充值卡余额有变化，描述：确认退款，订单号: 9000000000001501，可用充值卡余额变化 ：90.00元，冻结充值卡余额变化：0.00元。<a href="http://localhost/Shopnc_b2b2c/member/index.php?act=predeposit&op=rcb_log_list" target="_blank">点击查看充值卡余额</a>', '1493964222', '1493964222', 0, 0, 1, '', '', 0, '', ''),
(41, 0, 0, '9', NULL, '你的账户于 2017-05-05 14:04:47 充值卡余额有变化，描述：确认退款，订单号: 9000000000001501，可用充值卡余额变化 ：90.00元，冻结充值卡余额变化：0.00元。<a href="http://localhost/Shopnc_b2b2c/member/index.php?act=predeposit&op=rcb_log_list" target="_blank">点击查看充值卡余额</a>', '1493964287', '1493964287', 0, 0, 1, '', '', 0, '', ''),
(42, 0, 0, '9', NULL, '你的账户于 2017-05-05 14:06:16 充值卡余额有变化，描述：确认退款，订单号: 9000000000001501，可用充值卡余额变化 ：90.00元，冻结充值卡余额变化：0.00元。<a href="http://localhost/Shopnc_b2b2c/member/index.php?act=predeposit&op=rcb_log_list" target="_blank">点击查看充值卡余额</a>', '1493964376', '1493964376', 0, 0, 1, '', '', 0, '', ''),
(43, 0, 0, '9', NULL, '你的账户于 2017-05-05 14:06:42 充值卡余额有变化，描述：确认退款，订单号: 9000000000001501，可用充值卡余额变化 ：90.00元，冻结充值卡余额变化：0.00元。<a href="http://localhost/Shopnc_b2b2c/member/index.php?act=predeposit&op=rcb_log_list" target="_blank">点击查看充值卡余额</a>', '1493964402', '1493964402', 0, 0, 1, '', '', 0, '', ''),
(44, 0, 0, '9', NULL, '你的账户于 2017-05-05 14:06:42 账户资金有变化，描述：确认退水币，订单号: 9000000000001501，可用金额变化 ：90.00元，冻结金额变化：0.00元。<a href="http://localhost/Shopnc_b2b2c/member/index.php?act=predeposit&op=pd_log_list" target="_blank">点击查看余额</a>', '1493964403', '1493964403', 0, 0, 1, '', '', 0, '', ''),
(45, 0, 0, '9', NULL, '您的退款退货单有了变化。<a href="http://localhost/Shopnc_b2b2c/index.php?act=member_refund&op=view&refund_id=6" target="_blank">点击查看</a>', '1493964403', '1493964403', 0, 0, 1, '', '', 0, '', ''),
(46, 0, 0, '9', NULL, '你的账户于 2017-05-05 14:07:25 充值卡余额有变化，描述：确认退款，订单号: 9000000000001001，可用充值卡余额变化 ：0.50元，冻结充值卡余额变化：0.00元。<a href="http://localhost/Shopnc_b2b2c/member/index.php?act=predeposit&op=rcb_log_list" target="_blank">点击查看充值卡余额</a>', '1493964445', '1493964445', 0, 0, 1, '', '', 0, '', ''),
(47, 0, 0, '9', NULL, '你的账户于 2017-05-05 14:07:25 账户资金有变化，描述：确认退水币，订单号: 9000000000001001，可用金额变化 ：0.50元，冻结金额变化：0.00元。<a href="http://localhost/Shopnc_b2b2c/member/index.php?act=predeposit&op=pd_log_list" target="_blank">点击查看余额</a>', '1493964445', '1493964445', 0, 0, 1, '', '', 0, '', ''),
(48, 0, 0, '9', NULL, '您的退款退货单有了变化。<a href="http://localhost/Shopnc_b2b2c/index.php?act=member_refund&op=view&refund_id=3" target="_blank">点击查看</a>', '1493964446', '1493964446', 0, 0, 1, '', '', 0, '', ''),
(49, 0, 0, '9', NULL, '你的账户于 2017-05-05 15:01:43 账户资金有变化，描述：下单，支付水币，订单号: 9000000000001801，可用金额变化 ：-9.00元，冻结金额变化：0.00元。<a href="http://localhost/Shopnc_b2b2c/member/index.php?act=predeposit&op=pd_log_list" target="_blank">点击查看余额</a>', '1493967703', '1493967703', 0, 0, 1, '', '', 0, '', ''),
(50, 0, 0, '9', NULL, '你的账户于 2017-05-05 15:02:49 账户资金有变化，描述：下单，支付水币，订单号: 9000000000001901，可用金额变化 ：-9.00元，冻结金额变化：0.00元。<a href="http://localhost/Shopnc_b2b2c/member/index.php?act=predeposit&op=pd_log_list" target="_blank">点击查看余额</a>', '1493967769', '1493967769', 0, 0, 1, '', '', 0, '', ''),
(51, 0, 0, '9', NULL, '你的账户于 2017-05-05 15:08:14 账户资金有变化，描述：下单，支付水币，订单号: 9000000000002001，可用金额变化 ：-9.00元，冻结金额变化：0.00元。<a href="http://localhost/Shopnc_b2b2c/member/index.php?act=predeposit&op=pd_log_list" target="_blank">点击查看余额</a>', '1493968094', '1493968094', 0, 0, 1, '', '', 0, '', ''),
(52, 0, 0, '9', NULL, '你的账户于 2017-05-05 15:08:33 账户资金有变化，描述：下单，支付水币，订单号: 9000000000002001，可用金额变化 ：-9.00元，冻结金额变化：0.00元。<a href="http://localhost/Shopnc_b2b2c/member/index.php?act=predeposit&op=pd_log_list" target="_blank">点击查看余额</a>', '1493968114', '1493968114', 0, 0, 1, '', '', 0, '', ''),
(53, 0, 0, '9', NULL, '你的账户于 2017-05-05 15:14:10 账户资金有变化，描述：下单，支付水币，订单号: 9000000000002101，可用金额变化 ：-0.01元，冻结金额变化：0.00元。<a href="http://localhost/Shopnc_b2b2c/member/index.php?act=predeposit&op=pd_log_list" target="_blank">点击查看余额</a>', '1493968450', '1493968450', 0, 0, 1, '', '', 0, '', ''),
(54, 0, 0, '9', NULL, '你的账户于 2017-05-05 15:15:36 账户资金有变化，描述：下单，支付水币，订单号: 9000000000002101，可用金额变化 ：0.00元，冻结金额变化：0.00元。<a href="http://localhost/Shopnc_b2b2c/member/index.php?act=predeposit&op=pd_log_list" target="_blank">点击查看余额</a>', '1493968536', '1493968536', 0, 0, 1, '', '', 0, '', ''),
(55, 0, 0, '9', NULL, '你的账户于 2017-05-05 15:16:58 账户资金有变化，描述：下单，支付水币，订单号: 9000000000002101，可用金额变化 ：-0.01元，冻结金额变化：0.00元。<a href="http://localhost/Shopnc_b2b2c/member/index.php?act=predeposit&op=pd_log_list" target="_blank">点击查看余额</a>', '1493968618', '1493968618', 0, 0, 1, '', '', 0, '', ''),
(56, 0, 0, '9', NULL, '您的退款退货单有了变化。<a href="http://localhost/Shopnc_b2b2c/index.php?act=member_refund&op=view&refund_id=7" target="_blank">点击查看</a>', '1493970781', '1493970781', 0, 0, 1, '', '', 0, '', ''),
(57, 0, 0, '9', NULL, '你的账户于 2017-05-05 15:53:15 充值卡余额有变化，描述：确认退款，订单号: 9000000000001801，可用充值卡余额变化 ：9.00元，冻结充值卡余额变化：0.00元。<a href="http://localhost/Shopnc_b2b2c/member/index.php?act=predeposit&op=rcb_log_list" target="_blank">点击查看充值卡余额</a>', '1493970795', '1493970795', 0, 0, 1, '', '', 0, '', ''),
(58, 0, 0, '9', NULL, '你的账户于 2017-05-05 15:53:15 账户资金有变化，描述：确认退水币，订单号: 9000000000001801，可用金额变化 ：9.00元，冻结金额变化：0.00元。<a href="http://localhost/Shopnc_b2b2c/member/index.php?act=predeposit&op=pd_log_list" target="_blank">点击查看余额</a>', '1493970795', '1493970795', 0, 0, 1, '', '', 0, '', ''),
(59, 0, 0, '9', NULL, '您的退款退货单有了变化。<a href="http://localhost/Shopnc_b2b2c/index.php?act=member_refund&op=view&refund_id=7" target="_blank">点击查看</a>', '1493970795', '1493970795', 0, 0, 1, '', '', 0, '', ''),
(60, 0, 0, '9', NULL, '您的退款退货单有了变化。<a href="http://localhost/Shopnc_b2b2c/index.php?act=member_refund&op=view&refund_id=8" target="_blank">点击查看</a>', '1493970988', '1493970988', 0, 0, 1, '', '', 0, '', ''),
(61, 0, 0, '9', NULL, '你的账户于 2017-05-05 15:56:38 账户资金有变化，描述：确认退水币，订单号: 9000000000002001，可用金额变化 ：9.00元，冻结金额变化：0.00元。<a href="http://localhost/Shopnc_b2b2c/member/index.php?act=predeposit&op=pd_log_list" target="_blank">点击查看余额</a>', '1493970998', '1493970998', 0, 0, 1, '', '', 0, '', ''),
(62, 0, 0, '9', NULL, '您的退款退货单有了变化。<a href="http://localhost/Shopnc_b2b2c/index.php?act=member_refund&op=view&refund_id=8" target="_blank">点击查看</a>', '1493970998', '1493970998', 0, 0, 1, '', '', 0, '', ''),
(63, 0, 0, '9', NULL, '你的账户于 2017-05-05 16:00:29 账户资金有变化，描述：下单，支付水币，订单号: 9000000000002201，可用金额变化 ：-90.00元，冻结金额变化：0.00元。<a href="http://localhost/Shopnc_b2b2c/member/index.php?act=predeposit&op=pd_log_list" target="_blank">点击查看余额</a>', '1493971229', '1493971229', 0, 0, 1, '', '', 0, '', ''),
(64, 0, 0, '9', NULL, '你的账户于 2017-05-05 16:07:24 账户资金有变化，描述：下单，支付水币，订单号: 9000000000002301，可用金额变化 ：-0.50元，冻结金额变化：0.00元。<a href="http://localhost/Shopnc_b2b2c/member/index.php?act=predeposit&op=pd_log_list" target="_blank">点击查看余额</a>', '1493971645', '1493971645', 0, 0, 1, '', '', 0, '', ''),
(65, 0, 0, '2', NULL, '你的账户于 2017-05-08 16:57:34 账户资金有变化，描述：下单，支付水币，订单号: 9000000000002801，可用金额变化 ：-1.20元，冻结金额变化：0.00元。<a href="http://localhost/Shopnc_b2b2c/member/index.php?act=predeposit&op=pd_log_list" target="_blank">点击查看余额</a>', '1494233854', '1494233854', 0, 0, 1, '', '', 0, '', ''),
(66, 0, 0, '2', NULL, '您的订单已经出库。<a href="http://localhost/Shopnc_b2b2c/index.php?act=member_order&op=show_order&order_id=28" target="_blank">点击查看订单</a>', '1494233907', '1494233907', 0, 0, 1, '', '', 0, '', ''),
(67, 0, 0, '2', NULL, '你的账户于 2017-05-09 17:36:37 账户资金有变化，描述：下单，支付水币，订单号: 9000000000002402，可用金额变化 ：-0.90元，冻结金额变化：0.00元。<a href="http://localhost/Shopnc_b2b2c/member/index.php?act=predeposit&op=pd_log_list" target="_blank">点击查看余额</a>', '1494322598', '1494322598', 0, 0, 1, '', '', 0, '', ''),
(68, 0, 0, '2', NULL, '你的账户于 2017-05-09 17:36:38 账户资金有变化，描述：下单，支付水币，订单号: 9000000000002401，可用金额变化 ：-0.20元，冻结金额变化：0.00元。<a href="http://localhost/Shopnc_b2b2c/member/index.php?act=predeposit&op=pd_log_list" target="_blank">点击查看余额</a>', '1494322599', '1494322599', 0, 0, 1, '', '', 0, '', ''),
(69, 0, 0, '2', NULL, '你的账户于 2017-05-09 17:36:57 账户资金有变化，描述：下单，支付水币，订单号: 9000000000002402，可用金额变化 ：0.00元，冻结金额变化：0.00元。<a href="http://localhost/Shopnc_b2b2c/member/index.php?act=predeposit&op=pd_log_list" target="_blank">点击查看余额</a>', '1494322617', '1494322617', 0, 0, 1, '', '', 0, '', ''),
(70, 0, 0, '2', NULL, '你的账户于 2017-05-09 17:36:58 账户资金有变化，描述：下单，支付水币，订单号: 9000000000002401，可用金额变化 ：0.00元，冻结金额变化：0.00元。<a href="http://localhost/Shopnc_b2b2c/member/index.php?act=predeposit&op=pd_log_list" target="_blank">点击查看余额</a>', '1494322618', '1494322618', 0, 0, 1, '', '', 0, '', ''),
(71, 0, 0, '2', NULL, '你的账户于 2017-05-09 17:43:10 账户资金有变化，描述：下单，支付水币，订单号: 9000000000002501，可用金额变化 ：-0.01元，冻结金额变化：0.00元。<a href="http://localhost/Shopnc_b2b2c/member/index.php?act=predeposit&op=pd_log_list" target="_blank">点击查看余额</a>', '1494322990', '1494322990', 0, 0, 1, '', '', 0, '', ''),
(72, 0, 0, '2', NULL, '你的账户于 2017-05-13 11:40:42 账户资金有变化，描述：下单，支付水币，订单号: 9000000000002601，可用金额变化 ：-0.07元，冻结金额变化：0.00元。<a href="http://192.168.0.174/Shopnc_b2b2c/member/index.php?act=predeposit&op=pd_log_list" target="_blank">点击查看余额</a>', '1494646842', '1494646842', 0, 0, 1, '', '', 0, '', ''),
(73, 0, 0, '2', NULL, '你的账户于 2017-05-13 11:41:21 账户资金有变化，描述：下单，支付水币，订单号: 9000000000002601，可用金额变化 ：0.00元，冻结金额变化：0.00元。<a href="http://192.168.0.174/Shopnc_b2b2c/member/index.php?act=predeposit&op=pd_log_list" target="_blank">点击查看余额</a>', '1494646881', '1494646881', 0, 0, 1, '', '', 0, '', ''),
(74, 0, 0, '2', NULL, '你的账户于 2017-05-13 11:41:37 账户资金有变化，描述：下单，支付水币，订单号: 9000000000002601，可用金额变化 ：-0.07元，冻结金额变化：0.00元。<a href="http://192.168.0.174/Shopnc_b2b2c/member/index.php?act=predeposit&op=pd_log_list" target="_blank">点击查看余额</a>', '1494646897', '1494646897', 0, 0, 1, '', '', 0, '', ''),
(75, 0, 0, '2', NULL, '你的账户于 2017-05-13 13:57:22 账户资金有变化，描述：下单，支付水币，订单号: 9000000000002701，可用金额变化 ：-0.02元，冻结金额变化：0.00元。<a href="http://192.168.0.174/Shopnc_b2b2c/member/index.php?act=predeposit&op=pd_log_list" target="_blank">点击查看余额</a>', '1494655043', '1494655043', 0, 0, 1, '', '', 0, '', ''),
(76, 0, 0, '2', NULL, '你的账户于 2017-05-13 14:03:24 账户资金有变化，描述：下单，支付预存款，订单号: 9000000000003301，可用金额变化 ：-0.20元，冻结金额变化：0.00元。<a href="http://192.168.0.174/Shopnc_b2b2c/member/index.php?act=predeposit&op=pd_log_list" target="_blank">点击查看余额</a>', '1494655404', '1494655404', 0, 0, 1, '', '', 0, '', ''),
(77, 0, 0, '2', NULL, '您的订单已经出库。<a href="http://192.168.0.174/Shopnc_b2b2c/index.php?act=member_order&op=show_order&order_id=34" target="_blank">点击查看订单</a>', '1494657399', '1494657399', 0, 0, 1, '', '', 0, '', ''),
(78, 0, 0, '2', NULL, '您的订单已经出库。<a href="http://192.168.0.174/Shopnc_b2b2c/index.php?act=member_order&op=show_order&order_id=27" target="_blank">点击查看订单</a>', '1494658668', '1494658668', 0, 0, 1, '', '', 0, '', ''),
(79, 0, 0, '2', NULL, '你的账户于 2017-05-13 15:20:59 账户资金有变化，描述：下单，支付预存款，订单号: 9000000000003401，可用金额变化 ：-0.20元，冻结金额变化：0.00元。<a href="http://192.168.0.174/Shopnc_b2b2c/member/index.php?act=predeposit&op=pd_log_list" target="_blank">点击查看余额</a>', '1494660060', '1494660060', 0, 0, 1, '', '', 0, '', ''),
(80, 0, 0, '2', NULL, '你的账户于 2017-05-13 15:32:24 账户资金有变化，描述：下单，支付水币，订单号: 9000000000004201，可用金额变化 ：-0.70元，冻结金额变化：0.00元。<a href="http://192.168.0.174/Shopnc_b2b2c/member/index.php?act=predeposit&op=pd_log_list" target="_blank">点击查看余额</a>', '1494660744', '1494660744', 0, 0, 1, '', '', 0, '', ''),
(81, 0, 0, '2', NULL, '你的账户于 2017-05-13 15:36:29 账户资金有变化，描述：下单，支付预存款，订单号: 9000000000003501，可用金额变化 ：-0.01元，冻结金额变化：0.00元。<a href="http://192.168.0.174/Shopnc_b2b2c/member/index.php?act=predeposit&op=pd_log_list" target="_blank">点击查看余额</a>', '1494660989', '1494660989', 0, 0, 1, '', '', 0, '', ''),
(82, 0, 0, '2', NULL, '你的账户于 2017-05-13 15:40:15 账户资金有变化，描述：下单，支付水币，订单号: 9000000000004301，可用金额变化 ：-0.01元，冻结金额变化：0.00元。<a href="http://192.168.0.174/Shopnc_b2b2c/member/index.php?act=predeposit&op=pd_log_list" target="_blank">点击查看余额</a>', '1494661215', '1494661215', 0, 0, 1, '', '', 0, '', ''),
(83, 0, 0, '2', NULL, '你的账户于 2017-05-13 15:40:15 账户资金有变化，描述：下单，支付水币，订单号: 9000000000004302，可用金额变化 ：-0.02元，冻结金额变化：0.00元。<a href="http://192.168.0.174/Shopnc_b2b2c/member/index.php?act=predeposit&op=pd_log_list" target="_blank">点击查看余额</a>', '1494661215', '1494661215', 0, 0, 1, '', '', 0, '', ''),
(84, 0, 0, '2', NULL, '你的账户于 2017-05-13 16:16:37 账户资金有变化，描述：下单，支付预存款，订单号: 9000000000004001，可用金额变化 ：-0.10元，冻结金额变化：0.00元。<a href="http://192.168.0.174/Shopnc_b2b2c/member/index.php?act=predeposit&op=pd_log_list" target="_blank">点击查看余额</a>', '1494663397', '1494663397', 0, 0, 1, '', '', 0, '', ''),
(85, 0, 0, '2', NULL, '你的账户于 2017-05-13 16:21:56 账户资金有变化，描述：下单，支付水币，订单号: 9000000000003901，可用金额变化 ：-0.10元，冻结金额变化：0.00元。<a href="http://192.168.0.174/Shopnc_b2b2c/member/index.php?act=predeposit&op=pd_log_list" target="_blank">点击查看余额</a>', '1494663716', '1494663716', 0, 0, 1, '', '', 0, '', ''),
(86, 0, 0, '2', NULL, '你的账户于 2017-05-13 16:22:18 账户资金有变化，描述：下单，支付水币，订单号: 9000000000004101，可用金额变化 ：-0.10元，冻结金额变化：0.00元。<a href="http://192.168.0.174/Shopnc_b2b2c/member/index.php?act=predeposit&op=pd_log_list" target="_blank">点击查看余额</a>', '1494663738', '1494663738', 0, 0, 1, '', '', 0, '', ''),
(87, 0, 0, '2', NULL, '你的账户于 2017-05-13 16:22:30 账户资金有变化，描述：下单，支付预存款，订单号: 9000000000003601，可用金额变化 ：-0.10元，冻结金额变化：0.00元。<a href="http://192.168.0.174/Shopnc_b2b2c/member/index.php?act=predeposit&op=pd_log_list" target="_blank">点击查看余额</a>', '1494663750', '1494663750', 0, 0, 1, '', '', 0, '', ''),
(88, 0, 0, '2', NULL, '你的账户于 2017-05-13 16:22:47 账户资金有变化，描述：下单，支付预存款，订单号: 9000000000003701，可用金额变化 ：-0.10元，冻结金额变化：0.00元。<a href="http://192.168.0.174/Shopnc_b2b2c/member/index.php?act=predeposit&op=pd_log_list" target="_blank">点击查看余额</a>', '1494663768', '1494663768', 0, 0, 1, '', '', 0, '', ''),
(89, 0, 0, '2', NULL, '你的账户于 2017-05-13 18:13:13 账户资金有变化，描述：下单，支付预存款，订单号: 9000000000006701，可用金额变化 ：-0.10元，冻结金额变化：0.00元。<a href="http://192.168.0.174/Shopnc_b2b2c/member/index.php?act=predeposit&op=pd_log_list" target="_blank">点击查看余额</a>', '1494670393', '1494670393', 0, 0, 1, '', '', 0, '', ''),
(90, 0, 0, '2', NULL, '你的账户于 2017-05-13 18:17:00 账户资金有变化，描述：下单，支付预存款，订单号: 9000000000006801，可用金额变化 ：-0.10元，冻结金额变化：0.00元。<a href="http://192.168.0.174/Shopnc_b2b2c/member/index.php?act=predeposit&op=pd_log_list" target="_blank">点击查看余额</a>', '1494670620', '1494670620', 0, 0, 1, '', '', 0, '', ''),
(91, 0, 0, '2', NULL, '你的账户于 2017-05-13 18:20:49 账户资金有变化，描述：下单，支付预存款，订单号: 9000000000006901，可用金额变化 ：-0.20元，冻结金额变化：0.00元。<a href="http://192.168.0.174/Shopnc_b2b2c/member/index.php?act=predeposit&op=pd_log_list" target="_blank">点击查看余额</a>', '1494670850', '1494670850', 0, 0, 1, '', '', 0, '', ''),
(92, 0, 0, '2', NULL, '你的账户于 2017-05-13 18:27:09 账户资金有变化，描述：下单，支付预存款，订单号: 9000000000007001，可用金额变化 ：-0.20元，冻结金额变化：0.00元。<a href="http://192.168.0.174/Shopnc_b2b2c/member/index.php?act=predeposit&op=pd_log_list" target="_blank">点击查看余额</a>', '1494671229', '1494671229', 0, 0, 1, '', '', 0, '', ''),
(93, 0, 0, '2', NULL, '你的账户于 2017-05-13 18:27:26 账户资金有变化，描述：下单，支付预存款，订单号: 9000000000007101，可用金额变化 ：-0.10元，冻结金额变化：0.00元。<a href="http://192.168.0.174/Shopnc_b2b2c/member/index.php?act=predeposit&op=pd_log_list" target="_blank">点击查看余额</a>', '1494671246', '1494671246', 0, 0, 1, '', '', 0, '', ''),
(94, 0, 0, '2', NULL, '你的账户于 2017-05-13 18:27:40 账户资金有变化，描述：下单，支付预存款，订单号: 9000000000007201，可用金额变化 ：-0.10元，冻结金额变化：0.00元。<a href="http://192.168.0.174/Shopnc_b2b2c/member/index.php?act=predeposit&op=pd_log_list" target="_blank">点击查看余额</a>', '1494671261', '1494671261', 0, 0, 1, '', '', 0, '', ''),
(95, 0, 0, '2', NULL, '你的账户于 2017-05-13 18:30:25 账户资金有变化，描述：下单，支付预存款，订单号: 9000000000007301，可用金额变化 ：-0.20元，冻结金额变化：0.00元。<a href="http://192.168.0.174/Shopnc_b2b2c/member/index.php?act=predeposit&op=pd_log_list" target="_blank">点击查看余额</a>', '1494671425', '1494671425', 0, 0, 1, '', '', 0, '', ''),
(96, 0, 0, '2', NULL, '你的账户于 2017-05-15 10:21:19 账户资金有变化，描述：下单，支付预存款，订单号: 9000000000006501，可用金额变化 ：-0.10元，冻结金额变化：0.00元。<a href="http://192.168.0.174/Shopnc_b2b2c/member/index.php?act=predeposit&op=pd_log_list" target="_blank">点击查看余额</a>', '1494814879', '1494814879', 0, 0, 1, '', '', 0, '', ''),
(97, 0, 0, '2', NULL, '你的账户于 2017-05-15 10:22:02 账户资金有变化，描述：下单，支付水币，订单号: 9000000000007401，可用金额变化 ：-0.50元，冻结金额变化：0.00元。<a href="http://192.168.0.174/Shopnc_b2b2c/member/index.php?act=predeposit&op=pd_log_list" target="_blank">点击查看余额</a>', '1494814922', '1494814922', 0, 0, 1, '', '', 0, '', ''),
(98, 0, 0, '2', NULL, '你的账户于 2017-05-15 10:54:47 账户资金有变化，描述：下单，支付预存款，订单号: 9000000000007501，可用金额变化 ：-0.30元，冻结金额变化：0.00元。<a href="http://192.168.0.174/Shopnc_b2b2c/member/index.php?act=predeposit&op=pd_log_list" target="_blank">点击查看余额</a>', '1494816888', '1494816888', 0, 0, 1, '', '', 0, '', ''),
(99, 0, 0, '2', NULL, '你的账户于 2017-05-15 11:07:04 账户资金有变化，描述：下单，支付预存款，订单号: 9000000000007601，可用金额变化 ：-0.20元，冻结金额变化：0.00元。<a href="http://192.168.0.174/Shopnc_b2b2c/member/index.php?act=predeposit&op=pd_log_list" target="_blank">点击查看余额</a>', '1494817624', '1494817624', 0, 0, 1, '', '', 0, '', ''),
(100, 0, 0, '2', NULL, '你的账户于 2017-05-15 11:27:07 账户资金有变化，描述：下单，支付水币，订单号: 9000000000006401，可用金额变化 ：-0.10元，冻结金额变化：0.00元。<a href="http://192.168.0.174/Shopnc_b2b2c/member/index.php?act=predeposit&op=pd_log_list" target="_blank">点击查看余额</a>', '1494818828', '1494818828', 0, 0, 1, '', '', 0, '', ''),
(101, 0, 0, '2', NULL, '你的账户于 2017-05-15 11:28:24 账户资金有变化，描述：下单，支付预存款，订单号: 9000000000008001，可用金额变化 ：-0.10元，冻结金额变化：0.00元。<a href="http://192.168.0.174/Shopnc_b2b2c/member/index.php?act=predeposit&op=pd_log_list" target="_blank">点击查看余额</a>', '1494818904', '1494818904', 0, 0, 1, '', '', 0, '', ''),
(102, 0, 0, '2', NULL, '你的账户于 2017-05-15 14:33:44 账户资金有变化，描述：下单，支付预存款，订单号: 9000000000008201，可用金额变化 ：-0.10元，冻结金额变化：0.00元。<a href="http://192.168.0.174/Shopnc_b2b2c/member/index.php?act=predeposit&op=pd_log_list" target="_blank">点击查看余额</a>', '1494830024', '1494830024', 0, 0, 1, '', '', 0, '', ''),
(103, 0, 0, '2', NULL, '你的账户于 2017-05-15 14:33:57 账户资金有变化，描述：下单，支付水币，订单号: 9000000000008301，可用金额变化 ：-0.10元，冻结金额变化：0.00元。<a href="http://192.168.0.174/Shopnc_b2b2c/member/index.php?act=predeposit&op=pd_log_list" target="_blank">点击查看余额</a>', '1494830038', '1494830038', 0, 0, 1, '', '', 0, '', ''),
(104, 0, 0, '2', NULL, '你的账户于 2017-05-15 14:48:52 账户资金有变化，描述：下单，支付预存款，订单号: 9000000000008601，可用金额变化 ：-0.10元，冻结金额变化：0.00元。<a href="http://192.168.0.174/Shopnc_b2b2c/member/index.php?act=predeposit&op=pd_log_list" target="_blank">点击查看余额</a>', '1494830932', '1494830932', 0, 0, 1, '', '', 0, '', ''),
(105, 0, 0, '2', NULL, '你的账户于 2017-05-15 14:49:04 账户资金有变化，描述：下单，支付预存款，订单号: 9000000000008701，可用金额变化 ：-0.10元，冻结金额变化：0.00元。<a href="http://192.168.0.174/Shopnc_b2b2c/member/index.php?act=predeposit&op=pd_log_list" target="_blank">点击查看余额</a>', '1494830944', '1494830944', 0, 0, 1, '', '', 0, '', ''),
(106, 0, 0, '2', NULL, '你的账户于 2017-05-15 14:50:30 账户资金有变化，描述：下单，支付预存款，订单号: 9000000000008801，可用金额变化 ：-0.10元，冻结金额变化：0.00元。<a href="http://192.168.0.174/Shopnc_b2b2c/member/index.php?act=predeposit&op=pd_log_list" target="_blank">点击查看余额</a>', '1494831030', '1494831030', 0, 0, 1, '', '', 0, '', ''),
(107, 0, 0, '2', NULL, '你的账户于 2017-05-15 14:51:11 账户资金有变化，描述：下单，支付预存款，订单号: 9000000000008901，可用金额变化 ：-0.10元，冻结金额变化：0.00元。<a href="http://192.168.0.174/Shopnc_b2b2c/member/index.php?act=predeposit&op=pd_log_list" target="_blank">点击查看余额</a>', '1494831071', '1494831071', 0, 0, 1, '', '', 0, '', ''),
(108, 0, 0, '2', NULL, '你的账户于 2017-05-15 14:51:27 账户资金有变化，描述：下单，支付预存款，订单号: 9000000000009001，可用金额变化 ：-0.10元，冻结金额变化：0.00元。<a href="http://192.168.0.174/Shopnc_b2b2c/member/index.php?act=predeposit&op=pd_log_list" target="_blank">点击查看余额</a>', '1494831087', '1494831087', 0, 0, 1, '', '', 0, '', ''),
(109, 0, 0, '2', NULL, '你的账户于 2017-05-15 14:55:10 账户资金有变化，描述：下单，支付水币，订单号: 9000000000009101，可用金额变化 ：-0.10元，冻结金额变化：0.00元。<a href="http://192.168.0.174/Shopnc_b2b2c/member/index.php?act=predeposit&op=pd_log_list" target="_blank">点击查看余额</a>', '1494831310', '1494831310', 0, 0, 1, '', '', 0, '', ''),
(110, 0, 0, '2', NULL, '你的账户于 2017-05-15 14:55:56 账户资金有变化，描述：下单，支付预存款，订单号: 9000000000008401，可用金额变化 ：-0.10元，冻结金额变化：0.00元。<a href="http://192.168.0.174/Shopnc_b2b2c/member/index.php?act=predeposit&op=pd_log_list" target="_blank">点击查看余额</a>', '1494831356', '1494831356', 0, 0, 1, '', '', 0, '', ''),
(111, 0, 0, '2', NULL, '你的账户于 2017-05-15 14:57:12 账户资金有变化，描述：下单，支付水币，订单号: 9000000000007701，可用金额变化 ：-0.40元，冻结金额变化：0.00元。<a href="http://192.168.0.174/Shopnc_b2b2c/member/index.php?act=predeposit&op=pd_log_list" target="_blank">点击查看余额</a>', '1494831432', '1494831432', 0, 0, 1, '', '', 0, '', ''),
(112, 0, 0, '2', NULL, '你的账户于 2017-05-15 15:00:00 账户资金有变化，描述：下单，支付预存款，订单号: 9000000000009301，可用金额变化 ：-0.10元，冻结金额变化：0.00元。<a href="http://192.168.0.174/Shopnc_b2b2c/member/index.php?act=predeposit&op=pd_log_list" target="_blank">点击查看余额</a>', '1494831600', '1494831600', 0, 0, 1, '', '', 0, '', ''),
(113, 0, 0, '2', NULL, '你的账户于 2017-05-15 16:13:03 账户资金有变化，描述：下单，支付预存款，订单号: 9000000000009801，可用金额变化 ：-0.10元，冻结金额变化：0.00元。<a href="http://192.168.0.174/Shopnc_b2b2c/member/index.php?act=predeposit&op=pd_log_list" target="_blank">点击查看余额</a>', '1494835983', '1494835983', 0, 0, 1, '', '', 0, '', ''),
(114, 0, 0, '2', NULL, '你的账户于 2017-05-15 16:13:24 账户资金有变化，描述：下单，支付预存款，订单号: 9000000000009901，可用金额变化 ：-0.10元，冻结金额变化：0.00元。<a href="http://192.168.0.174/Shopnc_b2b2c/member/index.php?act=predeposit&op=pd_log_list" target="_blank">点击查看余额</a>', '1494836005', '1494836005', 0, 0, 1, '', '', 0, '', ''),
(115, 0, 0, '2', NULL, '你的账户于 2017-05-15 17:57:49 账户资金有变化，描述：下单，支付水币，订单号: 9000000000011601，可用金额变化 ：-0.10元，冻结金额变化：0.00元。<a href="http://192.168.0.174/Shopnc_b2b2c/member/index.php?act=predeposit&op=pd_log_list" target="_blank">点击查看余额</a>', '1494842270', '1494842270', 0, 0, 1, '', '', 0, '', ''),
(116, 0, 0, '2', NULL, '你的账户于 2017-05-15 18:01:06 账户资金有变化，描述：下单，支付预存款，订单号: 9000000000011701，可用金额变化 ：-0.10元，冻结金额变化：0.00元。<a href="http://192.168.0.174/Shopnc_b2b2c/member/index.php?act=predeposit&op=pd_log_list" target="_blank">点击查看余额</a>', '1494842466', '1494842466', 0, 0, 1, '', '', 0, '', ''),
(117, 0, 0, '2', NULL, '你的账户于 2017-05-15 18:01:33 账户资金有变化，描述：下单，支付预存款，订单号: 9000000000011801，可用金额变化 ：-0.10元，冻结金额变化：0.00元。<a href="http://192.168.0.174/Shopnc_b2b2c/member/index.php?act=predeposit&op=pd_log_list" target="_blank">点击查看余额</a>', '1494842493', '1494842493', 0, 0, 1, '', '', 0, '', ''),
(118, 0, 0, '2', NULL, '你的账户于 2017-05-15 18:07:42 账户资金有变化，描述：下单，支付预存款，订单号: 9000000000012601，可用金额变化 ：-0.10元，冻结金额变化：0.00元。<a href="http://192.168.0.174/Shopnc_b2b2c/member/index.php?act=predeposit&op=pd_log_list" target="_blank">点击查看余额</a>', '1494842863', '1494842863', 0, 0, 1, '', '', 0, '', ''),
(119, 0, 0, '2', NULL, '你的账户于 2017-05-15 18:08:45 账户资金有变化，描述：下单，支付预存款，订单号: 9000000000012701，可用金额变化 ：-0.10元，冻结金额变化：0.00元。<a href="http://192.168.0.174/Shopnc_b2b2c/member/index.php?act=predeposit&op=pd_log_list" target="_blank">点击查看余额</a>', '1494842925', '1494842925', 0, 0, 1, '', '', 0, '', ''),
(120, 0, 0, '2', NULL, '你的账户于 2017-05-15 18:09:27 账户资金有变化，描述：下单，支付水币，订单号: 9000000000012801，可用金额变化 ：-0.10元，冻结金额变化：0.00元。<a href="http://192.168.0.174/Shopnc_b2b2c/member/index.php?act=predeposit&op=pd_log_list" target="_blank">点击查看余额</a>', '1494842968', '1494842968', 0, 0, 1, '', '', 0, '', ''),
(121, 0, 0, '2', NULL, '你的账户于 2017-05-15 18:11:30 账户资金有变化，描述：下单，支付水币，订单号: 9000000000013101，可用金额变化 ：-0.10元，冻结金额变化：0.00元。<a href="http://192.168.0.174/Shopnc_b2b2c/member/index.php?act=predeposit&op=pd_log_list" target="_blank">点击查看余额</a>', '1494843090', '1494843090', 0, 0, 1, '', '', 0, '', '');

-- --------------------------------------------------------

--
-- 表的结构 `33hao_micro_adv`
--

CREATE TABLE IF NOT EXISTS `33hao_micro_adv` (
  `adv_id` int(11) unsigned NOT NULL AUTO_INCREMENT COMMENT '广告编号',
  `adv_type` varchar(50) DEFAULT '' COMMENT '广告类型',
  `adv_name` varchar(255) DEFAULT '' COMMENT '广告名称',
  `adv_image` varchar(255) NOT NULL DEFAULT '' COMMENT '广告图片',
  `adv_url` varchar(255) DEFAULT '' COMMENT '广告链接',
  `adv_sort` tinyint(1) unsigned NOT NULL DEFAULT '255' COMMENT '广告排序',
  PRIMARY KEY (`adv_id`)
) ENGINE=InnoDB DEFAULT CHARSET=utf8 COMMENT='微商城广告表' AUTO_INCREMENT=1 ;

-- --------------------------------------------------------

--
-- 表的结构 `33hao_micro_comment`
--

CREATE TABLE IF NOT EXISTS `33hao_micro_comment` (
  `comment_id` int(10) unsigned NOT NULL AUTO_INCREMENT COMMENT '评论编号',
  `comment_type` tinyint(1) NOT NULL COMMENT '评论类型编号',
  `comment_object_id` int(10) unsigned NOT NULL COMMENT '推荐商品编号',
  `comment_message` varchar(255) NOT NULL COMMENT '评论内容',
  `comment_member_id` int(10) unsigned NOT NULL COMMENT '评论人编号',
  `comment_time` int(10) unsigned NOT NULL COMMENT '评论时间',
  PRIMARY KEY (`comment_id`)
) ENGINE=InnoDB DEFAULT CHARSET=utf8 COMMENT='微商城商品评论表' AUTO_INCREMENT=1 ;

-- --------------------------------------------------------

--
-- 表的结构 `33hao_micro_goods`
--

CREATE TABLE IF NOT EXISTS `33hao_micro_goods` (
  `commend_id` int(10) unsigned NOT NULL AUTO_INCREMENT COMMENT '推荐编号',
  `commend_member_id` int(10) unsigned NOT NULL COMMENT '推荐人用户编号',
  `commend_goods_id` int(10) unsigned NOT NULL COMMENT '推荐商品编号',
  `commend_goods_commonid` int(10) unsigned NOT NULL COMMENT '商品公共表id',
  `commend_goods_store_id` int(10) unsigned NOT NULL COMMENT '推荐商品店铺编号',
  `commend_goods_name` varchar(100) NOT NULL COMMENT '推荐商品名称',
  `commend_goods_price` decimal(11,2) NOT NULL COMMENT '推荐商品价格',
  `commend_goods_image` varchar(100) NOT NULL COMMENT '推荐商品图片',
  `commend_message` varchar(1000) NOT NULL COMMENT '推荐信息',
  `commend_time` int(10) unsigned NOT NULL COMMENT '推荐时间',
  `class_id` int(10) unsigned NOT NULL,
  `like_count` int(10) unsigned NOT NULL DEFAULT '0' COMMENT '喜欢数',
  `comment_count` int(10) unsigned NOT NULL DEFAULT '0' COMMENT '评论数',
  `click_count` int(10) unsigned NOT NULL DEFAULT '0' COMMENT '点击数',
  `microshop_commend` tinyint(3) unsigned NOT NULL DEFAULT '0' COMMENT '首页推荐 0-否 1-推荐',
  `microshop_sort` tinyint(3) unsigned NOT NULL DEFAULT '255' COMMENT '排序',
  PRIMARY KEY (`commend_id`)
) ENGINE=InnoDB DEFAULT CHARSET=utf8 COMMENT='微商城推荐商品表随心看' AUTO_INCREMENT=1 ;

-- --------------------------------------------------------

--
-- 表的结构 `33hao_micro_goods_class`
--

CREATE TABLE IF NOT EXISTS `33hao_micro_goods_class` (
  `class_id` int(11) unsigned NOT NULL AUTO_INCREMENT COMMENT '分类编号 ',
  `class_name` varchar(50) NOT NULL COMMENT '分类名称',
  `class_parent_id` int(11) unsigned DEFAULT '0' COMMENT '父级分类编号',
  `class_sort` tinyint(4) unsigned NOT NULL COMMENT '排序',
  `class_keyword` varchar(500) DEFAULT '' COMMENT '分类关键字',
  `class_image` varchar(100) DEFAULT '' COMMENT '分类图片',
  `class_commend` tinyint(1) unsigned NOT NULL DEFAULT '0' COMMENT '推荐标志0-不推荐 1-推荐到首页',
  `class_default` tinyint(1) unsigned NOT NULL DEFAULT '0' COMMENT '默认标志，0-非默认 1-默认',
  PRIMARY KEY (`class_id`)
) ENGINE=InnoDB DEFAULT CHARSET=utf8 COMMENT='微商城商品随心看分类表' AUTO_INCREMENT=1 ;

-- --------------------------------------------------------

--
-- 表的结构 `33hao_micro_goods_relation`
--

CREATE TABLE IF NOT EXISTS `33hao_micro_goods_relation` (
  `relation_id` int(10) unsigned NOT NULL AUTO_INCREMENT COMMENT '关系编号',
  `class_id` int(10) unsigned NOT NULL COMMENT '微商城商品分类编号',
  `shop_class_id` int(10) unsigned NOT NULL COMMENT '商城商品分类编号',
  PRIMARY KEY (`relation_id`)
) ENGINE=InnoDB DEFAULT CHARSET=utf8 COMMENT='微商城商品分类和商城商品分类对应关系' AUTO_INCREMENT=1 ;

-- --------------------------------------------------------

--
-- 表的结构 `33hao_micro_like`
--

CREATE TABLE IF NOT EXISTS `33hao_micro_like` (
  `like_id` int(10) unsigned NOT NULL AUTO_INCREMENT COMMENT '喜欢编号',
  `like_type` tinyint(1) NOT NULL COMMENT '喜欢类型编号',
  `like_object_id` int(10) unsigned NOT NULL COMMENT '喜欢对象编号',
  `like_member_id` int(10) unsigned NOT NULL COMMENT '喜欢人编号',
  `like_time` int(10) unsigned NOT NULL COMMENT '喜欢时间',
  PRIMARY KEY (`like_id`)
) ENGINE=InnoDB DEFAULT CHARSET=utf8 COMMENT='微商城喜欢表' AUTO_INCREMENT=1 ;

-- --------------------------------------------------------

--
-- 表的结构 `33hao_micro_member_info`
--

CREATE TABLE IF NOT EXISTS `33hao_micro_member_info` (
  `member_id` int(11) unsigned NOT NULL COMMENT '用户编号',
  `visit_count` int(11) unsigned NOT NULL DEFAULT '0' COMMENT '个人中心访问计数',
  `personal_count` int(11) unsigned NOT NULL DEFAULT '0' COMMENT '已发布个人秀数量',
  `goods_count` int(11) unsigned NOT NULL DEFAULT '0' COMMENT '已发布随心看数量',
  PRIMARY KEY (`member_id`)
) ENGINE=InnoDB DEFAULT CHARSET=utf8 COMMENT='微商城用户信息表';

-- --------------------------------------------------------

--
-- 表的结构 `33hao_micro_personal`
--

CREATE TABLE IF NOT EXISTS `33hao_micro_personal` (
  `personal_id` int(10) unsigned NOT NULL AUTO_INCREMENT COMMENT '推荐编号',
  `commend_member_id` int(10) unsigned NOT NULL COMMENT '推荐人用户编号',
  `commend_image` text NOT NULL COMMENT '推荐图片',
  `commend_buy` text NOT NULL COMMENT '购买信息',
  `commend_message` varchar(1000) NOT NULL COMMENT '推荐信息',
  `commend_time` int(10) unsigned NOT NULL COMMENT '推荐时间',
  `class_id` int(10) unsigned NOT NULL,
  `like_count` int(10) unsigned NOT NULL DEFAULT '0' COMMENT '喜欢数',
  `comment_count` int(10) unsigned NOT NULL DEFAULT '0' COMMENT '评论数',
  `click_count` int(10) unsigned NOT NULL DEFAULT '0',
  `microshop_commend` tinyint(3) unsigned NOT NULL DEFAULT '0' COMMENT '首页推荐 0-否 1-推荐',
  `microshop_sort` tinyint(3) unsigned NOT NULL DEFAULT '255' COMMENT '排序',
  PRIMARY KEY (`personal_id`)
) ENGINE=InnoDB DEFAULT CHARSET=utf8 COMMENT='微商城个人秀表' AUTO_INCREMENT=1 ;

-- --------------------------------------------------------

--
-- 表的结构 `33hao_micro_personal_class`
--

CREATE TABLE IF NOT EXISTS `33hao_micro_personal_class` (
  `class_id` int(11) unsigned NOT NULL AUTO_INCREMENT COMMENT '分类编号 ',
  `class_name` varchar(50) NOT NULL COMMENT '分类名称',
  `class_sort` tinyint(4) unsigned NOT NULL COMMENT '排序',
  `class_image` varchar(100) DEFAULT '' COMMENT '分类图片',
  PRIMARY KEY (`class_id`)
) ENGINE=InnoDB DEFAULT CHARSET=utf8 COMMENT='微商城个人秀分类表' AUTO_INCREMENT=1 ;

-- --------------------------------------------------------

--
-- 表的结构 `33hao_micro_store`
--

CREATE TABLE IF NOT EXISTS `33hao_micro_store` (
  `microshop_store_id` int(11) unsigned NOT NULL AUTO_INCREMENT COMMENT '店铺街店铺编号',
  `shop_store_id` int(11) unsigned NOT NULL COMMENT '商城店铺编号',
  `microshop_sort` tinyint(1) unsigned DEFAULT '255' COMMENT '排序',
  `microshop_commend` tinyint(1) unsigned DEFAULT '1' COMMENT '推荐首页标志 1-正常 2-推荐',
  `like_count` int(10) unsigned NOT NULL DEFAULT '0' COMMENT '喜欢数',
  `comment_count` int(10) unsigned NOT NULL DEFAULT '0' COMMENT '评论数',
  `click_count` int(10) unsigned NOT NULL DEFAULT '0',
  PRIMARY KEY (`microshop_store_id`)
) ENGINE=InnoDB DEFAULT CHARSET=utf8 COMMENT='微商城店铺街表' AUTO_INCREMENT=1 ;

-- --------------------------------------------------------

--
-- 表的结构 `33hao_navigation`
--

CREATE TABLE IF NOT EXISTS `33hao_navigation` (
  `nav_id` int(11) NOT NULL AUTO_INCREMENT COMMENT '索引ID',
  `nav_type` tinyint(1) NOT NULL DEFAULT '0' COMMENT '类别，0自定义导航，1商品分类，2文章导航，3活动导航，默认为0',
  `nav_title` varchar(100) DEFAULT NULL COMMENT '导航标题',
  `nav_url` varchar(255) DEFAULT NULL COMMENT '导航链接',
  `nav_location` tinyint(1) NOT NULL DEFAULT '0' COMMENT '导航位置，0头部，1中部，2底部，默认为0',
  `nav_new_open` tinyint(1) NOT NULL DEFAULT '0' COMMENT '是否以新窗口打开，0为否，1为是，默认为0',
  `nav_sort` tinyint(3) unsigned NOT NULL DEFAULT '255' COMMENT '排序',
  `item_id` int(10) unsigned NOT NULL DEFAULT '0' COMMENT '类别ID，对应着nav_type中的内容，默认为0',
  PRIMARY KEY (`nav_id`)
) ENGINE=InnoDB  DEFAULT CHARSET=utf8 COMMENT='页面导航表' AUTO_INCREMENT=17 ;

--
-- 转存表中的数据 `33hao_navigation`
--

INSERT INTO `33hao_navigation` (`nav_id`, `nav_type`, `nav_title`, `nav_url`, `nav_location`, `nav_new_open`, `nav_sort`, `item_id`) VALUES
(6, 0, '关于我们', 'http://v5.33hao.com/member/index.php?act=article&article_id=22', 2, 0, 255, 0),
(7, 0, '联系我们', 'http://v5.33hao.com/member/index.php?act=article&article_id=23', 2, 0, 240, 0),
(8, 0, '合作及洽谈', 'http://v5.33hao.com/member/index.php?act=article&article_id=25', 2, 0, 220, 0),
(9, 0, '招聘英才', 'http://v5.33hao.com/member/index.php?act=article&article_id=24', 2, 0, 210, 0),
(11, 0, '门户', 'http://v5.33hao.com/cms', 1, 1, 255, 0),
(12, 0, '圈子', 'http://v5.33hao.com/circle', 1, 1, 255, 0),
(13, 0, '微商城', 'http://v5.33hao.com/microshop', 1, 1, 255, 0),
(15, 0, '物流自取', 'http://v5.33hao.com/delivery', 2, 0, 255, 0),
(16, 0, '友情链接', 'http://v5.33hao.com/index.php?act=link', 2, 0, 255, 0);

-- --------------------------------------------------------

--
-- 表的结构 `33hao_offpay_area`
--

CREATE TABLE IF NOT EXISTS `33hao_offpay_area` (
  `store_id` int(8) unsigned NOT NULL COMMENT '商家ID',
  `area_id` text COMMENT '县ID组合',
  PRIMARY KEY (`store_id`)
) ENGINE=InnoDB DEFAULT CHARSET=utf8 COMMENT='货到付款支持地区表';

-- --------------------------------------------------------

--
-- 表的结构 `33hao_orders`
--

CREATE TABLE IF NOT EXISTS `33hao_orders` (
  `order_id` int(11) NOT NULL AUTO_INCREMENT COMMENT '订单索引id',
  `order_sn` bigint(20) unsigned NOT NULL COMMENT '订单编号',
  `pay_sn` bigint(20) unsigned NOT NULL COMMENT '支付单号',
  `pay_sn1` bigint(20) unsigned DEFAULT NULL COMMENT '预定订单支付订金时的支付单号',
  `store_id` int(11) unsigned NOT NULL COMMENT '卖家店铺id',
  `store_name` varchar(50) NOT NULL COMMENT '卖家店铺名称',
  `buyer_id` int(11) unsigned NOT NULL COMMENT '买家id',
  `buyer_name` varchar(50) NOT NULL COMMENT '买家姓名',
  `buyer_email` varchar(80) DEFAULT NULL COMMENT '买家电子邮箱',
  `buyer_phone` bigint(20) unsigned NOT NULL DEFAULT '0' COMMENT '买家手机',
  `add_time` int(10) unsigned NOT NULL DEFAULT '0' COMMENT '订单生成时间',
  `payment_code` char(15) NOT NULL DEFAULT '' COMMENT '支付方式名称代码',
  `payment_time` int(10) unsigned DEFAULT '0' COMMENT '支付(付款)时间',
  `finnshed_time` int(10) unsigned NOT NULL DEFAULT '0' COMMENT '订单完成时间',
  `goods_amount` decimal(10,2) unsigned NOT NULL DEFAULT '0.00' COMMENT '商品总价格',
  `order_amount` decimal(10,2) unsigned NOT NULL DEFAULT '0.00' COMMENT '订单总价格',
  `rcb_amount` decimal(10,2) unsigned NOT NULL DEFAULT '0.00' COMMENT '充值卡支付金额',
  `pd_amount` decimal(10,2) unsigned NOT NULL DEFAULT '0.00' COMMENT '预存款支付金额',
  `sb_amount` decimal(10,2) unsigned NOT NULL DEFAULT '0.00' COMMENT '水币购买价格',
  `shipping_fee` decimal(10,2) unsigned DEFAULT '0.00' COMMENT '运费',
  `evaluation_state` tinyint(4) DEFAULT '0' COMMENT '评价状态 0未评价，1已评价，2已过期未评价',
  `evaluation_again_state` tinyint(3) unsigned NOT NULL DEFAULT '0' COMMENT '追加评价状态 0未评价，1已评价，2已过期未评价',
  `order_state` tinyint(4) NOT NULL DEFAULT '10' COMMENT '订单状态：0(已取消)10(默认):未付款;20:已付款;30:已发货;40:已收货;',
  `refund_state` tinyint(4) unsigned DEFAULT '0' COMMENT '退款状态:0是无退款,1是部分退款,2是全部退款',
  `lock_state` tinyint(4) unsigned DEFAULT '0' COMMENT '锁定状态:0是正常,大于0是锁定,默认是0',
  `delete_state` tinyint(4) NOT NULL DEFAULT '0' COMMENT '删除状态0未删除1放入回收站2彻底删除',
  `refund_amount` decimal(10,2) DEFAULT '0.00' COMMENT '退款金额',
  `delay_time` int(10) unsigned DEFAULT '0' COMMENT '延迟时间,默认为0',
  `order_from` tinyint(4) NOT NULL DEFAULT '1' COMMENT '1WEB2mobile',
  `shipping_code` varchar(50) DEFAULT '' COMMENT '物流单号',
  `order_type` tinyint(4) DEFAULT '1' COMMENT '订单类型1普通订单(默认),2预定订单,3门店自提订单',
  `api_pay_time` int(10) unsigned DEFAULT '0' COMMENT '在线支付动作时间,只要向第三方支付平台提交就会更新',
  `chain_id` int(10) unsigned NOT NULL DEFAULT '0' COMMENT '自提门店ID',
  `chain_code` mediumint(6) unsigned NOT NULL DEFAULT '0' COMMENT '门店提货码',
  `rpt_amount` decimal(10,2) unsigned DEFAULT '0.00' COMMENT '红包值',
  `trade_no` varchar(50) DEFAULT NULL COMMENT '外部交易订单号',
  PRIMARY KEY (`order_id`)
) ENGINE=InnoDB  DEFAULT CHARSET=utf8 COMMENT='订单表' AUTO_INCREMENT=136 ;

--
-- 转存表中的数据 `33hao_orders`
--

INSERT INTO `33hao_orders` (`order_id`, `order_sn`, `pay_sn`, `pay_sn1`, `store_id`, `store_name`, `buyer_id`, `buyer_name`, `buyer_email`, `buyer_phone`, `add_time`, `payment_code`, `payment_time`, `finnshed_time`, `goods_amount`, `order_amount`, `rcb_amount`, `pd_amount`, `sb_amount`, `shipping_fee`, `evaluation_state`, `evaluation_again_state`, `order_state`, `refund_state`, `lock_state`, `delete_state`, `refund_amount`, `delay_time`, `order_from`, `shipping_code`, `order_type`, `api_pay_time`, `chain_id`, `chain_code`, `rpt_amount`, `trade_no`) VALUES
(1, 9000000000000101, 610546708473729002, NULL, 2, '测试水厂店铺', 2, 'sllsll', '771880522@qq.com', 13823191262, 1493364473, 'online', 1493364524, 1493364524, '0.20', '0.20', '0.00', '0.00', '0.00', '0.00', 0, 0, 40, 0, 0, 0, '0.00', 0, 1, '5161565163156', 1, 1493716311, 0, 0, '0.00', '65165161565165156156'),
(2, 9000000000000201, 520546709146937002, NULL, 2, '测试水厂店铺', 2, 'sllsll', '771880522@qq.com', 13823191262, 1493365146, 'offline', 1493364524, 1493365187, '1.00', '1.00', '0.00', '0.00', '0.00', '0.00', 0, 0, 20, 0, 0, 0, '0.00', 0, 1, '156511651651', 1, 1493716311, 0, 0, '0.00', '51651651651615'),
(3, 9000000000000301, 220547060300570009, NULL, 2, '测试水厂店铺', 9, 'shuichang4', '6541651@qq.com', 15144789962, 1493716300, 'predeposit', 1493869370, 0, '0.01', '0.01', '0.00', '0.00', '0.01', '0.00', 0, 0, 20, 0, 0, 0, '0.00', 0, 1, '', 1, 1493716311, 0, 0, '0.00', NULL),
(4, 9000000000000401, 360547213500615009, NULL, 2, '测试水厂店铺', 9, 'shuichang4', '6541651111@qq.com', 15144789962, 1493869500, 'predeposit', 1493869510, 0, '0.99', '0.99', '0.00', '0.00', '0.99', '0.00', 0, 0, 0, 2, 0, 0, '0.99', 1493878988, 1, '', 1, 0, 0, 0, '0.00', NULL),
(5, 9000000000000501, 760547223113347009, NULL, 2, '测试水厂店铺', 9, 'shuichang4', '6541651111@qq.com', 15144789962, 1493879113, 'predeposit', 1493879164, 0, '5.00', '5.00', '0.00', '0.00', '5.00', '0.00', 0, 0, 0, 2, 0, 0, '5.00', 1493879283, 1, '', 1, 0, 0, 0, '0.00', NULL),
(7, 9000000000000601, 680547244131242009, NULL, 2, '测试水厂店铺', 9, 'shuichang4', '6541651111@qq.com', 15144789962, 1493900131, 'predeposit', 1493900830, 0, '0.50', '0.50', '0.00', '0.00', '0.50', '0.00', 0, 0, 20, 0, 0, 0, '0.00', 0, 1, '', 1, 0, 0, 0, '0.00', NULL),
(8, 9000000000000701, 970547245071610009, NULL, 2, '测试水厂店铺', 9, 'shuichang4', '6541651111@qq.com', 15144789962, 1493901071, 'predeposit', 1493901134, 0, '0.50', '0.50', '0.00', '0.00', '0.50', '0.00', 0, 0, 20, 0, 0, 0, '0.00', 0, 1, '', 1, 0, 0, 0, '0.00', NULL),
(9, 9000000000000801, 330547245198159009, NULL, 2, '测试水厂店铺', 9, 'shuichang4', '6541651111@qq.com', 15144789962, 1493901198, 'predeposit', 1493901207, 0, '0.50', '0.50', '0.00', '0.00', '0.50', '0.00', 0, 0, 20, 0, 0, 0, '0.00', 0, 1, '', 1, 0, 0, 0, '0.00', NULL),
(10, 9000000000000901, 980547245267404009, NULL, 2, '测试水厂店铺', 9, 'shuichang4', '6541651111@qq.com', 15144789962, 1493901267, 'predeposit', 1493901275, 0, '0.50', '0.50', '0.00', '0.00', '0.50', '0.00', 0, 0, 20, 0, 0, 0, '0.00', 0, 1, '', 1, 0, 0, 0, '0.00', NULL),
(11, 9000000000001001, 390547245410020009, NULL, 2, '测试水厂店铺', 9, 'shuichang4', '6541651111@qq.com', 15144789962, 1493901409, 'predeposit', 1493901417, 0, '0.50', '0.50', '0.00', '0.00', '0.50', '0.00', 0, 0, 0, 2, 0, 0, '0.50', 1493964446, 1, '', 1, 0, 0, 0, '0.00', NULL),
(12, 9000000000001101, 470547294492423009, NULL, 3, '测试水厂1号', 9, 'shuichang4', '6541651111@qq.com', 15144789962, 1493691305, 'predeposit', 1493864105, 1493691305, '0.01', '0.01', '0.00', '0.00', '0.01', '0.00', 0, 0, 40, 0, 0, 0, '0.00', 1493950582, 1, NULL, 1, 0, 0, 0, '0.00', NULL),
(13, 9000000000001201, 600547296797801009, NULL, 3, '测试水厂1号', 9, 'shuichang4', '6541651111@qq.com', 15144789962, 1493777705, 'predeposit', 1493952809, 1493777705, '2.00', '2.00', '0.00', '0.00', '2.00', '0.00', 0, 0, 40, 0, 0, 0, '0.00', 1493952878, 1, NULL, 1, 0, 0, 0, '0.00', NULL),
(14, 9000000000001301, 810547298903835009, NULL, 3, '测试水厂1号', 9, 'shuichang4', '6541651111@qq.com', 15144789962, 1493954903, 'predeposit', 1493954912, 0, '8.00', '8.00', '0.00', '0.00', '8.00', '0.00', 0, 0, 0, 2, 0, 0, '8.00', 1493963492, 1, '', 1, 0, 0, 0, '0.00', NULL),
(15, 9000000000001401, 410547307891316009, NULL, 3, '测试水厂1号', 9, 'shuichang4', '6541651111@qq.com', 15144789962, 1493963891, 'predeposit', 1493963903, 0, '90.00', '90.00', '0.00', '0.00', '90.00', '0.00', 0, 0, 0, 2, 0, 0, '90.00', 1493963978, 1, '', 1, 0, 0, 0, '0.00', NULL),
(16, 9000000000001501, 370547308106311009, NULL, 3, '测试水厂1号', 9, 'shuichang4', '6541651111@qq.com', 15144789962, 1493964106, 'predeposit', 1493964114, 0, '90.00', '90.00', '0.00', '0.00', '90.00', '0.00', 0, 0, 0, 2, 0, 0, '90.00', 1493964403, 1, '', 1, 0, 0, 0, '0.00', NULL),
(17, 9000000000001801, 310547311043183009, NULL, 3, '测试水厂1号', 9, 'shuichang4', '6541651111@qq.com', 15144789962, 1493967043, 'predeposit', 1493967703, 0, '9.00', '9.00', '0.00', '0.00', '9.00', '0.00', 0, 0, 0, 2, 0, 0, '9.00', 1493970795, 1, '', 1, 0, 0, 0, '0.00', NULL),
(18, 9000000000001901, 700547311755686009, NULL, 3, '测试水厂1号', 9, 'shuichang4', '6541651111@qq.com', 15144789962, 1493967755, 'predeposit', 1493967769, 0, '9.00', '9.00', '0.00', '0.00', '9.00', '0.00', 0, 0, 20, 0, 0, 0, '0.00', 0, 1, '', 1, 0, 0, 0, '0.00', NULL),
(19, 9000000000002001, 440547312085066009, NULL, 3, '测试水厂1号', 9, 'shuichang4', '6541651111@qq.com', 15144789962, 1493968084, 'predeposit', 1493968113, 0, '9.00', '9.00', '0.00', '0.00', '9.00', '0.00', 0, 0, 0, 2, 0, 0, '9.00', 1493970998, 1, '', 1, 0, 0, 0, '0.00', NULL),
(20, 9000000000002101, 410547312441904009, NULL, 3, '测试水厂1号', 9, 'shuichang4', '6541651111@qq.com', 15144789962, 1493968441, 'sbpay', 1493968618, 0, '0.01', '0.01', '0.00', '0.00', '0.01', '0.00', 0, 0, 20, 0, 0, 0, '0.00', 0, 1, '', 1, 0, 0, 0, '0.00', NULL),
(21, 9000000000002201, 730547315220161009, NULL, 3, '测试水厂1号', 9, 'shuichang4', '6541651111@qq.com', 15144789962, 1493971220, 'sbpay', 1493971229, 0, '90.00', '90.00', '0.00', '0.00', '90.00', '0.00', 0, 0, 20, 0, 0, 0, '0.00', 0, 1, '', 1, 0, 0, 0, '0.00', NULL),
(22, 9000000000002301, 780547315525795009, NULL, 3, '测试水厂1号', 9, 'shuichang4', '6541651111@qq.com', 15144789962, 1493971525, 'sbpay', 1493971644, 0, '0.50', '0.50', '0.00', '0.00', '0.50', '0.00', 0, 0, 20, 0, 0, 0, '0.00', 0, 1, '', 1, 0, 0, 0, '0.00', NULL),
(23, 9000000000002401, 110547382538607002, NULL, 3, '测试水厂1号', 2, 'sllsll', '771880522@qq.com', 13823191262, 1494038538, 'sbpay', 1494322617, 0, '0.20', '0.20', '0.00', '0.00', '0.00', '0.00', 0, 0, 20, 0, 0, 0, '0.00', 0, 1, '', 1, 0, 0, 0, '0.00', NULL),
(24, 9000000000002402, 110547382538607002, NULL, 2, '测试水厂店铺', 2, 'sllsll', '771880522@qq.com', 13823191262, 1494038538, 'sbpay', 1494322617, 0, '0.90', '0.90', '0.00', '0.00', '0.00', '0.00', 0, 0, 20, 0, 0, 0, '0.00', 0, 1, '', 1, 0, 0, 0, '0.00', NULL),
(25, 9000000000002501, 450547393666813002, NULL, 2, '测试水厂店铺', 2, 'sllsll', '771880522@qq.com', 13823191262, 1494049666, 'sbpay', 1494322990, 0, '0.01', '0.01', '0.00', '0.00', '0.01', '0.00', 0, 0, 20, 0, 0, 0, '0.00', 0, 1, '', 1, 0, 0, 0, '0.00', NULL),
(26, 9000000000002601, 880547409625517002, NULL, 2, '测试水厂店铺', 2, 'sllsll', '771880522@qq.com', 13823191262, 1494065625, 'sbpay', 1494646897, 0, '0.07', '0.07', '0.00', '0.00', '0.07', '0.00', 0, 0, 20, 0, 0, 0, '0.00', 0, 1, '', 1, 0, 0, 0, '0.00', NULL),
(27, 9000000000002701, 160547409899672002, NULL, 2, '测试水厂店铺', 2, 'sllsll', '771880522@qq.com', 13823191262, 1494065899, 'sbpay', 1494655042, 0, '0.02', '0.02', '0.00', '0.00', '0.02', '0.00', 0, 0, 30, 0, 0, 0, '0.00', 1494658668, 1, NULL, 1, 0, 0, 0, '0.00', NULL),
(28, 9000000000002801, 170547577717345002, NULL, 2, '测试水厂店铺', 2, 'sllsll', '771880522@qq.com', 13823191262, 1494233717, 'sbpay', 1494233854, 1494233933, '1.20', '1.20', '0.00', '0.00', '1.20', '0.00', 0, 0, 40, 0, 0, 0, '0.00', 1494233907, 1, NULL, 1, 1494233739, 0, 0, '0.00', NULL),
(29, 9000000000002901, 260547755631903013, NULL, 2, '测试水厂店铺', 13, '博丽灵梦', '2877440232@qq.com', 15158894526, 1494411631, 'online', 0, 0, '0.02', '0.02', '0.00', '0.00', '0.00', '0.00', 0, 0, 0, 0, 0, 0, '0.00', 0, 1, '', 1, 0, 0, 0, '0.00', NULL),
(30, 9000000000003001, 480547761834648013, NULL, 2, '测试水厂店铺', 13, '博丽灵梦', '2877440232@qq.com', 15158894526, 1494417834, 'online', 0, 0, '0.02', '0.02', '0.00', '0.00', '0.00', '0.00', 0, 0, 0, 0, 0, 0, '0.00', 0, 1, '', 1, 0, 0, 0, '0.00', NULL),
(31, 9000000000003101, 350547761853493013, NULL, 2, '测试水厂店铺', 13, '博丽灵梦', '2877440232@qq.com', 15158894526, 1494417853, 'online', 0, 0, '0.02', '0.02', '0.00', '0.00', '0.00', '0.00', 0, 0, 0, 0, 0, 0, '0.00', 0, 1, '', 1, 0, 0, 0, '0.00', NULL),
(32, 9000000000003201, 620547762660793013, NULL, 2, '测试水厂店铺', 13, '博丽灵梦', '2877440232@qq.com', 15158894526, 1494418660, 'online', 0, 0, '0.03', '0.03', '0.00', '0.00', '0.00', '0.00', 0, 0, 10, 0, 0, 0, '0.00', 0, 1, '', 1, 0, 0, 0, '0.00', NULL),
(33, 9000000000003202, 620547762660793013, NULL, 3, '测试水厂1号', 13, '博丽灵梦', '2877440232@qq.com', 15158894526, 1494418660, 'online', 0, 0, '0.01', '0.01', '0.00', '0.00', '0.00', '0.00', 0, 0, 10, 0, 0, 0, '0.00', 0, 1, '', 1, 0, 0, 0, '0.00', NULL),
(34, 9000000000003301, 240547984946681002, NULL, 2, '测试水厂店铺', 2, 'sllsll', '771880522@qq.com', 13823191262, 1494640946, 'predeposit', 1494655404, 0, '0.20', '0.20', '0.00', '0.20', '0.00', '0.00', 0, 0, 30, 0, 0, 0, '0.00', 1494657399, 1, NULL, 1, 0, 0, 0, '0.00', NULL),
(35, 9000000000003401, 780547985174696002, NULL, 2, '测试水厂店铺', 2, 'sllsll', '771880522@qq.com', 13823191262, 1494641174, 'predeposit', 1494660059, 0, '0.20', '0.20', '0.00', '0.20', '0.00', '0.00', 0, 0, 20, 0, 0, 0, '0.00', 0, 1, '', 1, 0, 0, 0, '0.00', NULL),
(36, 9000000000003501, 430547985839852002, NULL, 2, '测试水厂店铺', 2, 'sllsll', '771880522@qq.com', 13823191262, 1494641839, 'predeposit', 1494660989, 0, '0.01', '0.01', '0.00', '0.01', '0.00', '0.00', 0, 0, 20, 0, 0, 0, '0.00', 0, 1, '', 1, 0, 0, 0, '0.00', NULL),
(37, 9000000000003601, 870547986312651002, NULL, 3, '测试水厂1号', 2, 'sllsll', '771880522@qq.com', 13823191262, 1494642312, 'predeposit', 1494663750, 0, '0.10', '0.10', '0.00', '0.10', '0.00', '0.00', 0, 0, 20, 0, 0, 0, '0.00', 0, 1, '', 1, 0, 0, 0, '0.00', NULL),
(38, 9000000000003701, 480547986338008002, NULL, 3, '测试水厂1号', 2, 'sllsll', '771880522@qq.com', 13823191262, 1494642337, 'predeposit', 1494663767, 0, '0.10', '0.10', '0.00', '0.10', '0.00', '0.00', 0, 0, 20, 0, 0, 0, '0.00', 0, 1, '', 1, 0, 0, 0, '0.00', NULL),
(39, 9000000000003801, 750547989209468002, NULL, 3, '测试水厂1号', 2, 'sllsll', '771880522@qq.com', 13823191262, 1494645209, 'online', 0, 0, '0.10', '0.10', '0.00', '0.00', '0.00', '0.00', 0, 0, 10, 0, 0, 0, '0.00', 0, 1, '', 1, 1494843245, 0, 0, '0.00', NULL),
(40, 9000000000003901, 720547989519212002, NULL, 3, '测试水厂1号', 2, 'sllsll', '771880522@qq.com', 13823191262, 1494645519, 'sbpay', 1494663716, 0, '0.10', '0.10', '0.00', '0.00', '0.10', '0.00', 0, 0, 20, 0, 0, 0, '0.00', 0, 1, '', 1, 0, 0, 0, '0.00', NULL),
(41, 9000000000004001, 960547989599348002, NULL, 3, '测试水厂1号', 2, 'sllsll', '771880522@qq.com', 13823191262, 1494645599, 'predeposit', 1494663397, 0, '0.10', '0.10', '0.00', '0.10', '0.00', '0.00', 0, 0, 20, 0, 0, 0, '0.00', 0, 1, '', 1, 0, 0, 0, '0.00', NULL),
(42, 9000000000004101, 440547990281664002, NULL, 3, '测试水厂1号', 2, 'sllsll', '771880522@qq.com', 13823191262, 1494646281, 'sbpay', 1494663738, 0, '0.10', '0.10', '0.00', '0.00', '0.10', '0.00', 0, 0, 20, 0, 0, 0, '0.00', 0, 1, '', 1, 0, 0, 0, '0.00', NULL),
(43, 9000000000004201, 580548004653834002, NULL, 2, '测试水厂店铺', 2, 'sllsll', '771880522@qq.com', 13823191262, 1494660653, 'sbpay', 1494660743, 0, '0.70', '0.70', '0.00', '0.00', '0.70', '0.00', 0, 0, 20, 0, 0, 0, '0.00', 0, 1, '', 1, 0, 0, 0, '0.00', NULL),
(44, 9000000000004301, 680548005193625002, NULL, 3, '测试水厂1号', 2, 'sllsll', '771880522@qq.com', 13823191262, 1494661193, 'sbpay', 1494661215, 0, '0.01', '0.01', '0.00', '0.00', '0.01', '0.00', 0, 0, 20, 0, 0, 0, '0.00', 0, 1, '', 1, 0, 0, 0, '0.00', NULL),
(45, 9000000000004302, 680548005193625002, NULL, 2, '测试水厂店铺', 2, 'sllsll', '771880522@qq.com', 13823191262, 1494661193, 'sbpay', 1494661215, 0, '0.02', '0.02', '0.00', '0.00', '0.02', '0.00', 0, 0, 20, 0, 0, 0, '0.00', 0, 1, '', 1, 0, 0, 0, '0.00', NULL),
(46, 9000000000004401, 730548008356948002, NULL, 3, '测试水厂1号', 2, 'sllsll', '771880522@qq.com', 13823191262, 1494664356, 'online', 0, 0, '0.10', '0.10', '0.00', '0.00', '0.00', '0.00', 0, 0, 10, 0, 0, 0, '0.00', 0, 1, '', 1, 0, 0, 0, '0.00', NULL),
(47, 9000000000004501, 300548009524001002, NULL, 3, '测试水厂1号', 2, 'sllsll', '771880522@qq.com', 13823191262, 1494665523, 'online', 0, 0, '0.10', '0.10', '0.00', '0.00', '0.00', '0.00', 0, 0, 10, 0, 0, 0, '0.00', 0, 1, '', 1, 0, 0, 0, '0.00', NULL),
(48, 9000000000004601, 890548009669910002, NULL, 3, '测试水厂1号', 2, 'sllsll', '771880522@qq.com', 13823191262, 1494665669, 'online', 0, 0, '0.10', '0.10', '0.00', '0.00', '0.00', '0.00', 0, 0, 10, 0, 0, 0, '0.00', 0, 1, '', 1, 0, 0, 0, '0.00', NULL),
(49, 9000000000004701, 640548009859817002, NULL, 3, '测试水厂1号', 2, 'sllsll', '771880522@qq.com', 13823191262, 1494665859, 'online', 0, 0, '0.10', '0.10', '0.00', '0.00', '0.00', '0.00', 0, 0, 10, 0, 0, 0, '0.00', 0, 1, '', 1, 0, 0, 0, '0.00', NULL),
(50, 9000000000004801, 780548010029734002, NULL, 3, '测试水厂1号', 2, 'sllsll', '771880522@qq.com', 13823191262, 1494666029, 'online', 0, 0, '0.10', '0.10', '0.00', '0.00', '0.00', '0.00', 0, 0, 10, 0, 0, 0, '0.00', 0, 1, '', 1, 0, 0, 0, '0.00', NULL),
(51, 9000000000004901, 120548010102598002, NULL, 3, '测试水厂1号', 2, 'sllsll', '771880522@qq.com', 13823191262, 1494666102, 'online', 0, 0, '0.10', '0.10', '0.00', '0.00', '0.00', '0.00', 0, 0, 10, 0, 0, 0, '0.00', 0, 1, '', 1, 0, 0, 0, '0.00', NULL),
(52, 9000000000005001, 340548012298580002, NULL, 3, '测试水厂1号', 2, 'sllsll', '771880522@qq.com', 13823191262, 1494668298, 'online', 0, 0, '0.10', '0.10', '0.00', '0.00', '0.00', '0.00', 0, 0, 10, 0, 0, 0, '0.00', 0, 1, '', 1, 0, 0, 0, '0.00', NULL),
(53, 9000000000005101, 860548012353312002, NULL, 3, '测试水厂1号', 2, 'sllsll', '771880522@qq.com', 13823191262, 1494668353, 'online', 0, 0, '0.10', '0.10', '0.00', '0.00', '0.00', '0.00', 0, 0, 10, 0, 0, 0, '0.00', 0, 1, '', 1, 0, 0, 0, '0.00', NULL),
(54, 9000000000005201, 360548012368120002, NULL, 2, '测试水厂店铺', 2, 'sllsll', '771880522@qq.com', 13823191262, 1494668367, 'online', 0, 0, '0.10', '0.10', '0.00', '0.00', '0.00', '0.00', 0, 0, 10, 0, 0, 0, '0.00', 0, 1, '', 1, 0, 0, 0, '0.00', NULL),
(55, 9000000000005301, 350548012382153002, NULL, 3, '测试水厂1号', 2, 'sllsll', '771880522@qq.com', 13823191262, 1494668382, 'online', 0, 0, '0.10', '0.10', '0.00', '0.00', '0.00', '0.00', 0, 0, 10, 0, 0, 0, '0.00', 0, 1, '', 1, 0, 0, 0, '0.00', NULL),
(56, 9000000000005401, 420548012671997002, NULL, 2, '测试水厂店铺', 2, 'sllsll', '771880522@qq.com', 13823191262, 1494668671, 'online', 0, 0, '0.10', '0.10', '0.00', '0.00', '0.00', '0.00', 0, 0, 10, 0, 0, 0, '0.00', 0, 1, '', 1, 0, 0, 0, '0.00', NULL),
(57, 9000000000005501, 590548012755461002, NULL, 3, '测试水厂1号', 2, 'sllsll', '771880522@qq.com', 13823191262, 1494668755, 'online', 0, 0, '0.10', '0.10', '0.00', '0.00', '0.00', '0.00', 0, 0, 10, 0, 0, 0, '0.00', 0, 1, '', 1, 0, 0, 0, '0.00', NULL),
(58, 9000000000005601, 140548013534778002, NULL, 2, '测试水厂店铺', 2, 'sllsll', '771880522@qq.com', 13823191262, 1494669534, 'offline', 0, 0, '0.10', '0.10', '0.00', '0.00', '0.00', '0.00', 0, 0, 20, 0, 0, 0, '0.00', 0, 1, '', 1, 0, 0, 0, '0.00', NULL),
(59, 9000000000005701, 110548013581596002, NULL, 2, '测试水厂店铺', 2, 'sllsll', '771880522@qq.com', 13823191262, 1494669581, 'online', 0, 0, '0.10', '0.10', '0.00', '0.00', '0.00', '0.00', 0, 0, 10, 0, 0, 0, '0.00', 0, 1, '', 1, 0, 0, 0, '0.00', NULL),
(60, 9000000000005801, 310548013629459002, NULL, 2, '测试水厂店铺', 2, 'sllsll', '771880522@qq.com', 13823191262, 1494669629, 'online', 0, 0, '0.10', '0.10', '0.00', '0.00', '0.00', '0.00', 0, 0, 10, 0, 0, 0, '0.00', 0, 1, '', 1, 0, 0, 0, '0.00', NULL),
(61, 9000000000005901, 860548013822770002, NULL, 3, '测试水厂1号', 2, 'sllsll', '771880522@qq.com', 13823191262, 1494669822, 'online', 0, 0, '0.10', '0.10', '0.00', '0.00', '0.00', '0.00', 0, 0, 10, 0, 0, 0, '0.00', 0, 1, '', 1, 0, 0, 0, '0.00', NULL),
(62, 9000000000006001, 950548013883723002, NULL, 2, '测试水厂店铺', 2, 'sllsll', '771880522@qq.com', 13823191262, 1494669883, 'offline', 0, 0, '0.20', '0.20', '0.00', '0.00', '0.00', '0.00', 0, 0, 20, 0, 0, 0, '0.00', 0, 1, '', 1, 0, 0, 0, '0.00', NULL),
(63, 9000000000006101, 810548013960646002, NULL, 2, '测试水厂店铺', 2, 'sllsll', '771880522@qq.com', 13823191262, 1494669960, 'online', 0, 0, '0.40', '0.40', '0.00', '0.00', '0.00', '0.00', 0, 0, 10, 0, 0, 0, '0.00', 0, 1, '', 1, 0, 0, 0, '0.00', NULL),
(64, 9000000000006201, 960548014063920002, NULL, 2, '测试水厂店铺', 2, 'sllsll', '771880522@qq.com', 13823191262, 1494670063, 'online', 0, 0, '0.10', '0.10', '0.00', '0.00', '0.00', '0.00', 0, 0, 10, 0, 0, 0, '0.00', 0, 1, '', 1, 0, 0, 0, '0.00', NULL),
(65, 9000000000006301, 480548014121092002, NULL, 2, '测试水厂店铺', 2, 'sllsll', '771880522@qq.com', 13823191262, 1494670121, 'online', 0, 0, '0.10', '0.10', '0.00', '0.00', '0.00', '0.00', 0, 0, 10, 0, 0, 0, '0.00', 0, 1, '', 1, 0, 0, 0, '0.00', NULL),
(66, 9000000000006401, 110548014225133002, NULL, 2, '测试水厂店铺', 2, 'sllsll', '771880522@qq.com', 13823191262, 1494670225, 'sbpay', 1494818827, 0, '0.10', '0.10', '0.00', '0.00', '0.10', '0.00', 0, 0, 20, 0, 0, 0, '0.00', 0, 1, '', 1, 0, 0, 0, '0.00', NULL),
(67, 9000000000006501, 600548014289411002, NULL, 3, '测试水厂1号', 2, 'sllsll', '771880522@qq.com', 13823191262, 1494670289, 'predeposit', 1494814878, 0, '0.10', '0.10', '0.00', '0.10', '0.00', '0.00', 0, 0, 20, 0, 0, 0, '0.00', 0, 1, '', 1, 0, 0, 0, '0.00', NULL),
(68, 9000000000006601, 860548014373041002, NULL, 3, '测试水厂1号', 2, 'sllsll', '771880522@qq.com', 13823191262, 1494670372, 'offline', 0, 0, '0.10', '0.10', '0.00', '0.00', '0.00', '0.00', 0, 0, 20, 0, 0, 0, '0.00', 0, 1, '', 1, 0, 0, 0, '0.00', NULL),
(69, 9000000000006701, 330548014388899002, NULL, 3, '测试水厂1号', 2, 'sllsll', '771880522@qq.com', 13823191262, 1494670388, 'predeposit', 1494670393, 0, '0.10', '0.10', '0.00', '0.10', '0.00', '0.00', 0, 0, 20, 0, 0, 0, '0.00', 0, 1, '', 1, 0, 0, 0, '0.00', NULL),
(70, 9000000000006801, 720548014465322002, NULL, 3, '测试水厂1号', 2, 'sllsll', '771880522@qq.com', 13823191262, 1494670465, 'predeposit', 1494670620, 0, '0.10', '0.10', '0.00', '0.10', '0.00', '0.00', 0, 0, 20, 0, 0, 0, '0.00', 0, 1, '', 1, 0, 0, 0, '0.00', NULL),
(71, 9000000000006901, 350548014843868002, NULL, 3, '测试水厂1号', 2, 'sllsll', '771880522@qq.com', 13823191262, 1494670843, 'predeposit', 1494670849, 0, '0.20', '0.20', '0.00', '0.20', '0.00', '0.00', 0, 0, 20, 0, 0, 0, '0.00', 0, 1, '', 1, 0, 0, 0, '0.00', NULL),
(72, 9000000000007001, 870548015218836002, NULL, 3, '测试水厂1号', 2, 'sllsll', '771880522@qq.com', 13823191262, 1494671218, 'predeposit', 1494671229, 0, '0.20', '0.20', '0.00', '0.20', '0.00', '0.00', 0, 0, 20, 0, 0, 0, '0.00', 0, 1, '', 1, 0, 0, 0, '0.00', NULL),
(73, 9000000000007101, 660548015241083002, NULL, 2, '测试水厂店铺', 2, 'sllsll', '771880522@qq.com', 13823191262, 1494671241, 'predeposit', 1494671245, 0, '0.10', '0.10', '0.00', '0.10', '0.00', '0.00', 0, 0, 20, 0, 0, 0, '0.00', 0, 1, '', 1, 0, 0, 0, '0.00', NULL),
(74, 9000000000007201, 610548015256252002, NULL, 3, '测试水厂1号', 2, 'sllsll', '771880522@qq.com', 13823191262, 1494671256, 'predeposit', 1494671260, 0, '0.10', '0.10', '0.00', '0.10', '0.00', '0.00', 0, 0, 20, 0, 0, 0, '0.00', 0, 1, '', 1, 0, 0, 0, '0.00', NULL),
(75, 9000000000007301, 650548015418161002, NULL, 2, '测试水厂店铺', 2, 'sllsll', '771880522@qq.com', 13823191262, 1494671418, 'predeposit', 1494671425, 0, '0.20', '0.20', '0.00', '0.20', '0.00', '0.00', 0, 0, 20, 0, 0, 0, '0.00', 0, 1, '', 1, 0, 0, 0, '0.00', NULL),
(76, 9000000000007401, 220548158917638002, NULL, 2, '测试水厂店铺', 2, 'sllsll', '771880522@qq.com', 13823191262, 1494814917, 'sbpay', 1494814921, 0, '0.50', '0.50', '0.00', '0.00', '0.50', '0.00', 0, 0, 20, 0, 0, 0, '0.00', 0, 1, '', 1, 0, 0, 0, '0.00', NULL),
(77, 9000000000007501, 200548160882654002, NULL, 2, '测试水厂店铺', 2, 'sllsll', '771880522@qq.com', 13823191262, 1494816882, 'predeposit', 1494816887, 0, '0.30', '0.30', '0.00', '0.30', '0.00', '0.00', 0, 0, 20, 0, 0, 0, '0.00', 0, 1, '', 1, 0, 0, 0, '0.00', NULL),
(78, 9000000000007601, 900548161612419002, NULL, 2, '测试水厂店铺', 2, 'sllsll', '771880522@qq.com', 13823191262, 1494817612, 'predeposit', 1494817624, 0, '0.20', '0.20', '0.00', '0.20', '0.00', '0.00', 0, 0, 20, 0, 0, 0, '0.00', 0, 1, '', 1, 0, 0, 0, '0.00', NULL),
(79, 9000000000007701, 940548162704633002, NULL, 2, '测试水厂店铺', 2, 'sllsll', '771880522@qq.com', 13823191262, 1494818704, 'sbpay', 1494831432, 0, '0.40', '0.40', '0.00', '0.00', '0.40', '0.00', 0, 0, 20, 0, 0, 0, '0.00', 0, 1, '', 1, 0, 0, 0, '0.00', NULL),
(80, 9000000000007801, 130548162745162002, NULL, 2, '测试水厂店铺', 2, 'sllsll', '771880522@qq.com', 13823191262, 1494818745, 'offline', 0, 0, '0.10', '0.10', '0.00', '0.00', '0.00', '0.00', 0, 0, 20, 0, 0, 0, '0.00', 0, 1, '', 1, 0, 0, 0, '0.00', NULL),
(81, 9000000000007901, 260548162874670002, NULL, 3, '测试水厂1号', 2, 'sllsll', '771880522@qq.com', 13823191262, 1494818874, 'offline', 0, 0, '0.10', '0.10', '0.00', '0.00', '0.00', '0.00', 0, 0, 20, 0, 0, 0, '0.00', 0, 1, '', 1, 0, 0, 0, '0.00', NULL),
(82, 9000000000008001, 140548162899344002, NULL, 3, '测试水厂1号', 2, 'sllsll', '771880522@qq.com', 13823191262, 1494818899, 'predeposit', 1494818904, 0, '0.10', '0.10', '0.00', '0.10', '0.00', '0.00', 0, 0, 20, 0, 0, 0, '0.00', 0, 1, '', 1, 0, 0, 0, '0.00', NULL),
(83, 9000000000008101, 960548173581094002, NULL, 2, '测试水厂店铺', 2, 'sllsll', '771880522@qq.com', 13823191262, 1494829580, 'offline', 0, 0, '0.60', '0.60', '0.00', '0.00', '0.00', '0.00', 0, 0, 20, 0, 0, 0, '0.00', 0, 1, '', 1, 0, 0, 0, '0.00', NULL),
(84, 9000000000008201, 160548174019907002, NULL, 3, '测试水厂1号', 2, 'sllsll', '771880522@qq.com', 13823191262, 1494830019, 'predeposit', 1494830024, 0, '0.10', '0.10', '0.00', '0.10', '0.00', '0.00', 0, 0, 20, 0, 0, 0, '0.00', 0, 1, '', 1, 0, 0, 0, '0.00', NULL),
(85, 9000000000008301, 970548174032885002, NULL, 2, '测试水厂店铺', 2, 'sllsll', '771880522@qq.com', 13823191262, 1494830032, 'sbpay', 1494830037, 0, '0.10', '0.10', '0.00', '0.00', '0.10', '0.00', 0, 0, 20, 0, 0, 0, '0.00', 0, 1, '', 1, 0, 0, 0, '0.00', NULL),
(86, 9000000000008401, 780548174508122002, NULL, 3, '测试水厂1号', 2, 'sllsll', '771880522@qq.com', 13823191262, 1494830508, 'predeposit', 1494831356, 0, '0.10', '0.10', '0.00', '0.10', '0.00', '0.00', 0, 0, 20, 0, 0, 0, '0.00', 0, 1, '', 1, 0, 0, 0, '0.00', NULL),
(87, 9000000000008501, 310548174897606002, NULL, 3, '测试水厂1号', 2, 'sllsll', '771880522@qq.com', 13823191262, 1494830897, 'offline', 0, 0, '0.10', '0.10', '0.00', '0.00', '0.00', '0.00', 0, 0, 20, 0, 0, 0, '0.00', 0, 1, '', 1, 0, 0, 0, '0.00', NULL),
(88, 9000000000008601, 980548174929001002, NULL, 3, '测试水厂1号', 2, 'sllsll', '771880522@qq.com', 13823191262, 1494830928, 'predeposit', 1494830932, 0, '0.10', '0.10', '0.00', '0.10', '0.00', '0.00', 0, 0, 20, 0, 0, 0, '0.00', 0, 1, '', 1, 0, 0, 0, '0.00', NULL),
(89, 9000000000008701, 130548174941357002, NULL, 2, '测试水厂店铺', 2, 'sllsll', '771880522@qq.com', 13823191262, 1494830941, 'predeposit', 1494830944, 0, '0.10', '0.10', '0.00', '0.10', '0.00', '0.00', 0, 0, 20, 0, 0, 0, '0.00', 0, 1, '', 1, 0, 0, 0, '0.00', NULL),
(90, 9000000000008801, 460548174962863002, NULL, 2, '测试水厂店铺', 2, 'sllsll', '771880522@qq.com', 13823191262, 1494830962, 'predeposit', 1494831030, 0, '0.10', '0.10', '0.00', '0.10', '0.00', '0.00', 0, 0, 20, 0, 0, 0, '0.00', 0, 1, '', 1, 0, 0, 0, '0.00', NULL),
(91, 9000000000008901, 100548175041579002, NULL, 3, '测试水厂1号', 2, 'sllsll', '771880522@qq.com', 13823191262, 1494831041, 'predeposit', 1494831071, 0, '0.10', '0.10', '0.00', '0.10', '0.00', '0.00', 0, 0, 20, 0, 0, 0, '0.00', 0, 1, '', 1, 0, 0, 0, '0.00', NULL),
(92, 9000000000009001, 450548175080863002, NULL, 3, '测试水厂1号', 2, 'sllsll', '771880522@qq.com', 13823191262, 1494831080, 'predeposit', 1494831087, 0, '0.10', '0.10', '0.00', '0.10', '0.00', '0.00', 0, 0, 20, 0, 0, 0, '0.00', 0, 1, '', 1, 0, 0, 0, '0.00', NULL),
(93, 9000000000009101, 730548175305016002, NULL, 3, '测试水厂1号', 2, 'sllsll', '771880522@qq.com', 13823191262, 1494831304, 'sbpay', 1494831310, 0, '0.10', '0.10', '0.00', '0.00', '0.10', '0.00', 0, 0, 20, 0, 0, 0, '0.00', 0, 1, '', 1, 0, 0, 0, '0.00', NULL),
(94, 9000000000009201, 790548175338659002, NULL, 2, '测试水厂店铺', 2, 'sllsll', '771880522@qq.com', 13823191262, 1494831338, 'offline', 0, 0, '0.10', '0.10', '0.00', '0.00', '0.00', '0.00', 0, 0, 20, 0, 0, 0, '0.00', 0, 1, '', 1, 0, 0, 0, '0.00', NULL),
(95, 9000000000009301, 600548175447275002, NULL, 3, '测试水厂1号', 2, 'sllsll', '771880522@qq.com', 13823191262, 1494831447, 'predeposit', 1494831600, 0, '0.10', '0.10', '0.00', '0.10', '0.00', '0.00', 0, 0, 20, 0, 0, 0, '0.00', 0, 1, '', 1, 0, 0, 0, '0.00', NULL),
(96, 9000000000009401, 680548178046717002, NULL, 3, '测试水厂1号', 2, 'sllsll', '771880522@qq.com', 13823191262, 1494834046, 'online', 0, 0, '0.10', '0.10', '0.00', '0.00', '0.00', '0.00', 0, 0, 10, 0, 0, 0, '0.00', 0, 1, '', 1, 0, 0, 0, '0.00', NULL),
(97, 9000000000009501, 600548179166493002, NULL, 3, '测试水厂1号', 2, 'sllsll', '771880522@qq.com', 13823191262, 1494835166, 'online', 0, 0, '0.10', '0.10', '0.00', '0.00', '0.00', '0.00', 0, 0, 10, 0, 0, 0, '0.00', 0, 1, '', 1, 0, 0, 0, '0.00', NULL),
(98, 9000000000009601, 310548179344878002, NULL, 3, '测试水厂1号', 2, 'sllsll', '771880522@qq.com', 13823191262, 1494835344, 'online', 0, 0, '0.10', '0.10', '0.00', '0.00', '0.00', '0.00', 0, 0, 10, 0, 0, 0, '0.00', 0, 1, '', 1, 0, 0, 0, '0.00', NULL),
(99, 9000000000009701, 830548179728268002, NULL, 3, '测试水厂1号', 2, 'sllsll', '771880522@qq.com', 13823191262, 1494835728, 'online', 0, 0, '0.10', '0.10', '0.00', '0.00', '0.00', '0.00', 0, 0, 10, 0, 0, 0, '0.00', 0, 1, '', 1, 0, 0, 0, '0.00', NULL),
(100, 9000000000009801, 740548179978705002, NULL, 3, '测试水厂1号', 2, 'sllsll', '771880522@qq.com', 13823191262, 1494835978, 'predeposit', 1494835983, 0, '0.10', '0.10', '0.00', '0.10', '0.00', '0.00', 0, 0, 20, 0, 0, 0, '0.00', 0, 1, '', 1, 0, 0, 0, '0.00', NULL),
(101, 9000000000009901, 320548180000938002, NULL, 3, '测试水厂1号', 2, 'sllsll', '771880522@qq.com', 13823191262, 1494836000, 'predeposit', 1494836004, 0, '0.10', '0.10', '0.00', '0.10', '0.00', '0.00', 0, 0, 20, 0, 0, 0, '0.00', 0, 1, '', 1, 0, 0, 0, '0.00', NULL),
(102, 9000000000010001, 210548180719416002, NULL, 3, '测试水厂1号', 2, 'sllsll', '771880522@qq.com', 13823191262, 1494836719, 'online', 0, 0, '0.10', '0.10', '0.00', '0.00', '0.00', '0.00', 0, 0, 10, 0, 0, 0, '0.00', 0, 1, '', 1, 0, 0, 0, '0.00', NULL),
(103, 9000000000010101, 680548181743625002, NULL, 3, '测试水厂1号', 2, 'sllsll', '771880522@qq.com', 13823191262, 1494837743, 'online', 0, 0, '0.10', '0.10', '0.00', '0.00', '0.00', '0.00', 0, 0, 10, 0, 0, 0, '0.00', 0, 1, '', 1, 0, 0, 0, '0.00', NULL),
(104, 9000000000010201, 630548181855161002, NULL, 3, '测试水厂1号', 2, 'sllsll', '771880522@qq.com', 13823191262, 1494837855, 'online', 0, 0, '0.10', '0.10', '0.00', '0.00', '0.00', '0.00', 0, 0, 10, 0, 0, 0, '0.00', 0, 1, '', 1, 0, 0, 0, '0.00', NULL),
(105, 9000000000010301, 340548181940980002, NULL, 3, '测试水厂1号', 2, 'sllsll', '771880522@qq.com', 13823191262, 1494837940, 'online', 0, 0, '0.10', '0.10', '0.00', '0.00', '0.00', '0.00', 0, 0, 10, 0, 0, 0, '0.00', 0, 1, '', 1, 0, 0, 0, '0.00', NULL),
(106, 9000000000010401, 990548182433672002, NULL, 3, '测试水厂1号', 2, 'sllsll', '771880522@qq.com', 13823191262, 1494838433, 'online', 0, 0, '0.10', '0.10', '0.00', '0.00', '0.00', '0.00', 0, 0, 10, 0, 0, 0, '0.00', 0, 1, '', 1, 0, 0, 0, '0.00', NULL),
(107, 9000000000010501, 810548182887156002, NULL, 3, '测试水厂1号', 2, 'sllsll', '771880522@qq.com', 13823191262, 1494838887, 'online', 0, 0, '0.10', '0.10', '0.00', '0.00', '0.00', '0.00', 0, 0, 10, 0, 0, 0, '0.00', 0, 1, '', 1, 0, 0, 0, '0.00', NULL),
(108, 9000000000010601, 120548183094337002, NULL, 3, '测试水厂1号', 2, 'sllsll', '771880522@qq.com', 13823191262, 1494839094, 'online', 0, 0, '0.10', '0.10', '0.00', '0.00', '0.00', '0.00', 0, 0, 10, 0, 0, 0, '0.00', 0, 1, '', 1, 0, 0, 0, '0.00', NULL),
(109, 9000000000010701, 320548183563713002, NULL, 3, '测试水厂1号', 2, 'sllsll', '771880522@qq.com', 13823191262, 1494839563, 'online', 0, 0, '0.10', '0.10', '0.00', '0.00', '0.00', '0.00', 0, 0, 10, 0, 0, 0, '0.00', 0, 1, '', 1, 0, 0, 0, '0.00', NULL),
(110, 9000000000010801, 620548184891136002, NULL, 3, '测试水厂1号', 2, 'sllsll', '771880522@qq.com', 13823191262, 1494840891, 'online', 0, 0, '0.10', '0.10', '0.00', '0.00', '0.00', '0.00', 0, 0, 10, 0, 0, 0, '0.00', 0, 1, '', 1, 0, 0, 0, '0.00', NULL),
(111, 9000000000010901, 760548185181808002, NULL, 3, '测试水厂1号', 2, 'sllsll', '771880522@qq.com', 13823191262, 1494841181, 'online', 0, 0, '0.10', '0.10', '0.00', '0.00', '0.00', '0.00', 0, 0, 10, 0, 0, 0, '0.00', 0, 1, '', 1, 0, 0, 0, '0.00', NULL),
(112, 9000000000011001, 210548185486517002, NULL, 2, '测试水厂店铺', 2, 'sllsll', '771880522@qq.com', 13823191262, 1494841486, 'online', 0, 0, '0.20', '0.20', '0.00', '0.00', '0.00', '0.00', 0, 0, 10, 0, 0, 0, '0.00', 0, 1, '', 1, 0, 0, 0, '0.00', NULL),
(113, 9000000000011101, 500548185497248002, NULL, 2, '测试水厂店铺', 2, 'sllsll', '771880522@qq.com', 13823191262, 1494841497, 'online', 0, 0, '0.10', '0.10', '0.00', '0.00', '0.00', '0.00', 0, 0, 10, 0, 0, 0, '0.00', 0, 1, '', 1, 0, 0, 0, '0.00', NULL),
(114, 9000000000011201, 610548185521414002, NULL, 2, '测试水厂店铺', 2, 'sllsll', '771880522@qq.com', 13823191262, 1494841521, 'online', 0, 0, '0.80', '0.80', '0.00', '0.00', '0.00', '0.00', 0, 0, 10, 0, 0, 0, '0.00', 0, 1, '', 1, 0, 0, 0, '0.00', NULL),
(115, 9000000000011301, 730548185688530002, NULL, 3, '测试水厂1号', 2, 'sllsll', '771880522@qq.com', 13823191262, 1494841688, 'online', 0, 0, '0.10', '0.10', '0.00', '0.00', '0.00', '0.00', 0, 0, 10, 0, 0, 0, '0.00', 0, 1, '', 1, 0, 0, 0, '0.00', NULL),
(116, 9000000000011401, 310548185814199002, NULL, 3, '测试水厂1号', 2, 'sllsll', '771880522@qq.com', 13823191262, 1494841814, 'online', 0, 0, '0.10', '0.10', '0.00', '0.00', '0.00', '0.00', 0, 0, 10, 0, 0, 0, '0.00', 0, 1, '', 1, 0, 0, 0, '0.00', NULL),
(117, 9000000000011501, 300548185998769002, NULL, 3, '测试水厂1号', 2, 'sllsll', '771880522@qq.com', 13823191262, 1494841998, 'online', 0, 0, '0.10', '0.10', '0.00', '0.00', '0.00', '0.00', 0, 0, 10, 0, 0, 0, '0.00', 0, 1, '', 1, 0, 0, 0, '0.00', NULL),
(118, 9000000000011601, 800548186265147002, NULL, 3, '测试水厂1号', 2, 'sllsll', '771880522@qq.com', 13823191262, 1494842265, 'sbpay', 1494842269, 0, '0.10', '0.10', '0.00', '0.00', '0.10', '0.00', 0, 0, 20, 0, 0, 0, '0.00', 0, 1, '', 1, 0, 0, 0, '0.00', NULL),
(119, 9000000000011701, 190548186459507002, NULL, 3, '测试水厂1号', 2, 'sllsll', '771880522@qq.com', 13823191262, 1494842459, 'predeposit', 1494842466, 0, '0.10', '0.10', '0.00', '0.10', '0.00', '0.00', 0, 0, 20, 0, 0, 0, '0.00', 0, 1, '', 1, 0, 0, 0, '0.00', NULL),
(120, 9000000000011801, 920548186488525002, NULL, 3, '测试水厂1号', 2, 'sllsll', '771880522@qq.com', 13823191262, 1494842488, 'predeposit', 1494842493, 0, '0.10', '0.10', '0.00', '0.10', '0.00', '0.00', 0, 0, 20, 0, 0, 0, '0.00', 0, 1, '', 1, 0, 0, 0, '0.00', NULL),
(121, 9000000000011901, 960548186608093002, NULL, 2, '测试水厂店铺', 2, 'sllsll', '771880522@qq.com', 13823191262, 1494842607, 'online', 0, 0, '0.10', '0.10', '0.00', '0.00', '0.00', '0.00', 0, 0, 10, 0, 0, 0, '0.00', 0, 1, '', 1, 0, 0, 0, '0.00', NULL),
(122, 9000000000012001, 600548186648371002, NULL, 3, '测试水厂1号', 2, 'sllsll', '771880522@qq.com', 13823191262, 1494842648, 'online', 0, 0, '0.10', '0.10', '0.00', '0.00', '0.00', '0.00', 0, 0, 10, 0, 0, 0, '0.00', 0, 1, '', 1, 0, 0, 0, '0.00', NULL),
(123, 9000000000012101, 650548186782600002, NULL, 3, '测试水厂1号', 2, 'sllsll', '771880522@qq.com', 13823191262, 1494842782, 'online', 0, 0, '0.10', '0.10', '0.00', '0.00', '0.00', '0.00', 0, 0, 10, 0, 0, 0, '0.00', 0, 1, '', 1, 0, 0, 0, '0.00', NULL),
(124, 9000000000012201, 990548186787992002, NULL, 3, '测试水厂1号', 2, 'sllsll', '771880522@qq.com', 13823191262, 1494842787, 'online', 0, 0, '0.10', '0.10', '0.00', '0.00', '0.00', '0.00', 0, 0, 10, 0, 0, 0, '0.00', 0, 1, '', 1, 0, 0, 0, '0.00', NULL),
(125, 9000000000012301, 590548186788678002, NULL, 3, '测试水厂1号', 2, 'sllsll', '771880522@qq.com', 13823191262, 1494842788, 'online', 0, 0, '0.10', '0.10', '0.00', '0.00', '0.00', '0.00', 0, 0, 10, 0, 0, 0, '0.00', 0, 1, '', 1, 0, 0, 0, '0.00', NULL),
(126, 9000000000012401, 620548186791152002, NULL, 3, '测试水厂1号', 2, 'sllsll', '771880522@qq.com', 13823191262, 1494842791, 'online', 0, 0, '0.10', '0.10', '0.00', '0.00', '0.00', '0.00', 0, 0, 10, 0, 0, 0, '0.00', 0, 1, '', 1, 0, 0, 0, '0.00', NULL),
(127, 9000000000012501, 570548186793623002, NULL, 3, '测试水厂1号', 2, 'sllsll', '771880522@qq.com', 13823191262, 1494842793, 'online', 0, 0, '0.10', '0.10', '0.00', '0.00', '0.00', '0.00', 0, 0, 10, 0, 0, 0, '0.00', 0, 1, '', 1, 0, 0, 0, '0.00', NULL),
(128, 9000000000012601, 630548186858423002, NULL, 3, '测试水厂1号', 2, 'sllsll', '771880522@qq.com', 13823191262, 1494842858, 'predeposit', 1494842862, 0, '0.10', '0.10', '0.00', '0.10', '0.00', '0.00', 0, 0, 20, 0, 0, 0, '0.00', 0, 1, '', 1, 0, 0, 0, '0.00', NULL),
(129, 9000000000012701, 100548186921048002, NULL, 3, '测试水厂1号', 2, 'sllsll', '771880522@qq.com', 13823191262, 1494842920, 'predeposit', 1494842925, 0, '0.10', '0.10', '0.00', '0.10', '0.00', '0.00', 0, 0, 20, 0, 0, 0, '0.00', 0, 1, '', 1, 0, 0, 0, '0.00', NULL),
(130, 9000000000012801, 960548186964044002, NULL, 3, '测试水厂1号', 2, 'sllsll', '771880522@qq.com', 13823191262, 1494842963, 'sbpay', 1494842967, 0, '0.10', '0.10', '0.00', '0.00', '0.10', '0.00', 0, 0, 20, 0, 0, 0, '0.00', 0, 1, '', 1, 0, 0, 0, '0.00', NULL),
(131, 9000000000012901, 570548187019349002, NULL, 3, '测试水厂1号', 2, 'sllsll', '771880522@qq.com', 13823191262, 1494843019, 'online', 0, 0, '0.10', '0.10', '0.00', '0.00', '0.00', '0.00', 0, 0, 10, 0, 0, 0, '0.00', 0, 1, '', 1, 0, 0, 0, '0.00', NULL),
(132, 9000000000013001, 270548187059288002, NULL, 3, '测试水厂1号', 2, 'sllsll', '771880522@qq.com', 13823191262, 1494843059, 'online', 0, 0, '1.00', '1.00', '0.00', '0.00', '0.00', '0.00', 0, 0, 10, 0, 0, 0, '0.00', 0, 1, '', 1, 0, 0, 0, '0.00', NULL),
(133, 9000000000013101, 350548187087456002, NULL, 3, '测试水厂1号', 2, 'sllsll', '771880522@qq.com', 13823191262, 1494843087, 'sbpay', 1494843090, 0, '0.10', '0.10', '0.00', '0.00', '0.10', '0.00', 0, 0, 20, 0, 0, 0, '0.00', 0, 1, '', 1, 0, 0, 0, '0.00', NULL),
(134, 9000000000013201, 880548190988388002, NULL, 3, '测试水厂1号', 2, 'sllsll', '771880522@qq.com', 13823191262, 1494846988, 'online', 0, 0, '0.10', '0.10', '0.00', '0.00', '0.00', '0.00', 0, 0, 10, 0, 0, 0, '0.00', 0, 1, '', 1, 0, 0, 0, '0.00', NULL),
(135, 9000000000013301, 640548191124311002, NULL, 3, '测试水厂1号', 2, 'sllsll', '771880522@qq.com', 13823191262, 1494847124, 'online', 0, 0, '0.10', '0.10', '0.00', '0.00', '0.00', '0.00', 0, 0, 10, 0, 0, 0, '0.00', 0, 1, '', 1, 0, 0, 0, '0.00', NULL);

-- --------------------------------------------------------

--
-- 表的结构 `33hao_order_bill`
--

CREATE TABLE IF NOT EXISTS `33hao_order_bill` (
  `ob_id` int(10) unsigned NOT NULL AUTO_INCREMENT COMMENT '主键ID作为新结算单编号',
  `ob_no` int(11) DEFAULT '0' COMMENT '结算单编号(年月店铺ID)',
  `ob_start_date` int(11) NOT NULL COMMENT '开始日期',
  `ob_end_date` int(11) NOT NULL COMMENT '结束日期',
  `ob_order_totals` decimal(10,2) NOT NULL DEFAULT '0.00' COMMENT '订单金额',
  `ob_shipping_totals` decimal(10,2) NOT NULL DEFAULT '0.00' COMMENT '运费',
  `ob_order_return_totals` decimal(10,2) NOT NULL DEFAULT '0.00' COMMENT '退单金额',
  `ob_commis_totals` decimal(10,2) NOT NULL DEFAULT '0.00' COMMENT '佣金金额',
  `ob_commis_return_totals` decimal(10,2) NOT NULL DEFAULT '0.00' COMMENT '退还佣金',
  `ob_store_cost_totals` decimal(10,2) NOT NULL DEFAULT '0.00' COMMENT '店铺促销活动费用',
  `ob_result_totals` decimal(10,2) NOT NULL DEFAULT '0.00' COMMENT '应结金额',
  `ob_create_date` int(11) DEFAULT '0' COMMENT '生成结算单日期',
  `os_month` mediumint(6) unsigned DEFAULT NULL COMMENT '出账单应结时间,ob_end_date+1所在月(年月份)',
  `ob_state` enum('1','2','3','4') DEFAULT '1' COMMENT '1默认2店家已确认3平台已审核4结算完成',
  `ob_pay_date` int(11) DEFAULT '0' COMMENT '付款日期',
  `ob_pay_content` varchar(200) DEFAULT '' COMMENT '支付备注',
  `ob_store_id` int(11) NOT NULL COMMENT '店铺ID',
  `ob_store_name` varchar(50) DEFAULT NULL COMMENT '店铺名',
  `ob_order_book_totals` decimal(10,2) NOT NULL DEFAULT '0.00' COMMENT '被关闭的预定订单的实收总金额',
  `ob_rpt_amount` decimal(10,2) unsigned NOT NULL DEFAULT '0.00' COMMENT '下单时使用的红包值',
  `ob_rf_rpt_amount` decimal(10,2) unsigned NOT NULL DEFAULT '0.00' COMMENT '全部退款时红包值',
  `ob_sb_amount` decimal(10,2) unsigned NOT NULL DEFAULT '0.00' COMMENT '水币',
  PRIMARY KEY (`ob_id`)
) ENGINE=InnoDB  DEFAULT CHARSET=utf8 COMMENT='结算表' AUTO_INCREMENT=2 ;

--
-- 转存表中的数据 `33hao_order_bill`
--

INSERT INTO `33hao_order_bill` (`ob_id`, `ob_no`, `ob_start_date`, `ob_end_date`, `ob_order_totals`, `ob_shipping_totals`, `ob_order_return_totals`, `ob_commis_totals`, `ob_commis_return_totals`, `ob_store_cost_totals`, `ob_result_totals`, `ob_create_date`, `os_month`, `ob_state`, `ob_pay_date`, `ob_pay_content`, `ob_store_id`, `ob_store_name`, `ob_order_book_totals`, `ob_rpt_amount`, `ob_rf_rpt_amount`, `ob_sb_amount`) VALUES
(1, 0, 1490976000, 1493567999, '0.40', '0.00', '0.00', '0.00', '0.00', '0.00', '0.20', 1494386951, 201705, '1', 0, '', 2, '测试水厂店铺', '0.00', '0.00', '0.00', '0.20');

-- --------------------------------------------------------

--
-- 表的结构 `33hao_order_book`
--

CREATE TABLE IF NOT EXISTS `33hao_order_book` (
  `book_id` int(10) unsigned NOT NULL AUTO_INCREMENT COMMENT '主键',
  `book_order_id` int(11) DEFAULT NULL COMMENT '订单ID',
  `book_step` tinyint(4) DEFAULT NULL COMMENT '预定时段,值为1 or 2,0为不分时段，全款支付',
  `book_amount` decimal(10,2) unsigned DEFAULT '0.00' COMMENT '定金or尾款金额',
  `book_pd_amount` decimal(10,2) unsigned DEFAULT '0.00' COMMENT '预存款支付金额',
  `book_rcb_amount` decimal(10,2) unsigned DEFAULT '0.00' COMMENT '充值卡支付金额',
  `book_pay_name` varchar(10) DEFAULT NULL COMMENT '支付方式(文字)',
  `book_trade_no` varchar(40) DEFAULT NULL COMMENT '第三方平台交易号',
  `book_pay_time` int(11) DEFAULT '0' COMMENT '支付时间',
  `book_end_time` int(11) DEFAULT '0' COMMENT '时段1:订单自动取消时间,时段2:时段结束时间',
  `book_buyer_phone` bigint(20) DEFAULT NULL COMMENT '买家接收尾款交款通知的手机,只在第2时段有值即可',
  `book_deposit_amount` decimal(10,2) unsigned DEFAULT '0.00' COMMENT '定金金额,只在全款支付时有值即可',
  `book_pay_notice` tinyint(4) DEFAULT '0' COMMENT '0未通知1已通知,该字段只对尾款时段有效',
  `book_real_pay` decimal(10,2) DEFAULT '0.00' COMMENT '订单被取消后最终支付金额（平台收款金额）',
  `book_cancel_time` int(11) DEFAULT '0' COMMENT '订单被取消时间,结算用,只有book_step是0或1时有值',
  `book_store_id` int(11) DEFAULT '0' COMMENT '商家 ID,只有book_step是0或1时有值即可',
  PRIMARY KEY (`book_id`)
) ENGINE=InnoDB DEFAULT CHARSET=utf8 COMMENT='预定订单时段详细内容表' AUTO_INCREMENT=1 ;

-- --------------------------------------------------------

--
-- 表的结构 `33hao_order_common`
--

CREATE TABLE IF NOT EXISTS `33hao_order_common` (
  `order_id` int(11) NOT NULL COMMENT '订单索引id',
  `store_id` int(10) unsigned NOT NULL COMMENT '店铺ID',
  `shipping_time` int(10) unsigned NOT NULL DEFAULT '0' COMMENT '配送时间',
  `shipping_express_id` tinyint(1) NOT NULL DEFAULT '0' COMMENT '配送公司ID',
  `evaluation_time` int(10) unsigned NOT NULL DEFAULT '0' COMMENT '评价时间',
  `evalseller_time` int(10) unsigned DEFAULT NULL COMMENT '卖家评价买家的时间',
  `order_message` varchar(300) DEFAULT NULL COMMENT '订单留言',
  `order_pointscount` int(11) NOT NULL DEFAULT '0' COMMENT '订单赠送积分',
  `voucher_price` int(11) DEFAULT NULL COMMENT '代金券面额',
  `voucher_code` varchar(32) DEFAULT NULL COMMENT '代金券编码',
  `deliver_explain` text COMMENT '发货备注',
  `daddress_id` mediumint(9) NOT NULL DEFAULT '0' COMMENT '发货地址ID',
  `reciver_name` varchar(50) NOT NULL COMMENT '收货人姓名',
  `reciver_info` varchar(500) NOT NULL COMMENT '收货人其它信息',
  `reciver_province_id` mediumint(8) unsigned NOT NULL DEFAULT '0' COMMENT '收货人省级ID',
  `reciver_city_id` mediumint(8) unsigned NOT NULL DEFAULT '0' COMMENT '收货人市级ID',
  `invoice_info` varchar(500) DEFAULT '' COMMENT '发票信息',
  `promotion_info` varchar(800) DEFAULT '' COMMENT '促销信息备注',
  `dlyo_pickup_code` varchar(6) DEFAULT NULL COMMENT '提货码',
  `promotion_total` decimal(10,2) DEFAULT '0.00' COMMENT '订单总优惠金额（代金券，满减，平台红包）',
  `discount` tinyint(4) DEFAULT '0' COMMENT '会员折扣x%',
  PRIMARY KEY (`order_id`)
) ENGINE=InnoDB DEFAULT CHARSET=utf8 COMMENT='订单信息扩展表';

--
-- 转存表中的数据 `33hao_order_common`
--

INSERT INTO `33hao_order_common` (`order_id`, `store_id`, `shipping_time`, `shipping_express_id`, `evaluation_time`, `evalseller_time`, `order_message`, `order_pointscount`, `voucher_price`, `voucher_code`, `deliver_explain`, `daddress_id`, `reciver_name`, `reciver_info`, `reciver_province_id`, `reciver_city_id`, `invoice_info`, `promotion_info`, `dlyo_pickup_code`, `promotion_total`, `discount`) VALUES
(1, 2, 0, 0, 0, NULL, '', 0, NULL, NULL, NULL, 0, 'lin', 'a:6:{s:5:"phone";s:11:"13823191262";s:9:"mob_phone";s:11:"13823191262";s:9:"tel_phone";s:0:"";s:7:"address";s:35:"广东 深圳市 罗湖区 aaaaaaaa";s:4:"area";s:26:"广东 深圳市 罗湖区";s:6:"street";s:8:"aaaaaaaa";}', 0, 291, 'a:0:{}', '', NULL, '0.00', 0),
(2, 2, 0, 0, 0, NULL, '', 0, NULL, NULL, NULL, 0, 'lin', 'a:6:{s:5:"phone";s:11:"13823191262";s:9:"mob_phone";s:11:"13823191262";s:9:"tel_phone";s:0:"";s:7:"address";s:35:"广东 深圳市 罗湖区 aaaaaaaa";s:4:"area";s:26:"广东 深圳市 罗湖区";s:6:"street";s:8:"aaaaaaaa";}', 0, 291, 'a:0:{}', '', NULL, '0.00', 0),
(3, 2, 0, 0, 0, NULL, '', 0, NULL, NULL, NULL, 0, '公司的复苏', 'a:6:{s:5:"phone";s:11:"15144789962";s:9:"mob_phone";s:11:"15144789962";s:9:"tel_phone";s:0:"";s:7:"address";s:36:"天津 天津市 河东区 等发达";s:4:"area";s:26:"天津 天津市 河东区";s:6:"street";s:9:"等发达";}', 0, 40, 'a:0:{}', '', NULL, '0.00', 0),
(4, 2, 0, 0, 0, NULL, '', 0, NULL, NULL, NULL, 0, '公司的复苏', 'a:6:{s:5:"phone";s:11:"15144789962";s:9:"mob_phone";s:11:"15144789962";s:9:"tel_phone";s:0:"";s:7:"address";s:36:"天津 天津市 河东区 等发达";s:4:"area";s:26:"天津 天津市 河东区";s:6:"street";s:9:"等发达";}', 0, 40, 'a:0:{}', '', NULL, '0.00', 0),
(5, 2, 0, 0, 0, NULL, '', 0, NULL, NULL, NULL, 0, '公司的复苏', 'a:6:{s:5:"phone";s:11:"15144789962";s:9:"mob_phone";s:11:"15144789962";s:9:"tel_phone";s:0:"";s:7:"address";s:36:"天津 天津市 河东区 等发达";s:4:"area";s:26:"天津 天津市 河东区";s:6:"street";s:9:"等发达";}', 0, 40, 'a:0:{}', '', NULL, '0.00', 0),
(7, 2, 0, 0, 0, NULL, '', 0, NULL, NULL, NULL, 0, '公司的复苏', 'a:6:{s:5:"phone";s:11:"15144789962";s:9:"mob_phone";s:11:"15144789962";s:9:"tel_phone";s:0:"";s:7:"address";s:36:"天津 天津市 河东区 等发达";s:4:"area";s:26:"天津 天津市 河东区";s:6:"street";s:9:"等发达";}', 0, 40, 'a:0:{}', '', NULL, '0.00', 0),
(8, 2, 0, 0, 0, NULL, '', 0, NULL, NULL, NULL, 0, '公司的复苏', 'a:6:{s:5:"phone";s:11:"15144789962";s:9:"mob_phone";s:11:"15144789962";s:9:"tel_phone";s:0:"";s:7:"address";s:36:"天津 天津市 河东区 等发达";s:4:"area";s:26:"天津 天津市 河东区";s:6:"street";s:9:"等发达";}', 0, 40, 'a:0:{}', '', NULL, '0.00', 0),
(9, 2, 0, 0, 0, NULL, '', 0, NULL, NULL, NULL, 0, '公司的复苏', 'a:6:{s:5:"phone";s:11:"15144789962";s:9:"mob_phone";s:11:"15144789962";s:9:"tel_phone";s:0:"";s:7:"address";s:36:"天津 天津市 河东区 等发达";s:4:"area";s:26:"天津 天津市 河东区";s:6:"street";s:9:"等发达";}', 0, 40, 'a:0:{}', '', NULL, '0.00', 0),
(10, 2, 0, 0, 0, NULL, '', 0, NULL, NULL, NULL, 1, '公司的复苏', 'a:6:{s:5:"phone";s:11:"15144789962";s:9:"mob_phone";s:11:"15144789962";s:9:"tel_phone";s:0:"";s:7:"address";s:36:"天津 天津市 河东区 等发达";s:4:"area";s:26:"天津 天津市 河东区";s:6:"street";s:9:"等发达";}', 0, 40, 'a:0:{}', '', NULL, '0.00', 0),
(11, 2, 0, 0, 0, NULL, '', 0, NULL, NULL, NULL, 0, '公司的复苏', 'a:6:{s:5:"phone";s:11:"15144789962";s:9:"mob_phone";s:11:"15144789962";s:9:"tel_phone";s:0:"";s:7:"address";s:36:"天津 天津市 河东区 等发达";s:4:"area";s:26:"天津 天津市 河东区";s:6:"street";s:9:"等发达";}', 0, 40, 'a:0:{}', '', NULL, '0.00', 0),
(12, 3, 1493950582, 0, 0, NULL, '', 0, NULL, NULL, '', 2, '公司的复苏', 'a:7:{s:7:"address";s:36:"天津 天津市 河东区 等发达";s:5:"phone";s:11:"15144789962";s:4:"area";s:26:"天津 天津市 河东区";s:6:"street";s:9:"等发达";s:9:"mob_phone";s:11:"15144789962";s:9:"tel_phone";s:0:"";s:4:"dlyp";s:0:"";}', 0, 40, 'a:0:{}', '', NULL, '0.00', 0),
(13, 3, 1493952878, 0, 0, NULL, '', 0, NULL, NULL, '', 2, '公司的复苏', 'a:7:{s:7:"address";s:36:"天津 天津市 河东区 等发达";s:5:"phone";s:11:"15144789962";s:4:"area";s:26:"天津 天津市 河东区";s:6:"street";s:9:"等发达";s:9:"mob_phone";s:11:"15144789962";s:9:"tel_phone";s:0:"";s:4:"dlyp";s:0:"";}', 0, 40, 'a:0:{}', '', NULL, '0.00', 0),
(14, 3, 0, 0, 0, NULL, '', 0, NULL, NULL, NULL, 0, '公司的复苏', 'a:6:{s:5:"phone";s:11:"15144789962";s:9:"mob_phone";s:11:"15144789962";s:9:"tel_phone";s:0:"";s:7:"address";s:36:"天津 天津市 河东区 等发达";s:4:"area";s:26:"天津 天津市 河东区";s:6:"street";s:9:"等发达";}', 0, 40, 'a:0:{}', '', NULL, '0.00', 0),
(15, 3, 0, 0, 0, NULL, '', 0, NULL, NULL, NULL, 0, '公司的复苏', 'a:6:{s:5:"phone";s:11:"15144789962";s:9:"mob_phone";s:11:"15144789962";s:9:"tel_phone";s:0:"";s:7:"address";s:36:"天津 天津市 河东区 等发达";s:4:"area";s:26:"天津 天津市 河东区";s:6:"street";s:9:"等发达";}', 0, 40, 'a:0:{}', '', NULL, '0.00', 0),
(16, 3, 0, 0, 0, NULL, '', 0, NULL, NULL, NULL, 0, '公司的复苏', 'a:6:{s:5:"phone";s:11:"15144789962";s:9:"mob_phone";s:11:"15144789962";s:9:"tel_phone";s:0:"";s:7:"address";s:36:"天津 天津市 河东区 等发达";s:4:"area";s:26:"天津 天津市 河东区";s:6:"street";s:9:"等发达";}', 0, 40, 'a:0:{}', '', NULL, '0.00', 0),
(17, 3, 0, 0, 0, NULL, '', 0, NULL, NULL, NULL, 0, '公司的复苏', 'a:6:{s:5:"phone";s:11:"15144789962";s:9:"mob_phone";s:11:"15144789962";s:9:"tel_phone";s:0:"";s:7:"address";s:36:"天津 天津市 河东区 等发达";s:4:"area";s:26:"天津 天津市 河东区";s:6:"street";s:9:"等发达";}', 0, 40, 'a:0:{}', '', NULL, '0.00', 0),
(18, 3, 0, 0, 0, NULL, '', 0, NULL, NULL, NULL, 0, '公司的复苏', 'a:6:{s:5:"phone";s:11:"15144789962";s:9:"mob_phone";s:11:"15144789962";s:9:"tel_phone";s:0:"";s:7:"address";s:36:"天津 天津市 河东区 等发达";s:4:"area";s:26:"天津 天津市 河东区";s:6:"street";s:9:"等发达";}', 0, 40, 'a:0:{}', '', NULL, '0.00', 0),
(19, 3, 0, 0, 0, NULL, '', 0, NULL, NULL, NULL, 0, '公司的复苏', 'a:6:{s:5:"phone";s:11:"15144789962";s:9:"mob_phone";s:11:"15144789962";s:9:"tel_phone";s:0:"";s:7:"address";s:36:"天津 天津市 河东区 等发达";s:4:"area";s:26:"天津 天津市 河东区";s:6:"street";s:9:"等发达";}', 0, 40, 'a:0:{}', '', NULL, '0.00', 0),
(20, 3, 0, 0, 0, NULL, '', 0, NULL, NULL, NULL, 0, '公司的复苏', 'a:6:{s:5:"phone";s:11:"15144789962";s:9:"mob_phone";s:11:"15144789962";s:9:"tel_phone";s:0:"";s:7:"address";s:36:"天津 天津市 河东区 等发达";s:4:"area";s:26:"天津 天津市 河东区";s:6:"street";s:9:"等发达";}', 0, 40, 'a:0:{}', '', NULL, '0.00', 0),
(21, 3, 0, 0, 0, NULL, '', 0, NULL, NULL, NULL, 0, '公司的复苏', 'a:6:{s:5:"phone";s:11:"15144789962";s:9:"mob_phone";s:11:"15144789962";s:9:"tel_phone";s:0:"";s:7:"address";s:36:"天津 天津市 河东区 等发达";s:4:"area";s:26:"天津 天津市 河东区";s:6:"street";s:9:"等发达";}', 0, 40, 'a:0:{}', '', NULL, '0.00', 0),
(22, 3, 0, 0, 0, NULL, '', 0, NULL, NULL, NULL, 0, '公司的复苏', 'a:6:{s:5:"phone";s:11:"15144789962";s:9:"mob_phone";s:11:"15144789962";s:9:"tel_phone";s:0:"";s:7:"address";s:36:"天津 天津市 河东区 等发达";s:4:"area";s:26:"天津 天津市 河东区";s:6:"street";s:9:"等发达";}', 0, 40, 'a:0:{}', '', NULL, '0.00', 0),
(23, 3, 0, 0, 0, NULL, '', 0, NULL, NULL, NULL, 0, 'lin', 'a:6:{s:5:"phone";s:11:"13823191262";s:9:"mob_phone";s:11:"13823191262";s:9:"tel_phone";s:0:"";s:7:"address";s:35:"广东 深圳市 罗湖区 aaaaaaaa";s:4:"area";s:26:"广东 深圳市 罗湖区";s:6:"street";s:8:"aaaaaaaa";}', 0, 291, 'a:0:{}', '', NULL, '0.00', 0),
(24, 2, 0, 0, 0, NULL, '', 0, NULL, NULL, NULL, 0, 'lin', 'a:6:{s:5:"phone";s:11:"13823191262";s:9:"mob_phone";s:11:"13823191262";s:9:"tel_phone";s:0:"";s:7:"address";s:35:"广东 深圳市 罗湖区 aaaaaaaa";s:4:"area";s:26:"广东 深圳市 罗湖区";s:6:"street";s:8:"aaaaaaaa";}', 0, 291, 'a:0:{}', '', NULL, '0.00', 0),
(25, 2, 0, 0, 0, NULL, '', 0, NULL, NULL, NULL, 1, 'lin', 'a:6:{s:5:"phone";s:11:"13823191262";s:9:"mob_phone";s:11:"13823191262";s:9:"tel_phone";s:0:"";s:7:"address";s:35:"广东 深圳市 罗湖区 aaaaaaaa";s:4:"area";s:26:"广东 深圳市 罗湖区";s:6:"street";s:8:"aaaaaaaa";}', 0, 291, 'a:0:{}', '', NULL, '0.00', 0),
(26, 2, 0, 0, 0, NULL, '', 0, NULL, NULL, NULL, 0, 'lin', 'a:6:{s:5:"phone";s:11:"13823191262";s:9:"mob_phone";s:11:"13823191262";s:9:"tel_phone";s:0:"";s:7:"address";s:35:"广东 深圳市 罗湖区 aaaaaaaa";s:4:"area";s:26:"广东 深圳市 罗湖区";s:6:"street";s:8:"aaaaaaaa";}', 0, 291, 'a:0:{}', '', NULL, '0.00', 0),
(27, 2, 1494658668, 0, 0, NULL, '', 0, NULL, NULL, '', 1, 'lin', 'a:7:{s:7:"address";s:35:"广东 深圳市 罗湖区 aaaaaaaa";s:5:"phone";s:11:"13823191262";s:4:"area";s:26:"广东 深圳市 罗湖区";s:6:"street";s:8:"aaaaaaaa";s:9:"mob_phone";s:11:"13823191262";s:9:"tel_phone";s:0:"";s:4:"dlyp";s:0:"";}', 0, 291, 'a:0:{}', '', NULL, '0.00', 0),
(28, 2, 1494233907, 0, 0, NULL, '', 0, NULL, NULL, '', 1, 'lin', 'a:7:{s:7:"address";s:35:"广东 深圳市 罗湖区 aaaaaaaa";s:5:"phone";s:11:"13823191262";s:4:"area";s:26:"广东 深圳市 罗湖区";s:6:"street";s:8:"aaaaaaaa";s:9:"mob_phone";s:11:"13823191262";s:9:"tel_phone";s:0:"";s:4:"dlyp";s:0:"";}', 0, 291, 'a:0:{}', '', NULL, '0.00', 0),
(29, 2, 0, 0, 0, NULL, '', 0, NULL, NULL, NULL, 0, '林冲', 'a:6:{s:5:"phone";s:11:"15158894526";s:9:"mob_phone";s:11:"15158894526";s:9:"tel_phone";s:0:"";s:7:"address";s:48:"山东 潍坊市 奎文区 泰然科技园204栋";s:4:"area";s:26:"山东 潍坊市 奎文区";s:6:"street";s:21:"泰然科技园204栋";}', 0, 229, 'a:0:{}', '', NULL, '0.00', 0),
(30, 2, 0, 0, 0, NULL, '', 0, NULL, NULL, NULL, 0, '林冲', 'a:6:{s:5:"phone";s:11:"15158894526";s:9:"mob_phone";s:11:"15158894526";s:9:"tel_phone";s:0:"";s:7:"address";s:48:"山东 潍坊市 奎文区 泰然科技园204栋";s:4:"area";s:26:"山东 潍坊市 奎文区";s:6:"street";s:21:"泰然科技园204栋";}', 0, 229, 'a:0:{}', '', NULL, '0.00', 0),
(31, 2, 0, 0, 0, NULL, '', 0, NULL, NULL, NULL, 0, '林冲', 'a:6:{s:5:"phone";s:11:"15158894526";s:9:"mob_phone";s:11:"15158894526";s:9:"tel_phone";s:0:"";s:7:"address";s:48:"山东 潍坊市 奎文区 泰然科技园204栋";s:4:"area";s:26:"山东 潍坊市 奎文区";s:6:"street";s:21:"泰然科技园204栋";}', 0, 229, 'a:0:{}', '', NULL, '0.00', 0),
(32, 2, 0, 0, 0, NULL, '', 0, NULL, NULL, NULL, 0, '林冲', 'a:6:{s:5:"phone";s:11:"15158894526";s:9:"mob_phone";s:11:"15158894526";s:9:"tel_phone";s:0:"";s:7:"address";s:48:"山东 潍坊市 奎文区 泰然科技园204栋";s:4:"area";s:26:"山东 潍坊市 奎文区";s:6:"street";s:21:"泰然科技园204栋";}', 0, 229, 'a:0:{}', '', NULL, '0.00', 0),
(33, 3, 0, 0, 0, NULL, '', 0, NULL, NULL, NULL, 0, '林冲', 'a:6:{s:5:"phone";s:11:"15158894526";s:9:"mob_phone";s:11:"15158894526";s:9:"tel_phone";s:0:"";s:7:"address";s:48:"山东 潍坊市 奎文区 泰然科技园204栋";s:4:"area";s:26:"山东 潍坊市 奎文区";s:6:"street";s:21:"泰然科技园204栋";}', 0, 229, 'a:0:{}', '', NULL, '0.00', 0),
(34, 2, 1494657399, 0, 0, NULL, '', 0, NULL, NULL, '', 1, '林冲', 'a:7:{s:7:"address";s:41:"广东 深圳市 罗湖区 丽园路88号";s:5:"phone";s:11:"13823191262";s:4:"area";s:26:"广东 深圳市 罗湖区";s:6:"street";s:14:"丽园路88号";s:9:"mob_phone";s:11:"13823191262";s:9:"tel_phone";s:0:"";s:4:"dlyp";s:0:"";}', 0, 291, 'a:0:{}', '', NULL, '0.00', 0),
(35, 2, 0, 0, 0, NULL, '', 0, NULL, NULL, NULL, 0, '林冲', 'a:6:{s:5:"phone";s:11:"13823191262";s:9:"mob_phone";s:11:"13823191262";s:9:"tel_phone";s:0:"";s:7:"address";s:41:"广东 深圳市 罗湖区 丽园路88号";s:4:"area";s:26:"广东 深圳市 罗湖区";s:6:"street";s:14:"丽园路88号";}', 0, 291, 'a:0:{}', '', NULL, '0.00', 0),
(36, 2, 0, 0, 0, NULL, '', 0, NULL, NULL, NULL, 0, '林冲', 'a:6:{s:5:"phone";s:11:"13823191262";s:9:"mob_phone";s:11:"13823191262";s:9:"tel_phone";s:0:"";s:7:"address";s:41:"广东 深圳市 罗湖区 丽园路88号";s:4:"area";s:26:"广东 深圳市 罗湖区";s:6:"street";s:14:"丽园路88号";}', 0, 291, 'a:0:{}', '', NULL, '0.00', 0),
(37, 3, 0, 0, 0, NULL, '', 0, NULL, NULL, NULL, 0, '林冲', 'a:6:{s:5:"phone";s:11:"13823191262";s:9:"mob_phone";s:11:"13823191262";s:9:"tel_phone";s:0:"";s:7:"address";s:41:"广东 深圳市 罗湖区 丽园路88号";s:4:"area";s:26:"广东 深圳市 罗湖区";s:6:"street";s:14:"丽园路88号";}', 0, 291, 'a:0:{}', '', NULL, '0.00', 0),
(38, 3, 0, 0, 0, NULL, '', 0, NULL, NULL, NULL, 0, '林冲', 'a:6:{s:5:"phone";s:11:"13823191262";s:9:"mob_phone";s:11:"13823191262";s:9:"tel_phone";s:0:"";s:7:"address";s:41:"广东 深圳市 罗湖区 丽园路88号";s:4:"area";s:26:"广东 深圳市 罗湖区";s:6:"street";s:14:"丽园路88号";}', 0, 291, 'a:0:{}', '', NULL, '0.00', 0),
(39, 3, 0, 0, 0, NULL, '', 0, NULL, NULL, NULL, 0, '林冲', 'a:6:{s:5:"phone";s:11:"13823191262";s:9:"mob_phone";s:11:"13823191262";s:9:"tel_phone";s:0:"";s:7:"address";s:41:"广东 深圳市 罗湖区 丽园路88号";s:4:"area";s:26:"广东 深圳市 罗湖区";s:6:"street";s:14:"丽园路88号";}', 0, 291, 'a:0:{}', '', NULL, '0.00', 0),
(40, 3, 0, 0, 0, NULL, '', 0, NULL, NULL, NULL, 0, '林冲', 'a:6:{s:5:"phone";s:11:"13823191262";s:9:"mob_phone";s:11:"13823191262";s:9:"tel_phone";s:0:"";s:7:"address";s:41:"广东 深圳市 罗湖区 丽园路88号";s:4:"area";s:26:"广东 深圳市 罗湖区";s:6:"street";s:14:"丽园路88号";}', 0, 291, 'a:0:{}', '', NULL, '0.00', 0),
(41, 3, 0, 0, 0, NULL, '', 0, NULL, NULL, NULL, 0, '林冲', 'a:6:{s:5:"phone";s:11:"13823191262";s:9:"mob_phone";s:11:"13823191262";s:9:"tel_phone";s:0:"";s:7:"address";s:41:"广东 深圳市 罗湖区 丽园路88号";s:4:"area";s:26:"广东 深圳市 罗湖区";s:6:"street";s:14:"丽园路88号";}', 0, 291, 'a:0:{}', '', NULL, '0.00', 0),
(42, 3, 0, 0, 0, NULL, '', 0, NULL, NULL, NULL, 0, '林冲', 'a:6:{s:5:"phone";s:11:"13823191262";s:9:"mob_phone";s:11:"13823191262";s:9:"tel_phone";s:0:"";s:7:"address";s:41:"广东 深圳市 罗湖区 丽园路88号";s:4:"area";s:26:"广东 深圳市 罗湖区";s:6:"street";s:14:"丽园路88号";}', 0, 291, 'a:0:{}', '', NULL, '0.00', 0),
(43, 2, 0, 0, 0, NULL, '', 0, NULL, NULL, NULL, 0, '林冲', 'a:6:{s:5:"phone";s:11:"13823191262";s:9:"mob_phone";s:11:"13823191262";s:9:"tel_phone";s:0:"";s:7:"address";s:41:"广东 深圳市 罗湖区 丽园路88号";s:4:"area";s:26:"广东 深圳市 罗湖区";s:6:"street";s:14:"丽园路88号";}', 0, 291, 'a:0:{}', '', NULL, '0.00', 0),
(44, 3, 0, 0, 0, NULL, '', 0, NULL, NULL, NULL, 0, '林冲', 'a:6:{s:5:"phone";s:11:"13823191262";s:9:"mob_phone";s:11:"13823191262";s:9:"tel_phone";s:0:"";s:7:"address";s:41:"广东 深圳市 罗湖区 丽园路88号";s:4:"area";s:26:"广东 深圳市 罗湖区";s:6:"street";s:14:"丽园路88号";}', 0, 291, 'a:0:{}', '', NULL, '0.00', 0),
(45, 2, 0, 0, 0, NULL, '', 0, NULL, NULL, NULL, 0, '林冲', 'a:6:{s:5:"phone";s:11:"13823191262";s:9:"mob_phone";s:11:"13823191262";s:9:"tel_phone";s:0:"";s:7:"address";s:41:"广东 深圳市 罗湖区 丽园路88号";s:4:"area";s:26:"广东 深圳市 罗湖区";s:6:"street";s:14:"丽园路88号";}', 0, 291, 'a:0:{}', '', NULL, '0.00', 0),
(46, 3, 0, 0, 0, NULL, '', 0, NULL, NULL, NULL, 0, '林冲', 'a:6:{s:5:"phone";s:11:"13823191262";s:9:"mob_phone";s:11:"13823191262";s:9:"tel_phone";s:0:"";s:7:"address";s:41:"广东 深圳市 罗湖区 丽园路88号";s:4:"area";s:26:"广东 深圳市 罗湖区";s:6:"street";s:14:"丽园路88号";}', 0, 291, 'a:0:{}', '', NULL, '0.00', 0),
(47, 3, 0, 0, 0, NULL, '', 0, NULL, NULL, NULL, 0, '林冲', 'a:6:{s:5:"phone";s:11:"13823191262";s:9:"mob_phone";s:11:"13823191262";s:9:"tel_phone";s:0:"";s:7:"address";s:41:"广东 深圳市 罗湖区 丽园路88号";s:4:"area";s:26:"广东 深圳市 罗湖区";s:6:"street";s:14:"丽园路88号";}', 0, 291, 'a:0:{}', '', NULL, '0.00', 0),
(48, 3, 0, 0, 0, NULL, '', 0, NULL, NULL, NULL, 0, '林冲', 'a:6:{s:5:"phone";s:11:"13823191262";s:9:"mob_phone";s:11:"13823191262";s:9:"tel_phone";s:0:"";s:7:"address";s:41:"广东 深圳市 罗湖区 丽园路88号";s:4:"area";s:26:"广东 深圳市 罗湖区";s:6:"street";s:14:"丽园路88号";}', 0, 291, 'a:0:{}', '', NULL, '0.00', 0),
(49, 3, 0, 0, 0, NULL, '', 0, NULL, NULL, NULL, 0, '林冲', 'a:6:{s:5:"phone";s:11:"13823191262";s:9:"mob_phone";s:11:"13823191262";s:9:"tel_phone";s:0:"";s:7:"address";s:41:"广东 深圳市 罗湖区 丽园路88号";s:4:"area";s:26:"广东 深圳市 罗湖区";s:6:"street";s:14:"丽园路88号";}', 0, 291, 'a:0:{}', '', NULL, '0.00', 0),
(50, 3, 0, 0, 0, NULL, '', 0, NULL, NULL, NULL, 0, '林冲', 'a:6:{s:5:"phone";s:11:"13823191262";s:9:"mob_phone";s:11:"13823191262";s:9:"tel_phone";s:0:"";s:7:"address";s:41:"广东 深圳市 罗湖区 丽园路88号";s:4:"area";s:26:"广东 深圳市 罗湖区";s:6:"street";s:14:"丽园路88号";}', 0, 291, 'a:0:{}', '', NULL, '0.00', 0),
(51, 3, 0, 0, 0, NULL, '', 0, NULL, NULL, NULL, 0, '林冲', 'a:6:{s:5:"phone";s:11:"13823191262";s:9:"mob_phone";s:11:"13823191262";s:9:"tel_phone";s:0:"";s:7:"address";s:41:"广东 深圳市 罗湖区 丽园路88号";s:4:"area";s:26:"广东 深圳市 罗湖区";s:6:"street";s:14:"丽园路88号";}', 0, 291, 'a:0:{}', '', NULL, '0.00', 0),
(52, 3, 0, 0, 0, NULL, '', 0, NULL, NULL, NULL, 0, '林冲', 'a:6:{s:5:"phone";s:11:"13823191262";s:9:"mob_phone";s:11:"13823191262";s:9:"tel_phone";s:0:"";s:7:"address";s:41:"广东 深圳市 罗湖区 丽园路88号";s:4:"area";s:26:"广东 深圳市 罗湖区";s:6:"street";s:14:"丽园路88号";}', 0, 291, 'a:0:{}', '', NULL, '0.00', 0),
(53, 3, 0, 0, 0, NULL, '', 0, NULL, NULL, NULL, 0, '林冲', 'a:6:{s:5:"phone";s:11:"13823191262";s:9:"mob_phone";s:11:"13823191262";s:9:"tel_phone";s:0:"";s:7:"address";s:41:"广东 深圳市 罗湖区 丽园路88号";s:4:"area";s:26:"广东 深圳市 罗湖区";s:6:"street";s:14:"丽园路88号";}', 0, 291, 'a:0:{}', '', NULL, '0.00', 0),
(54, 2, 0, 0, 0, NULL, '', 0, NULL, NULL, NULL, 0, '林冲', 'a:6:{s:5:"phone";s:11:"13823191262";s:9:"mob_phone";s:11:"13823191262";s:9:"tel_phone";s:0:"";s:7:"address";s:41:"广东 深圳市 罗湖区 丽园路88号";s:4:"area";s:26:"广东 深圳市 罗湖区";s:6:"street";s:14:"丽园路88号";}', 0, 291, 'a:0:{}', '', NULL, '0.00', 0),
(55, 3, 0, 0, 0, NULL, '', 0, NULL, NULL, NULL, 0, '林冲', 'a:6:{s:5:"phone";s:11:"13823191262";s:9:"mob_phone";s:11:"13823191262";s:9:"tel_phone";s:0:"";s:7:"address";s:41:"广东 深圳市 罗湖区 丽园路88号";s:4:"area";s:26:"广东 深圳市 罗湖区";s:6:"street";s:14:"丽园路88号";}', 0, 291, 'a:0:{}', '', NULL, '0.00', 0),
(56, 2, 0, 0, 0, NULL, '', 0, NULL, NULL, NULL, 0, '林冲', 'a:6:{s:5:"phone";s:11:"13823191262";s:9:"mob_phone";s:11:"13823191262";s:9:"tel_phone";s:0:"";s:7:"address";s:41:"广东 深圳市 罗湖区 丽园路88号";s:4:"area";s:26:"广东 深圳市 罗湖区";s:6:"street";s:14:"丽园路88号";}', 0, 291, 'a:0:{}', '', NULL, '0.00', 0),
(57, 3, 0, 0, 0, NULL, '', 0, NULL, NULL, NULL, 0, '林冲', 'a:6:{s:5:"phone";s:11:"13823191262";s:9:"mob_phone";s:11:"13823191262";s:9:"tel_phone";s:0:"";s:7:"address";s:41:"广东 深圳市 罗湖区 丽园路88号";s:4:"area";s:26:"广东 深圳市 罗湖区";s:6:"street";s:14:"丽园路88号";}', 0, 291, 'a:0:{}', '', NULL, '0.00', 0),
(58, 2, 0, 0, 0, NULL, '', 0, NULL, NULL, NULL, 0, '林冲', 'a:6:{s:5:"phone";s:11:"13823191262";s:9:"mob_phone";s:11:"13823191262";s:9:"tel_phone";s:0:"";s:7:"address";s:41:"广东 深圳市 罗湖区 丽园路88号";s:4:"area";s:26:"广东 深圳市 罗湖区";s:6:"street";s:14:"丽园路88号";}', 0, 291, 'a:0:{}', '', NULL, '0.00', 0),
(59, 2, 0, 0, 0, NULL, '', 0, NULL, NULL, NULL, 0, '林冲', 'a:6:{s:5:"phone";s:11:"13823191262";s:9:"mob_phone";s:11:"13823191262";s:9:"tel_phone";s:0:"";s:7:"address";s:41:"广东 深圳市 罗湖区 丽园路88号";s:4:"area";s:26:"广东 深圳市 罗湖区";s:6:"street";s:14:"丽园路88号";}', 0, 291, 'a:0:{}', '', NULL, '0.00', 0),
(60, 2, 0, 0, 0, NULL, '', 0, NULL, NULL, NULL, 0, '林冲', 'a:6:{s:5:"phone";s:11:"13823191262";s:9:"mob_phone";s:11:"13823191262";s:9:"tel_phone";s:0:"";s:7:"address";s:41:"广东 深圳市 罗湖区 丽园路88号";s:4:"area";s:26:"广东 深圳市 罗湖区";s:6:"street";s:14:"丽园路88号";}', 0, 291, 'a:0:{}', '', NULL, '0.00', 0),
(61, 3, 0, 0, 0, NULL, '', 0, NULL, NULL, NULL, 0, '林冲', 'a:6:{s:5:"phone";s:11:"13823191262";s:9:"mob_phone";s:11:"13823191262";s:9:"tel_phone";s:0:"";s:7:"address";s:41:"广东 深圳市 罗湖区 丽园路88号";s:4:"area";s:26:"广东 深圳市 罗湖区";s:6:"street";s:14:"丽园路88号";}', 0, 291, 'a:0:{}', '', NULL, '0.00', 0),
(62, 2, 0, 0, 0, NULL, '', 0, NULL, NULL, NULL, 0, '林冲', 'a:6:{s:5:"phone";s:11:"13823191262";s:9:"mob_phone";s:11:"13823191262";s:9:"tel_phone";s:0:"";s:7:"address";s:41:"广东 深圳市 罗湖区 丽园路88号";s:4:"area";s:26:"广东 深圳市 罗湖区";s:6:"street";s:14:"丽园路88号";}', 0, 291, 'a:0:{}', '', NULL, '0.00', 0),
(63, 2, 0, 0, 0, NULL, '', 0, NULL, NULL, NULL, 0, '林冲', 'a:6:{s:5:"phone";s:11:"13823191262";s:9:"mob_phone";s:11:"13823191262";s:9:"tel_phone";s:0:"";s:7:"address";s:41:"广东 深圳市 罗湖区 丽园路88号";s:4:"area";s:26:"广东 深圳市 罗湖区";s:6:"street";s:14:"丽园路88号";}', 0, 291, 'a:0:{}', '', NULL, '0.00', 0),
(64, 2, 0, 0, 0, NULL, '', 0, NULL, NULL, NULL, 0, '林冲', 'a:6:{s:5:"phone";s:11:"13823191262";s:9:"mob_phone";s:11:"13823191262";s:9:"tel_phone";s:0:"";s:7:"address";s:41:"广东 深圳市 罗湖区 丽园路88号";s:4:"area";s:26:"广东 深圳市 罗湖区";s:6:"street";s:14:"丽园路88号";}', 0, 291, 'a:0:{}', '', NULL, '0.00', 0),
(65, 2, 0, 0, 0, NULL, '', 0, NULL, NULL, NULL, 0, '林冲', 'a:6:{s:5:"phone";s:11:"13823191262";s:9:"mob_phone";s:11:"13823191262";s:9:"tel_phone";s:0:"";s:7:"address";s:41:"广东 深圳市 罗湖区 丽园路88号";s:4:"area";s:26:"广东 深圳市 罗湖区";s:6:"street";s:14:"丽园路88号";}', 0, 291, 'a:0:{}', '', NULL, '0.00', 0),
(66, 2, 0, 0, 0, NULL, '', 0, NULL, NULL, NULL, 0, '林冲', 'a:6:{s:5:"phone";s:11:"13823191262";s:9:"mob_phone";s:11:"13823191262";s:9:"tel_phone";s:0:"";s:7:"address";s:41:"广东 深圳市 罗湖区 丽园路88号";s:4:"area";s:26:"广东 深圳市 罗湖区";s:6:"street";s:14:"丽园路88号";}', 0, 291, 'a:0:{}', '', NULL, '0.00', 0),
(67, 3, 0, 0, 0, NULL, '', 0, NULL, NULL, NULL, 0, '林冲', 'a:6:{s:5:"phone";s:11:"13823191262";s:9:"mob_phone";s:11:"13823191262";s:9:"tel_phone";s:0:"";s:7:"address";s:41:"广东 深圳市 罗湖区 丽园路88号";s:4:"area";s:26:"广东 深圳市 罗湖区";s:6:"street";s:14:"丽园路88号";}', 0, 291, 'a:0:{}', '', NULL, '0.00', 0),
(68, 3, 0, 0, 0, NULL, '', 0, NULL, NULL, NULL, 0, '林冲', 'a:6:{s:5:"phone";s:11:"13823191262";s:9:"mob_phone";s:11:"13823191262";s:9:"tel_phone";s:0:"";s:7:"address";s:41:"广东 深圳市 罗湖区 丽园路88号";s:4:"area";s:26:"广东 深圳市 罗湖区";s:6:"street";s:14:"丽园路88号";}', 0, 291, 'a:0:{}', '', NULL, '0.00', 0),
(69, 3, 0, 0, 0, NULL, '', 0, NULL, NULL, NULL, 0, '林冲', 'a:6:{s:5:"phone";s:11:"13823191262";s:9:"mob_phone";s:11:"13823191262";s:9:"tel_phone";s:0:"";s:7:"address";s:41:"广东 深圳市 罗湖区 丽园路88号";s:4:"area";s:26:"广东 深圳市 罗湖区";s:6:"street";s:14:"丽园路88号";}', 0, 291, 'a:0:{}', '', NULL, '0.00', 0),
(70, 3, 0, 0, 0, NULL, '', 0, NULL, NULL, NULL, 0, '林冲', 'a:6:{s:5:"phone";s:11:"13823191262";s:9:"mob_phone";s:11:"13823191262";s:9:"tel_phone";s:0:"";s:7:"address";s:41:"广东 深圳市 罗湖区 丽园路88号";s:4:"area";s:26:"广东 深圳市 罗湖区";s:6:"street";s:14:"丽园路88号";}', 0, 291, 'a:0:{}', '', NULL, '0.00', 0),
(71, 3, 0, 0, 0, NULL, '', 0, NULL, NULL, NULL, 0, '林冲', 'a:6:{s:5:"phone";s:11:"13823191262";s:9:"mob_phone";s:11:"13823191262";s:9:"tel_phone";s:0:"";s:7:"address";s:41:"广东 深圳市 罗湖区 丽园路88号";s:4:"area";s:26:"广东 深圳市 罗湖区";s:6:"street";s:14:"丽园路88号";}', 0, 291, 'a:0:{}', '', NULL, '0.00', 0),
(72, 3, 0, 0, 0, NULL, '', 0, NULL, NULL, NULL, 0, '林冲', 'a:6:{s:5:"phone";s:11:"13823191262";s:9:"mob_phone";s:11:"13823191262";s:9:"tel_phone";s:0:"";s:7:"address";s:41:"广东 深圳市 罗湖区 丽园路88号";s:4:"area";s:26:"广东 深圳市 罗湖区";s:6:"street";s:14:"丽园路88号";}', 0, 291, 'a:0:{}', '', NULL, '0.00', 0),
(73, 2, 0, 0, 0, NULL, '', 0, NULL, NULL, NULL, 0, '林冲', 'a:6:{s:5:"phone";s:11:"13823191262";s:9:"mob_phone";s:11:"13823191262";s:9:"tel_phone";s:0:"";s:7:"address";s:41:"广东 深圳市 罗湖区 丽园路88号";s:4:"area";s:26:"广东 深圳市 罗湖区";s:6:"street";s:14:"丽园路88号";}', 0, 291, 'a:0:{}', '', NULL, '0.00', 0),
(74, 3, 0, 0, 0, NULL, '', 0, NULL, NULL, NULL, 0, '林冲', 'a:6:{s:5:"phone";s:11:"13823191262";s:9:"mob_phone";s:11:"13823191262";s:9:"tel_phone";s:0:"";s:7:"address";s:41:"广东 深圳市 罗湖区 丽园路88号";s:4:"area";s:26:"广东 深圳市 罗湖区";s:6:"street";s:14:"丽园路88号";}', 0, 291, 'a:0:{}', '', NULL, '0.00', 0),
(75, 2, 0, 0, 0, NULL, '', 0, NULL, NULL, NULL, 0, '林冲', 'a:6:{s:5:"phone";s:11:"13823191262";s:9:"mob_phone";s:11:"13823191262";s:9:"tel_phone";s:0:"";s:7:"address";s:41:"广东 深圳市 罗湖区 丽园路88号";s:4:"area";s:26:"广东 深圳市 罗湖区";s:6:"street";s:14:"丽园路88号";}', 0, 291, 'a:0:{}', '', NULL, '0.00', 0),
(76, 2, 0, 0, 0, NULL, '', 0, NULL, NULL, NULL, 0, '林冲', 'a:6:{s:5:"phone";s:11:"13823191262";s:9:"mob_phone";s:11:"13823191262";s:9:"tel_phone";s:0:"";s:7:"address";s:41:"广东 深圳市 罗湖区 丽园路88号";s:4:"area";s:26:"广东 深圳市 罗湖区";s:6:"street";s:14:"丽园路88号";}', 0, 291, 'a:0:{}', '', NULL, '0.00', 0),
(77, 2, 0, 0, 0, NULL, '', 0, NULL, NULL, NULL, 0, '林冲', 'a:6:{s:5:"phone";s:11:"13823191262";s:9:"mob_phone";s:11:"13823191262";s:9:"tel_phone";s:0:"";s:7:"address";s:41:"广东 深圳市 罗湖区 丽园路88号";s:4:"area";s:26:"广东 深圳市 罗湖区";s:6:"street";s:14:"丽园路88号";}', 0, 291, 'a:0:{}', '', NULL, '0.00', 0),
(78, 2, 0, 0, 0, NULL, '', 0, NULL, NULL, NULL, 0, '林冲', 'a:6:{s:5:"phone";s:11:"13823191262";s:9:"mob_phone";s:11:"13823191262";s:9:"tel_phone";s:0:"";s:7:"address";s:41:"广东 深圳市 罗湖区 丽园路88号";s:4:"area";s:26:"广东 深圳市 罗湖区";s:6:"street";s:14:"丽园路88号";}', 0, 291, 'a:0:{}', '', NULL, '0.00', 0),
(79, 2, 0, 0, 0, NULL, '', 0, NULL, NULL, NULL, 0, '林冲', 'a:6:{s:5:"phone";s:11:"13823191262";s:9:"mob_phone";s:11:"13823191262";s:9:"tel_phone";s:0:"";s:7:"address";s:41:"广东 深圳市 罗湖区 丽园路88号";s:4:"area";s:26:"广东 深圳市 罗湖区";s:6:"street";s:14:"丽园路88号";}', 0, 291, 'a:0:{}', '', NULL, '0.00', 0),
(80, 2, 0, 0, 0, NULL, '', 0, NULL, NULL, NULL, 0, '林冲', 'a:6:{s:5:"phone";s:11:"13823191262";s:9:"mob_phone";s:11:"13823191262";s:9:"tel_phone";s:0:"";s:7:"address";s:41:"广东 深圳市 罗湖区 丽园路88号";s:4:"area";s:26:"广东 深圳市 罗湖区";s:6:"street";s:14:"丽园路88号";}', 0, 291, 'a:0:{}', '', NULL, '0.00', 0),
(81, 3, 0, 0, 0, NULL, '', 0, NULL, NULL, NULL, 0, '林冲', 'a:6:{s:5:"phone";s:11:"13823191262";s:9:"mob_phone";s:11:"13823191262";s:9:"tel_phone";s:0:"";s:7:"address";s:41:"广东 深圳市 罗湖区 丽园路88号";s:4:"area";s:26:"广东 深圳市 罗湖区";s:6:"street";s:14:"丽园路88号";}', 0, 291, 'a:0:{}', '', NULL, '0.00', 0),
(82, 3, 0, 0, 0, NULL, '', 0, NULL, NULL, NULL, 0, '林冲', 'a:6:{s:5:"phone";s:11:"13823191262";s:9:"mob_phone";s:11:"13823191262";s:9:"tel_phone";s:0:"";s:7:"address";s:41:"广东 深圳市 罗湖区 丽园路88号";s:4:"area";s:26:"广东 深圳市 罗湖区";s:6:"street";s:14:"丽园路88号";}', 0, 291, 'a:0:{}', '', NULL, '0.00', 0),
(83, 2, 0, 0, 0, NULL, '', 0, NULL, NULL, NULL, 0, '林冲', 'a:6:{s:5:"phone";s:11:"13823191262";s:9:"mob_phone";s:11:"13823191262";s:9:"tel_phone";s:0:"";s:7:"address";s:41:"广东 深圳市 罗湖区 丽园路88号";s:4:"area";s:26:"广东 深圳市 罗湖区";s:6:"street";s:14:"丽园路88号";}', 0, 291, 'a:0:{}', '', NULL, '0.00', 0),
(84, 3, 0, 0, 0, NULL, '', 0, NULL, NULL, NULL, 0, '林冲', 'a:6:{s:5:"phone";s:11:"13823191262";s:9:"mob_phone";s:11:"13823191262";s:9:"tel_phone";s:0:"";s:7:"address";s:41:"广东 深圳市 罗湖区 丽园路88号";s:4:"area";s:26:"广东 深圳市 罗湖区";s:6:"street";s:14:"丽园路88号";}', 0, 291, 'a:0:{}', '', NULL, '0.00', 0),
(85, 2, 0, 0, 0, NULL, '', 0, NULL, NULL, NULL, 0, '林冲', 'a:6:{s:5:"phone";s:11:"13823191262";s:9:"mob_phone";s:11:"13823191262";s:9:"tel_phone";s:0:"";s:7:"address";s:41:"广东 深圳市 罗湖区 丽园路88号";s:4:"area";s:26:"广东 深圳市 罗湖区";s:6:"street";s:14:"丽园路88号";}', 0, 291, 'a:0:{}', '', NULL, '0.00', 0),
(86, 3, 0, 0, 0, NULL, '', 0, NULL, NULL, NULL, 0, '林冲', 'a:6:{s:5:"phone";s:11:"13823191262";s:9:"mob_phone";s:11:"13823191262";s:9:"tel_phone";s:0:"";s:7:"address";s:41:"广东 深圳市 罗湖区 丽园路88号";s:4:"area";s:26:"广东 深圳市 罗湖区";s:6:"street";s:14:"丽园路88号";}', 0, 291, 'a:0:{}', '', NULL, '0.00', 0),
(87, 3, 0, 0, 0, NULL, '', 0, NULL, NULL, NULL, 0, '林冲', 'a:6:{s:5:"phone";s:11:"13823191262";s:9:"mob_phone";s:11:"13823191262";s:9:"tel_phone";s:0:"";s:7:"address";s:41:"广东 深圳市 罗湖区 丽园路88号";s:4:"area";s:26:"广东 深圳市 罗湖区";s:6:"street";s:14:"丽园路88号";}', 0, 291, 'a:0:{}', '', NULL, '0.00', 0),
(88, 3, 0, 0, 0, NULL, '', 0, NULL, NULL, NULL, 0, '林冲', 'a:6:{s:5:"phone";s:11:"13823191262";s:9:"mob_phone";s:11:"13823191262";s:9:"tel_phone";s:0:"";s:7:"address";s:41:"广东 深圳市 罗湖区 丽园路88号";s:4:"area";s:26:"广东 深圳市 罗湖区";s:6:"street";s:14:"丽园路88号";}', 0, 291, 'a:0:{}', '', NULL, '0.00', 0),
(89, 2, 0, 0, 0, NULL, '', 0, NULL, NULL, NULL, 0, '林冲', 'a:6:{s:5:"phone";s:11:"13823191262";s:9:"mob_phone";s:11:"13823191262";s:9:"tel_phone";s:0:"";s:7:"address";s:41:"广东 深圳市 罗湖区 丽园路88号";s:4:"area";s:26:"广东 深圳市 罗湖区";s:6:"street";s:14:"丽园路88号";}', 0, 291, 'a:0:{}', '', NULL, '0.00', 0),
(90, 2, 0, 0, 0, NULL, '', 0, NULL, NULL, NULL, 0, '林冲', 'a:6:{s:5:"phone";s:11:"13823191262";s:9:"mob_phone";s:11:"13823191262";s:9:"tel_phone";s:0:"";s:7:"address";s:41:"广东 深圳市 罗湖区 丽园路88号";s:4:"area";s:26:"广东 深圳市 罗湖区";s:6:"street";s:14:"丽园路88号";}', 0, 291, 'a:0:{}', '', NULL, '0.00', 0),
(91, 3, 0, 0, 0, NULL, '', 0, NULL, NULL, NULL, 0, '林冲', 'a:6:{s:5:"phone";s:11:"13823191262";s:9:"mob_phone";s:11:"13823191262";s:9:"tel_phone";s:0:"";s:7:"address";s:41:"广东 深圳市 罗湖区 丽园路88号";s:4:"area";s:26:"广东 深圳市 罗湖区";s:6:"street";s:14:"丽园路88号";}', 0, 291, 'a:0:{}', '', NULL, '0.00', 0),
(92, 3, 0, 0, 0, NULL, '', 0, NULL, NULL, NULL, 0, '林冲', 'a:6:{s:5:"phone";s:11:"13823191262";s:9:"mob_phone";s:11:"13823191262";s:9:"tel_phone";s:0:"";s:7:"address";s:41:"广东 深圳市 罗湖区 丽园路88号";s:4:"area";s:26:"广东 深圳市 罗湖区";s:6:"street";s:14:"丽园路88号";}', 0, 291, 'a:0:{}', '', NULL, '0.00', 0),
(93, 3, 0, 0, 0, NULL, '', 0, NULL, NULL, NULL, 0, '林冲', 'a:6:{s:5:"phone";s:11:"13823191262";s:9:"mob_phone";s:11:"13823191262";s:9:"tel_phone";s:0:"";s:7:"address";s:41:"广东 深圳市 罗湖区 丽园路88号";s:4:"area";s:26:"广东 深圳市 罗湖区";s:6:"street";s:14:"丽园路88号";}', 0, 291, 'a:0:{}', '', NULL, '0.00', 0),
(94, 2, 0, 0, 0, NULL, '', 0, NULL, NULL, NULL, 0, '林冲', 'a:6:{s:5:"phone";s:11:"13823191262";s:9:"mob_phone";s:11:"13823191262";s:9:"tel_phone";s:0:"";s:7:"address";s:41:"广东 深圳市 罗湖区 丽园路88号";s:4:"area";s:26:"广东 深圳市 罗湖区";s:6:"street";s:14:"丽园路88号";}', 0, 291, 'a:0:{}', '', NULL, '0.00', 0),
(95, 3, 0, 0, 0, NULL, '', 0, NULL, NULL, NULL, 0, '林冲', 'a:6:{s:5:"phone";s:11:"13823191262";s:9:"mob_phone";s:11:"13823191262";s:9:"tel_phone";s:0:"";s:7:"address";s:41:"广东 深圳市 罗湖区 丽园路88号";s:4:"area";s:26:"广东 深圳市 罗湖区";s:6:"street";s:14:"丽园路88号";}', 0, 291, 'a:0:{}', '', NULL, '0.00', 0),
(96, 3, 0, 0, 0, NULL, '', 0, NULL, NULL, NULL, 0, '林冲', 'a:6:{s:5:"phone";s:11:"13823191262";s:9:"mob_phone";s:11:"13823191262";s:9:"tel_phone";s:0:"";s:7:"address";s:41:"广东 深圳市 罗湖区 丽园路88号";s:4:"area";s:26:"广东 深圳市 罗湖区";s:6:"street";s:14:"丽园路88号";}', 0, 291, 'a:0:{}', '', NULL, '0.00', 0),
(97, 3, 0, 0, 0, NULL, '', 0, NULL, NULL, NULL, 0, '林冲', 'a:6:{s:5:"phone";s:11:"13823191262";s:9:"mob_phone";s:11:"13823191262";s:9:"tel_phone";s:0:"";s:7:"address";s:41:"广东 深圳市 罗湖区 丽园路88号";s:4:"area";s:26:"广东 深圳市 罗湖区";s:6:"street";s:14:"丽园路88号";}', 0, 291, 'a:0:{}', '', NULL, '0.00', 0),
(98, 3, 0, 0, 0, NULL, '', 0, NULL, NULL, NULL, 0, '林冲', 'a:6:{s:5:"phone";s:11:"13823191262";s:9:"mob_phone";s:11:"13823191262";s:9:"tel_phone";s:0:"";s:7:"address";s:41:"广东 深圳市 罗湖区 丽园路88号";s:4:"area";s:26:"广东 深圳市 罗湖区";s:6:"street";s:14:"丽园路88号";}', 0, 291, 'a:0:{}', '', NULL, '0.00', 0),
(99, 3, 0, 0, 0, NULL, '', 0, NULL, NULL, NULL, 0, '林冲', 'a:6:{s:5:"phone";s:11:"13823191262";s:9:"mob_phone";s:11:"13823191262";s:9:"tel_phone";s:0:"";s:7:"address";s:41:"广东 深圳市 罗湖区 丽园路88号";s:4:"area";s:26:"广东 深圳市 罗湖区";s:6:"street";s:14:"丽园路88号";}', 0, 291, 'a:0:{}', '', NULL, '0.00', 0),
(100, 3, 0, 0, 0, NULL, '', 0, NULL, NULL, NULL, 0, '林冲', 'a:6:{s:5:"phone";s:11:"13823191262";s:9:"mob_phone";s:11:"13823191262";s:9:"tel_phone";s:0:"";s:7:"address";s:41:"广东 深圳市 罗湖区 丽园路88号";s:4:"area";s:26:"广东 深圳市 罗湖区";s:6:"street";s:14:"丽园路88号";}', 0, 291, 'a:0:{}', '', NULL, '0.00', 0),
(101, 3, 0, 0, 0, NULL, '', 0, NULL, NULL, NULL, 0, '林冲', 'a:6:{s:5:"phone";s:11:"13823191262";s:9:"mob_phone";s:11:"13823191262";s:9:"tel_phone";s:0:"";s:7:"address";s:41:"广东 深圳市 罗湖区 丽园路88号";s:4:"area";s:26:"广东 深圳市 罗湖区";s:6:"street";s:14:"丽园路88号";}', 0, 291, 'a:0:{}', '', NULL, '0.00', 0),
(102, 3, 0, 0, 0, NULL, '', 0, NULL, NULL, NULL, 0, '林冲', 'a:6:{s:5:"phone";s:11:"13823191262";s:9:"mob_phone";s:11:"13823191262";s:9:"tel_phone";s:0:"";s:7:"address";s:41:"广东 深圳市 罗湖区 丽园路88号";s:4:"area";s:26:"广东 深圳市 罗湖区";s:6:"street";s:14:"丽园路88号";}', 0, 291, 'a:0:{}', '', NULL, '0.00', 0),
(103, 3, 0, 0, 0, NULL, '', 0, NULL, NULL, NULL, 0, '林冲', 'a:6:{s:5:"phone";s:11:"13823191262";s:9:"mob_phone";s:11:"13823191262";s:9:"tel_phone";s:0:"";s:7:"address";s:41:"广东 深圳市 罗湖区 丽园路88号";s:4:"area";s:26:"广东 深圳市 罗湖区";s:6:"street";s:14:"丽园路88号";}', 0, 291, 'a:0:{}', '', NULL, '0.00', 0),
(104, 3, 0, 0, 0, NULL, '', 0, NULL, NULL, NULL, 0, '林冲', 'a:6:{s:5:"phone";s:11:"13823191262";s:9:"mob_phone";s:11:"13823191262";s:9:"tel_phone";s:0:"";s:7:"address";s:41:"广东 深圳市 罗湖区 丽园路88号";s:4:"area";s:26:"广东 深圳市 罗湖区";s:6:"street";s:14:"丽园路88号";}', 0, 291, 'a:0:{}', '', NULL, '0.00', 0),
(105, 3, 0, 0, 0, NULL, '', 0, NULL, NULL, NULL, 0, '林冲', 'a:6:{s:5:"phone";s:11:"13823191262";s:9:"mob_phone";s:11:"13823191262";s:9:"tel_phone";s:0:"";s:7:"address";s:41:"广东 深圳市 罗湖区 丽园路88号";s:4:"area";s:26:"广东 深圳市 罗湖区";s:6:"street";s:14:"丽园路88号";}', 0, 291, 'a:0:{}', '', NULL, '0.00', 0),
(106, 3, 0, 0, 0, NULL, '', 0, NULL, NULL, NULL, 0, '林冲', 'a:6:{s:5:"phone";s:11:"13823191262";s:9:"mob_phone";s:11:"13823191262";s:9:"tel_phone";s:0:"";s:7:"address";s:41:"广东 深圳市 罗湖区 丽园路88号";s:4:"area";s:26:"广东 深圳市 罗湖区";s:6:"street";s:14:"丽园路88号";}', 0, 291, 'a:0:{}', '', NULL, '0.00', 0),
(107, 3, 0, 0, 0, NULL, '', 0, NULL, NULL, NULL, 0, '林冲', 'a:6:{s:5:"phone";s:11:"13823191262";s:9:"mob_phone";s:11:"13823191262";s:9:"tel_phone";s:0:"";s:7:"address";s:41:"广东 深圳市 罗湖区 丽园路88号";s:4:"area";s:26:"广东 深圳市 罗湖区";s:6:"street";s:14:"丽园路88号";}', 0, 291, 'a:0:{}', '', NULL, '0.00', 0),
(108, 3, 0, 0, 0, NULL, '', 0, NULL, NULL, NULL, 0, '林冲', 'a:6:{s:5:"phone";s:11:"13823191262";s:9:"mob_phone";s:11:"13823191262";s:9:"tel_phone";s:0:"";s:7:"address";s:41:"广东 深圳市 罗湖区 丽园路88号";s:4:"area";s:26:"广东 深圳市 罗湖区";s:6:"street";s:14:"丽园路88号";}', 0, 291, 'a:0:{}', '', NULL, '0.00', 0),
(109, 3, 0, 0, 0, NULL, '', 0, NULL, NULL, NULL, 0, '林冲', 'a:6:{s:5:"phone";s:11:"13823191262";s:9:"mob_phone";s:11:"13823191262";s:9:"tel_phone";s:0:"";s:7:"address";s:41:"广东 深圳市 罗湖区 丽园路88号";s:4:"area";s:26:"广东 深圳市 罗湖区";s:6:"street";s:14:"丽园路88号";}', 0, 291, 'a:0:{}', '', NULL, '0.00', 0),
(110, 3, 0, 0, 0, NULL, '', 0, NULL, NULL, NULL, 0, '林冲', 'a:6:{s:5:"phone";s:11:"13823191262";s:9:"mob_phone";s:11:"13823191262";s:9:"tel_phone";s:0:"";s:7:"address";s:41:"广东 深圳市 罗湖区 丽园路88号";s:4:"area";s:26:"广东 深圳市 罗湖区";s:6:"street";s:14:"丽园路88号";}', 0, 291, 'a:0:{}', '', NULL, '0.00', 0),
(111, 3, 0, 0, 0, NULL, '', 0, NULL, NULL, NULL, 0, '林冲', 'a:6:{s:5:"phone";s:11:"13823191262";s:9:"mob_phone";s:11:"13823191262";s:9:"tel_phone";s:0:"";s:7:"address";s:41:"广东 深圳市 罗湖区 丽园路88号";s:4:"area";s:26:"广东 深圳市 罗湖区";s:6:"street";s:14:"丽园路88号";}', 0, 291, 'a:0:{}', '', NULL, '0.00', 0),
(112, 2, 0, 0, 0, NULL, '', 0, NULL, NULL, NULL, 0, '林冲', 'a:6:{s:5:"phone";s:11:"13823191262";s:9:"mob_phone";s:11:"13823191262";s:9:"tel_phone";s:0:"";s:7:"address";s:41:"广东 深圳市 罗湖区 丽园路88号";s:4:"area";s:26:"广东 深圳市 罗湖区";s:6:"street";s:14:"丽园路88号";}', 0, 291, 'a:0:{}', '', NULL, '0.00', 0),
(113, 2, 0, 0, 0, NULL, '', 0, NULL, NULL, NULL, 0, '林冲', 'a:6:{s:5:"phone";s:11:"13823191262";s:9:"mob_phone";s:11:"13823191262";s:9:"tel_phone";s:0:"";s:7:"address";s:41:"广东 深圳市 罗湖区 丽园路88号";s:4:"area";s:26:"广东 深圳市 罗湖区";s:6:"street";s:14:"丽园路88号";}', 0, 291, 'a:0:{}', '', NULL, '0.00', 0),
(114, 2, 0, 0, 0, NULL, '', 0, NULL, NULL, NULL, 0, '林冲', 'a:6:{s:5:"phone";s:11:"13823191262";s:9:"mob_phone";s:11:"13823191262";s:9:"tel_phone";s:0:"";s:7:"address";s:41:"广东 深圳市 罗湖区 丽园路88号";s:4:"area";s:26:"广东 深圳市 罗湖区";s:6:"street";s:14:"丽园路88号";}', 0, 291, 'a:0:{}', '', NULL, '0.00', 0),
(115, 3, 0, 0, 0, NULL, '', 0, NULL, NULL, NULL, 0, '林冲', 'a:6:{s:5:"phone";s:11:"13823191262";s:9:"mob_phone";s:11:"13823191262";s:9:"tel_phone";s:0:"";s:7:"address";s:41:"广东 深圳市 罗湖区 丽园路88号";s:4:"area";s:26:"广东 深圳市 罗湖区";s:6:"street";s:14:"丽园路88号";}', 0, 291, 'a:0:{}', '', NULL, '0.00', 0),
(116, 3, 0, 0, 0, NULL, '', 0, NULL, NULL, NULL, 0, '林冲', 'a:6:{s:5:"phone";s:11:"13823191262";s:9:"mob_phone";s:11:"13823191262";s:9:"tel_phone";s:0:"";s:7:"address";s:41:"广东 深圳市 罗湖区 丽园路88号";s:4:"area";s:26:"广东 深圳市 罗湖区";s:6:"street";s:14:"丽园路88号";}', 0, 291, 'a:0:{}', '', NULL, '0.00', 0),
(117, 3, 0, 0, 0, NULL, '', 0, NULL, NULL, NULL, 0, '林冲', 'a:6:{s:5:"phone";s:11:"13823191262";s:9:"mob_phone";s:11:"13823191262";s:9:"tel_phone";s:0:"";s:7:"address";s:41:"广东 深圳市 罗湖区 丽园路88号";s:4:"area";s:26:"广东 深圳市 罗湖区";s:6:"street";s:14:"丽园路88号";}', 0, 291, 'a:0:{}', '', NULL, '0.00', 0),
(118, 3, 0, 0, 0, NULL, '', 0, NULL, NULL, NULL, 0, '林冲', 'a:6:{s:5:"phone";s:11:"13823191262";s:9:"mob_phone";s:11:"13823191262";s:9:"tel_phone";s:0:"";s:7:"address";s:41:"广东 深圳市 罗湖区 丽园路88号";s:4:"area";s:26:"广东 深圳市 罗湖区";s:6:"street";s:14:"丽园路88号";}', 0, 291, 'a:0:{}', '', NULL, '0.00', 0),
(119, 3, 0, 0, 0, NULL, '', 0, NULL, NULL, NULL, 0, '林冲', 'a:6:{s:5:"phone";s:11:"13823191262";s:9:"mob_phone";s:11:"13823191262";s:9:"tel_phone";s:0:"";s:7:"address";s:41:"广东 深圳市 罗湖区 丽园路88号";s:4:"area";s:26:"广东 深圳市 罗湖区";s:6:"street";s:14:"丽园路88号";}', 0, 291, 'a:0:{}', '', NULL, '0.00', 0),
(120, 3, 0, 0, 0, NULL, '', 0, NULL, NULL, NULL, 0, '林冲', 'a:6:{s:5:"phone";s:11:"13823191262";s:9:"mob_phone";s:11:"13823191262";s:9:"tel_phone";s:0:"";s:7:"address";s:41:"广东 深圳市 罗湖区 丽园路88号";s:4:"area";s:26:"广东 深圳市 罗湖区";s:6:"street";s:14:"丽园路88号";}', 0, 291, 'a:0:{}', '', NULL, '0.00', 0),
(121, 2, 0, 0, 0, NULL, '', 0, NULL, NULL, NULL, 0, '林冲', 'a:6:{s:5:"phone";s:11:"13823191262";s:9:"mob_phone";s:11:"13823191262";s:9:"tel_phone";s:0:"";s:7:"address";s:41:"广东 深圳市 罗湖区 丽园路88号";s:4:"area";s:26:"广东 深圳市 罗湖区";s:6:"street";s:14:"丽园路88号";}', 0, 291, 'a:0:{}', '', NULL, '0.00', 0),
(122, 3, 0, 0, 0, NULL, '', 0, NULL, NULL, NULL, 0, '林冲', 'a:6:{s:5:"phone";s:11:"13823191262";s:9:"mob_phone";s:11:"13823191262";s:9:"tel_phone";s:0:"";s:7:"address";s:41:"广东 深圳市 罗湖区 丽园路88号";s:4:"area";s:26:"广东 深圳市 罗湖区";s:6:"street";s:14:"丽园路88号";}', 0, 291, 'a:0:{}', '', NULL, '0.00', 0),
(123, 3, 0, 0, 0, NULL, '', 0, NULL, NULL, NULL, 0, '林冲', 'a:6:{s:5:"phone";s:11:"13823191262";s:9:"mob_phone";s:11:"13823191262";s:9:"tel_phone";s:0:"";s:7:"address";s:41:"广东 深圳市 罗湖区 丽园路88号";s:4:"area";s:26:"广东 深圳市 罗湖区";s:6:"street";s:14:"丽园路88号";}', 0, 291, 'a:0:{}', '', NULL, '0.00', 0),
(124, 3, 0, 0, 0, NULL, '', 0, NULL, NULL, NULL, 0, '林冲', 'a:6:{s:5:"phone";s:11:"13823191262";s:9:"mob_phone";s:11:"13823191262";s:9:"tel_phone";s:0:"";s:7:"address";s:41:"广东 深圳市 罗湖区 丽园路88号";s:4:"area";s:26:"广东 深圳市 罗湖区";s:6:"street";s:14:"丽园路88号";}', 0, 291, 'a:0:{}', '', NULL, '0.00', 0),
(125, 3, 0, 0, 0, NULL, '', 0, NULL, NULL, NULL, 0, '林冲', 'a:6:{s:5:"phone";s:11:"13823191262";s:9:"mob_phone";s:11:"13823191262";s:9:"tel_phone";s:0:"";s:7:"address";s:41:"广东 深圳市 罗湖区 丽园路88号";s:4:"area";s:26:"广东 深圳市 罗湖区";s:6:"street";s:14:"丽园路88号";}', 0, 291, 'a:0:{}', '', NULL, '0.00', 0),
(126, 3, 0, 0, 0, NULL, '', 0, NULL, NULL, NULL, 0, '林冲', 'a:6:{s:5:"phone";s:11:"13823191262";s:9:"mob_phone";s:11:"13823191262";s:9:"tel_phone";s:0:"";s:7:"address";s:41:"广东 深圳市 罗湖区 丽园路88号";s:4:"area";s:26:"广东 深圳市 罗湖区";s:6:"street";s:14:"丽园路88号";}', 0, 291, 'a:0:{}', '', NULL, '0.00', 0),
(127, 3, 0, 0, 0, NULL, '', 0, NULL, NULL, NULL, 0, '林冲', 'a:6:{s:5:"phone";s:11:"13823191262";s:9:"mob_phone";s:11:"13823191262";s:9:"tel_phone";s:0:"";s:7:"address";s:41:"广东 深圳市 罗湖区 丽园路88号";s:4:"area";s:26:"广东 深圳市 罗湖区";s:6:"street";s:14:"丽园路88号";}', 0, 291, 'a:0:{}', '', NULL, '0.00', 0),
(128, 3, 0, 0, 0, NULL, '', 0, NULL, NULL, NULL, 0, '林冲', 'a:6:{s:5:"phone";s:11:"13823191262";s:9:"mob_phone";s:11:"13823191262";s:9:"tel_phone";s:0:"";s:7:"address";s:41:"广东 深圳市 罗湖区 丽园路88号";s:4:"area";s:26:"广东 深圳市 罗湖区";s:6:"street";s:14:"丽园路88号";}', 0, 291, 'a:0:{}', '', NULL, '0.00', 0),
(129, 3, 0, 0, 0, NULL, '', 0, NULL, NULL, NULL, 0, '林冲', 'a:6:{s:5:"phone";s:11:"13823191262";s:9:"mob_phone";s:11:"13823191262";s:9:"tel_phone";s:0:"";s:7:"address";s:41:"广东 深圳市 罗湖区 丽园路88号";s:4:"area";s:26:"广东 深圳市 罗湖区";s:6:"street";s:14:"丽园路88号";}', 0, 291, 'a:0:{}', '', NULL, '0.00', 0),
(130, 3, 0, 0, 0, NULL, '', 0, NULL, NULL, NULL, 0, '林冲', 'a:6:{s:5:"phone";s:11:"13823191262";s:9:"mob_phone";s:11:"13823191262";s:9:"tel_phone";s:0:"";s:7:"address";s:41:"广东 深圳市 罗湖区 丽园路88号";s:4:"area";s:26:"广东 深圳市 罗湖区";s:6:"street";s:14:"丽园路88号";}', 0, 291, 'a:0:{}', '', NULL, '0.00', 0),
(131, 3, 0, 0, 0, NULL, '', 0, NULL, NULL, NULL, 0, '林冲', 'a:6:{s:5:"phone";s:11:"13823191262";s:9:"mob_phone";s:11:"13823191262";s:9:"tel_phone";s:0:"";s:7:"address";s:41:"广东 深圳市 罗湖区 丽园路88号";s:4:"area";s:26:"广东 深圳市 罗湖区";s:6:"street";s:14:"丽园路88号";}', 0, 291, 'a:0:{}', '', NULL, '0.00', 0),
(132, 3, 0, 0, 0, NULL, '', 0, NULL, NULL, NULL, 0, '林冲', 'a:6:{s:5:"phone";s:11:"13823191262";s:9:"mob_phone";s:11:"13823191262";s:9:"tel_phone";s:0:"";s:7:"address";s:41:"广东 深圳市 罗湖区 丽园路88号";s:4:"area";s:26:"广东 深圳市 罗湖区";s:6:"street";s:14:"丽园路88号";}', 0, 291, 'a:0:{}', '', NULL, '0.00', 0),
(133, 3, 0, 0, 0, NULL, '', 0, NULL, NULL, NULL, 0, '林冲', 'a:6:{s:5:"phone";s:11:"13823191262";s:9:"mob_phone";s:11:"13823191262";s:9:"tel_phone";s:0:"";s:7:"address";s:41:"广东 深圳市 罗湖区 丽园路88号";s:4:"area";s:26:"广东 深圳市 罗湖区";s:6:"street";s:14:"丽园路88号";}', 0, 291, 'a:0:{}', '', NULL, '0.00', 0),
(134, 3, 0, 0, 0, NULL, '', 0, NULL, NULL, NULL, 0, '林冲', 'a:6:{s:5:"phone";s:11:"13823191262";s:9:"mob_phone";s:11:"13823191262";s:9:"tel_phone";s:0:"";s:7:"address";s:41:"广东 深圳市 罗湖区 丽园路88号";s:4:"area";s:26:"广东 深圳市 罗湖区";s:6:"street";s:14:"丽园路88号";}', 0, 291, 'a:0:{}', '', NULL, '0.00', 0),
(135, 3, 0, 0, 0, NULL, '', 0, NULL, NULL, NULL, 0, '林冲', 'a:6:{s:5:"phone";s:11:"13823191262";s:9:"mob_phone";s:11:"13823191262";s:9:"tel_phone";s:0:"";s:7:"address";s:41:"广东 深圳市 罗湖区 丽园路88号";s:4:"area";s:26:"广东 深圳市 罗湖区";s:6:"street";s:14:"丽园路88号";}', 0, 291, 'a:0:{}', '', NULL, '0.00', 0);

-- --------------------------------------------------------

--
-- 表的结构 `33hao_order_goods`
--

CREATE TABLE IF NOT EXISTS `33hao_order_goods` (
  `rec_id` int(11) NOT NULL AUTO_INCREMENT COMMENT '订单商品表索引id',
  `order_id` int(11) NOT NULL COMMENT '订单id',
  `goods_id` int(11) NOT NULL COMMENT '商品id',
  `goods_name` varchar(50) NOT NULL COMMENT '商品名称',
  `goods_price` decimal(10,2) NOT NULL COMMENT '商品价格',
  `goods_num` smallint(5) unsigned NOT NULL DEFAULT '1' COMMENT '商品数量',
  `goods_image` varchar(100) DEFAULT NULL COMMENT '商品图片',
  `goods_pay_price` decimal(10,2) unsigned NOT NULL COMMENT '商品实际成交价',
  `store_id` int(10) unsigned NOT NULL DEFAULT '0' COMMENT '店铺ID',
  `buyer_id` int(10) unsigned NOT NULL DEFAULT '0' COMMENT '买家ID',
  `goods_type` char(1) NOT NULL DEFAULT '1' COMMENT '1默认2抢购商品3限时折扣商品4组合套装5赠品8加价购活动商品9加价购换购商品',
  `promotions_id` mediumint(8) unsigned NOT NULL DEFAULT '0' COMMENT '促销活动ID（抢购ID/限时折扣ID/优惠套装ID）与goods_type搭配使用',
  `commis_rate` smallint(5) unsigned NOT NULL DEFAULT '0' COMMENT '佣金比例',
  `gc_id` mediumint(8) unsigned NOT NULL DEFAULT '0' COMMENT '商品最底级分类ID',
  `goods_spec` varchar(255) DEFAULT NULL COMMENT '商品规格',
  `goods_contractid` varchar(100) DEFAULT NULL COMMENT '商品开启的消费者保障服务id',
  `invite_rates` smallint(5) DEFAULT '0' COMMENT '分销佣金',
  PRIMARY KEY (`rec_id`),
  KEY `order_id` (`order_id`)
) ENGINE=InnoDB  DEFAULT CHARSET=utf8 COMMENT='订单商品表' AUTO_INCREMENT=147 ;

--
-- 转存表中的数据 `33hao_order_goods`
--

INSERT INTO `33hao_order_goods` (`rec_id`, `order_id`, `goods_id`, `goods_name`, `goods_price`, `goods_num`, `goods_image`, `goods_pay_price`, `store_id`, `buyer_id`, `goods_type`, `promotions_id`, `commis_rate`, `gc_id`, `goods_spec`, `goods_contractid`, `invite_rates`) VALUES
(1, 1, 100010, '测试商品', '0.01', 20, '2_05453934459435128.png', '0.20', 2, 2, '1', 0, 200, 633, NULL, '', 0),
(2, 2, 100010, '测试商品', '0.01', 100, '2_05453934459435128.png', '1.00', 2, 2, '1', 0, 200, 633, NULL, '', 0),
(3, 3, 100010, '测试商品', '0.01', 1, '2_05453934459435128.png', '0.01', 2, 9, '1', 0, 200, 633, NULL, '', 0),
(4, 4, 100010, '测试商品', '0.01', 99, '2_05453934459435128.png', '0.99', 2, 9, '1', 0, 200, 633, NULL, '', 0),
(5, 5, 100010, '测试商品', '0.01', 500, '2_05453934459435128.png', '5.00', 2, 9, '1', 0, 200, 633, NULL, '', 0),
(6, 7, 100010, '测试商品', '0.01', 50, '2_05453934459435128.png', '0.50', 2, 9, '1', 0, 200, 633, NULL, '', 0),
(7, 8, 100010, '测试商品', '0.01', 50, '2_05453934459435128.png', '0.50', 2, 9, '1', 0, 200, 633, NULL, '', 0),
(8, 9, 100010, '测试商品', '0.01', 50, '2_05453934459435128.png', '0.50', 2, 9, '1', 0, 200, 633, NULL, '', 0),
(9, 10, 100010, '测试商品', '0.01', 50, '2_05453934459435128.png', '0.50', 2, 9, '1', 0, 200, 633, NULL, '', 0),
(10, 11, 100010, '测试商品', '0.01', 50, '2_05453934459435128.png', '0.50', 2, 9, '1', 0, 200, 633, NULL, '', 0),
(11, 12, 100013, '测试水', '0.01', 1, '3_05472944445560878.png', '0.01', 3, 9, '1', 0, 200, 633, NULL, '', 0),
(12, 13, 100013, '测试水', '0.01', 200, '3_05472944445560878.png', '2.00', 3, 9, '1', 0, 200, 633, NULL, '', 0),
(13, 14, 100013, '测试水', '0.01', 800, '3_05472944445560878.png', '8.00', 3, 9, '1', 0, 200, 633, NULL, '', 0),
(14, 15, 100013, '测试水', '0.01', 9000, '3_05472944445560878.png', '90.00', 3, 9, '1', 0, 200, 633, NULL, '', 0),
(15, 16, 100013, '测试水', '0.01', 9000, '3_05472944445560878.png', '90.00', 3, 9, '1', 0, 200, 633, NULL, '', 0),
(16, 17, 100013, '测试水', '0.01', 900, '3_05472944445560878.png', '9.00', 3, 9, '1', 0, 200, 633, NULL, '', 0),
(17, 18, 100013, '测试水', '0.01', 900, '3_05472944445560878.png', '9.00', 3, 9, '1', 0, 200, 633, NULL, '', 0),
(18, 19, 100013, '测试水', '0.01', 900, '3_05472944445560878.png', '9.00', 3, 9, '1', 0, 200, 633, NULL, '', 0),
(19, 20, 100013, '测试水', '0.01', 1, '3_05472944445560878.png', '0.01', 3, 9, '1', 0, 200, 633, NULL, '', 0),
(20, 21, 100013, '测试水', '0.01', 9000, '3_05472944445560878.png', '90.00', 3, 9, '1', 0, 200, 633, NULL, '', 0),
(21, 22, 100013, '测试水', '0.01', 50, '3_05472944445560878.png', '0.50', 3, 9, '1', 0, 200, 633, NULL, '', 0),
(22, 23, 100013, '测试水', '0.01', 20, '3_05472944445560878.png', '0.20', 3, 2, '1', 0, 200, 633, NULL, '', 0),
(23, 24, 100010, '测试商品', '0.01', 90, '2_05453934459435128.png', '0.90', 2, 2, '1', 0, 200, 633, NULL, '', 0),
(24, 25, 100010, '测试商品', '0.01', 1, '2_05453934459435128.png', '0.01', 2, 2, '1', 0, 200, 633, NULL, '', 0),
(25, 26, 100010, '测试商品', '0.01', 1, '2_05453934459435128.png', '0.01', 2, 2, '1', 0, 200, 633, NULL, '', 0),
(26, 26, 100011, '测试商品2', '0.01', 6, '2_05459276154634896.png', '0.06', 2, 2, '1', 0, 200, 633, NULL, '', 0),
(27, 27, 100011, '测试商品2', '0.01', 1, '2_05459276154634896.png', '0.01', 2, 2, '1', 0, 200, 633, NULL, '', 0),
(28, 27, 100010, '测试商品', '0.01', 1, '2_05453934459435128.png', '0.01', 2, 2, '1', 0, 200, 633, NULL, '', 0),
(29, 28, 100015, '空空1号', '0.01', 120, '2_05475700493262276.jpg', '1.20', 2, 2, '1', 0, 200, 633, NULL, '', 0),
(30, 29, 100014, '测试商品3', '0.02', 1, '2_05475575915659858.jpg', '0.02', 2, 13, '1', 0, 200, 633, NULL, '', 0),
(31, 30, 100014, '测试商品3', '0.02', 1, '2_05475575915659858.jpg', '0.02', 2, 13, '1', 0, 200, 633, NULL, '', 0),
(32, 31, 100014, '测试商品3', '0.02', 1, '2_05475575915659858.jpg', '0.02', 2, 13, '1', 0, 200, 633, NULL, '', 0),
(33, 32, 100010, '测试商品', '0.01', 1, '2_05453934459435128.png', '0.01', 2, 13, '1', 0, 200, 633, NULL, '', 0),
(34, 32, 100014, '测试商品3', '0.02', 1, '2_05475575915659858.jpg', '0.02', 2, 13, '1', 0, 200, 633, NULL, '', 0),
(35, 33, 100013, '测试水', '0.01', 1, '3_05472944445560878.png', '0.01', 3, 13, '1', 0, 200, 633, NULL, '', 0),
(36, 34, 100011, '测试商品2', '0.01', 20, '2_05459276154634896.png', '0.20', 2, 2, '1', 0, 200, 633, NULL, '', 0),
(37, 35, 100012, '测试商品3', '0.01', 20, '2_05466260067490925.jpg', '0.20', 2, 2, '1', 0, 200, 633, NULL, '', 0),
(38, 36, 100011, '测试商品2', '0.01', 1, '2_05459276154634896.png', '0.01', 2, 2, '1', 0, 200, 633, NULL, '', 0),
(39, 37, 100013, '测试水', '0.01', 10, '3_05472944445560878.png', '0.10', 3, 2, '1', 0, 200, 633, NULL, '', 0),
(40, 38, 100013, '测试水', '0.01', 10, '3_05472944445560878.png', '0.10', 3, 2, '1', 0, 200, 633, NULL, '', 0),
(41, 39, 100013, '测试水', '0.01', 10, '3_05472944445560878.png', '0.10', 3, 2, '1', 0, 200, 633, NULL, '', 0),
(42, 40, 100013, '测试水', '0.01', 10, '3_05472944445560878.png', '0.10', 3, 2, '1', 0, 200, 633, NULL, '', 0),
(43, 41, 100013, '测试水', '0.01', 10, '3_05472944445560878.png', '0.10', 3, 2, '1', 0, 200, 633, NULL, '', 0),
(44, 42, 100013, '测试水', '0.01', 10, '3_05472944445560878.png', '0.10', 3, 2, '1', 0, 200, 633, NULL, '', 0),
(45, 43, 100011, '测试商品2', '0.01', 10, '2_05459276154634896.png', '0.10', 2, 2, '1', 0, 200, 633, NULL, '', 0),
(46, 43, 100012, '测试商品3', '0.01', 20, '2_05466260067490925.jpg', '0.20', 2, 2, '1', 0, 200, 633, NULL, '', 0),
(47, 43, 100014, '测试商品3', '0.02', 20, '2_05475575915659858.jpg', '0.40', 2, 2, '1', 0, 200, 633, NULL, '', 0),
(48, 44, 100013, '测试水', '0.01', 1, '3_05472944445560878.png', '0.01', 3, 2, '1', 0, 200, 633, NULL, '', 0),
(49, 45, 100014, '测试商品3', '0.02', 1, '2_05475575915659858.jpg', '0.02', 2, 2, '1', 0, 200, 633, NULL, '', 0),
(50, 46, 100013, '测试水', '0.01', 10, '3_05472944445560878.png', '0.10', 3, 2, '1', 0, 200, 633, NULL, '', 0),
(51, 47, 100013, '测试水', '0.01', 10, '3_05472944445560878.png', '0.10', 3, 2, '1', 0, 200, 633, NULL, '', 0),
(52, 48, 100013, '测试水', '0.01', 10, '3_05472944445560878.png', '0.10', 3, 2, '1', 0, 200, 633, NULL, '', 0),
(53, 49, 100013, '测试水', '0.01', 10, '3_05472944445560878.png', '0.10', 3, 2, '1', 0, 200, 633, NULL, '', 0),
(54, 50, 100013, '测试水', '0.01', 10, '3_05472944445560878.png', '0.10', 3, 2, '1', 0, 200, 633, NULL, '', 0),
(55, 51, 100013, '测试水', '0.01', 10, '3_05472944445560878.png', '0.10', 3, 2, '1', 0, 200, 633, NULL, '', 0),
(56, 52, 100013, '测试水', '0.01', 10, '3_05472944445560878.png', '0.10', 3, 2, '1', 0, 200, 633, NULL, '', 0),
(57, 53, 100013, '测试水', '0.01', 10, '3_05472944445560878.png', '0.10', 3, 2, '1', 0, 200, 633, NULL, '', 0),
(58, 54, 100011, '测试商品2', '0.01', 10, '2_05459276154634896.png', '0.10', 2, 2, '1', 0, 200, 633, NULL, '', 0),
(59, 55, 100013, '测试水', '0.01', 10, '3_05472944445560878.png', '0.10', 3, 2, '1', 0, 200, 633, NULL, '', 0),
(60, 56, 100011, '测试商品2', '0.01', 10, '2_05459276154634896.png', '0.10', 2, 2, '1', 0, 200, 633, NULL, '', 0),
(61, 57, 100013, '测试水', '0.01', 10, '3_05472944445560878.png', '0.10', 3, 2, '1', 0, 200, 633, NULL, '', 0),
(62, 58, 100011, '测试商品2', '0.01', 10, '2_05459276154634896.png', '0.10', 2, 2, '1', 0, 200, 633, NULL, '', 0),
(63, 59, 100011, '测试商品2', '0.01', 10, '2_05459276154634896.png', '0.10', 2, 2, '1', 0, 200, 633, NULL, '', 0),
(64, 60, 100012, '测试商品3', '0.01', 10, '2_05466260067490925.jpg', '0.10', 2, 2, '1', 0, 200, 633, NULL, '', 0),
(65, 61, 100013, '测试水', '0.01', 10, '3_05472944445560878.png', '0.10', 3, 2, '1', 0, 200, 633, NULL, '', 0),
(66, 62, 100011, '测试商品2', '0.01', 10, '2_05459276154634896.png', '0.10', 2, 2, '1', 0, 200, 633, NULL, '', 0),
(67, 62, 100012, '测试商品3', '0.01', 10, '2_05466260067490925.jpg', '0.10', 2, 2, '1', 0, 200, 633, NULL, '', 0),
(68, 63, 100011, '测试商品2', '0.01', 20, '2_05459276154634896.png', '0.20', 2, 2, '1', 0, 200, 633, NULL, '', 0),
(69, 63, 100012, '测试商品3', '0.01', 20, '2_05466260067490925.jpg', '0.20', 2, 2, '1', 0, 200, 633, NULL, '', 0),
(70, 64, 100011, '测试商品2', '0.01', 10, '2_05459276154634896.png', '0.10', 2, 2, '1', 0, 200, 633, NULL, '', 0),
(71, 65, 100012, '测试商品3', '0.01', 10, '2_05466260067490925.jpg', '0.10', 2, 2, '1', 0, 200, 633, NULL, '', 0),
(72, 66, 100011, '测试商品2', '0.01', 10, '2_05459276154634896.png', '0.10', 2, 2, '1', 0, 200, 633, NULL, '', 0),
(73, 67, 100013, '测试水', '0.01', 10, '3_05472944445560878.png', '0.10', 3, 2, '1', 0, 200, 633, NULL, '', 0),
(74, 68, 100013, '测试水', '0.01', 10, '3_05472944445560878.png', '0.10', 3, 2, '1', 0, 200, 633, NULL, '', 0),
(75, 69, 100013, '测试水', '0.01', 10, '3_05472944445560878.png', '0.10', 3, 2, '1', 0, 200, 633, NULL, '', 0),
(76, 70, 100013, '测试水', '0.01', 10, '3_05472944445560878.png', '0.10', 3, 2, '1', 0, 200, 633, NULL, '', 0),
(77, 71, 100013, '测试水', '0.01', 20, '3_05472944445560878.png', '0.20', 3, 2, '1', 0, 200, 633, NULL, '', 0),
(78, 72, 100013, '测试水', '0.01', 20, '3_05472944445560878.png', '0.20', 3, 2, '1', 0, 200, 633, NULL, '', 0),
(79, 73, 100011, '测试商品2', '0.01', 10, '2_05459276154634896.png', '0.10', 2, 2, '1', 0, 200, 633, NULL, '', 0),
(80, 74, 100013, '测试水', '0.01', 10, '3_05472944445560878.png', '0.10', 3, 2, '1', 0, 200, 633, NULL, '', 0),
(81, 75, 100011, '测试商品2', '0.01', 10, '2_05459276154634896.png', '0.10', 2, 2, '1', 0, 200, 633, NULL, '', 0),
(82, 75, 100012, '测试商品3', '0.01', 10, '2_05466260067490925.jpg', '0.10', 2, 2, '1', 0, 200, 633, NULL, '', 0),
(83, 76, 100011, '测试商品2', '0.01', 10, '2_05459276154634896.png', '0.10', 2, 2, '1', 0, 200, 633, NULL, '', 0),
(84, 76, 100014, '测试商品3', '0.02', 20, '2_05475575915659858.jpg', '0.40', 2, 2, '1', 0, 200, 633, NULL, '', 0),
(85, 77, 100012, '测试商品3', '0.01', 10, '2_05466260067490925.jpg', '0.10', 2, 2, '1', 0, 200, 633, NULL, '', 0),
(86, 77, 100014, '测试商品3', '0.02', 10, '2_05475575915659858.jpg', '0.20', 2, 2, '1', 0, 200, 633, NULL, '', 0),
(87, 78, 100014, '测试商品3', '0.02', 10, '2_05475575915659858.jpg', '0.20', 2, 2, '1', 0, 200, 633, NULL, '', 0),
(88, 79, 100014, '测试商品3', '0.02', 20, '2_05475575915659858.jpg', '0.40', 2, 2, '1', 0, 200, 633, NULL, '', 0),
(89, 80, 100011, '测试商品2', '0.01', 10, '2_05459276154634896.png', '0.10', 2, 2, '1', 0, 200, 633, NULL, '', 0),
(90, 81, 100013, '测试水', '0.01', 10, '3_05472944445560878.png', '0.10', 3, 2, '1', 0, 200, 633, NULL, '', 0),
(91, 82, 100013, '测试水', '0.01', 10, '3_05472944445560878.png', '0.10', 3, 2, '1', 0, 200, 633, NULL, '', 0),
(92, 83, 100011, '测试商品2', '0.01', 60, '2_05459276154634896.png', '0.60', 2, 2, '1', 0, 200, 633, NULL, '', 0),
(93, 84, 100013, '测试水', '0.01', 10, '3_05472944445560878.png', '0.10', 3, 2, '1', 0, 200, 633, NULL, '', 0),
(94, 85, 100011, '测试商品2', '0.01', 10, '2_05459276154634896.png', '0.10', 2, 2, '1', 0, 200, 633, NULL, '', 0),
(95, 86, 100013, '测试水', '0.01', 10, '3_05472944445560878.png', '0.10', 3, 2, '1', 0, 200, 633, NULL, '', 0),
(96, 87, 100013, '测试水', '0.01', 10, '3_05472944445560878.png', '0.10', 3, 2, '1', 0, 200, 633, NULL, '', 0),
(97, 88, 100013, '测试水', '0.01', 10, '3_05472944445560878.png', '0.10', 3, 2, '1', 0, 200, 633, NULL, '', 0),
(98, 89, 100011, '测试商品2', '0.01', 10, '2_05459276154634896.png', '0.10', 2, 2, '1', 0, 200, 633, NULL, '', 0),
(99, 90, 100011, '测试商品2', '0.01', 10, '2_05459276154634896.png', '0.10', 2, 2, '1', 0, 200, 633, NULL, '', 0),
(100, 91, 100013, '测试水', '0.01', 10, '3_05472944445560878.png', '0.10', 3, 2, '1', 0, 200, 633, NULL, '', 0),
(101, 92, 100013, '测试水', '0.01', 10, '3_05472944445560878.png', '0.10', 3, 2, '1', 0, 200, 633, NULL, '', 0),
(102, 93, 100013, '测试水', '0.01', 10, '3_05472944445560878.png', '0.10', 3, 2, '1', 0, 200, 633, NULL, '', 0),
(103, 94, 100011, '测试商品2', '0.01', 10, '2_05459276154634896.png', '0.10', 2, 2, '1', 0, 200, 633, NULL, '', 0),
(104, 95, 100013, '测试水', '0.01', 10, '3_05472944445560878.png', '0.10', 3, 2, '1', 0, 200, 633, NULL, '', 0),
(105, 96, 100013, '测试水', '0.01', 10, '3_05472944445560878.png', '0.10', 3, 2, '1', 0, 200, 633, NULL, '', 0),
(106, 97, 100013, '测试水', '0.01', 10, '3_05472944445560878.png', '0.10', 3, 2, '1', 0, 200, 633, NULL, '', 0),
(107, 98, 100013, '测试水', '0.01', 10, '3_05472944445560878.png', '0.10', 3, 2, '1', 0, 200, 633, NULL, '', 0),
(108, 99, 100013, '测试水', '0.01', 10, '3_05472944445560878.png', '0.10', 3, 2, '1', 0, 200, 633, NULL, '', 0),
(109, 100, 100013, '测试水', '0.01', 10, '3_05472944445560878.png', '0.10', 3, 2, '1', 0, 200, 633, NULL, '', 0),
(110, 101, 100013, '测试水', '0.01', 10, '3_05472944445560878.png', '0.10', 3, 2, '1', 0, 200, 633, NULL, '', 0),
(111, 102, 100013, '测试水', '0.01', 10, '3_05472944445560878.png', '0.10', 3, 2, '1', 0, 200, 633, NULL, '', 0),
(112, 103, 100013, '测试水', '0.01', 10, '3_05472944445560878.png', '0.10', 3, 2, '1', 0, 200, 633, NULL, '', 0),
(113, 104, 100013, '测试水', '0.01', 10, '3_05472944445560878.png', '0.10', 3, 2, '1', 0, 200, 633, NULL, '', 0),
(114, 105, 100013, '测试水', '0.01', 10, '3_05472944445560878.png', '0.10', 3, 2, '1', 0, 200, 633, NULL, '', 0),
(115, 106, 100013, '测试水', '0.01', 10, '3_05472944445560878.png', '0.10', 3, 2, '1', 0, 200, 633, NULL, '', 0),
(116, 107, 100013, '测试水', '0.01', 10, '3_05472944445560878.png', '0.10', 3, 2, '1', 0, 200, 633, NULL, '', 0),
(117, 108, 100013, '测试水', '0.01', 10, '3_05472944445560878.png', '0.10', 3, 2, '1', 0, 200, 633, NULL, '', 0),
(118, 109, 100013, '测试水', '0.01', 10, '3_05472944445560878.png', '0.10', 3, 2, '1', 0, 200, 633, NULL, '', 0),
(119, 110, 100013, '测试水', '0.01', 10, '3_05472944445560878.png', '0.10', 3, 2, '1', 0, 200, 633, NULL, '', 0),
(120, 111, 100013, '测试水', '0.01', 10, '3_05472944445560878.png', '0.10', 3, 2, '1', 0, 200, 633, NULL, '', 0),
(121, 112, 100011, '测试商品2', '0.01', 20, '2_05459276154634896.png', '0.20', 2, 2, '1', 0, 200, 633, NULL, '', 0),
(122, 113, 100011, '测试商品2', '0.01', 10, '2_05459276154634896.png', '0.10', 2, 2, '1', 0, 200, 633, NULL, '', 0),
(123, 114, 100012, '测试商品3', '0.01', 20, '2_05466260067490925.jpg', '0.20', 2, 2, '1', 0, 200, 633, NULL, '', 0),
(124, 114, 100014, '测试商品3', '0.02', 20, '2_05475575915659858.jpg', '0.40', 2, 2, '1', 0, 200, 633, NULL, '', 0),
(125, 114, 100015, '空空1号', '0.01', 20, '2_05475700493262276.jpg', '0.20', 2, 2, '1', 0, 200, 633, NULL, '', 0),
(126, 115, 100013, '测试水', '0.01', 10, '3_05472944445560878.png', '0.10', 3, 2, '1', 0, 200, 633, NULL, '', 0),
(127, 116, 100013, '测试水', '0.01', 10, '3_05472944445560878.png', '0.10', 3, 2, '1', 0, 200, 633, NULL, '', 0),
(128, 117, 100013, '测试水', '0.01', 10, '3_05472944445560878.png', '0.10', 3, 2, '1', 0, 200, 633, NULL, '', 0),
(129, 118, 100013, '测试水', '0.01', 10, '3_05472944445560878.png', '0.10', 3, 2, '1', 0, 200, 633, NULL, '', 0),
(130, 119, 100013, '测试水', '0.01', 10, '3_05472944445560878.png', '0.10', 3, 2, '1', 0, 200, 633, NULL, '', 0),
(131, 120, 100013, '测试水', '0.01', 10, '3_05472944445560878.png', '0.10', 3, 2, '1', 0, 200, 633, NULL, '', 0),
(132, 121, 100011, '测试商品2', '0.01', 10, '2_05459276154634896.png', '0.10', 2, 2, '1', 0, 200, 633, NULL, '', 0),
(133, 122, 100013, '测试水', '0.01', 10, '3_05472944445560878.png', '0.10', 3, 2, '1', 0, 200, 633, NULL, '', 0),
(134, 123, 100013, '测试水', '0.01', 10, '3_05472944445560878.png', '0.10', 3, 2, '1', 0, 200, 633, NULL, '', 0),
(135, 124, 100013, '测试水', '0.01', 10, '3_05472944445560878.png', '0.10', 3, 2, '1', 0, 200, 633, NULL, '', 0),
(136, 125, 100013, '测试水', '0.01', 10, '3_05472944445560878.png', '0.10', 3, 2, '1', 0, 200, 633, NULL, '', 0),
(137, 126, 100013, '测试水', '0.01', 10, '3_05472944445560878.png', '0.10', 3, 2, '1', 0, 200, 633, NULL, '', 0),
(138, 127, 100013, '测试水', '0.01', 10, '3_05472944445560878.png', '0.10', 3, 2, '1', 0, 200, 633, NULL, '', 0),
(139, 128, 100013, '测试水', '0.01', 10, '3_05472944445560878.png', '0.10', 3, 2, '1', 0, 200, 633, NULL, '', 0),
(140, 129, 100013, '测试水', '0.01', 10, '3_05472944445560878.png', '0.10', 3, 2, '1', 0, 200, 633, NULL, '', 0),
(141, 130, 100013, '测试水', '0.01', 10, '3_05472944445560878.png', '0.10', 3, 2, '1', 0, 200, 633, NULL, '', 0),
(142, 131, 100013, '测试水', '0.01', 10, '3_05472944445560878.png', '0.10', 3, 2, '1', 0, 200, 633, NULL, '', 0),
(143, 132, 100013, '测试水', '0.01', 100, '3_05472944445560878.png', '1.00', 3, 2, '1', 0, 200, 633, NULL, '', 0),
(144, 133, 100013, '测试水', '0.01', 10, '3_05472944445560878.png', '0.10', 3, 2, '1', 0, 200, 633, NULL, '', 0),
(145, 134, 100013, '测试水', '0.01', 10, '3_05472944445560878.png', '0.10', 3, 2, '1', 0, 200, 633, NULL, '', 0),
(146, 135, 100013, '测试水', '0.01', 10, '3_05472944445560878.png', '0.10', 3, 2, '1', 0, 200, 633, NULL, '', 0);

-- --------------------------------------------------------

--
-- 表的结构 `33hao_order_log`
--

CREATE TABLE IF NOT EXISTS `33hao_order_log` (
  `log_id` int(11) NOT NULL AUTO_INCREMENT COMMENT '主键',
  `order_id` int(11) NOT NULL COMMENT '订单id',
  `log_msg` varchar(150) DEFAULT '' COMMENT '文字描述',
  `log_time` int(10) unsigned NOT NULL COMMENT '处理时间',
  `log_role` varchar(10) NOT NULL COMMENT '操作角色',
  `log_user` varchar(30) DEFAULT '' COMMENT '操作人',
  `log_orderstate` enum('0','10','20','30','40') DEFAULT NULL COMMENT '订单状态：0(已取消)10:未付款;20:已付款;30:已发货;40:已收货;',
  PRIMARY KEY (`log_id`)
) ENGINE=InnoDB  DEFAULT CHARSET=utf8 COMMENT='订单处理历史表' AUTO_INCREMENT=100 ;

--
-- 转存表中的数据 `33hao_order_log`
--

INSERT INTO `33hao_order_log` (`log_id`, `order_id`, `log_msg`, `log_time`, `log_role`, `log_user`, `log_orderstate`) VALUES
(1, 1, '签收了货物', 1493364524, '买家', 'sllsll', '40'),
(2, 2, '签收了货物', 1493365187, '买家', 'sllsll', '40'),
(3, 3, '水币支付订单', 1493869370, '买家', '', '20'),
(4, 4, '水币支付订单', 1493869510, '买家', '', '20'),
(5, 4, '取消了订单 ( 商品全部退款完成取消订单 )', 1493878987, '系统', 'admin', '0'),
(6, 5, '水币支付订单', 1493879164, '买家', '', '20'),
(7, 5, '取消了订单 ( 商品全部退款完成取消订单 )', 1493879282, '系统', 'admin', '0'),
(8, 7, '水币支付订单', 1493900830, '买家', '', '20'),
(9, 8, '水币支付订单', 1493901134, '买家', '', '20'),
(10, 9, '水币支付订单', 1493901207, '买家', '', '20'),
(11, 10, '水币支付订单', 1493901275, '买家', '', '20'),
(12, 11, '水币支付订单', 1493901417, '买家', '', '20'),
(13, 12, '水币支付订单', 1493950505, '买家', '', '20'),
(14, 12, '发出货物(编辑信息)', 1493950582, '商家', 'shuichang1', '30'),
(15, 12, '签收了货物', 1493950594, '买家', 'shuichang4', '40'),
(16, 13, '水币支付订单', 1493952809, '买家', '', '20'),
(17, 13, '发出货物(编辑信息)', 1493952878, '商家', 'shuichang1', '30'),
(18, 13, '签收了货物', 1493952886, '买家', 'shuichang4', '40'),
(19, 14, '水币支付订单', 1493954912, '买家', '', '20'),
(20, 14, '取消了订单 ( 商品全部退款完成取消订单 )', 1493963491, '系统', 'admin', '0'),
(21, 15, '水币支付订单', 1493963903, '买家', '', '20'),
(22, 15, '取消了订单 ( 商品全部退款完成取消订单 )', 1493963977, '系统', 'admin', '0'),
(23, 16, '水币支付订单', 1493964114, '买家', '', '20'),
(24, 16, '取消了订单 ( 商品全部退款完成取消订单 )', 1493964402, '系统', 'admin', '0'),
(25, 11, '取消了订单 ( 商品全部退款完成取消订单 )', 1493964445, '系统', 'admin', '0'),
(26, 17, '水币支付订单', 1493967703, '买家', '', '20'),
(27, 18, '水币支付订单', 1493967769, '买家', '', '20'),
(28, 19, '水币支付订单', 1493968094, '买家', '', '20'),
(29, 19, '水币支付订单', 1493968113, '买家', '', '20'),
(30, 20, '水币支付订单', 1493968450, '买家', '', '20'),
(31, 20, '水币支付订单', 1493968536, '买家', '', '20'),
(32, 20, '水币支付订单', 1493968618, '买家', '', '20'),
(33, 17, '取消了订单 ( 商品全部退款完成取消订单 )', 1493970795, '系统', 'admin', '0'),
(34, 19, '取消了订单 ( 商品全部退款完成取消订单 )', 1493970998, '系统', 'admin', '0'),
(35, 21, '水币支付订单', 1493971229, '买家', '', '20'),
(36, 22, '水币支付订单', 1493971644, '买家', '', '20'),
(37, 28, '水币支付订单', 1494233854, '买家', '', '20'),
(38, 28, '发出货物(编辑信息)', 1494233907, '商家', 'sina450911', '30'),
(39, 28, '签收了货物', 1494233933, '买家', 'sllsll', '40'),
(40, 24, '水币支付订单', 1494322597, '买家', '', '20'),
(41, 23, '水币支付订单', 1494322597, '买家', '', '20'),
(42, 24, '水币支付订单', 1494322617, '买家', '', '20'),
(43, 23, '水币支付订单', 1494322617, '买家', '', '20'),
(44, 25, '水币支付订单', 1494322990, '买家', '', '20'),
(46, 29, '取消了订单 ( 改买其他商品 )', 1494417887, '买家', '博丽灵梦', '0'),
(47, 31, '取消了订单 ( 改买其他商品 )', 1494417895, '买家', '博丽灵梦', '0'),
(48, 29, '取消了订单 ( 用户取消 )', 1494418285, '买家', '博丽灵梦', '0'),
(49, 30, '取消了订单 ( 用户取消 )', 1494418398, '买家', '博丽灵梦', '0'),
(50, 26, '水币支付订单', 1494646842, '买家', '', '20'),
(51, 26, '水币支付订单', 1494646881, '买家', '', '20'),
(52, 26, '水币支付订单', 1494646897, '买家', '', '20'),
(53, 27, '水币支付订单', 1494655042, '买家', '', '20'),
(54, 34, '支付订单', 1494655404, '买家', '', '20'),
(55, 34, '发出货物(编辑信息)', 1494657399, '商家', 'sina450911', '30'),
(56, 27, '发出货物(编辑信息)', 1494658668, '商家', 'sina450911', '30'),
(57, 35, '支付订单', 1494660059, '买家', '', '20'),
(58, 43, '水币支付订单', 1494660743, '买家', '', '20'),
(59, 36, '支付订单', 1494660989, '买家', '', '20'),
(60, 44, '水币支付订单', 1494661215, '买家', '', '20'),
(61, 45, '水币支付订单', 1494661215, '买家', '', '20'),
(62, 41, '支付订单', 1494663397, '买家', '', '20'),
(63, 40, '水币支付订单', 1494663716, '买家', '', '20'),
(64, 42, '水币支付订单', 1494663738, '买家', '', '20'),
(65, 37, '支付订单', 1494663750, '买家', '', '20'),
(66, 38, '支付订单', 1494663767, '买家', '', '20'),
(67, 69, '支付订单', 1494670393, '买家', '', '20'),
(68, 70, '支付订单', 1494670620, '买家', '', '20'),
(69, 71, '支付订单', 1494670849, '买家', '', '20'),
(70, 72, '支付订单', 1494671229, '买家', '', '20'),
(71, 73, '支付订单', 1494671245, '买家', '', '20'),
(72, 74, '支付订单', 1494671260, '买家', '', '20'),
(73, 75, '支付订单', 1494671425, '买家', '', '20'),
(74, 67, '支付订单', 1494814878, '买家', '', '20'),
(75, 76, '水币支付订单', 1494814921, '买家', '', '20'),
(76, 77, '支付订单', 1494816887, '买家', '', '20'),
(77, 78, '支付订单', 1494817624, '买家', '', '20'),
(78, 66, '水币支付订单', 1494818827, '买家', '', '20'),
(79, 82, '支付订单', 1494818904, '买家', '', '20'),
(80, 84, '支付订单', 1494830024, '买家', '', '20'),
(81, 85, '水币支付订单', 1494830037, '买家', '', '20'),
(82, 88, '支付订单', 1494830932, '买家', '', '20'),
(83, 89, '支付订单', 1494830944, '买家', '', '20'),
(84, 90, '支付订单', 1494831030, '买家', '', '20'),
(85, 91, '支付订单', 1494831071, '买家', '', '20'),
(86, 92, '支付订单', 1494831087, '买家', '', '20'),
(87, 93, '水币支付订单', 1494831310, '买家', '', '20'),
(88, 86, '支付订单', 1494831356, '买家', '', '20'),
(89, 79, '水币支付订单', 1494831432, '买家', '', '20'),
(90, 95, '支付订单', 1494831600, '买家', '', '20'),
(91, 100, '支付订单', 1494835983, '买家', '', '20'),
(92, 101, '支付订单', 1494836004, '买家', '', '20'),
(93, 118, '水币支付订单', 1494842269, '买家', '', '20'),
(94, 119, '支付订单', 1494842466, '买家', '', '20'),
(95, 120, '支付订单', 1494842493, '买家', '', '20'),
(96, 128, '支付订单', 1494842862, '买家', '', '20'),
(97, 129, '支付订单', 1494842925, '买家', '', '20'),
(98, 130, '水币支付订单', 1494842967, '买家', '', '20'),
(99, 133, '水币支付订单', 1494843090, '买家', '', '20');

-- --------------------------------------------------------

--
-- 表的结构 `33hao_order_pay`
--

CREATE TABLE IF NOT EXISTS `33hao_order_pay` (
  `pay_id` int(10) unsigned NOT NULL AUTO_INCREMENT,
  `pay_sn` bigint(20) unsigned NOT NULL COMMENT '支付单号',
  `buyer_id` int(10) unsigned NOT NULL COMMENT '买家ID',
  `api_pay_state` enum('0','1') DEFAULT '0' COMMENT '0默认未支付1已支付(只有第三方支付接口通知到时才会更改此状态)',
  PRIMARY KEY (`pay_id`)
) ENGINE=InnoDB  DEFAULT CHARSET=utf8 COMMENT='订单支付表' AUTO_INCREMENT=134 ;

--
-- 转存表中的数据 `33hao_order_pay`
--

INSERT INTO `33hao_order_pay` (`pay_id`, `pay_sn`, `buyer_id`, `api_pay_state`) VALUES
(1, 610546708473729002, 2, '1'),
(2, 520546709146937002, 2, '1'),
(3, 220547060300570009, 9, '0'),
(4, 360547213500615009, 9, '0'),
(5, 760547223113347009, 9, '0'),
(6, 680547244131242009, 9, '0'),
(7, 970547245071610009, 9, '0'),
(8, 330547245198159009, 9, '0'),
(9, 980547245267404009, 9, '0'),
(10, 390547245410020009, 9, '0'),
(11, 470547294492423009, 9, '0'),
(12, 600547296797801009, 9, '0'),
(13, 810547298903835009, 9, '0'),
(14, 410547307891316009, 9, '0'),
(15, 370547308106311009, 9, '0'),
(16, 380547310934287009, 9, '0'),
(17, 210547311025591009, 9, '0'),
(18, 310547311043183009, 9, '0'),
(19, 700547311755686009, 9, '0'),
(20, 440547312085066009, 9, '0'),
(21, 410547312441904009, 9, '0'),
(22, 730547315220161009, 9, '0'),
(23, 780547315525795009, 9, '0'),
(24, 110547382538607002, 2, '0'),
(25, 450547393666813002, 2, '0'),
(26, 880547409625517002, 2, '0'),
(27, 160547409899672002, 2, '0'),
(28, 170547577717345002, 2, '0'),
(29, 260547755631903013, 13, '0'),
(30, 480547761834648013, 13, '0'),
(31, 350547761853493013, 13, '0'),
(32, 620547762660793013, 13, '0'),
(33, 240547984946681002, 2, '0'),
(34, 780547985174696002, 2, '0'),
(35, 430547985839852002, 2, '0'),
(36, 870547986312651002, 2, '0'),
(37, 480547986338008002, 2, '0'),
(38, 750547989209468002, 2, '0'),
(39, 720547989519212002, 2, '0'),
(40, 960547989599348002, 2, '0'),
(41, 440547990281664002, 2, '0'),
(42, 580548004653834002, 2, '0'),
(43, 680548005193625002, 2, '0'),
(44, 730548008356948002, 2, '0'),
(45, 300548009524001002, 2, '0'),
(46, 890548009669910002, 2, '0'),
(47, 640548009859817002, 2, '0'),
(48, 780548010029734002, 2, '0'),
(49, 120548010102598002, 2, '0'),
(50, 340548012298580002, 2, '0'),
(51, 860548012353312002, 2, '0'),
(52, 360548012368120002, 2, '0'),
(53, 350548012382153002, 2, '0'),
(54, 420548012671997002, 2, '0'),
(55, 590548012755461002, 2, '0'),
(56, 140548013534778002, 2, '0'),
(57, 110548013581596002, 2, '0'),
(58, 310548013629459002, 2, '0'),
(59, 860548013822770002, 2, '0'),
(60, 950548013883723002, 2, '0'),
(61, 810548013960646002, 2, '0'),
(62, 960548014063920002, 2, '0'),
(63, 480548014121092002, 2, '0'),
(64, 110548014225133002, 2, '0'),
(65, 600548014289411002, 2, '0'),
(66, 860548014373041002, 2, '0'),
(67, 330548014388899002, 2, '0'),
(68, 720548014465322002, 2, '0'),
(69, 350548014843868002, 2, '0'),
(70, 870548015218836002, 2, '0'),
(71, 660548015241083002, 2, '0'),
(72, 610548015256252002, 2, '0'),
(73, 650548015418161002, 2, '0'),
(74, 220548158917638002, 2, '0'),
(75, 200548160882654002, 2, '0'),
(76, 900548161612419002, 2, '0'),
(77, 940548162704633002, 2, '0'),
(78, 130548162745162002, 2, '0'),
(79, 260548162874670002, 2, '0'),
(80, 140548162899344002, 2, '0'),
(81, 960548173581094002, 2, '0'),
(82, 160548174019907002, 2, '0'),
(83, 970548174032885002, 2, '0'),
(84, 780548174508122002, 2, '0'),
(85, 310548174897606002, 2, '0'),
(86, 980548174929001002, 2, '0'),
(87, 130548174941357002, 2, '0'),
(88, 460548174962863002, 2, '0'),
(89, 100548175041579002, 2, '0'),
(90, 450548175080863002, 2, '0'),
(91, 730548175305016002, 2, '0'),
(92, 790548175338659002, 2, '0'),
(93, 600548175447275002, 2, '0'),
(94, 680548178046717002, 2, '0'),
(95, 600548179166493002, 2, '0'),
(96, 310548179344878002, 2, '0'),
(97, 830548179728268002, 2, '0'),
(98, 740548179978705002, 2, '0'),
(99, 320548180000938002, 2, '0'),
(100, 210548180719416002, 2, '0'),
(101, 680548181743625002, 2, '0'),
(102, 630548181855161002, 2, '0'),
(103, 340548181940980002, 2, '0'),
(104, 990548182433672002, 2, '0'),
(105, 810548182887156002, 2, '0'),
(106, 120548183094337002, 2, '0'),
(107, 320548183563713002, 2, '0'),
(108, 620548184891136002, 2, '0'),
(109, 760548185181808002, 2, '0'),
(110, 210548185486517002, 2, '0'),
(111, 500548185497248002, 2, '0'),
(112, 610548185521414002, 2, '0'),
(113, 730548185688530002, 2, '0'),
(114, 310548185814199002, 2, '0'),
(115, 300548185998769002, 2, '0'),
(116, 800548186265147002, 2, '0'),
(117, 190548186459507002, 2, '0'),
(118, 920548186488525002, 2, '0'),
(119, 960548186608093002, 2, '0'),
(120, 600548186648371002, 2, '0'),
(121, 650548186782600002, 2, '0'),
(122, 990548186787992002, 2, '0'),
(123, 590548186788678002, 2, '0'),
(124, 620548186791152002, 2, '0'),
(125, 570548186793623002, 2, '0'),
(126, 630548186858423002, 2, '0'),
(127, 100548186921048002, 2, '0'),
(128, 960548186964044002, 2, '0'),
(129, 570548187019349002, 2, '0'),
(130, 270548187059288002, 2, '0'),
(131, 350548187087456002, 2, '0'),
(132, 880548190988388002, 2, '0'),
(133, 640548191124311002, 2, '0');

-- --------------------------------------------------------

--
-- 表的结构 `33hao_order_snapshot`
--

CREATE TABLE IF NOT EXISTS `33hao_order_snapshot` (
  `rec_id` int(11) NOT NULL COMMENT '主键',
  `goods_id` int(11) NOT NULL COMMENT '商品ID',
  `create_time` int(11) NOT NULL COMMENT '生成时间',
  `goods_attr` text COMMENT '属性',
  `goods_body` text COMMENT '详情',
  `plate_top` text COMMENT '顶部关联版式',
  `plate_bottom` text COMMENT '底部关联版式',
  PRIMARY KEY (`rec_id`)
) ENGINE=InnoDB DEFAULT CHARSET=utf8 COMMENT='订单快照表';

--
-- 转存表中的数据 `33hao_order_snapshot`
--

INSERT INTO `33hao_order_snapshot` (`rec_id`, `goods_id`, `create_time`, `goods_attr`, `goods_body`, `plate_top`, `plate_bottom`) VALUES
(1, 100010, 1493364473, 'a:2:{s:6:"货号";s:6:"100001";s:6:"品牌";s:9:"万宝龙";}', '<p>\r\n	测试商品描述\r\n</p>', NULL, NULL),
(2, 100010, 1493365147, 'a:2:{s:6:"货号";s:6:"100001";s:6:"品牌";s:9:"万宝龙";}', '<p>\r\n	测试商品描述\r\n</p>', NULL, NULL),
(3, 100010, 1493716300, 'a:2:{s:6:"货号";s:6:"100001";s:6:"品牌";s:9:"万宝龙";}', '<p>\r\n	测试商品描述\r\n</p>', NULL, NULL),
(4, 100010, 1493869501, 'a:2:{s:6:"货号";s:6:"100001";s:6:"品牌";s:9:"万宝龙";}', '<p>\r\n	测试商品描述\r\n</p>', NULL, NULL),
(5, 100010, 1493879113, 'a:2:{s:6:"货号";s:6:"100001";s:6:"品牌";s:9:"万宝龙";}', '<p>\r\n	测试商品描述\r\n</p>', NULL, NULL),
(6, 100010, 1493900131, 'a:2:{s:6:"货号";s:6:"100001";s:6:"品牌";s:9:"万宝龙";}', '<p>\r\n	测试商品描述\r\n</p>', NULL, NULL),
(7, 100010, 1493901071, 'a:2:{s:6:"货号";s:6:"100001";s:6:"品牌";s:9:"万宝龙";}', '<p>\r\n	测试商品描述\r\n</p>', NULL, NULL),
(8, 100010, 1493901198, 'a:2:{s:6:"货号";s:6:"100001";s:6:"品牌";s:9:"万宝龙";}', '<p>\r\n	测试商品描述\r\n</p>', NULL, NULL),
(9, 100010, 1493901267, 'a:2:{s:6:"货号";s:6:"100001";s:6:"品牌";s:9:"万宝龙";}', '<p>\r\n	测试商品描述\r\n</p>', NULL, NULL),
(10, 100010, 1493901410, 'a:2:{s:6:"货号";s:6:"100001";s:6:"品牌";s:9:"万宝龙";}', '<p>\r\n	测试商品描述\r\n</p>', NULL, NULL),
(11, 100013, 1493950492, 'a:2:{s:6:"货号";s:6:"100002";s:6:"品牌";s:0:"";}', '', NULL, NULL),
(12, 100013, 1493952798, 'a:2:{s:6:"货号";s:6:"100002";s:6:"品牌";s:0:"";}', '', NULL, NULL),
(13, 100013, 1493954904, 'a:2:{s:6:"货号";s:6:"100002";s:6:"品牌";s:0:"";}', '', NULL, NULL),
(14, 100013, 1493963891, 'a:2:{s:6:"货号";s:6:"100002";s:6:"品牌";s:0:"";}', '', NULL, NULL),
(15, 100013, 1493964106, 'a:2:{s:6:"货号";s:6:"100002";s:6:"品牌";s:0:"";}', '', NULL, NULL),
(16, 100013, 1493967043, 'a:2:{s:6:"货号";s:6:"100002";s:6:"品牌";s:0:"";}', '', NULL, NULL),
(17, 100013, 1493967755, 'a:2:{s:6:"货号";s:6:"100002";s:6:"品牌";s:0:"";}', '', NULL, NULL),
(18, 100013, 1493968085, 'a:2:{s:6:"货号";s:6:"100002";s:6:"品牌";s:0:"";}', '', NULL, NULL),
(19, 100013, 1493968442, 'a:2:{s:6:"货号";s:6:"100002";s:6:"品牌";s:0:"";}', '', NULL, NULL),
(20, 100013, 1493971220, 'a:2:{s:6:"货号";s:6:"100002";s:6:"品牌";s:0:"";}', '', NULL, NULL),
(21, 100013, 1493971526, 'a:2:{s:6:"货号";s:6:"100002";s:6:"品牌";s:0:"";}', '', NULL, NULL),
(22, 100013, 1494038539, 'a:2:{s:6:"货号";s:6:"100002";s:6:"品牌";s:0:"";}', '', NULL, NULL),
(23, 100010, 1494038539, 'a:2:{s:6:"货号";s:6:"100001";s:6:"品牌";s:9:"万宝龙";}', '<p>\r\n	测试商品描述\r\n</p>', NULL, NULL),
(24, 100010, 1494049667, 'a:2:{s:6:"货号";s:6:"100001";s:6:"品牌";s:9:"万宝龙";}', '<p>\r\n	测试商品描述\r\n</p>', NULL, NULL),
(25, 100010, 1494065626, 'a:2:{s:6:"货号";s:6:"100001";s:6:"品牌";s:9:"万宝龙";}', '<p>\r\n	测试商品描述\r\n</p>', NULL, NULL),
(26, 100011, 1494065626, 'a:2:{s:6:"货号";s:6:"100002";s:6:"品牌";s:6:"艾威";}', '打算dad', NULL, NULL),
(27, 100011, 1494065900, 'a:2:{s:6:"货号";s:6:"100002";s:6:"品牌";s:6:"艾威";}', '打算dad', NULL, NULL),
(28, 100010, 1494065900, 'a:2:{s:6:"货号";s:6:"100001";s:6:"品牌";s:9:"万宝龙";}', '<p>\r\n	测试商品描述\r\n</p>', NULL, NULL),
(29, 100015, 1494233717, 'a:2:{s:6:"货号";s:0:"";s:6:"品牌";s:12:"阿迪达斯";}', '', NULL, NULL),
(30, 100014, 1494411632, 'a:2:{s:6:"货号";s:0:"";s:6:"品牌";s:0:"";}', '', NULL, NULL),
(31, 100014, 1494417835, 'a:2:{s:6:"货号";s:0:"";s:6:"品牌";s:0:"";}', '', NULL, NULL),
(32, 100014, 1494417853, 'a:2:{s:6:"货号";s:0:"";s:6:"品牌";s:0:"";}', '', NULL, NULL),
(33, 100010, 1494418661, 'a:2:{s:6:"货号";s:6:"100001";s:6:"品牌";s:9:"万宝龙";}', '<p>\r\n	测试商品描述\r\n</p>', NULL, NULL),
(34, 100014, 1494418661, 'a:2:{s:6:"货号";s:0:"";s:6:"品牌";s:0:"";}', '', NULL, NULL),
(35, 100013, 1494418661, 'a:2:{s:6:"货号";s:6:"100002";s:6:"品牌";s:0:"";}', '', NULL, NULL),
(36, 100011, 1494640946, 'a:2:{s:6:"货号";s:6:"100002";s:6:"品牌";s:6:"艾威";}', '打算dad', NULL, NULL),
(37, 100012, 1494641174, 'a:2:{s:6:"货号";s:0:"";s:6:"品牌";s:0:"";}', '', NULL, NULL),
(38, 100011, 1494641840, 'a:2:{s:6:"货号";s:6:"100002";s:6:"品牌";s:6:"艾威";}', '打算dad', NULL, NULL),
(39, 100013, 1494642312, 'a:2:{s:6:"货号";s:6:"100002";s:6:"品牌";s:0:"";}', '', NULL, NULL),
(40, 100013, 1494642338, 'a:2:{s:6:"货号";s:6:"100002";s:6:"品牌";s:0:"";}', '', NULL, NULL),
(41, 100013, 1494645210, 'a:2:{s:6:"货号";s:6:"100002";s:6:"品牌";s:0:"";}', '', NULL, NULL),
(42, 100013, 1494645519, 'a:2:{s:6:"货号";s:6:"100002";s:6:"品牌";s:0:"";}', '', NULL, NULL),
(43, 100013, 1494645599, 'a:2:{s:6:"货号";s:6:"100002";s:6:"品牌";s:0:"";}', '', NULL, NULL),
(44, 100013, 1494646281, 'a:2:{s:6:"货号";s:6:"100002";s:6:"品牌";s:0:"";}', '', NULL, NULL),
(45, 100011, 1494660654, 'a:2:{s:6:"货号";s:6:"100002";s:6:"品牌";s:6:"艾威";}', '打算dad', NULL, NULL),
(46, 100012, 1494660654, 'a:2:{s:6:"货号";s:0:"";s:6:"品牌";s:0:"";}', '', NULL, NULL),
(47, 100014, 1494660654, 'a:2:{s:6:"货号";s:0:"";s:6:"品牌";s:0:"";}', '', NULL, NULL),
(48, 100013, 1494661194, 'a:2:{s:6:"货号";s:6:"100002";s:6:"品牌";s:0:"";}', '', NULL, NULL),
(49, 100014, 1494661194, 'a:2:{s:6:"货号";s:0:"";s:6:"品牌";s:0:"";}', '', NULL, NULL),
(50, 100013, 1494664357, 'a:2:{s:6:"货号";s:6:"100002";s:6:"品牌";s:0:"";}', '', NULL, NULL),
(51, 100013, 1494665524, 'a:2:{s:6:"货号";s:6:"100002";s:6:"品牌";s:0:"";}', '', NULL, NULL),
(52, 100013, 1494665670, 'a:2:{s:6:"货号";s:6:"100002";s:6:"品牌";s:0:"";}', '', NULL, NULL),
(53, 100013, 1494665860, 'a:2:{s:6:"货号";s:6:"100002";s:6:"品牌";s:0:"";}', '', NULL, NULL),
(54, 100013, 1494666030, 'a:2:{s:6:"货号";s:6:"100002";s:6:"品牌";s:0:"";}', '', NULL, NULL),
(55, 100013, 1494666102, 'a:2:{s:6:"货号";s:6:"100002";s:6:"品牌";s:0:"";}', '', NULL, NULL),
(56, 100013, 1494668299, 'a:2:{s:6:"货号";s:6:"100002";s:6:"品牌";s:0:"";}', '', NULL, NULL),
(57, 100013, 1494668353, 'a:2:{s:6:"货号";s:6:"100002";s:6:"品牌";s:0:"";}', '', NULL, NULL),
(58, 100011, 1494668368, 'a:2:{s:6:"货号";s:6:"100002";s:6:"品牌";s:6:"艾威";}', '打算dad', NULL, NULL),
(59, 100013, 1494668382, 'a:2:{s:6:"货号";s:6:"100002";s:6:"品牌";s:0:"";}', '', NULL, NULL),
(60, 100011, 1494668672, 'a:2:{s:6:"货号";s:6:"100002";s:6:"品牌";s:6:"艾威";}', '打算dad', NULL, NULL),
(61, 100013, 1494668755, 'a:2:{s:6:"货号";s:6:"100002";s:6:"品牌";s:0:"";}', '', NULL, NULL),
(62, 100011, 1494669535, 'a:2:{s:6:"货号";s:6:"100002";s:6:"品牌";s:6:"艾威";}', '打算dad', NULL, NULL),
(63, 100011, 1494669582, 'a:2:{s:6:"货号";s:6:"100002";s:6:"品牌";s:6:"艾威";}', '打算dad', NULL, NULL),
(64, 100012, 1494669629, 'a:2:{s:6:"货号";s:0:"";s:6:"品牌";s:0:"";}', '', NULL, NULL),
(65, 100013, 1494669822, 'a:2:{s:6:"货号";s:6:"100002";s:6:"品牌";s:0:"";}', '', NULL, NULL),
(66, 100011, 1494669884, 'a:2:{s:6:"货号";s:6:"100002";s:6:"品牌";s:6:"艾威";}', '打算dad', NULL, NULL),
(67, 100012, 1494669883, 'a:2:{s:6:"货号";s:0:"";s:6:"品牌";s:0:"";}', '', NULL, NULL),
(68, 100011, 1494669961, 'a:2:{s:6:"货号";s:6:"100002";s:6:"品牌";s:6:"艾威";}', '打算dad', NULL, NULL),
(69, 100012, 1494669960, 'a:2:{s:6:"货号";s:0:"";s:6:"品牌";s:0:"";}', '', NULL, NULL),
(70, 100011, 1494670064, 'a:2:{s:6:"货号";s:6:"100002";s:6:"品牌";s:6:"艾威";}', '打算dad', NULL, NULL),
(71, 100012, 1494670121, 'a:2:{s:6:"货号";s:0:"";s:6:"品牌";s:0:"";}', '', NULL, NULL),
(72, 100011, 1494670225, 'a:2:{s:6:"货号";s:6:"100002";s:6:"品牌";s:6:"艾威";}', '打算dad', NULL, NULL),
(73, 100013, 1494670289, 'a:2:{s:6:"货号";s:6:"100002";s:6:"品牌";s:0:"";}', '', NULL, NULL),
(74, 100013, 1494670373, 'a:2:{s:6:"货号";s:6:"100002";s:6:"品牌";s:0:"";}', '', NULL, NULL),
(75, 100013, 1494670389, 'a:2:{s:6:"货号";s:6:"100002";s:6:"品牌";s:0:"";}', '', NULL, NULL),
(76, 100013, 1494670465, 'a:2:{s:6:"货号";s:6:"100002";s:6:"品牌";s:0:"";}', '', NULL, NULL),
(77, 100013, 1494670844, 'a:2:{s:6:"货号";s:6:"100002";s:6:"品牌";s:0:"";}', '', NULL, NULL),
(78, 100013, 1494671219, 'a:2:{s:6:"货号";s:6:"100002";s:6:"品牌";s:0:"";}', '', NULL, NULL),
(79, 100011, 1494671241, 'a:2:{s:6:"货号";s:6:"100002";s:6:"品牌";s:6:"艾威";}', '打算dad', NULL, NULL),
(80, 100013, 1494671256, 'a:2:{s:6:"货号";s:6:"100002";s:6:"品牌";s:0:"";}', '', NULL, NULL),
(81, 100011, 1494671418, 'a:2:{s:6:"货号";s:6:"100002";s:6:"品牌";s:6:"艾威";}', '打算dad', NULL, NULL),
(82, 100012, 1494671418, 'a:2:{s:6:"货号";s:0:"";s:6:"品牌";s:0:"";}', '', NULL, NULL),
(83, 100011, 1494814918, 'a:2:{s:6:"货号";s:6:"100002";s:6:"品牌";s:6:"艾威";}', '打算dad', NULL, NULL),
(84, 100014, 1494814918, 'a:2:{s:6:"货号";s:0:"";s:6:"品牌";s:0:"";}', '', NULL, NULL),
(85, 100012, 1494816883, 'a:2:{s:6:"货号";s:0:"";s:6:"品牌";s:0:"";}', '', NULL, NULL),
(86, 100014, 1494816883, 'a:2:{s:6:"货号";s:0:"";s:6:"品牌";s:0:"";}', '', NULL, NULL),
(87, 100014, 1494817612, 'a:2:{s:6:"货号";s:0:"";s:6:"品牌";s:0:"";}', '', NULL, NULL),
(88, 100014, 1494818704, 'a:2:{s:6:"货号";s:0:"";s:6:"品牌";s:0:"";}', '', NULL, NULL),
(89, 100011, 1494818745, 'a:2:{s:6:"货号";s:6:"100002";s:6:"品牌";s:6:"艾威";}', '打算dad', NULL, NULL),
(90, 100013, 1494818875, 'a:2:{s:6:"货号";s:6:"100002";s:6:"品牌";s:0:"";}', '', NULL, NULL),
(91, 100013, 1494818899, 'a:2:{s:6:"货号";s:6:"100002";s:6:"品牌";s:0:"";}', '', NULL, NULL),
(92, 100011, 1494829581, 'a:2:{s:6:"货号";s:6:"100002";s:6:"品牌";s:6:"艾威";}', '打算dad', NULL, NULL),
(93, 100013, 1494830020, 'a:2:{s:6:"货号";s:6:"100002";s:6:"品牌";s:0:"";}', '', NULL, NULL),
(94, 100011, 1494830033, 'a:2:{s:6:"货号";s:6:"100002";s:6:"品牌";s:6:"艾威";}', '打算dad', NULL, NULL),
(95, 100013, 1494830508, 'a:2:{s:6:"货号";s:6:"100002";s:6:"品牌";s:0:"";}', '', NULL, NULL),
(96, 100013, 1494830897, 'a:2:{s:6:"货号";s:6:"100002";s:6:"品牌";s:0:"";}', '', NULL, NULL),
(97, 100013, 1494830929, 'a:2:{s:6:"货号";s:6:"100002";s:6:"品牌";s:0:"";}', '', NULL, NULL),
(98, 100011, 1494830941, 'a:2:{s:6:"货号";s:6:"100002";s:6:"品牌";s:6:"艾威";}', '打算dad', NULL, NULL),
(99, 100011, 1494830963, 'a:2:{s:6:"货号";s:6:"100002";s:6:"品牌";s:6:"艾威";}', '打算dad', NULL, NULL),
(100, 100013, 1494831041, 'a:2:{s:6:"货号";s:6:"100002";s:6:"品牌";s:0:"";}', '', NULL, NULL),
(101, 100013, 1494831081, 'a:2:{s:6:"货号";s:6:"100002";s:6:"品牌";s:0:"";}', '', NULL, NULL),
(102, 100013, 1494831305, 'a:2:{s:6:"货号";s:6:"100002";s:6:"品牌";s:0:"";}', '', NULL, NULL),
(103, 100011, 1494831339, 'a:2:{s:6:"货号";s:6:"100002";s:6:"品牌";s:6:"艾威";}', '打算dad', NULL, NULL),
(104, 100013, 1494831447, 'a:2:{s:6:"货号";s:6:"100002";s:6:"品牌";s:0:"";}', '', NULL, NULL),
(105, 100013, 1494834047, 'a:2:{s:6:"货号";s:6:"100002";s:6:"品牌";s:0:"";}', '', NULL, NULL),
(106, 100013, 1494835166, 'a:2:{s:6:"货号";s:6:"100002";s:6:"品牌";s:0:"";}', '', NULL, NULL),
(107, 100013, 1494835345, 'a:2:{s:6:"货号";s:6:"100002";s:6:"品牌";s:0:"";}', '', NULL, NULL),
(108, 100013, 1494835728, 'a:2:{s:6:"货号";s:6:"100002";s:6:"品牌";s:0:"";}', '', NULL, NULL),
(109, 100013, 1494835978, 'a:2:{s:6:"货号";s:6:"100002";s:6:"品牌";s:0:"";}', '', NULL, NULL),
(110, 100013, 1494836001, 'a:2:{s:6:"货号";s:6:"100002";s:6:"品牌";s:0:"";}', '', NULL, NULL),
(111, 100013, 1494836719, 'a:2:{s:6:"货号";s:6:"100002";s:6:"品牌";s:0:"";}', '', NULL, NULL),
(112, 100013, 1494837743, 'a:2:{s:6:"货号";s:6:"100002";s:6:"品牌";s:0:"";}', '', NULL, NULL),
(113, 100013, 1494837855, 'a:2:{s:6:"货号";s:6:"100002";s:6:"品牌";s:0:"";}', '', NULL, NULL),
(114, 100013, 1494837941, 'a:2:{s:6:"货号";s:6:"100002";s:6:"品牌";s:0:"";}', '', NULL, NULL),
(115, 100013, 1494838433, 'a:2:{s:6:"货号";s:6:"100002";s:6:"品牌";s:0:"";}', '', NULL, NULL),
(116, 100013, 1494838887, 'a:2:{s:6:"货号";s:6:"100002";s:6:"品牌";s:0:"";}', '', NULL, NULL),
(117, 100013, 1494839094, 'a:2:{s:6:"货号";s:6:"100002";s:6:"品牌";s:0:"";}', '', NULL, NULL),
(118, 100013, 1494839563, 'a:2:{s:6:"货号";s:6:"100002";s:6:"品牌";s:0:"";}', '', NULL, NULL),
(119, 100013, 1494840891, 'a:2:{s:6:"货号";s:6:"100002";s:6:"品牌";s:0:"";}', '', NULL, NULL),
(120, 100013, 1494841182, 'a:2:{s:6:"货号";s:6:"100002";s:6:"品牌";s:0:"";}', '', NULL, NULL),
(121, 100011, 1494841486, 'a:2:{s:6:"货号";s:6:"100002";s:6:"品牌";s:6:"艾威";}', '打算dad', NULL, NULL),
(122, 100011, 1494841497, 'a:2:{s:6:"货号";s:6:"100002";s:6:"品牌";s:6:"艾威";}', '打算dad', NULL, NULL),
(123, 100012, 1494841522, 'a:2:{s:6:"货号";s:0:"";s:6:"品牌";s:0:"";}', '', NULL, NULL),
(124, 100014, 1494841522, 'a:2:{s:6:"货号";s:0:"";s:6:"品牌";s:0:"";}', '', NULL, NULL),
(125, 100015, 1494841521, 'a:2:{s:6:"货号";s:0:"";s:6:"品牌";s:12:"阿迪达斯";}', '', NULL, NULL),
(126, 100013, 1494841688, 'a:2:{s:6:"货号";s:6:"100002";s:6:"品牌";s:0:"";}', '', NULL, NULL),
(127, 100013, 1494841814, 'a:2:{s:6:"货号";s:6:"100002";s:6:"品牌";s:0:"";}', '', NULL, NULL),
(128, 100013, 1494841998, 'a:2:{s:6:"货号";s:6:"100002";s:6:"品牌";s:0:"";}', '', NULL, NULL),
(129, 100013, 1494842265, 'a:2:{s:6:"货号";s:6:"100002";s:6:"品牌";s:0:"";}', '', NULL, NULL),
(130, 100013, 1494842459, 'a:2:{s:6:"货号";s:6:"100002";s:6:"品牌";s:0:"";}', '', NULL, NULL),
(131, 100013, 1494842488, 'a:2:{s:6:"货号";s:6:"100002";s:6:"品牌";s:0:"";}', '', NULL, NULL),
(132, 100011, 1494842608, 'a:2:{s:6:"货号";s:6:"100002";s:6:"品牌";s:6:"艾威";}', '打算dad', NULL, NULL),
(133, 100013, 1494842648, 'a:2:{s:6:"货号";s:6:"100002";s:6:"品牌";s:0:"";}', '', NULL, NULL),
(134, 100013, 1494842782, 'a:2:{s:6:"货号";s:6:"100002";s:6:"品牌";s:0:"";}', '', NULL, NULL),
(135, 100013, 1494842788, 'a:2:{s:6:"货号";s:6:"100002";s:6:"品牌";s:0:"";}', '', NULL, NULL),
(136, 100013, 1494842788, 'a:2:{s:6:"货号";s:6:"100002";s:6:"品牌";s:0:"";}', '', NULL, NULL),
(137, 100013, 1494842791, 'a:2:{s:6:"货号";s:6:"100002";s:6:"品牌";s:0:"";}', '', NULL, NULL),
(138, 100013, 1494842793, 'a:2:{s:6:"货号";s:6:"100002";s:6:"品牌";s:0:"";}', '', NULL, NULL),
(139, 100013, 1494842858, 'a:2:{s:6:"货号";s:6:"100002";s:6:"品牌";s:0:"";}', '', NULL, NULL),
(140, 100013, 1494842921, 'a:2:{s:6:"货号";s:6:"100002";s:6:"品牌";s:0:"";}', '', NULL, NULL),
(141, 100013, 1494842964, 'a:2:{s:6:"货号";s:6:"100002";s:6:"品牌";s:0:"";}', '', NULL, NULL),
(142, 100013, 1494843019, 'a:2:{s:6:"货号";s:6:"100002";s:6:"品牌";s:0:"";}', '', NULL, NULL),
(143, 100013, 1494843059, 'a:2:{s:6:"货号";s:6:"100002";s:6:"品牌";s:0:"";}', '', NULL, NULL),
(144, 100013, 1494843087, 'a:2:{s:6:"货号";s:6:"100002";s:6:"品牌";s:0:"";}', '', NULL, NULL),
(145, 100013, 1494846988, 'a:2:{s:6:"货号";s:6:"100002";s:6:"品牌";s:0:"";}', '', NULL, NULL),
(146, 100013, 1494847124, 'a:2:{s:6:"货号";s:6:"100002";s:6:"品牌";s:0:"";}', '', NULL, NULL);

-- --------------------------------------------------------

--
-- 表的结构 `33hao_order_statis`
--

CREATE TABLE IF NOT EXISTS `33hao_order_statis` (
  `os_month` mediumint(9) unsigned NOT NULL DEFAULT '0' COMMENT '统计编号(年月)',
  `os_year` smallint(6) DEFAULT '0' COMMENT '年',
  `os_start_date` int(11) NOT NULL COMMENT '开始日期',
  `os_end_date` int(11) NOT NULL COMMENT '结束日期',
  `os_order_totals` decimal(10,2) NOT NULL DEFAULT '0.00' COMMENT '订单金额',
  `os_shipping_totals` decimal(10,2) NOT NULL DEFAULT '0.00' COMMENT '运费',
  `os_order_return_totals` decimal(10,2) NOT NULL DEFAULT '0.00' COMMENT '退单金额',
  `os_commis_totals` decimal(10,2) NOT NULL DEFAULT '0.00' COMMENT '佣金金额',
  `os_commis_return_totals` decimal(10,2) NOT NULL DEFAULT '0.00' COMMENT '退还佣金',
  `os_store_cost_totals` decimal(10,2) NOT NULL DEFAULT '0.00' COMMENT '店铺促销活动费用',
  `os_result_totals` decimal(10,2) NOT NULL DEFAULT '0.00' COMMENT '本期应结',
  `os_create_date` int(11) DEFAULT NULL COMMENT '创建记录日期',
  `os_order_book_totals` decimal(10,2) NOT NULL DEFAULT '0.00' COMMENT '被关闭的预定订单的实收总金额',
  PRIMARY KEY (`os_month`)
) ENGINE=InnoDB DEFAULT CHARSET=utf8 COMMENT='月销量统计表';

-- --------------------------------------------------------

--
-- 表的结构 `33hao_payment`
--

CREATE TABLE IF NOT EXISTS `33hao_payment` (
  `payment_id` tinyint(1) unsigned NOT NULL COMMENT '支付索引id',
  `payment_code` char(10) NOT NULL COMMENT '支付代码名称',
  `payment_name` char(10) NOT NULL COMMENT '支付名称',
  `payment_config` text COMMENT '支付接口配置信息',
  `payment_state` enum('0','1') NOT NULL DEFAULT '0' COMMENT '接口状态0禁用1启用',
  PRIMARY KEY (`payment_id`)
) ENGINE=InnoDB DEFAULT CHARSET=utf8 COMMENT='支付方式表';

--
-- 转存表中的数据 `33hao_payment`
--

INSERT INTO `33hao_payment` (`payment_id`, `payment_code`, `payment_name`, `payment_config`, `payment_state`) VALUES
(1, 'offline', '货到付款', 'a:1:{s:0:"";s:0:"";}', '1'),
(2, 'alipay', '支付宝', 'a:4:{s:14:"alipay_service";s:25:"create_direct_pay_by_user";s:14:"alipay_account";s:0:"";s:10:"alipay_key";s:0:"";s:14:"alipay_partner";s:0:"";}', '1'),
(3, 'tenpay', '财付通', 'a:2:{s:14:"tenpay_account";s:0:"";s:10:"tenpay_key";s:0:"";}', '0'),
(4, 'chinabank', '网银在线', 'a:2:{s:17:"chinabank_account";s:0:"";s:13:"chinabank_key";s:0:"";}', '0'),
(5, 'predeposit', '站内余额支付', 'a:1:{s:0:"";s:0:"";}', '1'),
(6, 'wxpay', '微信支付', 'a:3:{s:5:"appid";s:18:"wxca5730cba8d4cc22";s:5:"mchid";s:10:"1427142602";s:3:"key";s:32:"qmq0x1yqto0e1o2oj0czd4yotw31vtzq";}', '1');

-- --------------------------------------------------------

--
-- 表的结构 `33hao_pd_cash`
--

CREATE TABLE IF NOT EXISTS `33hao_pd_cash` (
  `pdc_id` int(11) NOT NULL AUTO_INCREMENT COMMENT '自增编号',
  `pdc_sn` bigint(20) NOT NULL COMMENT '记录唯一标示',
  `pdc_member_id` int(11) NOT NULL COMMENT '会员编号',
  `pdc_member_name` varchar(50) NOT NULL COMMENT '会员名称',
  `pdc_amount` decimal(10,2) NOT NULL DEFAULT '0.00' COMMENT '金额',
  `pdc_bank_name` varchar(40) NOT NULL COMMENT '收款银行',
  `pdc_bank_no` varchar(30) DEFAULT NULL COMMENT '收款账号',
  `pdc_bank_user` varchar(10) DEFAULT NULL COMMENT '开户人姓名',
  `pdc_add_time` int(11) NOT NULL COMMENT '添加时间',
  `pdc_payment_time` int(11) DEFAULT NULL COMMENT '付款时间',
  `pdc_payment_state` enum('0','1') NOT NULL DEFAULT '0' COMMENT '提现支付状态 0默认1支付完成',
  `pdc_payment_admin` varchar(30) DEFAULT NULL COMMENT '支付管理员',
  PRIMARY KEY (`pdc_id`)
) ENGINE=InnoDB DEFAULT CHARSET=utf8 COMMENT='预存款提现记录表' AUTO_INCREMENT=1 ;

-- --------------------------------------------------------

--
-- 表的结构 `33hao_pd_log`
--

CREATE TABLE IF NOT EXISTS `33hao_pd_log` (
  `lg_id` int(11) NOT NULL AUTO_INCREMENT COMMENT '自增编号',
  `lg_member_id` int(11) NOT NULL COMMENT '会员编号',
  `lg_member_name` varchar(50) NOT NULL COMMENT '会员名称',
  `lg_admin_name` varchar(50) DEFAULT NULL COMMENT '管理员名称',
  `lg_type` varchar(15) NOT NULL DEFAULT '' COMMENT 'order_pay下单支付预存款,order_freeze下单冻结预存款,order_cancel取消订单解冻预存款,order_comb_pay下单支付被冻结的预存款,recharge充值,cash_apply申请提现冻结预存款,cash_pay提现成功,cash_del取消提现申请，解冻预存款,refund退款',
  `lg_av_amount` decimal(10,2) NOT NULL DEFAULT '0.00' COMMENT '可用金额变更0表示未变更',
  `lg_freeze_amount` decimal(10,2) NOT NULL DEFAULT '0.00' COMMENT '冻结金额变更0表示未变更',
  `lg_add_time` int(11) NOT NULL COMMENT '添加时间',
  `lg_desc` varchar(150) DEFAULT NULL COMMENT '描述',
  `lg_invite_member_id` int(11) DEFAULT '0' COMMENT '原始会员编号',
  PRIMARY KEY (`lg_id`)
) ENGINE=InnoDB  DEFAULT CHARSET=utf8 COMMENT='预存款变更日志表' AUTO_INCREMENT=87 ;

--
-- 转存表中的数据 `33hao_pd_log`
--

INSERT INTO `33hao_pd_log` (`lg_id`, `lg_member_id`, `lg_member_name`, `lg_admin_name`, `lg_type`, `lg_av_amount`, `lg_freeze_amount`, `lg_add_time`, `lg_desc`, `lg_invite_member_id`) VALUES
(1, 9, 'shuichang4', NULL, 'order_sb_pay', '-0.01', '0.00', 1493869370, '下单，支付水币，订单号: 9000000000000301', NULL),
(2, 9, 'shuichang4', NULL, 'order_sb_pay', '-0.99', '0.00', 1493869510, '下单，支付水币，订单号: 9000000000000401', NULL),
(3, 9, 'shuichang4', NULL, 'refund_sb', '0.99', '0.00', 1493878987, '确认退款，订单号: 9000000000000401', NULL),
(4, 9, 'shuichang4', NULL, 'refund', '0.99', '0.00', 1493878987, '确认退款，订单号: 9000000000000401', NULL),
(5, 9, 'shuichang4', NULL, 'order_sb_pay', '-5.00', '0.00', 1493879164, '下单，支付水币，订单号: 9000000000000501', NULL),
(6, 9, 'shuichang4', NULL, 'refund_sb', '5.00', '0.00', 1493879282, '确认退款，订单号: 9000000000000501', NULL),
(7, 9, 'shuichang4', NULL, 'refund', '5.00', '0.00', 1493879282, '确认退款，订单号: 9000000000000501', NULL),
(8, 9, 'shuichang4', NULL, 'order_sb_pay', '-0.50', '0.00', 1493900830, '下单，支付水币，订单号: 9000000000000601', NULL),
(9, 9, 'shuichang4', NULL, 'order_sb_pay', '-0.50', '0.00', 1493901134, '下单，支付水币，订单号: 9000000000000701', NULL),
(10, 9, 'shuichang4', NULL, 'order_sb_pay', '-0.50', '0.00', 1493901207, '下单，支付水币，订单号: 9000000000000801', NULL),
(11, 9, 'shuichang4', NULL, 'order_sb_pay', '-0.50', '0.00', 1493901275, '下单，支付水币，订单号: 9000000000000901', NULL),
(12, 9, 'shuichang4', NULL, 'order_sb_pay', '-0.50', '0.00', 1493901417, '下单，支付水币，订单号: 9000000000001001', NULL),
(13, 9, 'shuichang4', NULL, 'order_sb_pay', '-0.01', '0.00', 1493950505, '下单，支付水币，订单号: 9000000000001101', NULL),
(14, 9, 'shuichang4', NULL, 'order_sb_pay', '-2.00', '0.00', 1493952809, '下单，支付水币，订单号: 9000000000001201', NULL),
(15, 9, 'shuichang4', NULL, 'order_sb_pay', '-8.00', '0.00', 1493954912, '下单，支付水币，订单号: 9000000000001301', NULL),
(16, 9, 'shuichang4', NULL, 'refund_sb', '8.00', '0.00', 1493963491, '确认退水币，订单号: 9000000000001301', NULL),
(17, 9, 'shuichang4', NULL, 'order_sb_pay', '-90.00', '0.00', 1493963903, '下单，支付水币，订单号: 9000000000001401', NULL),
(18, 9, 'shuichang4', NULL, 'refund_sb', '90.00', '0.00', 1493963977, '确认退水币，订单号: 9000000000001401', NULL),
(19, 9, 'shuichang4', NULL, 'order_sb_pay', '-90.00', '0.00', 1493964114, '下单，支付水币，订单号: 9000000000001501', NULL),
(20, 9, 'shuichang4', NULL, 'refund_sb', '90.00', '0.00', 1493964402, '确认退水币，订单号: 9000000000001501', NULL),
(21, 9, 'shuichang4', NULL, 'refund_sb', '0.50', '0.00', 1493964445, '确认退水币，订单号: 9000000000001001', NULL),
(22, 9, 'shuichang4', NULL, 'order_sb_pay', '-9.00', '0.00', 1493967703, '下单，支付水币，订单号: 9000000000001801', NULL),
(23, 9, 'shuichang4', NULL, 'order_sb_pay', '-9.00', '0.00', 1493967769, '下单，支付水币，订单号: 9000000000001901', NULL),
(24, 9, 'shuichang4', NULL, 'order_sb_pay', '-9.00', '0.00', 1493968094, '下单，支付水币，订单号: 9000000000002001', NULL),
(25, 9, 'shuichang4', NULL, 'order_sb_pay', '-9.00', '0.00', 1493968113, '下单，支付水币，订单号: 9000000000002001', NULL),
(26, 9, 'shuichang4', NULL, 'order_sb_pay', '-0.01', '0.00', 1493968450, '下单，支付水币，订单号: 9000000000002101', NULL),
(27, 9, 'shuichang4', NULL, 'order_sb_pay', '0.00', '0.00', 1493968536, '下单，支付水币，订单号: 9000000000002101', NULL),
(28, 9, 'shuichang4', NULL, 'order_sb_pay', '-0.01', '0.00', 1493968618, '下单，支付水币，订单号: 9000000000002101', NULL),
(29, 9, 'shuichang4', NULL, 'refund_sb', '9.00', '0.00', 1493970795, '确认退水币，订单号: 9000000000001801', NULL),
(30, 9, 'shuichang4', NULL, 'refund_sb', '9.00', '0.00', 1493970998, '确认退水币，订单号: 9000000000002001', NULL),
(31, 9, 'shuichang4', NULL, 'order_sb_pay', '-90.00', '0.00', 1493971229, '下单，支付水币，订单号: 9000000000002201', NULL),
(32, 9, 'shuichang4', NULL, 'order_sb_pay', '-0.50', '0.00', 1493971644, '下单，支付水币，订单号: 9000000000002301', NULL),
(33, 2, 'sllsll', NULL, 'order_sb_pay', '-1.20', '0.00', 1494233854, '下单，支付水币，订单号: 9000000000002801', NULL),
(34, 2, 'sllsll', NULL, 'order_sb_pay', '-0.90', '0.00', 1494322597, '下单，支付水币，订单号: 9000000000002402', NULL),
(35, 2, 'sllsll', NULL, 'order_sb_pay', '-0.20', '0.00', 1494322597, '下单，支付水币，订单号: 9000000000002401', NULL),
(36, 2, 'sllsll', NULL, 'order_sb_pay', '0.00', '0.00', 1494322617, '下单，支付水币，订单号: 9000000000002402', NULL),
(37, 2, 'sllsll', NULL, 'order_sb_pay', '0.00', '0.00', 1494322617, '下单，支付水币，订单号: 9000000000002401', NULL),
(38, 2, 'sllsll', NULL, 'order_sb_pay', '-0.01', '0.00', 1494322990, '下单，支付水币，订单号: 9000000000002501', NULL),
(39, 2, 'sllsll', NULL, 'order_sb_pay', '-0.07', '0.00', 1494646842, '下单，支付水币，订单号: 9000000000002601', NULL),
(40, 2, 'sllsll', NULL, 'order_sb_pay', '0.00', '0.00', 1494646881, '下单，支付水币，订单号: 9000000000002601', NULL),
(41, 2, 'sllsll', NULL, 'order_sb_pay', '-0.07', '0.00', 1494646897, '下单，支付水币，订单号: 9000000000002601', NULL),
(42, 2, 'sllsll', NULL, 'order_sb_pay', '-0.02', '0.00', 1494655042, '下单，支付水币，订单号: 9000000000002701', NULL),
(43, 2, 'sllsll', NULL, 'order_pay', '-0.20', '0.00', 1494655404, '下单，支付预存款，订单号: 9000000000003301', NULL),
(44, 2, 'sllsll', NULL, 'order_pay', '-0.20', '0.00', 1494660059, '下单，支付预存款，订单号: 9000000000003401', NULL),
(45, 2, 'sllsll', NULL, 'order_sb_pay', '-0.70', '0.00', 1494660743, '下单，支付水币，订单号: 9000000000004201', NULL),
(46, 2, 'sllsll', NULL, 'order_pay', '-0.01', '0.00', 1494660989, '下单，支付预存款，订单号: 9000000000003501', NULL),
(47, 2, 'sllsll', NULL, 'order_sb_pay', '-0.01', '0.00', 1494661215, '下单，支付水币，订单号: 9000000000004301', NULL),
(48, 2, 'sllsll', NULL, 'order_sb_pay', '-0.02', '0.00', 1494661215, '下单，支付水币，订单号: 9000000000004302', NULL),
(49, 2, 'sllsll', NULL, 'order_pay', '-0.10', '0.00', 1494663397, '下单，支付预存款，订单号: 9000000000004001', NULL),
(50, 2, 'sllsll', NULL, 'order_sb_pay', '-0.10', '0.00', 1494663716, '下单，支付水币，订单号: 9000000000003901', NULL),
(51, 2, 'sllsll', NULL, 'order_sb_pay', '-0.10', '0.00', 1494663738, '下单，支付水币，订单号: 9000000000004101', NULL),
(52, 2, 'sllsll', NULL, 'order_pay', '-0.10', '0.00', 1494663750, '下单，支付预存款，订单号: 9000000000003601', NULL),
(53, 2, 'sllsll', NULL, 'order_pay', '-0.10', '0.00', 1494663767, '下单，支付预存款，订单号: 9000000000003701', NULL),
(54, 2, 'sllsll', NULL, 'order_pay', '-0.10', '0.00', 1494670393, '下单，支付预存款，订单号: 9000000000006701', NULL),
(55, 2, 'sllsll', NULL, 'order_pay', '-0.10', '0.00', 1494670620, '下单，支付预存款，订单号: 9000000000006801', NULL),
(56, 2, 'sllsll', NULL, 'order_pay', '-0.20', '0.00', 1494670849, '下单，支付预存款，订单号: 9000000000006901', NULL),
(57, 2, 'sllsll', NULL, 'order_pay', '-0.20', '0.00', 1494671229, '下单，支付预存款，订单号: 9000000000007001', NULL),
(58, 2, 'sllsll', NULL, 'order_pay', '-0.10', '0.00', 1494671245, '下单，支付预存款，订单号: 9000000000007101', NULL),
(59, 2, 'sllsll', NULL, 'order_pay', '-0.10', '0.00', 1494671260, '下单，支付预存款，订单号: 9000000000007201', NULL),
(60, 2, 'sllsll', NULL, 'order_pay', '-0.20', '0.00', 1494671425, '下单，支付预存款，订单号: 9000000000007301', NULL),
(61, 2, 'sllsll', NULL, 'order_pay', '-0.10', '0.00', 1494814878, '下单，支付预存款，订单号: 9000000000006501', NULL),
(62, 2, 'sllsll', NULL, 'order_sb_pay', '-0.50', '0.00', 1494814921, '下单，支付水币，订单号: 9000000000007401', NULL),
(63, 2, 'sllsll', NULL, 'order_pay', '-0.30', '0.00', 1494816887, '下单，支付预存款，订单号: 9000000000007501', NULL),
(64, 2, 'sllsll', NULL, 'order_pay', '-0.20', '0.00', 1494817624, '下单，支付预存款，订单号: 9000000000007601', NULL),
(65, 2, 'sllsll', NULL, 'order_sb_pay', '-0.10', '0.00', 1494818827, '下单，支付水币，订单号: 9000000000006401', NULL),
(66, 2, 'sllsll', NULL, 'order_pay', '-0.10', '0.00', 1494818904, '下单，支付预存款，订单号: 9000000000008001', NULL),
(67, 2, 'sllsll', NULL, 'order_pay', '-0.10', '0.00', 1494830024, '下单，支付预存款，订单号: 9000000000008201', NULL),
(68, 2, 'sllsll', NULL, 'order_sb_pay', '-0.10', '0.00', 1494830037, '下单，支付水币，订单号: 9000000000008301', NULL),
(69, 2, 'sllsll', NULL, 'order_pay', '-0.10', '0.00', 1494830932, '下单，支付预存款，订单号: 9000000000008601', NULL),
(70, 2, 'sllsll', NULL, 'order_pay', '-0.10', '0.00', 1494830944, '下单，支付预存款，订单号: 9000000000008701', NULL),
(71, 2, 'sllsll', NULL, 'order_pay', '-0.10', '0.00', 1494831030, '下单，支付预存款，订单号: 9000000000008801', NULL),
(72, 2, 'sllsll', NULL, 'order_pay', '-0.10', '0.00', 1494831071, '下单，支付预存款，订单号: 9000000000008901', NULL),
(73, 2, 'sllsll', NULL, 'order_pay', '-0.10', '0.00', 1494831087, '下单，支付预存款，订单号: 9000000000009001', NULL),
(74, 2, 'sllsll', NULL, 'order_sb_pay', '-0.10', '0.00', 1494831310, '下单，支付水币，订单号: 9000000000009101', NULL),
(75, 2, 'sllsll', NULL, 'order_pay', '-0.10', '0.00', 1494831356, '下单，支付预存款，订单号: 9000000000008401', NULL),
(76, 2, 'sllsll', NULL, 'order_sb_pay', '-0.40', '0.00', 1494831432, '下单，支付水币，订单号: 9000000000007701', NULL),
(77, 2, 'sllsll', NULL, 'order_pay', '-0.10', '0.00', 1494831600, '下单，支付预存款，订单号: 9000000000009301', NULL),
(78, 2, 'sllsll', NULL, 'order_pay', '-0.10', '0.00', 1494835983, '下单，支付预存款，订单号: 9000000000009801', NULL),
(79, 2, 'sllsll', NULL, 'order_pay', '-0.10', '0.00', 1494836004, '下单，支付预存款，订单号: 9000000000009901', NULL),
(80, 2, 'sllsll', NULL, 'order_sb_pay', '-0.10', '0.00', 1494842269, '下单，支付水币，订单号: 9000000000011601', NULL),
(81, 2, 'sllsll', NULL, 'order_pay', '-0.10', '0.00', 1494842466, '下单，支付预存款，订单号: 9000000000011701', NULL),
(82, 2, 'sllsll', NULL, 'order_pay', '-0.10', '0.00', 1494842493, '下单，支付预存款，订单号: 9000000000011801', NULL),
(83, 2, 'sllsll', NULL, 'order_pay', '-0.10', '0.00', 1494842862, '下单，支付预存款，订单号: 9000000000012601', NULL),
(84, 2, 'sllsll', NULL, 'order_pay', '-0.10', '0.00', 1494842925, '下单，支付预存款，订单号: 9000000000012701', NULL),
(85, 2, 'sllsll', NULL, 'order_sb_pay', '-0.10', '0.00', 1494842967, '下单，支付水币，订单号: 9000000000012801', NULL),
(86, 2, 'sllsll', NULL, 'order_sb_pay', '-0.10', '0.00', 1494843090, '下单，支付水币，订单号: 9000000000013101', NULL);

-- --------------------------------------------------------

--
-- 表的结构 `33hao_pd_recharge`
--

CREATE TABLE IF NOT EXISTS `33hao_pd_recharge` (
  `pdr_id` int(11) NOT NULL AUTO_INCREMENT COMMENT '自增编号',
  `pdr_sn` bigint(20) unsigned NOT NULL COMMENT '记录唯一标示',
  `pdr_member_id` int(11) NOT NULL COMMENT '会员编号',
  `pdr_member_name` varchar(50) NOT NULL COMMENT '会员名称',
  `pdr_amount` decimal(10,2) NOT NULL DEFAULT '0.00' COMMENT '充值金额',
  `pdr_payment_code` varchar(20) DEFAULT '' COMMENT '支付方式',
  `pdr_payment_name` varchar(15) DEFAULT '' COMMENT '支付方式',
  `pdr_trade_sn` varchar(50) DEFAULT '' COMMENT '第三方支付接口交易号',
  `pdr_add_time` int(11) NOT NULL COMMENT '添加时间',
  `pdr_payment_state` enum('0','1') NOT NULL DEFAULT '0' COMMENT '支付状态 0未支付1支付',
  `pdr_payment_time` int(11) NOT NULL DEFAULT '0' COMMENT '支付时间',
  `pdr_admin` varchar(30) DEFAULT '' COMMENT '管理员名',
  PRIMARY KEY (`pdr_id`)
) ENGINE=InnoDB DEFAULT CHARSET=utf8 COMMENT='预存款充值表' AUTO_INCREMENT=1 ;

-- --------------------------------------------------------

--
-- 表的结构 `33hao_points_cart`
--

CREATE TABLE IF NOT EXISTS `33hao_points_cart` (
  `pcart_id` int(11) NOT NULL AUTO_INCREMENT COMMENT '自增ID',
  `pmember_id` int(11) NOT NULL COMMENT '会员编号',
  `pgoods_id` int(11) NOT NULL COMMENT '积分礼品序号',
  `pgoods_name` varchar(100) NOT NULL COMMENT '积分礼品名称',
  `pgoods_points` int(11) NOT NULL COMMENT '积分礼品兑换积分',
  `pgoods_choosenum` int(11) NOT NULL COMMENT '选择积分礼品数量',
  `pgoods_image` varchar(100) DEFAULT NULL COMMENT '积分礼品图片',
  PRIMARY KEY (`pcart_id`)
) ENGINE=InnoDB DEFAULT CHARSET=utf8 COMMENT='积分礼品兑换购物车' AUTO_INCREMENT=1 ;

-- --------------------------------------------------------

--
-- 表的结构 `33hao_points_goods`
--

CREATE TABLE IF NOT EXISTS `33hao_points_goods` (
  `pgoods_id` int(11) NOT NULL AUTO_INCREMENT COMMENT '积分礼品索引id',
  `pgoods_name` varchar(100) NOT NULL COMMENT '积分礼品名称',
  `pgoods_price` decimal(10,2) NOT NULL DEFAULT '0.00' COMMENT '积分礼品原价',
  `pgoods_points` int(11) NOT NULL COMMENT '积分礼品兑换所需积分',
  `pgoods_image` varchar(100) DEFAULT '' COMMENT '积分礼品默认封面图片',
  `pgoods_tag` varchar(100) DEFAULT '' COMMENT '积分礼品标签',
  `pgoods_serial` varchar(50) NOT NULL COMMENT '积分礼品货号',
  `pgoods_storage` int(11) NOT NULL DEFAULT '0' COMMENT '积分礼品库存数',
  `pgoods_show` tinyint(1) NOT NULL COMMENT '积分礼品上架 0表示下架 1表示上架',
  `pgoods_commend` tinyint(1) NOT NULL COMMENT '积分礼品推荐',
  `pgoods_add_time` int(11) NOT NULL COMMENT '积分礼品添加时间',
  `pgoods_keywords` varchar(100) DEFAULT NULL COMMENT '积分礼品关键字',
  `pgoods_description` varchar(200) DEFAULT NULL COMMENT '积分礼品描述',
  `pgoods_body` text NOT NULL COMMENT '积分礼品详细内容',
  `pgoods_state` tinyint(1) NOT NULL DEFAULT '0' COMMENT '积分礼品状态，0开启，1禁售',
  `pgoods_close_reason` varchar(255) DEFAULT NULL COMMENT '积分礼品禁售原因',
  `pgoods_salenum` int(11) NOT NULL DEFAULT '0' COMMENT '积分礼品售出数量',
  `pgoods_view` int(11) NOT NULL DEFAULT '0' COMMENT '积分商品浏览次数',
  `pgoods_islimit` tinyint(1) NOT NULL COMMENT '是否限制每会员兑换数量',
  `pgoods_limitnum` int(11) DEFAULT NULL COMMENT '每会员限制兑换数量',
  `pgoods_islimittime` tinyint(1) NOT NULL DEFAULT '0' COMMENT '是否限制兑换时间 0为不限制 1为限制',
  `pgoods_limitmgrade` int(11) NOT NULL DEFAULT '0' COMMENT '限制参与兑换的会员级别',
  `pgoods_starttime` int(11) DEFAULT NULL COMMENT '兑换开始时间',
  `pgoods_endtime` int(11) DEFAULT NULL COMMENT '兑换结束时间',
  `pgoods_sort` int(11) NOT NULL DEFAULT '0' COMMENT '礼品排序',
  PRIMARY KEY (`pgoods_id`)
) ENGINE=InnoDB DEFAULT CHARSET=utf8 COMMENT='积分礼品表' AUTO_INCREMENT=1 ;

-- --------------------------------------------------------

--
-- 表的结构 `33hao_points_log`
--

CREATE TABLE IF NOT EXISTS `33hao_points_log` (
  `pl_id` int(11) NOT NULL AUTO_INCREMENT COMMENT '积分日志编号',
  `pl_memberid` int(11) NOT NULL COMMENT '会员编号',
  `pl_membername` varchar(100) NOT NULL COMMENT '会员名称',
  `pl_adminid` int(11) DEFAULT NULL COMMENT '管理员编号',
  `pl_adminname` varchar(100) DEFAULT NULL COMMENT '管理员名称',
  `pl_points` int(11) NOT NULL DEFAULT '0' COMMENT '积分数负数表示扣除',
  `pl_addtime` int(11) NOT NULL COMMENT '添加时间',
  `pl_desc` varchar(100) NOT NULL COMMENT '操作描述',
  `pl_stage` varchar(50) NOT NULL COMMENT '操作阶段',
  PRIMARY KEY (`pl_id`)
) ENGINE=InnoDB  DEFAULT CHARSET=utf8 COMMENT='会员积分日志表' AUTO_INCREMENT=50 ;

--
-- 转存表中的数据 `33hao_points_log`
--

INSERT INTO `33hao_points_log` (`pl_id`, `pl_memberid`, `pl_membername`, `pl_adminid`, `pl_adminname`, `pl_points`, `pl_addtime`, `pl_desc`, `pl_stage`) VALUES
(1, 2, 'sllsll', NULL, NULL, 20, 1491881677, '注册会员', 'regist'),
(2, 1, 'admin', NULL, NULL, 30, 1491898423, '会员登录', 'login'),
(3, 1, 'admin', NULL, NULL, 30, 1492048294, '会员登录', 'login'),
(4, 3, 'sina4509', NULL, NULL, 20, 1492048681, '注册会员', 'regist'),
(5, 2, 'sllsll', NULL, NULL, 30, 1492051468, '会员登录', 'login'),
(6, 2, 'sllsll', NULL, NULL, 30, 1492133547, '会员登录', 'login'),
(7, 2, 'sllsll', NULL, NULL, 30, 1492396790, '会员登录', 'login'),
(8, 3, 'sina4509', NULL, NULL, 30, 1492480676, '会员登录', 'login'),
(9, 2, 'sllsll', NULL, NULL, 30, 1492480799, '会员登录', 'login'),
(10, 2, 'sllsll', NULL, NULL, 30, 1492655058, '会员登录', 'login'),
(11, 4, 'swsflqh', NULL, NULL, 20, 1492757236, '注册会员', 'regist'),
(12, 2, 'sllsll', NULL, NULL, 30, 1492766974, '会员登录', 'login'),
(13, 4, 'swsflqh', NULL, NULL, 30, 1493001567, '会员登录', 'login'),
(14, 2, 'sllsll', NULL, NULL, 30, 1493012701, '会员登录', 'login'),
(15, 4, 'swsflqh', NULL, NULL, 30, 1493115232, '会员登录', 'login'),
(16, 4, 'swsflqh', NULL, NULL, 30, 1493186371, '会员登录', 'login'),
(17, 2, 'sllsll', NULL, NULL, 30, 1493257734, '会员登录', 'login'),
(18, 3, 'sina4509', NULL, NULL, 30, 1493257921, '会员登录', 'login'),
(19, 4, 'swsflqh', NULL, NULL, 30, 1493259860, '会员登录', 'login'),
(20, 2, 'sllsll', NULL, NULL, 30, 1493344530, '会员登录', 'login'),
(21, 3, 'sina4509', NULL, NULL, 30, 1493689371, '会员登录', 'login'),
(22, 5, 'sina4508', NULL, NULL, 20, 1493692089, '注册会员', 'regist'),
(23, 6, 'shuichang1', NULL, NULL, 20, 1493696790, '注册会员', 'regist'),
(24, 7, 'shuichang2', NULL, NULL, 20, 1493704860, '注册会员', 'regist'),
(25, 8, 'shuichang3', NULL, NULL, 20, 1493710544, '注册会员', 'regist'),
(26, 9, 'shuichang4', NULL, NULL, 20, 1493711313, '注册会员', 'regist'),
(27, 10, 'shuichang5', NULL, NULL, 20, 1493711535, '注册会员', 'regist'),
(28, 2, 'sllsll', NULL, NULL, 30, 1493720274, '会员登录', 'login'),
(29, 9, 'shuichang4', NULL, NULL, 30, 1493776007, '会员登录', 'login'),
(30, 2, 'sllsll', NULL, NULL, 30, 1493776039, '会员登录', 'login'),
(31, 9, 'shuichang4', NULL, NULL, 30, 1493862685, '会员登录', 'login'),
(32, 9, 'shuichang4', NULL, NULL, 30, 1493949305, '会员登录', 'login'),
(33, 2, 'sllsll', NULL, NULL, 30, 1494038490, '会员登录', 'login'),
(34, 2, 'sllsll', NULL, NULL, 30, 1494215898, '会员登录', 'login'),
(35, 2, 'sllsll', NULL, NULL, 30, 1494302207, '会员登录', 'login'),
(36, 2, 'sllsll', NULL, NULL, 30, 1494379995, '会员登录', 'login'),
(37, 11, '博丽灵梦', NULL, NULL, 20, 1494404516, '注册会员', 'regist'),
(38, 12, '博丽灵梦', NULL, NULL, 20, 1494405905, '注册会员', 'regist'),
(39, 13, '博丽灵梦', NULL, NULL, 20, 1494406013, '注册会员', 'regist'),
(40, 4, 'swsflqh', NULL, NULL, 30, 1494408694, '会员登录', 'login'),
(41, 13, '博丽灵梦', NULL, NULL, 30, 1494467693, '会员登录', 'login'),
(42, 2, 'sllsll', NULL, NULL, 30, 1494469710, '会员登录', 'login'),
(43, 9, 'shuichang4', NULL, NULL, 30, 1494470491, '会员登录', 'login'),
(44, 2, 'sllsll', NULL, NULL, 30, 1494572545, '会员登录', 'login'),
(45, 13, '博丽灵梦', NULL, NULL, 30, 1494574707, '会员登录', 'login'),
(46, 2, 'sllsll', NULL, NULL, 30, 1494641718, '会员登录', 'login'),
(47, 13, '博丽灵梦', NULL, NULL, 30, 1494642201, '会员登录', 'login'),
(48, 2, 'sllsll', NULL, NULL, 30, 1494834911, '会员登录', 'login'),
(49, 13, '博丽灵梦', NULL, NULL, 30, 1494835720, '会员登录', 'login');

-- --------------------------------------------------------

--
-- 表的结构 `33hao_points_order`
--

CREATE TABLE IF NOT EXISTS `33hao_points_order` (
  `point_orderid` int(11) NOT NULL AUTO_INCREMENT COMMENT '兑换订单编号',
  `point_ordersn` varchar(20) NOT NULL COMMENT '兑换订单编号',
  `point_buyerid` int(11) NOT NULL COMMENT '兑换会员id',
  `point_buyername` varchar(50) NOT NULL COMMENT '兑换会员姓名',
  `point_buyeremail` varchar(100) NOT NULL COMMENT '兑换会员email',
  `point_addtime` int(11) NOT NULL COMMENT '兑换订单生成时间',
  `point_shippingtime` int(11) DEFAULT NULL COMMENT '配送时间',
  `point_shippingcode` varchar(50) DEFAULT NULL COMMENT '物流单号',
  `point_shipping_ecode` varchar(30) DEFAULT NULL COMMENT '物流公司编码',
  `point_finnshedtime` int(11) DEFAULT NULL COMMENT '订单完成时间',
  `point_allpoint` int(11) NOT NULL DEFAULT '0' COMMENT '兑换总积分',
  `point_ordermessage` varchar(300) DEFAULT NULL COMMENT '订单留言',
  `point_orderstate` int(11) NOT NULL DEFAULT '20' COMMENT '订单状态：20(默认):已兑换并扣除积分;30:已发货;40:已收货;50已完成;2已取消',
  PRIMARY KEY (`point_orderid`)
) ENGINE=InnoDB DEFAULT CHARSET=utf8 COMMENT='兑换订单表' AUTO_INCREMENT=1 ;

-- --------------------------------------------------------

--
-- 表的结构 `33hao_points_orderaddress`
--

CREATE TABLE IF NOT EXISTS `33hao_points_orderaddress` (
  `point_oaid` int(11) NOT NULL AUTO_INCREMENT COMMENT '自增id',
  `point_orderid` int(11) NOT NULL COMMENT '订单id',
  `point_truename` varchar(50) NOT NULL COMMENT '收货人姓名',
  `point_areaid` int(11) NOT NULL COMMENT '地区id',
  `point_areainfo` varchar(100) NOT NULL COMMENT '地区内容',
  `point_address` varchar(200) NOT NULL COMMENT '详细地址',
  `point_telphone` varchar(20) DEFAULT '' COMMENT '电话号码',
  `point_mobphone` varchar(20) DEFAULT '' COMMENT '手机号码',
  PRIMARY KEY (`point_oaid`)
) ENGINE=InnoDB DEFAULT CHARSET=utf8 COMMENT='兑换订单地址表' AUTO_INCREMENT=1 ;

-- --------------------------------------------------------

--
-- 表的结构 `33hao_points_ordergoods`
--

CREATE TABLE IF NOT EXISTS `33hao_points_ordergoods` (
  `point_recid` int(11) NOT NULL AUTO_INCREMENT COMMENT '订单礼品表索引',
  `point_orderid` int(11) NOT NULL COMMENT '订单id',
  `point_goodsid` int(11) NOT NULL COMMENT '礼品id',
  `point_goodsname` varchar(100) NOT NULL COMMENT '礼品名称',
  `point_goodspoints` int(11) NOT NULL COMMENT '礼品兑换积分',
  `point_goodsnum` int(11) NOT NULL COMMENT '礼品数量',
  `point_goodsimage` varchar(100) DEFAULT NULL COMMENT '礼品图片',
  PRIMARY KEY (`point_recid`)
) ENGINE=InnoDB DEFAULT CHARSET=utf8 COMMENT='兑换订单商品表' AUTO_INCREMENT=1 ;

-- --------------------------------------------------------

--
-- 表的结构 `33hao_privilege`
--

CREATE TABLE IF NOT EXISTS `33hao_privilege` (
  `id` int(10) NOT NULL AUTO_INCREMENT,
  `seller_id` int(10) NOT NULL COMMENT '店铺id',
  `store_name` varchar(50) NOT NULL COMMENT '店铺名称',
  `goods_id` int(10) NOT NULL COMMENT '商品ID',
  `goods_name` varchar(50) NOT NULL COMMENT '商品名称',
  `privilege_type` varchar(50) DEFAULT NULL COMMENT '分红类型',
  `privilege_name` varchar(50) DEFAULT NULL COMMENT '分红类型名称',
  `privilege_time_type` int(10) DEFAULT NULL COMMENT '分红时间类型',
  `privilege_time_name` varchar(50) DEFAULT NULL COMMENT '分红时间名称',
  `privilege_val` varchar(80) DEFAULT NULL COMMENT '分红数值',
  `privilege_vip_type` int(10) DEFAULT NULL COMMENT 'vipID',
  `privilege_vip_name` varchar(50) DEFAULT NULL COMMENT 'vip',
  `privilege_status` int(10) NOT NULL COMMENT '分红状态',
  `privilege_valid_starttime` varchar(100) NOT NULL COMMENT '有效时间',
  `privilege_valid_endtime` varchar(100) NOT NULL COMMENT '有效时间',
  `privilege_cerat_time` varchar(100) NOT NULL COMMENT '创建时间',
  `privilege_updata_time` varchar(100) DEFAULT NULL COMMENT '修改时间',
  `title` varchar(50) DEFAULT NULL COMMENT '标题',
  `intro` text COMMENT '简介',
  `share` int(10) NOT NULL DEFAULT '0' COMMENT '是否发布',
  PRIMARY KEY (`id`)
) ENGINE=MyISAM  DEFAULT CHARSET=utf8 COMMENT='店铺分红设置' AUTO_INCREMENT=8 ;

--
-- 转存表中的数据 `33hao_privilege`
--

INSERT INTO `33hao_privilege` (`id`, `seller_id`, `store_name`, `goods_id`, `goods_name`, `privilege_type`, `privilege_name`, `privilege_time_type`, `privilege_time_name`, `privilege_val`, `privilege_vip_type`, `privilege_vip_name`, `privilege_status`, `privilege_valid_starttime`, `privilege_valid_endtime`, `privilege_cerat_time`, `privilege_updata_time`, `title`, `intro`, `share`) VALUES
(1, 2, '测试水厂店铺', 100010, '测试商品', '1', '销量', 1, '单返', 'a:3:{i:10;s:1:"1";i:30;s:1:"3";i:50;s:1:"5";}', 0, '普通用户', 1, '1492876800', '1493481599', '1493364118', NULL, '1213', '1大夫撒旦法', 1),
(2, 2, '测试水厂店铺', 100010, '测试商品', '1', '销量', 2, '月返', 'a:3:{i:50;s:1:"2";i:80;s:1:"3";i:110;s:1:"5";}', 0, '普通用户', 1, '1491926400', '1495123199', '1493364171', NULL, '撒旦法撒旦', '阿斯达发速度', 1),
(3, 2, '测试水厂店铺', 100010, '测试商品', '1', '销量', 3, '季度返', 'a:3:{i:100;s:1:"2";i:150;s:1:"3";i:200;s:1:"4";}', 0, '普通用户', 2, '1491753600', '1497542399', '1493364232', NULL, '为夺取晚稻', '阿斯达岁的啊', 1),
(4, 2, '测试水厂店铺', 100010, '测试商品', '1', '销量', 4, '年返', 'a:3:{i:100;s:1:"1";i:200;s:1:"2";i:300;s:0:"";}', 0, '普通用户', 1, '1490976000', '1493567999', '1493364268', NULL, '盗窃未遂达岁的', '阿斯达第三', 1),
(5, 2, '测试水厂店铺', 100010, '测试商品', '1', '销量', 3, '季度返', 'a:3:{i:342;s:1:"4";i:3456;s:1:"6";i:2342;s:1:"7";}', 0, '普通用户', 1, '1493740800', '1496937599', '1493367516', NULL, NULL, NULL, 0),
(6, 2, '测试水厂店铺', 100011, '测试商品2', '1', '销量', 2, '月返', 'a:1:{i:33;s:1:"2";}', 2, '黄金级', 1, '1491321600', '1493999999', '1493367765', '1493367792', '', '', 0),
(7, 2, '测试水厂店铺', 100015, '空空1号', '1', '销量', 2, '月返', 'a:3:{i:100;s:2:"10";i:150;s:2:"20";i:200;s:2:"30";}', 0, '普通用户', 1, '1494172800', '1494259199', '1494233545', NULL, '政策1', '政策1', 1);

-- --------------------------------------------------------

--
-- 表的结构 `33hao_p_book_quota`
--

CREATE TABLE IF NOT EXISTS `33hao_p_book_quota` (
  `bkq_id` int(11) NOT NULL AUTO_INCREMENT COMMENT '预定套餐id',
  `store_id` int(11) NOT NULL COMMENT '店铺id',
  `store_name` varchar(50) NOT NULL COMMENT '店铺名称',
  `bkq_starttime` int(11) NOT NULL COMMENT '套餐开始时间',
  `bkq_endtime` int(11) NOT NULL COMMENT '套餐结束时间',
  PRIMARY KEY (`bkq_id`)
) ENGINE=InnoDB DEFAULT CHARSET=utf8 COMMENT='预定商品套餐表' AUTO_INCREMENT=1 ;

-- --------------------------------------------------------

--
-- 表的结构 `33hao_p_booth_goods`
--

CREATE TABLE IF NOT EXISTS `33hao_p_booth_goods` (
  `booth_goods_id` int(10) unsigned NOT NULL AUTO_INCREMENT COMMENT '套餐商品id',
  `store_id` int(10) unsigned NOT NULL COMMENT '店铺id',
  `goods_id` int(10) unsigned NOT NULL COMMENT '商品id',
  `gc_id` int(10) unsigned NOT NULL COMMENT '商品分类id',
  `booth_state` tinyint(3) unsigned NOT NULL DEFAULT '1' COMMENT '套餐状态 1开启 0关闭 默认1',
  PRIMARY KEY (`booth_goods_id`)
) ENGINE=InnoDB DEFAULT CHARSET=utf8 COMMENT='展位商品表' AUTO_INCREMENT=1 ;

-- --------------------------------------------------------

--
-- 表的结构 `33hao_p_booth_quota`
--

CREATE TABLE IF NOT EXISTS `33hao_p_booth_quota` (
  `booth_quota_id` int(10) unsigned NOT NULL AUTO_INCREMENT COMMENT '套餐id',
  `store_id` int(10) unsigned NOT NULL COMMENT '店铺id',
  `store_name` varchar(50) NOT NULL COMMENT '店铺名称',
  `booth_quota_starttime` int(10) unsigned NOT NULL COMMENT '开始时间',
  `booth_quota_endtime` int(10) unsigned NOT NULL COMMENT '结束时间',
  `booth_state` tinyint(3) unsigned NOT NULL DEFAULT '1' COMMENT '套餐状态 1开启 0关闭 默认1',
  PRIMARY KEY (`booth_quota_id`)
) ENGINE=InnoDB DEFAULT CHARSET=utf8 COMMENT='展位套餐表' AUTO_INCREMENT=1 ;

-- --------------------------------------------------------

--
-- 表的结构 `33hao_p_bundling`
--

CREATE TABLE IF NOT EXISTS `33hao_p_bundling` (
  `bl_id` int(11) NOT NULL AUTO_INCREMENT COMMENT '组合ID',
  `bl_name` varchar(50) NOT NULL COMMENT '组合名称',
  `store_id` int(11) NOT NULL COMMENT '店铺名称',
  `store_name` varchar(50) NOT NULL COMMENT '店铺名称',
  `bl_discount_price` decimal(10,2) NOT NULL COMMENT '组合价格',
  `bl_freight_choose` tinyint(1) NOT NULL COMMENT '运费承担方式',
  `bl_freight` decimal(10,2) DEFAULT '0.00' COMMENT '运费',
  `bl_state` tinyint(1) NOT NULL DEFAULT '1' COMMENT '组合状态 0-关闭/1-开启',
  PRIMARY KEY (`bl_id`)
) ENGINE=InnoDB DEFAULT CHARSET=utf8 COMMENT='组合销售活动表' AUTO_INCREMENT=1 ;

-- --------------------------------------------------------

--
-- 表的结构 `33hao_p_bundling_goods`
--

CREATE TABLE IF NOT EXISTS `33hao_p_bundling_goods` (
  `bl_goods_id` int(11) NOT NULL AUTO_INCREMENT COMMENT '组合商品id',
  `bl_id` int(11) NOT NULL COMMENT '组合id',
  `goods_id` int(10) unsigned NOT NULL COMMENT '商品id',
  `goods_name` varchar(50) NOT NULL COMMENT '商品名称',
  `goods_image` varchar(100) NOT NULL COMMENT '商品图片',
  `bl_goods_price` decimal(10,2) NOT NULL COMMENT '商品价格',
  `bl_appoint` tinyint(3) unsigned NOT NULL COMMENT '指定商品 1是，0否',
  PRIMARY KEY (`bl_goods_id`)
) ENGINE=InnoDB DEFAULT CHARSET=utf8 COMMENT='组合销售活动商品表' AUTO_INCREMENT=1 ;

-- --------------------------------------------------------

--
-- 表的结构 `33hao_p_bundling_quota`
--

CREATE TABLE IF NOT EXISTS `33hao_p_bundling_quota` (
  `bl_quota_id` int(11) NOT NULL AUTO_INCREMENT COMMENT '套餐ID',
  `store_id` int(11) NOT NULL COMMENT '店铺id',
  `store_name` varchar(50) NOT NULL COMMENT '店铺名称',
  `member_id` int(11) NOT NULL COMMENT '会员id',
  `member_name` varchar(50) NOT NULL COMMENT '会员名称',
  `bl_quota_month` tinyint(3) unsigned NOT NULL COMMENT '购买数量（单位月）',
  `bl_quota_starttime` varchar(10) NOT NULL COMMENT '套餐开始时间',
  `bl_quota_endtime` varchar(10) NOT NULL COMMENT '套餐结束时间',
  `bl_state` tinyint(1) unsigned NOT NULL COMMENT '套餐状态：0关闭，1开启。默认为 1',
  PRIMARY KEY (`bl_quota_id`)
) ENGINE=InnoDB DEFAULT CHARSET=utf8 COMMENT='组合销售套餐表' AUTO_INCREMENT=1 ;

-- --------------------------------------------------------

--
-- 表的结构 `33hao_p_combo_goods`
--

CREATE TABLE IF NOT EXISTS `33hao_p_combo_goods` (
  `cg_id` int(10) unsigned NOT NULL AUTO_INCREMENT COMMENT '推荐组合id ',
  `cg_class` varchar(10) NOT NULL COMMENT '推荐组合名称',
  `goods_id` int(10) unsigned NOT NULL COMMENT '主商品id',
  `goods_commonid` int(10) unsigned NOT NULL COMMENT '主商品公共id',
  `store_id` int(10) unsigned NOT NULL COMMENT '所属店铺id',
  `combo_goodsid` int(10) unsigned NOT NULL COMMENT '推荐组合商品id',
  PRIMARY KEY (`cg_id`)
) ENGINE=InnoDB DEFAULT CHARSET=utf8 COMMENT='商品推荐组合表' AUTO_INCREMENT=1 ;

-- --------------------------------------------------------

--
-- 表的结构 `33hao_p_combo_quota`
--

CREATE TABLE IF NOT EXISTS `33hao_p_combo_quota` (
  `cq_id` int(10) unsigned NOT NULL AUTO_INCREMENT COMMENT '推荐组合套餐id',
  `store_id` int(10) unsigned NOT NULL COMMENT '店铺id',
  `store_name` varchar(50) NOT NULL COMMENT '店铺名称',
  `cq_starttime` int(10) unsigned NOT NULL COMMENT '套餐开始时间',
  `cq_endtime` int(10) unsigned NOT NULL COMMENT '套餐结束时间',
  PRIMARY KEY (`cq_id`)
) ENGINE=InnoDB DEFAULT CHARSET=utf8 COMMENT='推荐组合套餐表' AUTO_INCREMENT=1 ;

-- --------------------------------------------------------

--
-- 表的结构 `33hao_p_cou`
--

CREATE TABLE IF NOT EXISTS `33hao_p_cou` (
  `id` int(11) NOT NULL AUTO_INCREMENT COMMENT 'ID',
  `store_id` int(11) NOT NULL COMMENT '店铺ID',
  `store_name` varchar(50) NOT NULL COMMENT '店铺名称',
  `quota_id` int(11) NOT NULL COMMENT '套餐ID',
  `name` varchar(100) NOT NULL COMMENT '名称',
  `tstart` int(10) unsigned NOT NULL COMMENT '开始时间',
  `tend` int(10) unsigned NOT NULL COMMENT '结束时间',
  `state` tinyint(3) unsigned NOT NULL DEFAULT '1' COMMENT '状态 1正常2结束3平台关闭',
  PRIMARY KEY (`id`),
  KEY `store_id` (`store_id`),
  KEY `quota_id` (`quota_id`)
) ENGINE=InnoDB DEFAULT CHARSET=utf8 COMMENT='加价购' AUTO_INCREMENT=1 ;

-- --------------------------------------------------------

--
-- 表的结构 `33hao_p_cou_level`
--

CREATE TABLE IF NOT EXISTS `33hao_p_cou_level` (
  `cou_id` int(11) NOT NULL COMMENT '加价购ID',
  `xlevel` tinyint(3) unsigned NOT NULL COMMENT '等级',
  `mincost` decimal(10,2) NOT NULL COMMENT '最低消费金额',
  `maxcou` int(10) unsigned NOT NULL DEFAULT '0' COMMENT '最大可凑单数',
  PRIMARY KEY (`cou_id`,`xlevel`)
) ENGINE=InnoDB DEFAULT CHARSET=utf8 COMMENT='加价购活动规则';

-- --------------------------------------------------------

--
-- 表的结构 `33hao_p_cou_level_sku`
--

CREATE TABLE IF NOT EXISTS `33hao_p_cou_level_sku` (
  `cou_id` int(11) NOT NULL COMMENT '加价购ID',
  `xlevel` tinyint(3) unsigned NOT NULL COMMENT '等级',
  `sku_id` int(11) NOT NULL COMMENT '商品条目ID',
  `price` decimal(10,2) NOT NULL COMMENT '价格',
  PRIMARY KEY (`cou_id`,`xlevel`,`sku_id`)
) ENGINE=InnoDB DEFAULT CHARSET=utf8 COMMENT='加价购活动换购商品';

-- --------------------------------------------------------

--
-- 表的结构 `33hao_p_cou_quota`
--

CREATE TABLE IF NOT EXISTS `33hao_p_cou_quota` (
  `id` int(11) NOT NULL AUTO_INCREMENT COMMENT 'ID',
  `store_id` int(11) NOT NULL COMMENT '店铺ID',
  `store_name` varchar(50) NOT NULL COMMENT '店铺名称',
  `tstart` int(10) unsigned NOT NULL COMMENT '开始时间',
  `tend` int(10) unsigned NOT NULL COMMENT '结束时间',
  PRIMARY KEY (`id`),
  KEY `store_id` (`store_id`)
) ENGINE=InnoDB DEFAULT CHARSET=utf8 COMMENT='加价购套餐' AUTO_INCREMENT=1 ;

-- --------------------------------------------------------

--
-- 表的结构 `33hao_p_cou_sku`
--

CREATE TABLE IF NOT EXISTS `33hao_p_cou_sku` (
  `sku_id` int(11) NOT NULL COMMENT '商品条目ID',
  `cou_id` int(11) NOT NULL COMMENT '加价购ID',
  `tstart` int(10) unsigned NOT NULL COMMENT '开始时间',
  `tend` int(10) unsigned NOT NULL COMMENT '结束时间',
  PRIMARY KEY (`sku_id`,`cou_id`),
  KEY `cou_id` (`cou_id`)
) ENGINE=InnoDB DEFAULT CHARSET=utf8 COMMENT='加价购活动商品';

-- --------------------------------------------------------

--
-- 表的结构 `33hao_p_fcode_quota`
--

CREATE TABLE IF NOT EXISTS `33hao_p_fcode_quota` (
  `fcq_id` int(11) NOT NULL AUTO_INCREMENT COMMENT 'F码套餐id',
  `store_id` int(11) NOT NULL COMMENT '店铺id',
  `store_name` varchar(50) NOT NULL COMMENT '店铺名称',
  `fcq_starttime` int(11) NOT NULL COMMENT '套餐开始时间',
  `fcq_endtime` int(11) NOT NULL COMMENT '套餐结束时间',
  PRIMARY KEY (`fcq_id`)
) ENGINE=InnoDB DEFAULT CHARSET=utf8 COMMENT='F码商品套餐表' AUTO_INCREMENT=1 ;

-- --------------------------------------------------------

--
-- 表的结构 `33hao_p_mansong`
--

CREATE TABLE IF NOT EXISTS `33hao_p_mansong` (
  `mansong_id` int(10) unsigned NOT NULL AUTO_INCREMENT COMMENT '满送活动编号',
  `mansong_name` varchar(50) NOT NULL COMMENT '活动名称',
  `quota_id` int(10) unsigned NOT NULL COMMENT '套餐编号',
  `start_time` int(10) unsigned NOT NULL COMMENT '活动开始时间',
  `end_time` int(10) unsigned NOT NULL COMMENT '活动结束时间',
  `member_id` int(10) unsigned NOT NULL COMMENT '用户编号',
  `store_id` int(10) unsigned NOT NULL COMMENT '店铺编号',
  `member_name` varchar(50) NOT NULL COMMENT '用户名',
  `store_name` varchar(50) NOT NULL COMMENT '店铺名称',
  `state` tinyint(1) unsigned NOT NULL COMMENT '活动状态(1-未发布/2-正常/3-取消/4-失效/5-结束)',
  `remark` varchar(200) DEFAULT '' COMMENT '备注',
  PRIMARY KEY (`mansong_id`)
) ENGINE=InnoDB DEFAULT CHARSET=utf8 COMMENT='满就送活动表' AUTO_INCREMENT=1 ;

-- --------------------------------------------------------

--
-- 表的结构 `33hao_p_mansong_quota`
--

CREATE TABLE IF NOT EXISTS `33hao_p_mansong_quota` (
  `quota_id` int(10) unsigned NOT NULL AUTO_INCREMENT COMMENT '满就送套餐编号',
  `member_id` int(10) unsigned NOT NULL COMMENT '用户编号',
  `store_id` int(10) unsigned NOT NULL COMMENT '店铺编号',
  `member_name` varchar(50) NOT NULL COMMENT '用户名',
  `store_name` varchar(50) NOT NULL COMMENT '店铺名称',
  `start_time` int(10) unsigned NOT NULL COMMENT '开始时间',
  `end_time` int(10) unsigned NOT NULL COMMENT '结束时间',
  `state` tinyint(1) unsigned DEFAULT '0' COMMENT '配额状态(1-可用/2-取消/3-结束)',
  PRIMARY KEY (`quota_id`)
) ENGINE=InnoDB DEFAULT CHARSET=utf8 COMMENT='满就送套餐表' AUTO_INCREMENT=1 ;

-- --------------------------------------------------------

--
-- 表的结构 `33hao_p_mansong_rule`
--

CREATE TABLE IF NOT EXISTS `33hao_p_mansong_rule` (
  `rule_id` int(10) unsigned NOT NULL AUTO_INCREMENT COMMENT '规则编号',
  `mansong_id` int(10) unsigned NOT NULL COMMENT '活动编号',
  `price` int(10) unsigned NOT NULL DEFAULT '0' COMMENT '级别价格',
  `discount` int(10) unsigned NOT NULL DEFAULT '0' COMMENT '减现金优惠金额',
  `mansong_goods_name` varchar(50) DEFAULT '' COMMENT '礼品名称',
  `goods_id` int(10) unsigned NOT NULL DEFAULT '0' COMMENT '商品编号',
  PRIMARY KEY (`rule_id`)
) ENGINE=InnoDB DEFAULT CHARSET=utf8 COMMENT='满就送活动规则表' AUTO_INCREMENT=1 ;

-- --------------------------------------------------------

--
-- 表的结构 `33hao_p_sole_goods`
--

CREATE TABLE IF NOT EXISTS `33hao_p_sole_goods` (
  `sole_goods_id` int(10) unsigned NOT NULL AUTO_INCREMENT COMMENT '手机专享商品id',
  `store_id` int(10) unsigned NOT NULL COMMENT '店铺id',
  `goods_id` int(10) unsigned NOT NULL COMMENT '商品id',
  `sole_price` decimal(10,2) NOT NULL COMMENT '专享价格',
  `gc_id` int(10) unsigned NOT NULL COMMENT '商品分类id',
  `sole_state` tinyint(3) unsigned NOT NULL DEFAULT '1' COMMENT '套餐状态 1开启 0关闭 默认1',
  PRIMARY KEY (`sole_goods_id`)
) ENGINE=InnoDB DEFAULT CHARSET=utf8 COMMENT='手机专享商品表' AUTO_INCREMENT=1 ;

-- --------------------------------------------------------

--
-- 表的结构 `33hao_p_sole_quota`
--

CREATE TABLE IF NOT EXISTS `33hao_p_sole_quota` (
  `sole_quota_id` int(10) unsigned NOT NULL AUTO_INCREMENT COMMENT '套餐id',
  `store_id` int(10) unsigned NOT NULL COMMENT '店铺id',
  `store_name` varchar(50) NOT NULL COMMENT '店铺名称',
  `sole_quota_starttime` int(10) unsigned NOT NULL COMMENT '开始时间',
  `sole_quota_endtime` int(10) unsigned NOT NULL COMMENT '结束时间',
  `sole_state` tinyint(3) unsigned NOT NULL DEFAULT '1' COMMENT '套餐状态 1开启 0关闭 默认1',
  PRIMARY KEY (`sole_quota_id`)
) ENGINE=InnoDB DEFAULT CHARSET=utf8 COMMENT='手机专享套餐表' AUTO_INCREMENT=1 ;

-- --------------------------------------------------------

--
-- 表的结构 `33hao_p_xianshi`
--

CREATE TABLE IF NOT EXISTS `33hao_p_xianshi` (
  `xianshi_id` int(10) unsigned NOT NULL AUTO_INCREMENT COMMENT '限时编号',
  `xianshi_name` varchar(50) NOT NULL COMMENT '活动名称',
  `xianshi_title` varchar(10) DEFAULT NULL COMMENT '活动标题',
  `xianshi_explain` varchar(50) DEFAULT NULL COMMENT '活动说明',
  `quota_id` int(10) unsigned NOT NULL COMMENT '套餐编号',
  `start_time` int(10) unsigned NOT NULL COMMENT '活动开始时间',
  `end_time` int(10) unsigned NOT NULL COMMENT '活动结束时间',
  `member_id` int(10) unsigned NOT NULL COMMENT '用户编号',
  `store_id` int(10) unsigned NOT NULL COMMENT '店铺编号',
  `member_name` varchar(50) NOT NULL COMMENT '用户名',
  `store_name` varchar(50) NOT NULL COMMENT '店铺名称',
  `lower_limit` int(10) unsigned NOT NULL DEFAULT '1' COMMENT '购买下限，1为不限制',
  `state` tinyint(3) unsigned NOT NULL DEFAULT '1' COMMENT '状态，0-取消 1-正常',
  PRIMARY KEY (`xianshi_id`)
) ENGINE=InnoDB  DEFAULT CHARSET=utf8 COMMENT='限时折扣活动表' AUTO_INCREMENT=2 ;

--
-- 转存表中的数据 `33hao_p_xianshi`
--

INSERT INTO `33hao_p_xianshi` (`xianshi_id`, `xianshi_name`, `xianshi_title`, `xianshi_explain`, `quota_id`, `start_time`, `end_time`, `member_id`, `store_id`, `member_name`, `store_name`, `lower_limit`, `state`) VALUES
(1, '新店大酬宾', '新店大酬宾', '劳力士经典腕表 九折 优惠', 0, 1421856000, 1453392000, 1, 1, 'admin', '好商城V5', 1, 1);

-- --------------------------------------------------------

--
-- 表的结构 `33hao_p_xianshi_goods`
--

CREATE TABLE IF NOT EXISTS `33hao_p_xianshi_goods` (
  `xianshi_goods_id` int(10) unsigned NOT NULL AUTO_INCREMENT COMMENT '限时折扣商品表',
  `xianshi_id` int(10) unsigned NOT NULL COMMENT '限时活动编号',
  `xianshi_name` varchar(50) NOT NULL COMMENT '活动名称',
  `xianshi_title` varchar(10) DEFAULT NULL COMMENT '活动标题',
  `xianshi_explain` varchar(50) DEFAULT NULL COMMENT '活动说明',
  `goods_id` int(10) unsigned NOT NULL COMMENT '商品编号',
  `store_id` int(10) unsigned NOT NULL COMMENT '店铺编号',
  `goods_name` varchar(100) NOT NULL COMMENT '商品名称',
  `goods_price` decimal(10,2) NOT NULL COMMENT '店铺价格',
  `xianshi_price` decimal(10,2) NOT NULL COMMENT '限时折扣价格',
  `goods_image` varchar(100) NOT NULL COMMENT '商品图片',
  `start_time` int(10) unsigned NOT NULL COMMENT '开始时间',
  `end_time` int(10) unsigned NOT NULL COMMENT '结束时间',
  `lower_limit` int(10) unsigned NOT NULL DEFAULT '0' COMMENT '购买下限，0为不限制',
  `state` tinyint(3) unsigned NOT NULL DEFAULT '1' COMMENT '状态，0-取消 1-正常',
  `xianshi_recommend` tinyint(3) unsigned NOT NULL DEFAULT '0' COMMENT '推荐标志 0-未推荐 1-已推荐',
  `gc_id_1` mediumint(9) DEFAULT '0' COMMENT '商品分类一级ID',
  PRIMARY KEY (`xianshi_goods_id`)
) ENGINE=InnoDB  DEFAULT CHARSET=utf8 COMMENT='限时折扣商品表' AUTO_INCREMENT=2 ;

--
-- 转存表中的数据 `33hao_p_xianshi_goods`
--

INSERT INTO `33hao_p_xianshi_goods` (`xianshi_goods_id`, `xianshi_id`, `xianshi_name`, `xianshi_title`, `xianshi_explain`, `goods_id`, `store_id`, `goods_name`, `goods_price`, `xianshi_price`, `goods_image`, `start_time`, `end_time`, `lower_limit`, `state`, `xianshi_recommend`, `gc_id_1`) VALUES
(1, 1, '新店大酬宾', '新店大酬宾', '劳力士经典腕表 九折 优惠', 100008, 1, '劳力士Rolex 宇宙计型迪通拿 自动机械皮带男表 正品116519 CR.TB', '209500.00', '188550.00', '1_04752627931531971.jpg', 1421856000, 1453392000, 1, 1, 0, 530);

-- --------------------------------------------------------

--
-- 表的结构 `33hao_p_xianshi_quota`
--

CREATE TABLE IF NOT EXISTS `33hao_p_xianshi_quota` (
  `quota_id` int(10) unsigned NOT NULL AUTO_INCREMENT COMMENT '限时折扣套餐编号',
  `member_id` int(10) unsigned NOT NULL COMMENT '用户编号',
  `store_id` int(10) unsigned NOT NULL COMMENT '店铺编号',
  `member_name` varchar(50) NOT NULL COMMENT '用户名',
  `store_name` varchar(50) NOT NULL COMMENT '店铺名称',
  `start_time` int(10) unsigned NOT NULL COMMENT '套餐开始时间',
  `end_time` int(10) unsigned NOT NULL COMMENT '套餐结束时间',
  PRIMARY KEY (`quota_id`)
) ENGINE=InnoDB DEFAULT CHARSET=utf8 COMMENT='限时折扣套餐表' AUTO_INCREMENT=1 ;

-- --------------------------------------------------------

--
-- 表的结构 `33hao_rcb_log`
--

CREATE TABLE IF NOT EXISTS `33hao_rcb_log` (
  `id` int(11) NOT NULL AUTO_INCREMENT COMMENT '自增编号',
  `member_id` int(11) NOT NULL COMMENT '会员编号',
  `member_name` varchar(50) NOT NULL COMMENT '会员名称',
  `type` varchar(15) NOT NULL DEFAULT '' COMMENT 'order_pay下单使用 order_freeze下单冻结 order_cancel取消订单解冻 order_comb_pay下单扣除被冻结 recharge平台充值卡充值 refund确认退款 vr_refund虚拟兑码退款',
  `add_time` int(11) NOT NULL COMMENT '添加时间',
  `available_amount` decimal(10,2) NOT NULL DEFAULT '0.00' COMMENT '可用充值卡余额变更 0表示未变更',
  `freeze_amount` decimal(10,2) NOT NULL DEFAULT '0.00' COMMENT '冻结充值卡余额变更 0表示未变更',
  `description` varchar(150) DEFAULT NULL COMMENT '描述',
  PRIMARY KEY (`id`)
) ENGINE=InnoDB  DEFAULT CHARSET=utf8 COMMENT='充值卡余额变更日志表' AUTO_INCREMENT=11 ;

--
-- 转存表中的数据 `33hao_rcb_log`
--

INSERT INTO `33hao_rcb_log` (`id`, `member_id`, `member_name`, `type`, `add_time`, `available_amount`, `freeze_amount`, `description`) VALUES
(1, 9, 'shuichang4', 'refund', 1493878987, '0.99', '0.00', '确认退款，订单号: 9000000000000401'),
(2, 9, 'shuichang4', 'refund', 1493879282, '5.00', '0.00', '确认退款，订单号: 9000000000000501'),
(3, 9, 'shuichang4', 'refund', 1493963491, '8.00', '0.00', '确认退款，订单号: 9000000000001301'),
(4, 9, 'shuichang4', 'refund', 1493963977, '90.00', '0.00', '确认退款，订单号: 9000000000001401'),
(5, 9, 'shuichang4', 'refund', 1493964222, '90.00', '0.00', '确认退款，订单号: 9000000000001501'),
(6, 9, 'shuichang4', 'refund', 1493964287, '90.00', '0.00', '确认退款，订单号: 9000000000001501'),
(7, 9, 'shuichang4', 'refund', 1493964376, '90.00', '0.00', '确认退款，订单号: 9000000000001501'),
(8, 9, 'shuichang4', 'refund', 1493964402, '90.00', '0.00', '确认退款，订单号: 9000000000001501'),
(9, 9, 'shuichang4', 'refund', 1493964445, '0.50', '0.00', '确认退款，订单号: 9000000000001001'),
(10, 9, 'shuichang4', 'refund', 1493970795, '9.00', '0.00', '确认退款，订单号: 9000000000001801');

-- --------------------------------------------------------

--
-- 表的结构 `33hao_rebate`
--

CREATE TABLE IF NOT EXISTS `33hao_rebate` (
  `id` int(10) NOT NULL AUTO_INCREMENT,
  `order_sn` varchar(20) NOT NULL COMMENT '订单号',
  `store_id` int(10) NOT NULL COMMENT '店铺ID',
  `store_name` varchar(50) NOT NULL COMMENT '店铺名称',
  `buyer_id` int(10) NOT NULL COMMENT '买家ID',
  `buyer_name` varchar(50) NOT NULL COMMENT '购买者名称',
  `buyer_vip` int(10) NOT NULL COMMENT '购买者等级',
  `buyer_vip_name` varchar(50) NOT NULL COMMENT '等级名称',
  `add_time` int(10) unsigned NOT NULL COMMENT '下单时间',
  `pay_goods_name` varchar(100) NOT NULL COMMENT '购买商品名称',
  `pay_goods_id` int(10) NOT NULL COMMENT '购买商品ID',
  `pay_num` int(10) NOT NULL COMMENT '交易数量',
  `pay_name` varchar(100) NOT NULL COMMENT '交易方式',
  `pay_fee` decimal(10,2) NOT NULL COMMENT '交易金额',
  `status` int(10) NOT NULL,
  `creattime` varchar(100) NOT NULL COMMENT '创建时间',
  `privilege_status` int(10) NOT NULL COMMENT '是否有分红(10:没有,20:有)',
  `privilege_type` int(10) unsigned DEFAULT NULL COMMENT '分红类型ID',
  `privilege_name` varchar(50) DEFAULT NULL COMMENT '分红类型名称',
  `privilege_time_type` int(10) unsigned DEFAULT NULL COMMENT '分红时间类型ID',
  `privilege_time_name` varchar(50) DEFAULT NULL COMMENT '分红时间类型名称',
  `privilege_val` varchar(50) DEFAULT NULL COMMENT '分红比例',
  PRIMARY KEY (`id`)
) ENGINE=InnoDB DEFAULT CHARSET=utf8 AUTO_INCREMENT=1 ;

-- --------------------------------------------------------

--
-- 表的结构 `33hao_rebate_log`
--

CREATE TABLE IF NOT EXISTS `33hao_rebate_log` (
  `id` int(10) NOT NULL AUTO_INCREMENT,
  `buyNum` varchar(50) DEFAULT NULL COMMENT '购买总数',
  `buyFee` varchar(50) DEFAULT NULL COMMENT '购买总金额',
  `buyer_id` int(10) DEFAULT NULL COMMENT '买家ID',
  `seller_name` varchar(50) DEFAULT NULL COMMENT '购买者名称',
  `store_id` int(10) DEFAULT NULL COMMENT '购买者ID',
  `scale` varchar(50) DEFAULT NULL COMMENT '获得优惠比例',
  `scale_fee` varchar(50) DEFAULT NULL COMMENT '实际返利金额',
  `searchId` varchar(100) DEFAULT NULL COMMENT '返利数据ID集合',
  `searchTime` varchar(200) DEFAULT NULL COMMENT '返利时间段',
  `privilege_val` varchar(200) DEFAULT NULL COMMENT '返利信息',
  `from_to` varchar(50) DEFAULT NULL COMMENT '来源',
  `add_time` varchar(100) DEFAULT NULL,
  PRIMARY KEY (`id`)
) ENGINE=MyISAM  DEFAULT CHARSET=utf8 COMMENT='返利记录表' AUTO_INCREMENT=5 ;

--
-- 转存表中的数据 `33hao_rebate_log`
--

INSERT INTO `33hao_rebate_log` (`id`, `buyNum`, `buyFee`, `buyer_id`, `seller_name`, `store_id`, `scale`, `scale_fee`, `searchId`, `searchTime`, `privilege_val`, `from_to`, `add_time`) VALUES
(1, '120', '1.2', 2, '测试水厂店铺', 2, '0.1', '0.12', '28', NULL, 'a:3:{i:100;s:2:"10";i:150;s:2:"20";i:200;s:2:"30";}', 'rebate_moon', '1494401045');

-- --------------------------------------------------------

--
-- 表的结构 `33hao_rebate_moon`
--

CREATE TABLE IF NOT EXISTS `33hao_rebate_moon` (
  `id` int(10) NOT NULL AUTO_INCREMENT,
  `store_id` int(10) DEFAULT NULL COMMENT '店铺ID',
  `buyer_id` int(10) DEFAULT NULL COMMENT '买家ID',
  `buyer_vip` int(10) DEFAULT NULL COMMENT '购买者等级',
  `add_time` varchar(100) DEFAULT NULL COMMENT '创建时间',
  `goods_id` int(10) DEFAULT NULL COMMENT '商品ID',
  `pay_fee` varchar(255) DEFAULT NULL COMMENT '交易金额',
  `pay_num` varchar(100) DEFAULT NULL COMMENT '交易数量',
  `status` int(10) NOT NULL DEFAULT '1' COMMENT '状态',
  `moon` varchar(50) DEFAULT NULL COMMENT '月度说明',
  `updataId` varchar(255) NOT NULL COMMENT 'ID集合',
  `privilege_val` varchar(255) NOT NULL COMMENT '分红详情',
  PRIMARY KEY (`id`)
) ENGINE=MyISAM  DEFAULT CHARSET=utf8 COMMENT='佣金月度表' AUTO_INCREMENT=2 ;

--
-- 转存表中的数据 `33hao_rebate_moon`
--

INSERT INTO `33hao_rebate_moon` (`id`, `store_id`, `buyer_id`, `buyer_vip`, `add_time`, `goods_id`, `pay_fee`, `pay_num`, `status`, `moon`, `updataId`, `privilege_val`) VALUES
(1, 2, 2, 0, '1494401015', 100015, '1.2', '120', 2, '5', '28', 'a:3:{i:100;s:2:"10";i:150;s:2:"20";i:200;s:2:"30";}');

-- --------------------------------------------------------

--
-- 表的结构 `33hao_rebate_one`
--

CREATE TABLE IF NOT EXISTS `33hao_rebate_one` (
  `id` int(10) NOT NULL AUTO_INCREMENT,
  `store_id` int(10) DEFAULT NULL COMMENT '店铺ID',
  `buyer_id` int(10) DEFAULT NULL COMMENT '买家ID',
  `buyer_vip` int(10) DEFAULT NULL COMMENT '购买者等级',
  `add_time` varchar(100) DEFAULT NULL COMMENT '创建时间',
  `goods_id` int(10) DEFAULT NULL COMMENT '商品ID',
  `pay_fee` varchar(255) DEFAULT NULL COMMENT '交易金额',
  `pay_num` varchar(100) DEFAULT NULL COMMENT '交易数量',
  `status` int(10) NOT NULL DEFAULT '1' COMMENT '状态',
  `day` varchar(50) DEFAULT NULL COMMENT '日期说明',
  `updataId` varchar(255) NOT NULL COMMENT 'ID集合',
  `privilege_val` varchar(255) NOT NULL COMMENT '分红详情',
  PRIMARY KEY (`id`)
) ENGINE=MyISAM DEFAULT CHARSET=utf8 COMMENT='佣金月度表' AUTO_INCREMENT=1 ;

-- --------------------------------------------------------

--
-- 表的结构 `33hao_rebate_quarter`
--

CREATE TABLE IF NOT EXISTS `33hao_rebate_quarter` (
  `id` int(10) NOT NULL AUTO_INCREMENT,
  `store_id` int(10) DEFAULT NULL COMMENT '店铺ID',
  `buyer_id` int(10) DEFAULT NULL COMMENT '买家ID',
  `buyer_vip` int(10) DEFAULT NULL COMMENT '购买者等级',
  `add_time` varchar(100) DEFAULT NULL COMMENT '创建时间',
  `goods_id` int(10) DEFAULT NULL COMMENT '商品ID',
  `pay_fee` varchar(255) DEFAULT NULL COMMENT '交易金额',
  `pay_num` varchar(100) DEFAULT NULL COMMENT '交易数量',
  `status` int(10) NOT NULL DEFAULT '1' COMMENT '状态',
  `quarter` varchar(50) DEFAULT NULL COMMENT '季度说明',
  `updataId` varchar(255) NOT NULL COMMENT 'ID集合',
  `privilege_val` varchar(255) NOT NULL COMMENT '分红信息',
  PRIMARY KEY (`id`)
) ENGINE=MyISAM DEFAULT CHARSET=utf8 COMMENT='佣金季度表' AUTO_INCREMENT=1 ;

-- --------------------------------------------------------

--
-- 表的结构 `33hao_rebate_year`
--

CREATE TABLE IF NOT EXISTS `33hao_rebate_year` (
  `id` int(10) NOT NULL AUTO_INCREMENT,
  `store_id` int(10) DEFAULT NULL COMMENT '店铺ID',
  `buyer_id` int(10) DEFAULT NULL COMMENT '买家ID',
  `buyer_vip` int(10) DEFAULT NULL COMMENT '购买者等级',
  `add_time` varchar(100) DEFAULT NULL COMMENT '创建时间',
  `goods_id` int(10) DEFAULT NULL COMMENT '商品ID',
  `pay_fee` varchar(255) DEFAULT NULL COMMENT '交易金额',
  `pay_num` varchar(100) DEFAULT NULL COMMENT '交易数量',
  `status` int(10) NOT NULL DEFAULT '1' COMMENT '状态',
  `year` varchar(50) DEFAULT NULL COMMENT '年度说明',
  `updataId` varchar(255) NOT NULL COMMENT 'ID集合',
  `privilege_val` varchar(255) NOT NULL COMMENT '分红数值',
  PRIMARY KEY (`id`)
) ENGINE=MyISAM  DEFAULT CHARSET=utf8 COMMENT='佣金月度表' AUTO_INCREMENT=2 ;

--
-- 转存表中的数据 `33hao_rebate_year`
--

INSERT INTO `33hao_rebate_year` (`id`, `store_id`, `buyer_id`, `buyer_vip`, `add_time`, `goods_id`, `pay_fee`, `pay_num`, `status`, `year`, `updataId`, `privilege_val`) VALUES
(1, 2, 2, 0, '1493365238', 100010, '1.2', '120', 1, '2017', '2,1', 'a:3:{i:100;s:1:"1";i:200;s:1:"2";i:300;s:0:"";}');

-- --------------------------------------------------------

--
-- 表的结构 `33hao_rechargecard`
--

CREATE TABLE IF NOT EXISTS `33hao_rechargecard` (
  `id` int(11) NOT NULL AUTO_INCREMENT COMMENT '自增ID',
  `sn` varchar(50) NOT NULL COMMENT '卡号',
  `denomination` decimal(10,2) NOT NULL COMMENT '面额',
  `batchflag` varchar(20) DEFAULT '' COMMENT '批次标识',
  `admin_name` varchar(50) DEFAULT NULL COMMENT '创建者名称',
  `tscreated` int(10) unsigned NOT NULL COMMENT '创建时间',
  `tsused` int(10) unsigned NOT NULL DEFAULT '0' COMMENT '使用时间',
  `state` tinyint(3) unsigned NOT NULL DEFAULT '0' COMMENT '状态 0可用 1已用 2已删',
  `member_id` int(11) NOT NULL DEFAULT '0' COMMENT '使用者会员ID',
  `member_name` varchar(50) DEFAULT NULL COMMENT '使用者会员名称',
  PRIMARY KEY (`id`)
) ENGINE=InnoDB DEFAULT CHARSET=utf8 COMMENT='平台充值卡' AUTO_INCREMENT=1 ;

-- --------------------------------------------------------

--
-- 表的结构 `33hao_rechargewater`
--

CREATE TABLE IF NOT EXISTS `33hao_rechargewater` (
  `activityId` int(10) NOT NULL AUTO_INCREMENT,
  `activityTitle` varchar(50) NOT NULL COMMENT '活动名称',
  `activityDenomination` text NOT NULL COMMENT '面值',
  `activityStarttime` int(15) NOT NULL COMMENT '开始时间',
  `activityEndtime` int(15) NOT NULL COMMENT '结束时间',
  `activityAddid` int(10) NOT NULL COMMENT '创建者ID',
  `activityAddtime` int(15) NOT NULL COMMENT '创建时间',
  PRIMARY KEY (`activityId`)
) ENGINE=MyISAM  DEFAULT CHARSET=utf8 COMMENT='水币充值优惠活动' AUTO_INCREMENT=3 ;

--
-- 转存表中的数据 `33hao_rechargewater`
--

INSERT INTO `33hao_rechargewater` (`activityId`, `activityTitle`, `activityDenomination`, `activityStarttime`, `activityEndtime`, `activityAddid`, `activityAddtime`) VALUES
(1, '测试活动', 'a:4:{i:100;s:2:"20";i:200;s:2:"40";i:400;s:2:"60";i:600;s:2:"80";}', 1494777600, 1495987200, 2, 1494561034),
(2, '测试活动2', 'a:3:{i:100;s:2:"50";i:200;s:2:"60";i:300;s:2:"70";}', 1494172800, 1495382400, 2, 1494567691);

-- --------------------------------------------------------

--
-- 表的结构 `33hao_rec_position`
--

CREATE TABLE IF NOT EXISTS `33hao_rec_position` (
  `rec_id` mediumint(8) unsigned NOT NULL AUTO_INCREMENT,
  `pic_type` enum('1','2','0') NOT NULL DEFAULT '1' COMMENT '0文字1本地图片2远程',
  `title` varchar(200) DEFAULT '' COMMENT '标题',
  `content` text NOT NULL COMMENT '序列化推荐位内容',
  PRIMARY KEY (`rec_id`)
) ENGINE=InnoDB DEFAULT CHARSET=utf8 COMMENT='推荐位' AUTO_INCREMENT=1 ;

-- --------------------------------------------------------

--
-- 表的结构 `33hao_redpacket`
--

CREATE TABLE IF NOT EXISTS `33hao_redpacket` (
  `rpacket_id` int(11) NOT NULL AUTO_INCREMENT COMMENT '红包编号',
  `rpacket_code` varchar(32) NOT NULL COMMENT '红包编码',
  `rpacket_t_id` int(11) NOT NULL COMMENT '红包模版编号',
  `rpacket_title` varchar(50) NOT NULL COMMENT '红包标题',
  `rpacket_desc` varchar(255) NOT NULL COMMENT '红包描述',
  `rpacket_start_date` int(11) NOT NULL COMMENT '红包有效期开始时间',
  `rpacket_end_date` int(11) NOT NULL COMMENT '红包有效期结束时间',
  `rpacket_price` int(11) NOT NULL COMMENT '红包面额',
  `rpacket_limit` decimal(10,2) NOT NULL COMMENT '红包使用时的订单限额',
  `rpacket_state` tinyint(4) NOT NULL COMMENT '红包状态(1-未用,2-已用,3-过期)',
  `rpacket_active_date` int(11) NOT NULL COMMENT '红包发放日期',
  `rpacket_owner_id` int(11) NOT NULL COMMENT '红包所有者id',
  `rpacket_owner_name` varchar(50) DEFAULT NULL COMMENT '红包所有者名称',
  `rpacket_order_id` bigint(20) DEFAULT NULL COMMENT '使用该红包的订单支付单号',
  `rpacket_pwd` varchar(100) DEFAULT NULL COMMENT '红包卡密',
  `rpacket_pwd2` varchar(100) DEFAULT NULL COMMENT '红包卡密2',
  `rpacket_customimg` varchar(1000) DEFAULT NULL COMMENT '红包自定义图片',
  PRIMARY KEY (`rpacket_id`),
  UNIQUE KEY `rpacket_pwd` (`rpacket_pwd`),
  UNIQUE KEY `rpacket_pwd2` (`rpacket_pwd2`)
) ENGINE=InnoDB DEFAULT CHARSET=utf8 COMMENT='红包表' AUTO_INCREMENT=1 ;

-- --------------------------------------------------------

--
-- 表的结构 `33hao_redpacket_template`
--

CREATE TABLE IF NOT EXISTS `33hao_redpacket_template` (
  `rpacket_t_id` int(11) NOT NULL AUTO_INCREMENT COMMENT '红包模版编号',
  `rpacket_t_title` varchar(50) NOT NULL COMMENT '红包模版名称',
  `rpacket_t_desc` varchar(255) NOT NULL COMMENT '红包模版描述',
  `rpacket_t_start_date` int(11) NOT NULL COMMENT '红包模版有效期开始时间',
  `rpacket_t_end_date` int(11) NOT NULL COMMENT '红包模版有效期结束时间',
  `rpacket_t_price` decimal(10,2) NOT NULL COMMENT '红包模版面额',
  `rpacket_t_limit` decimal(10,2) NOT NULL COMMENT '红包使用时的订单限额',
  `rpacket_t_adminid` int(11) NOT NULL COMMENT '修改管理员ID',
  `rpacket_t_state` tinyint(4) NOT NULL COMMENT '模版状态(1-有效,2-失效)',
  `rpacket_t_total` int(11) NOT NULL COMMENT '模版可发放的红包总数',
  `rpacket_t_giveout` int(11) NOT NULL COMMENT '模版已发放的红包数量',
  `rpacket_t_used` int(11) NOT NULL COMMENT '模版已经使用过的红包数量',
  `rpacket_t_updatetime` int(11) NOT NULL COMMENT '模版的创建时间',
  `rpacket_t_points` int(11) NOT NULL DEFAULT '0' COMMENT '兑换所需积分',
  `rpacket_t_eachlimit` int(11) NOT NULL DEFAULT '1' COMMENT '每人限领张数',
  `rpacket_t_customimg` varchar(200) DEFAULT NULL COMMENT '自定义模板图片',
  `rpacket_t_recommend` tinyint(1) NOT NULL DEFAULT '0' COMMENT '是否推荐 0不推荐 1推荐',
  `rpacket_t_gettype` tinyint(1) NOT NULL DEFAULT '1' COMMENT '领取方式 1积分兑换 2卡密兑换 3免费领取',
  `rpacket_t_isbuild` tinyint(1) NOT NULL DEFAULT '0' COMMENT '领取方式为卡密兑换是否已经生成下属红包 0未生成 1已生成',
  `rpacket_t_mgradelimit` tinyint(2) NOT NULL DEFAULT '0' COMMENT '领取限制的会员等级',
  PRIMARY KEY (`rpacket_t_id`)
) ENGINE=InnoDB DEFAULT CHARSET=utf8 COMMENT='红包模版表' AUTO_INCREMENT=1 ;

-- --------------------------------------------------------

--
-- 表的结构 `33hao_refund_detail`
--

CREATE TABLE IF NOT EXISTS `33hao_refund_detail` (
  `refund_id` int(10) unsigned NOT NULL COMMENT '记录ID',
  `order_id` int(10) unsigned NOT NULL COMMENT '订单ID',
  `batch_no` varchar(32) NOT NULL COMMENT '批次号',
  `refund_amount` decimal(10,2) DEFAULT '0.00' COMMENT '退款金额',
  `pay_amount` decimal(10,2) DEFAULT '0.00' COMMENT '在线退款金额',
  `pd_amount` decimal(10,2) DEFAULT '0.00' COMMENT '预存款金额',
  `rcb_amount` decimal(10,2) DEFAULT '0.00' COMMENT '充值卡金额',
  `refund_code` char(10) NOT NULL DEFAULT 'predeposit' COMMENT '退款支付代码',
  `refund_state` tinyint(1) unsigned DEFAULT '1' COMMENT '退款状态:1为处理中,2为已完成,默认为1',
  `add_time` int(10) unsigned NOT NULL COMMENT '添加时间',
  `pay_time` int(10) unsigned DEFAULT '0' COMMENT '在线退款完成时间,默认为0',
  PRIMARY KEY (`refund_id`),
  KEY `batch_no` (`batch_no`)
) ENGINE=InnoDB DEFAULT CHARSET=utf8 COMMENT='退款详细表';

--
-- 转存表中的数据 `33hao_refund_detail`
--

INSERT INTO `33hao_refund_detail` (`refund_id`, `order_id`, `batch_no`, `refund_amount`, `pay_amount`, `pd_amount`, `rcb_amount`, `refund_code`, `refund_state`, `add_time`, `pay_time`) VALUES
(1, 4, '201705041149391', '0.99', '0.00', '0.99', '0.99', 'predeposit', 2, 1493869779, 0),
(2, 5, '201705041427542', '5.00', '0.00', '5.00', '5.00', 'predeposit', 2, 1493879274, 0),
(3, 11, '201705051407203', '0.50', '0.00', '0.50', '0.50', 'predeposit', 2, 1493964440, 0),
(4, 14, '201705051129454', '8.00', '0.00', '8.00', '8.00', 'predeposit', 2, 1493954985, 0),
(5, 15, '201705051359325', '90.00', '0.00', '90.00', '90.00', 'predeposit', 2, 1493963972, 0),
(6, 16, '201705051402356', '90.00', '0.00', '90.00', '90.00', 'predeposit', 2, 1493964155, 0),
(7, 17, '201705051553107', '9.00', '0.00', '9.00', '9.00', 'predeposit', 2, 1493970790, 0),
(8, 19, '201705051556338', '9.00', '0.00', '9.00', '9.00', 'predeposit', 2, 1493970993, 0);

-- --------------------------------------------------------

--
-- 表的结构 `33hao_refund_reason`
--

CREATE TABLE IF NOT EXISTS `33hao_refund_reason` (
  `reason_id` int(10) unsigned NOT NULL AUTO_INCREMENT COMMENT '原因ID',
  `reason_info` varchar(50) NOT NULL COMMENT '原因内容',
  `sort` tinyint(1) unsigned DEFAULT '255' COMMENT '排序',
  `update_time` int(10) unsigned NOT NULL COMMENT '更新时间',
  PRIMARY KEY (`reason_id`)
) ENGINE=InnoDB  DEFAULT CHARSET=utf8 COMMENT='退款退货原因表' AUTO_INCREMENT=100 ;

--
-- 转存表中的数据 `33hao_refund_reason`
--

INSERT INTO `33hao_refund_reason` (`reason_id`, `reason_info`, `sort`, `update_time`) VALUES
(95, '效果不好不喜欢', 123, 1393480261),
(96, '商品破损、有污渍', 123, 1393480261),
(97, '保质期不符', 123, 1393480261),
(98, '认为是假货', 123, 1393480261),
(99, '不能按时发货', 123, 1393480261);

-- --------------------------------------------------------

--
-- 表的结构 `33hao_refund_return`
--

CREATE TABLE IF NOT EXISTS `33hao_refund_return` (
  `refund_id` int(10) unsigned NOT NULL AUTO_INCREMENT COMMENT '记录ID',
  `order_id` int(10) unsigned NOT NULL COMMENT '订单ID',
  `order_sn` varchar(50) NOT NULL COMMENT '订单编号',
  `refund_sn` varchar(50) NOT NULL COMMENT '申请编号',
  `store_id` int(10) unsigned NOT NULL COMMENT '店铺ID',
  `store_name` varchar(20) NOT NULL COMMENT '店铺名称',
  `buyer_id` int(10) unsigned NOT NULL COMMENT '买家ID',
  `buyer_name` varchar(50) NOT NULL COMMENT '买家会员名',
  `goods_id` int(10) unsigned NOT NULL COMMENT '商品ID,全部退款是0',
  `order_goods_id` int(10) unsigned DEFAULT '0' COMMENT '订单商品ID,全部退款是0',
  `goods_name` varchar(50) NOT NULL COMMENT '商品名称',
  `goods_num` int(10) unsigned DEFAULT '1' COMMENT '商品数量',
  `refund_amount` decimal(10,2) DEFAULT '0.00' COMMENT '退款金额',
  `goods_image` varchar(100) DEFAULT NULL COMMENT '商品图片',
  `order_goods_type` tinyint(1) unsigned DEFAULT '1' COMMENT '订单商品类型:1默认2抢购商品3限时折扣商品4组合套装',
  `refund_type` tinyint(1) unsigned DEFAULT '1' COMMENT '申请类型:1为退款,2为退货,默认为1',
  `seller_state` tinyint(1) unsigned DEFAULT '1' COMMENT '卖家处理状态:1为待审核,2为同意,3为不同意,默认为1',
  `refund_state` tinyint(1) unsigned DEFAULT '1' COMMENT '申请状态:1为处理中,2为待管理员处理,3为已完成,默认为1',
  `return_type` tinyint(1) unsigned DEFAULT '1' COMMENT '退货类型:1为不用退货,2为需要退货,默认为1',
  `order_lock` tinyint(1) unsigned DEFAULT '1' COMMENT '订单锁定类型:1为不用锁定,2为需要锁定,默认为1',
  `goods_state` tinyint(1) unsigned DEFAULT '1' COMMENT '物流状态:1为待发货,2为待收货,3为未收到,4为已收货,默认为1',
  `add_time` int(10) unsigned NOT NULL COMMENT '添加时间',
  `seller_time` int(10) unsigned DEFAULT '0' COMMENT '卖家处理时间',
  `admin_time` int(10) unsigned DEFAULT '0' COMMENT '管理员处理时间,默认为0',
  `reason_id` int(10) unsigned DEFAULT '0' COMMENT '原因ID:0为其它',
  `reason_info` varchar(300) DEFAULT '' COMMENT '原因内容',
  `pic_info` varchar(300) DEFAULT '' COMMENT '图片',
  `buyer_message` varchar(300) DEFAULT NULL COMMENT '申请原因',
  `seller_message` varchar(300) DEFAULT NULL COMMENT '卖家备注',
  `admin_message` varchar(300) DEFAULT NULL COMMENT '管理员备注',
  `express_id` tinyint(1) unsigned DEFAULT '0' COMMENT '物流公司编号',
  `invoice_no` varchar(50) DEFAULT NULL COMMENT '物流单号',
  `ship_time` int(10) unsigned DEFAULT '0' COMMENT '发货时间,默认为0',
  `delay_time` int(10) unsigned DEFAULT '0' COMMENT '收货延迟时间,默认为0',
  `receive_time` int(10) unsigned DEFAULT '0' COMMENT '收货时间,默认为0',
  `receive_message` varchar(300) DEFAULT NULL COMMENT '收货备注',
  `commis_rate` smallint(6) DEFAULT '0' COMMENT '佣金比例',
  `rpt_amount` decimal(10,2) unsigned NOT NULL DEFAULT '0.00' COMMENT '退款红包值，默认0，只有全部退款时才把该订单使用的红包金额写到此处',
  PRIMARY KEY (`refund_id`)
) ENGINE=InnoDB  DEFAULT CHARSET=utf8 COMMENT='退款退货表' AUTO_INCREMENT=9 ;

--
-- 转存表中的数据 `33hao_refund_return`
--

INSERT INTO `33hao_refund_return` (`refund_id`, `order_id`, `order_sn`, `refund_sn`, `store_id`, `store_name`, `buyer_id`, `buyer_name`, `goods_id`, `order_goods_id`, `goods_name`, `goods_num`, `refund_amount`, `goods_image`, `order_goods_type`, `refund_type`, `seller_state`, `refund_state`, `return_type`, `order_lock`, `goods_state`, `add_time`, `seller_time`, `admin_time`, `reason_id`, `reason_info`, `pic_info`, `buyer_message`, `seller_message`, `admin_message`, `express_id`, `invoice_no`, `ship_time`, `delay_time`, `receive_time`, `receive_message`, `commis_rate`, `rpt_amount`) VALUES
(1, 4, '9000000000000401', '575102170504114724', 2, '测试水厂店铺', 9, 'shuichang4', 0, 0, '订单商品全部退款', 1, '0.99', NULL, 1, 1, 2, 3, 1, 2, 1, 1493869644, 1493869718, 1493878989, 0, '取消订单，全部退款', 'a:1:{s:5:"buyer";a:0:{}}', '擦三分擦司法', '额外范文芳', '3423424', 0, NULL, 0, 0, 0, NULL, 0, '0.00'),
(2, 5, '9000000000000501', '744102170504142636', 2, '测试水厂店铺', 9, 'shuichang4', 0, 0, '订单商品全部退款', 1, '5.00', NULL, 1, 1, 2, 3, 1, 2, 1, 1493879195, 1493879262, 1493879283, 0, '取消订单，全部退款', 'a:1:{s:5:"buyer";a:0:{}}', '特色', 'jhty', '让他计划投放', 0, NULL, 0, 0, 0, NULL, 0, '0.00'),
(3, 11, '9000000000001001', '195102170505095547', 2, '测试水厂店铺', 9, 'shuichang4', 0, 0, '订单商品全部退款', 1, '0.50', NULL, 1, 1, 2, 3, 1, 2, 1, 1493949346, 1493949447, 1493964446, 0, '取消订单，全部退款', 'a:1:{s:5:"buyer";a:0:{}}', '撒旦法撒旦', 'fasdfa', '萨打我', 0, NULL, 0, 0, 0, NULL, 0, '0.00'),
(4, 14, '9000000000001301', '490103170505112841', 3, '测试水厂1号', 9, 'shuichang4', 0, 0, '订单商品全部退款', 1, '8.00', NULL, 1, 1, 2, 3, 1, 2, 1, 1493954921, 1493954959, 1493963492, 0, '取消订单，全部退款', 'a:1:{s:5:"buyer";a:0:{}}', '额外we', '法撒旦法方', '同意', 0, NULL, 0, 0, 0, NULL, 0, '0.00'),
(5, 15, '9000000000001401', '111103170505135901', 3, '测试水厂1号', 9, 'shuichang4', 0, 0, '订单商品全部退款', 1, '90.00', NULL, 1, 1, 2, 3, 1, 2, 1, 1493963941, 1493963965, 1493963978, 0, '取消订单，全部退款', 'a:1:{s:5:"buyer";a:0:{}}', '阿斯dad', '父亲去玩得起我的', '带去我的期望的', 0, NULL, 0, 0, 0, NULL, 0, '0.00'),
(6, 16, '9000000000001501', '868103170505140204', 3, '测试水厂1号', 9, 'shuichang4', 0, 0, '订单商品全部退款', 1, '90.00', NULL, 1, 1, 2, 3, 1, 2, 1, 1493964124, 1493964137, 1493964403, 0, '取消订单，全部退款', 'a:1:{s:5:"buyer";a:0:{}}', '123', '三大三大', '发撒旦法', 0, NULL, 0, 0, 0, NULL, 0, '0.00'),
(7, 17, '9000000000001801', '198103170505155247', 3, '测试水厂1号', 9, 'shuichang4', 0, 0, '订单商品全部退款', 1, '9.00', NULL, 1, 1, 2, 3, 1, 2, 1, 1493970767, 1493970781, 1493970795, 0, '取消订单，全部退款', 'a:1:{s:5:"buyer";a:0:{}}', '阿萨法', '俄方违法', '访问服务', 0, NULL, 0, 0, 0, NULL, 0, '0.00'),
(8, 19, '9000000000002001', '931103170505155614', 3, '测试水厂1号', 9, 'shuichang4', 0, 0, '订单商品全部退款', 1, '9.00', NULL, 1, 1, 2, 3, 1, 2, 1, 1493970974, 1493970988, 1493970998, 0, '取消订单，全部退款', 'a:1:{s:5:"buyer";a:0:{}}', '他还染色体核', '会放过任何', '隔行如更换', 0, NULL, 0, 0, 0, NULL, 0, '0.00');

-- --------------------------------------------------------

--
-- 表的结构 `33hao_sb_recharge`
--

CREATE TABLE IF NOT EXISTS `33hao_sb_recharge` (
  `pdr_id` int(11) NOT NULL AUTO_INCREMENT COMMENT '自增编号',
  `pdr_sn` bigint(20) unsigned NOT NULL COMMENT '记录唯一标示',
  `pdr_member_id` int(11) NOT NULL COMMENT '会员编号',
  `pdr_member_name` varchar(50) NOT NULL COMMENT '会员名称',
  `pdr_amount` decimal(10,2) NOT NULL DEFAULT '0.00' COMMENT '充值金额',
  `pdr_amount_fj` decimal(10,2) DEFAULT '0.00' COMMENT '活动送的金额',
  `pdr_payment_code` varchar(20) DEFAULT '' COMMENT '支付方式',
  `pdr_payment_name` varchar(15) DEFAULT '' COMMENT '支付方式',
  `pdr_trade_sn` varchar(50) DEFAULT '' COMMENT '第三方支付接口交易号',
  `pdr_add_time` int(11) NOT NULL COMMENT '添加时间',
  `pdr_payment_state` enum('0','1') NOT NULL DEFAULT '0' COMMENT '支付状态 0未支付1支付',
  `pdr_payment_time` int(11) NOT NULL DEFAULT '0' COMMENT '支付时间',
  `pdr_admin` varchar(30) DEFAULT '' COMMENT '管理员名',
  `trade_no` varchar(50) NOT NULL,
  PRIMARY KEY (`pdr_id`)
) ENGINE=InnoDB  DEFAULT CHARSET=utf8 COMMENT='预存款充值表' AUTO_INCREMENT=13 ;

--
-- 转存表中的数据 `33hao_sb_recharge`
--

INSERT INTO `33hao_sb_recharge` (`pdr_id`, `pdr_sn`, `pdr_member_id`, `pdr_member_name`, `pdr_amount`, `pdr_amount_fj`, `pdr_payment_code`, `pdr_payment_name`, `pdr_trade_sn`, `pdr_add_time`, `pdr_payment_state`, `pdr_payment_time`, `pdr_admin`, `trade_no`) VALUES
(2, 890547067908390003, 2, 'sllsll', '0.06', '0.00', '3', '返利', '', 1493723908, '1', 1493723908, '', ''),
(3, 420547068924151002, 2, 'sllsll', '0.10', '0.00', '', '', '', 1493724924, '0', 0, '', ''),
(4, 670547069419194002, 2, 'sllsll', '0.01', '0.00', '', '', '', 1493725419, '0', 0, '', ''),
(5, 930547070872664002, 2, 'sllsll', '0.01', '0.00', '', '', '', 1493726872, '0', 0, '', ''),
(6, 110547126771813002, 2, 'sllsll', '0.01', '0.00', '', '', '', 1493782771, '0', 0, '', ''),
(7, 890547067908390003, 9, 'sllsll', '0.06', '0.00', '3', '返利', '', 1493723908, '1', 1493723908, '', ''),
(8, 150547744753769003, 2, 'sllsll', '0.12', '0.00', '3', '返利', '', 1494400753, '1', 1494400753, '', ''),
(9, 500547745045642003, 2, 'sllsll', '0.12', '0.00', '3', '返利', '', 1494401045, '1', 1494401045, '', ''),
(10, 250547745083515003, 2, 'sllsll', '0.12', '0.00', '3', '返利', '', 1494401083, '1', 1494401083, '', ''),
(11, 330547745117623003, 2, 'sllsll', '0.12', '0.00', '3', '返利', '', 1494401117, '1', 1494401117, '', ''),
(12, 350547745128283003, 2, 'sllsll', '0.12', '0.00', '3', '返利', '', 1494401128, '1', 1494401128, '', '');

-- --------------------------------------------------------

--
-- 表的结构 `33hao_seller`
--

CREATE TABLE IF NOT EXISTS `33hao_seller` (
  `seller_id` int(10) unsigned NOT NULL AUTO_INCREMENT COMMENT '卖家编号',
  `seller_name` varchar(50) NOT NULL COMMENT '卖家用户名',
  `member_id` int(10) unsigned NOT NULL COMMENT '用户编号',
  `seller_group_id` int(10) unsigned NOT NULL COMMENT '卖家组编号',
  `store_id` int(10) unsigned NOT NULL COMMENT '店铺编号',
  `is_admin` tinyint(3) unsigned NOT NULL COMMENT '是否管理员(0-不是 1-是)',
  `seller_quicklink` varchar(255) DEFAULT NULL COMMENT '卖家快捷操作',
  `last_login_time` int(10) unsigned DEFAULT NULL COMMENT '最后登录时间',
  `is_client` tinyint(3) unsigned NOT NULL DEFAULT '0' COMMENT '是否客户端用户 0-否 1-是',
  PRIMARY KEY (`seller_id`)
) ENGINE=InnoDB  DEFAULT CHARSET=utf8 COMMENT='卖家用户表' AUTO_INCREMENT=7 ;

--
-- 转存表中的数据 `33hao_seller`
--

INSERT INTO `33hao_seller` (`seller_id`, `seller_name`, `member_id`, `seller_group_id`, `store_id`, `is_admin`, `seller_quicklink`, `last_login_time`, `is_client`) VALUES
(1, 'admin', 1, 0, 1, 1, '', 1494417574, 0),
(2, 'sina450911', 3, 0, 2, 1, 'store_vr_order', 1494670379, 0),
(3, 'shuichang1', 6, 0, 3, 1, NULL, 1493950347, 0),
(4, 'shuichang2', 7, 0, 4, 1, NULL, 1493704899, 0),
(5, 'shuichang3', 8, 0, 5, 1, NULL, NULL, 0),
(6, 'swsflqh', 4, 1, 1, 0, NULL, 1494417512, 0);

-- --------------------------------------------------------

--
-- 表的结构 `33hao_seller_group`
--

CREATE TABLE IF NOT EXISTS `33hao_seller_group` (
  `group_id` int(10) unsigned NOT NULL AUTO_INCREMENT COMMENT '卖家组编号',
  `group_name` varchar(50) NOT NULL COMMENT '组名',
  `limits` text NOT NULL COMMENT '权限',
  `smt_limits` text COMMENT '消息权限范围',
  `gc_limits` tinyint(3) unsigned DEFAULT '1' COMMENT '1拥有所有分类权限，0拥有部分分类权限',
  `store_id` int(10) unsigned NOT NULL COMMENT '店铺编号',
  PRIMARY KEY (`group_id`)
) ENGINE=InnoDB  DEFAULT CHARSET=utf8 COMMENT='卖家用户组表' AUTO_INCREMENT=2 ;

--
-- 转存表中的数据 `33hao_seller_group`
--

INSERT INTO `33hao_seller_group` (`group_id`, `group_name`, `limits`, `smt_limits`, `gc_limits`, `store_id`) VALUES
(1, '客服', 'store_goods_add,store_goods_online,store_goods_offline,store_appoint,store_album', '', 0, 1);

-- --------------------------------------------------------

--
-- 表的结构 `33hao_seller_group_bclass`
--

CREATE TABLE IF NOT EXISTS `33hao_seller_group_bclass` (
  `bid` int(10) unsigned NOT NULL AUTO_INCREMENT,
  `group_id` int(11) unsigned DEFAULT '0' COMMENT '权限组ID',
  `class_1` mediumint(9) unsigned DEFAULT '0' COMMENT '一级分类',
  `class_2` mediumint(9) unsigned DEFAULT '0' COMMENT '二级分类',
  `class_3` mediumint(9) unsigned DEFAULT '0' COMMENT '三级分类',
  `gc_id` mediumint(9) unsigned DEFAULT '0' COMMENT '最底级分类',
  PRIMARY KEY (`bid`),
  KEY `group_id` (`group_id`)
) ENGINE=InnoDB DEFAULT CHARSET=utf8 COMMENT='商家内部组商品类目表' AUTO_INCREMENT=1 ;

-- --------------------------------------------------------

--
-- 表的结构 `33hao_seller_log`
--

CREATE TABLE IF NOT EXISTS `33hao_seller_log` (
  `log_id` int(10) unsigned NOT NULL AUTO_INCREMENT COMMENT '日志编号',
  `log_content` varchar(500) NOT NULL COMMENT '日志内容',
  `log_time` int(10) unsigned NOT NULL COMMENT '日志时间',
  `log_seller_id` int(10) unsigned NOT NULL COMMENT '卖家编号',
  `log_seller_name` varchar(50) NOT NULL COMMENT '卖家账号',
  `log_store_id` int(10) unsigned NOT NULL COMMENT '店铺编号',
  `log_seller_ip` varchar(50) NOT NULL COMMENT '卖家ip',
  `log_url` varchar(50) NOT NULL COMMENT '日志url',
  `log_state` tinyint(3) unsigned NOT NULL COMMENT '日志状态(0-失败 1-成功)',
  PRIMARY KEY (`log_id`)
) ENGINE=InnoDB  DEFAULT CHARSET=utf8 COMMENT='卖家日志表' AUTO_INCREMENT=115 ;

--
-- 转存表中的数据 `33hao_seller_log`
--

INSERT INTO `33hao_seller_log` (`log_id`, `log_content`, `log_time`, `log_seller_id`, `log_seller_name`, `log_store_id`, `log_seller_ip`, `log_url`, `log_state`) VALUES
(1, '登录成功', 1491884887, 1, 'admin', 1, '192.168.0.174', 'seller_login&login', 1),
(2, '注销成功', 1491888443, 1, 'admin', 1, '192.168.0.174', 'seller_logout&logout', 1),
(3, '登录成功', 1491888713, 1, 'admin', 1, '192.168.0.174', 'seller_login&login', 1),
(4, '登录成功', 1491900907, 1, 'admin', 1, '192.168.0.174', 'seller_login&login', 1),
(5, '登录成功', 1491901985, 2, 'sllsll', 2, '192.168.0.174', 'seller_login&login', 1),
(6, '登录成功', 1491902596, 2, 'sllsll', 2, '192.168.0.174', 'seller_login&login', 1),
(7, '注销成功', 1491902661, 1, 'admin', 1, '192.168.0.174', 'seller_logout&logout', 1),
(8, '登录成功', 1491902673, 2, 'sllsll', 2, '192.168.0.174', 'seller_login&login', 1),
(9, '登录成功', 1491902723, 2, 'sllsll', 2, '192.168.0.174', 'seller_login&login', 1),
(10, '登录成功', 1491902844, 2, 'sllsll', 2, '192.168.0.174', 'seller_login&login', 1),
(11, '登录成功', 1491904234, 1, 'admin', 1, '192.168.0.174', 'seller_login&login', 1),
(12, '登录成功', 1491961754, 1, 'admin', 1, '192.168.0.174', 'seller_login&login', 1),
(13, '登录成功', 1492048308, 1, 'admin', 1, '192.168.0.174', 'seller_login&login', 1),
(14, '登录成功', 1492049317, 2, 'sina450911', 2, '192.168.0.174', 'seller_login&login', 1),
(15, '添加商品，SPU:100010', 1492049549, 2, 'sina450911', 2, '192.168.0.174', 'goodsLogic&saveGoods', 1),
(16, '登录成功', 1492071257, 1, 'admin', 1, '192.168.0.174', 'seller_login&login', 1),
(17, '注销成功', 1492076915, 1, 'admin', 1, '192.168.0.174', 'seller_logout&logout', 1),
(18, '登录成功', 1492076931, 2, 'sina450911', 2, '192.168.0.174', 'seller_login&login', 1),
(19, '登录成功', 1492134692, 2, 'sina450911', 2, '192.168.0.174', 'seller_login&login', 1),
(20, '登录成功', 1492396829, 2, 'sina450911', 2, '192.168.0.174', 'seller_login&login', 1),
(21, '登录成功', 1492480707, 2, 'sina450911', 2, '192.168.0.174', 'seller_login&login', 1),
(22, '注销成功', 1492497728, 2, 'sina450911', 2, '192.168.0.174', 'seller_logout&logout', 1),
(23, '登录成功', 1492497741, 2, 'sina450911', 2, '192.168.0.174', 'seller_login&login', 1),
(24, '登录成功', 1492564877, 2, 'sina450911', 2, '192.168.0.174', 'seller_login&login', 1),
(25, '注销成功', 1492573380, 2, 'sina450911', 2, '192.168.0.174', 'seller_logout&logout', 1),
(26, '登录成功', 1492573399, 2, 'sina450911', 2, '192.168.0.174', 'seller_login&login', 1),
(27, '添加商品，SPU:100011', 1492583651, 2, 'sina450911', 2, '192.168.0.174', 'goodsLogic&saveGoods', 1),
(28, '注销成功', 1492598364, 2, 'sina450911', 2, '192.168.0.174', 'seller_logout&logout', 1),
(29, '登录成功', 1492598391, 2, 'sina450911', 2, '192.168.0.174', 'seller_login&login', 1),
(30, '登录成功', 1492652044, 2, 'sina450911', 2, '192.168.0.174', 'seller_login&login', 1),
(31, '登录成功', 1492738821, 2, 'sina450911', 2, '192.168.0.174', 'seller_login&login', 1),
(32, '注销成功', 1492753158, 2, 'sina450911', 2, '192.168.0.174', 'seller_logout&logout', 1),
(33, '登录成功', 1492753288, 2, 'sina450911', 2, '192.168.0.174', 'seller_login&login', 1),
(34, '登录成功', 1492997902, 2, 'sina450911', 2, '192.168.0.174', 'seller_login&login', 1),
(35, '登录成功', 1493084332, 2, 'sina450911', 2, '192.168.0.174', 'seller_login&login', 1),
(36, '登录成功', 1493114891, 2, 'sina450911', 2, '192.168.0.174', 'seller_login&login', 1),
(37, '登录成功', 1493170739, 2, 'sina450911', 2, '192.168.0.174', 'seller_login&login', 1),
(38, '登录成功', 1493186264, 2, 'sina450911', 2, '192.168.0.174', 'seller_login&login', 1),
(39, '登录成功', 1493257935, 2, 'sina450911', 2, '192.168.0.176', 'seller_login&login', 1),
(40, '登录成功', 1493265722, 2, 'sina450911', 2, '192.168.0.176', 'seller_login&login', 1),
(41, '添加商品，SPU:100012', 1493282025, 2, 'sina450911', 2, '192.168.0.176', 'goodsLogic&saveGoods', 1),
(42, '登录成功', 1493343544, 2, 'sina450911', 2, '192.168.0.176', 'seller_login&login', 1),
(43, '编辑商品，SPU:100010', 1493354280, 2, 'sina450911', 2, '192.168.0.176', 'goodsLogic&saveGoods', 1),
(44, '编辑商品，SPU:100011', 1493354294, 2, 'sina450911', 2, '192.168.0.176', 'goodsLogic&saveGoods', 1),
(45, '注销成功', 1493370950, 2, 'sina450911', 2, '192.168.0.176', 'seller_logout&logout', 1),
(46, '登录成功', 1493690805, 1, 'admin', 1, '192.168.0.176', 'seller_login&login', 1),
(47, '登录成功', 1493697237, 3, 'shuichang1', 3, '192.168.0.176', 'seller_login&login', 1),
(48, '注销成功', 1493704880, 3, 'shuichang1', 3, '192.168.0.176', 'seller_logout&logout', 1),
(49, '登录成功', 1493704899, 4, 'shuichang2', 4, '192.168.0.176', 'seller_login&login', 1),
(50, '注销成功', 1493711972, 4, 'shuichang2', 4, '192.168.0.176', 'seller_logout&logout', 1),
(51, '登录成功', 1493720333, 2, 'sina450911', 2, '192.168.0.176', 'seller_login&login', 1),
(52, '登录成功', 1493796425, 2, 'sina450911', 2, '', 'seller_login&login', 1),
(53, '注销成功', 1493800703, 2, 'sina450911', 2, '', 'seller_logout&logout', 1),
(54, '登录成功', 1493800714, 1, 'admin', 1, '', 'seller_login&login', 1),
(55, '注销成功', 1493800869, 1, 'admin', 1, '', 'seller_logout&logout', 1),
(56, '登录成功', 1493800888, 2, 'sina450911', 2, '', 'seller_login&login', 1),
(57, '登录成功', 1493803157, 2, 'sina450911', 2, '', 'seller_login&login', 1),
(58, '注销成功', 1493803900, 2, 'sina450911', 2, '', 'seller_logout&logout', 1),
(59, '登录成功', 1493803912, 1, 'admin', 1, '', 'seller_login&login', 1),
(60, '注销成功', 1493804066, 1, 'admin', 1, '', 'seller_logout&logout', 1),
(61, '登录成功', 1493804079, 2, 'sina450911', 2, '', 'seller_login&login', 1),
(62, '登录成功', 1493869687, 2, 'sina450911', 2, '', 'seller_login&login', 1),
(63, '退款处理，退款编号：575102170504114724', 1493869718, 2, 'sina450911', 2, '', 'store_refund&edit', 1),
(64, '注销成功', 1493869736, 2, 'sina450911', 2, '', 'seller_logout&logout', 1),
(65, '登录成功', 1493879245, 2, 'sina450911', 2, '127.0.0.1', 'seller_login&login', 1),
(66, '退款处理，退款编号：744102170504142636', 1493879262, 2, 'sina450911', 2, '127.0.0.1', 'store_refund&edit', 1),
(67, '登录成功', 1493949429, 2, 'sina450911', 2, '', 'seller_login&login', 1),
(68, '退款处理，退款编号：195102170505095547', 1493949447, 2, 'sina450911', 2, '', 'store_refund&edit', 1),
(69, '注销成功', 1493950317, 2, 'sina450911', 2, '', 'seller_logout&logout', 1),
(70, '登录成功', 1493950347, 3, 'shuichang1', 3, '', 'seller_login&login', 1),
(71, '添加商品，SPU:100013', 1493950457, 3, 'shuichang1', 3, '', 'goodsLogic&saveGoods', 1),
(72, '退款处理，退款编号：490103170505112841', 1493954959, 3, 'shuichang1', 3, '', 'store_refund&edit', 1),
(73, '退款处理，退款编号：111103170505135901', 1493963965, 3, 'shuichang1', 3, '', 'store_refund&edit', 1),
(74, '退款处理，退款编号：868103170505140204', 1493964137, 3, 'shuichang1', 3, '', 'store_refund&edit', 1),
(75, '退款处理，退款编号：198103170505155247', 1493970781, 3, 'shuichang1', 3, '', 'store_refund&edit', 1),
(76, '退款处理，退款编号：931103170505155614', 1493970988, 3, 'shuichang1', 3, '', 'store_refund&edit', 1),
(77, '登录成功', 1494213548, 2, 'sina450911', 2, '', 'seller_login&login', 1),
(78, '添加商品，SPU:100014', 1494213595, 2, 'sina450911', 2, '', 'goodsLogic&saveGoods', 1),
(79, '登录成功', 1494226002, 2, 'sina450911', 2, '', 'seller_login&login', 1),
(80, '添加商品，SPU:100015', 1494226093, 2, 'sina450911', 2, '', 'goodsLogic&saveGoods', 1),
(81, '购买1份抢购套餐，单价10元', 1494246676, 2, 'sina450911', 2, '', 'store_groupbuy&groupbuy_quota_add_save', 1),
(82, '登录成功', 1494318276, 2, 'sina450911', 2, '', 'seller_login&login', 1),
(83, '登录成功', 1494383443, 2, 'sina450911', 2, '', 'seller_login&login', 1),
(84, '注销成功', 1494384851, 2, 'sina450911', 2, '', 'seller_logout&logout', 1),
(85, '登录成功', 1494384866, 2, 'sina450911', 2, '', 'seller_login&login', 1),
(86, '注销成功', 1494384906, 2, 'sina450911', 2, '', 'seller_logout&logout', 1),
(87, '登录成功', 1494384918, 2, 'sina450911', 2, '', 'seller_login&login', 1),
(88, '注销成功', 1494386141, 2, 'sina450911', 2, '', 'seller_logout&logout', 1),
(89, '登录成功', 1494386150, 2, 'sina450911', 2, '', 'seller_login&login', 1),
(90, '注销成功', 1494395727, 2, 'sina450911', 2, '', 'seller_logout&logout', 1),
(91, '登录成功', 1494395742, 2, 'sina450911', 2, '', 'seller_login&login', 1),
(92, '注销成功', 1494397020, 2, 'sina450911', 2, '', 'seller_logout&logout', 1),
(93, '登录成功', 1494397035, 2, 'sina450911', 2, '', 'seller_login&login', 1),
(94, '注销成功', 1494397786, 2, 'sina450911', 2, '', 'seller_logout&logout', 1),
(95, '登录成功', 1494397796, 2, 'sina450911', 2, '', 'seller_login&login', 1),
(96, '注销成功', 1494397967, 2, 'sina450911', 2, '', 'seller_logout&logout', 1),
(97, '登录成功', 1494397976, 2, 'sina450911', 2, '', 'seller_login&login', 1),
(98, '登录成功', 1494408520, 1, 'admin', 1, '192.168.0.133', 'seller_login&login', 1),
(99, '添加组成功，组编号1', 1494408593, 1, 'admin', 1, '192.168.0.133', 'store_account_group&group_save', 1),
(100, '添加账号成功，账号编号6', 1494408658, 1, 'admin', 1, '192.168.0.133', 'store_account&account_save', 1),
(101, '登录成功', 1494408710, 6, 'swsflqh', 1, '192.168.0.133', 'seller_login&login', 1),
(102, '编辑组成功，组编号1', 1494408761, 1, 'admin', 1, '192.168.0.133', 'store_account_group&group_save', 1),
(103, '注销成功', 1494408775, 6, 'swsflqh', 1, '192.168.0.133', 'seller_logout&logout', 1),
(104, '登录成功', 1494408789, 6, 'swsflqh', 1, '192.168.0.133', 'seller_login&login', 1),
(105, '登录成功', 1494409847, 2, 'sina450911', 2, '', 'seller_login&login', 1),
(106, '登录成功', 1494409903, 2, 'sina450911', 2, '192.168.0.174', 'seller_login&login', 1),
(107, '登录成功', 1494417512, 6, 'swsflqh', 1, '192.168.0.133', 'seller_login&login', 1),
(108, '登录成功', 1494417574, 1, 'admin', 1, '192.168.0.133', 'seller_login&login', 1),
(109, '登录成功', 1494419382, 2, 'sina450911', 2, '192.168.0.174', 'seller_login&login', 1),
(110, '登录成功', 1494468249, 2, 'sina450911', 2, '192.168.0.174', 'seller_login&login', 1),
(111, '登录成功', 1494501635, 2, 'sina450911', 2, '192.168.0.174', 'seller_login&login', 1),
(112, '登录成功', 1494552965, 2, 'sina450911', 2, '192.168.0.174', 'seller_login&login', 1),
(113, '登录成功', 1494639845, 2, 'sina450911', 2, '192.168.0.174', 'seller_login&login', 1),
(114, '登录成功', 1494670379, 2, 'sina450911', 2, '192.168.0.174', 'seller_login&login', 1);

-- --------------------------------------------------------

--
-- 表的结构 `33hao_seo`
--

CREATE TABLE IF NOT EXISTS `33hao_seo` (
  `id` mediumint(8) unsigned NOT NULL AUTO_INCREMENT COMMENT '主键',
  `title` varchar(255) NOT NULL COMMENT '标题',
  `keywords` varchar(255) NOT NULL COMMENT '关键词',
  `description` text NOT NULL COMMENT '描述',
  `type` varchar(20) NOT NULL COMMENT '类型',
  UNIQUE KEY `id` (`id`)
) ENGINE=InnoDB  DEFAULT CHARSET=utf8 COMMENT='SEO信息存放表' AUTO_INCREMENT=15 ;

--
-- 转存表中的数据 `33hao_seo`
--

INSERT INTO `33hao_seo` (`id`, `title`, `keywords`, `description`, `type`) VALUES
(1, '{sitename} - Powered by 33hao', '33hao,PHP商城系统,33hao商城系统,多用户商城系统,电商ERP,电商CRM,电子商务解决方案', '33hao专注于研发符合时代发展需要的电子商务商城系统，以专业化的服务水平为企业级用户提供B(2B)2C【B2B2C】电子商务平台解决方案，全力打造电商平台专项ERP(CRM)系统、ERP(RFID)系统等，引领中国电子商务行业企业级需求的发展方向。咨询电话：400-611-5098', 'index'),
(2, '{sitename} - 抢购', '33hao,{sitename}', '33hao专注于研发符合时代发展需要的电子商务商城系统，以专业化的服务水平为企业级用户提供B(2B)2C【B2B2C】电子商务平台解决方案，全力打造电商平台专项ERP(CRM)系统、ERP(RFID)系统等，引领中国电子商务行业企业级需求的发展方向。咨询电话：400-611-5098', 'group'),
(3, '{sitename} - {name}', '33hao,{name},{sitename}', '33hao,{name},{sitename}', 'group_content'),
(4, '{sitename} - 品牌', '33hao,{sitename}', '33hao,{sitename}', 'brand'),
(5, '{sitename} - {name}', '33hao,{sitename},{name}', '33hao,{sitename},{name}', 'brand_list'),
(7, '{sitename} - {name}', '33hao,{sitename},{name}', '33hao,{sitename},{name}', 'coupon_content'),
(8, '{sitename} - 积分商城', '33hao,{sitename}', '33hao,{sitename}', 'point'),
(9, '{sitename} - {name}', '33hao,{sitename},{key}', '33hao,{sitename},{description}', 'point_content'),
(10, '{sitename} - {article_class}', '33hao,{sitename}', '33hao,{sitename}', 'article'),
(11, '{sitename} - {name}', '33hao,{sitename},{key}', '33hao,{sitename},{description}', 'article_content'),
(12, '{sitename} - {shopname}', '33hao,{sitename},{key}', '33hao,{sitename},{description}', 'shop'),
(13, '{name} - {sitename}', '33hao,{sitename}', '33hao,{sitename}', 'product'),
(14, '看{name}怎么淘到好的宝贝-{sitename}', '33hao,{sitename},{name}', '33hao,{sitename},{name}', 'sns');

-- --------------------------------------------------------

--
-- 表的结构 `33hao_setting`
--

CREATE TABLE IF NOT EXISTS `33hao_setting` (
  `name` varchar(50) NOT NULL COMMENT '名称',
  `value` text COMMENT '值',
  PRIMARY KEY (`name`)
) ENGINE=InnoDB DEFAULT CHARSET=utf8 COMMENT='系统设置表';

--
-- 转存表中的数据 `33hao_setting`
--

INSERT INTO `33hao_setting` (`name`, `value`) VALUES
('app_qq_akey', ''),
('app_qq_isuse', '0'),
('app_qq_skey', ''),
('app_sina_akey', ''),
('app_sina_isuse', '0'),
('app_sina_skey', ''),
('app_weixin_appid', ''),
('app_weixin_isuse', '0'),
('app_weixin_secret', ''),
('captcha_status_goodsqa', '1'),
('captcha_status_login', '1'),
('captcha_status_register', '1'),
('circle_contentleast', '10'),
('circle_createsum', '6'),
('circle_exprelease', '2'),
('circle_expreleasemax', '10'),
('circle_expreplied', '3'),
('circle_exprepliedmax', '1000'),
('circle_expreply', '1'),
('circle_intervaltime', '1'),
('circle_iscreate', '1'),
('circle_istalk', '1'),
('circle_isuse', '1'),
('circle_joinsum', '12'),
('circle_loginpic', 'a:4:{i:1;a:2:{s:3:"pic";s:5:"1.jpg";s:3:"url";s:22:"http://www.33hao.com/";}i:2;a:2:{s:3:"pic";s:5:"2.jpg";s:3:"url";s:22:"http://www.33hao.com/";}i:3;a:2:{s:3:"pic";s:5:"3.jpg";s:3:"url";s:22:"http://www.33hao.com/";}i:4;a:2:{s:3:"pic";s:5:"4.jpg";s:3:"url";s:22:"http://www.33hao.com/";}}'),
('circle_logo', 'logo.png'),
('circle_managesum', '4'),
('circle_name', '33Hao圈子'),
('circle_seodescription', '发现精彩：圈子是买家们自己创建的私属领地，我们排斥广告分子，我们热爱真实分享！'),
('circle_seokeywords', '圈子,帮派,讨论小组,购物,生活,分享,show,秀,商品,电子商务,社区,消费者社区,论坛,资讯,热门话题,朋友'),
('circle_seotitle', '发现精彩 - 33Hao圈子'),
('circle_wordfilter', NULL),
('closed_reason', '升级中……'),
('cms_attitude_flag', '1'),
('cms_comment_flag', '1'),
('cms_isuse', '1'),
('cms_logo', ''),
('cms_seo_description', '33Hao,资讯,画报'),
('cms_seo_keywords', '33Hao,资讯,画报'),
('cms_seo_title', '33Hao资讯频道'),
('cms_submit_flag', '1'),
('cms_submit_verify_flag', '1'),
('complain_time_limit', '2592000'),
('consult_prompt', '因厂家更改商品包装、场地、附配件等不做提前通知，且每位咨询者购买、提问时间等不同。为此，客服给到的回复仅对提问者3天内有效，其他网友仅供参考！给您带来的不变还请谅解，谢谢！'),
('contract_allow', '1'),
('default_goods_image', 'default_goods_image.gif'),
('default_store_avatar', 'default_store_avatar.png'),
('default_store_logo', 'default_store_logo.gif'),
('default_user_portrait', 'default_user_portrait.gif'),
('delivery_isuse', '1'),
('deliver_region', '1,36,37'),
('email_addr', ''),
('email_host', ''),
('email_id', ''),
('email_pass', ''),
('email_port', '25'),
('email_type', '1'),
('enabled_subdomain', '0'),
('exppoints_rule', 'a:4:{s:9:"exp_login";s:1:"5";s:12:"exp_comments";s:2:"10";s:13:"exp_orderrate";s:1:"1";s:12:"exp_ordermax";s:3:"500";}'),
('goods_verify', '0'),
('groupbuy_allow', '1'),
('groupbuy_price', '10'),
('groupbuy_review_day', '0'),
('guest_comment', '1'),
('hao_lc', ''),
('hao_mail', 'web@33hao.com'),
('hao_phone', '400-333-8888'),
('hao_rc', NULL),
('hao_sms_bz', ''),
('hao_sms_key', ''),
('hao_sms_pw', ''),
('hao_sms_signature', ''),
('hao_sms_tgs', ''),
('hao_sms_type', '0'),
('hao_sms_zh', ''),
('hao_time', '08:00-22:30(周一至周日)'),
('hao_top_banner_color', '#b1191a'),
('hao_top_banner_name', '顶部广告管理'),
('hao_top_banner_pic', ''),
('hao_top_banner_status', '0'),
('hao_top_banner_url', 'http://www.33hao.com'),
('hao_webchat_appid', ''),
('hao_webchat_appsecret', ''),
('hot_search', '好商城V5,33hao,手表,内衣,小米,手机'),
('icp_number', ''),
('image_allow_ext', 'gif,jpg,jpeg,bmp,png,swf'),
('image_dir_type', '1'),
('image_max_filesize', '1024'),
('live_color1', '#fff'),
('live_color2', '#fff'),
('live_color3', '#fff'),
('live_color4', '#fff'),
('live_link1', 'http://www.33hao.com'),
('live_link2', 'http://www.33hao.com'),
('live_link3', ''),
('live_link4', ''),
('live_pic1', '04525999367706292.jpg'),
('live_pic2', '04525999367951893.jpg'),
('live_pic3', ''),
('live_pic4', ''),
('login_pic', 'a:4:{i:0;s:5:"1.jpg";i:1;s:5:"2.jpg";i:2;s:5:"3.jpg";i:3;s:5:"4.jpg";}'),
('malbum_max_sum', '200'),
('md5_key', '975278ed202e1d766a2298c303ec2d7f'),
('member_grade', 'a:4:{i:0;a:3:{s:5:"level";i:0;s:10:"level_name";s:2:"V0";s:9:"exppoints";i:0;}i:1;a:3:{s:5:"level";i:1;s:10:"level_name";s:2:"V1";s:9:"exppoints";i:1000;}i:2;a:3:{s:5:"level";i:2;s:10:"level_name";s:2:"V2";s:9:"exppoints";i:10000;}i:3;a:3:{s:5:"level";i:3;s:10:"level_name";s:2:"V3";s:9:"exppoints";i:20000;}}'),
('member_logo', 'user_center.png'),
('microshop_goods_default_class', '0'),
('microshop_header_pic', ''),
('microshop_isuse', '1'),
('microshop_logo', ''),
('microshop_personal_limit', '50'),
('microshop_seo_description', '33Hao商城系统,微商城,随心看,个人秀,店铺街'),
('microshop_seo_keywords', '33Hao商城系统,微商城,随心看,个人秀,店铺街,网上购物'),
('microshop_store_banner', ''),
('microshop_style', 'default'),
('mobile_apk', ''),
('mobile_apk_version', '3.0'),
('mobile_app', 'mb_app.png'),
('mobile_ios', ''),
('mobile_isuse', '1'),
('mobile_wx', ''),
('pointprod_isuse', '1'),
('pointshop_isuse', '1'),
('points_comments', '50'),
('points_invite', '80'),
('points_isuse', '1'),
('points_login', '30'),
('points_ordermax', '800'),
('points_orderrate', '20'),
('points_rebate', '70'),
('points_reg', '20'),
('points_signin', '5'),
('promotion_allow', '1'),
('promotion_book_price', '20'),
('promotion_booth_goods_sum', '10'),
('promotion_booth_price', '20'),
('promotion_bundling_goods_sum', '5'),
('promotion_bundling_price', '20'),
('promotion_bundling_sum', '50'),
('promotion_combo_price', '20'),
('promotion_cou_price', '20'),
('promotion_fcode_price', '20'),
('promotion_mansong_price', '20'),
('promotion_sole_price', '20'),
('promotion_voucher_buyertimes_limit', '5'),
('promotion_voucher_default_styleimg', 'default_voucher.jpg'),
('promotion_voucher_price', '20'),
('promotion_voucher_storetimes_limit', '20'),
('promotion_xianshi_price', '11'),
('qq_appcode', ''),
('qq_appid', ''),
('qq_appkey', ''),
('qq_isuse', '0'),
('rec_search', 'a:1:{i:0;a:2:{s:4:"name";s:15:"瑞士机械表";s:5:"value";s:9:"劳力士";}}'),
('redpacket_allow', '1'),
('seller_center_logo', 'seller_center_logo.png'),
('share_isuse', '1'),
('share_qqweibo_appid', ''),
('share_qqweibo_appkey', ''),
('share_qqweibo_isuse', '0'),
('share_sinaweibo_appcode', ''),
('share_sinaweibo_appid', ''),
('share_sinaweibo_appkey', ''),
('share_sinaweibo_isuse', '0'),
('signin_isuse', '1'),
('sina_appcode', ''),
('sina_isuse', '0'),
('sina_wb_akey', ''),
('sina_wb_skey', ''),
('site_bank_account', '银行:中国银行,币种:人民币,账号:xxxxxxxxxxx,姓名:33hao,开户行:中国银行天津分行'),
('site_email', 'abc@33hao.com'),
('site_logo', 'logo.png'),
('site_name', '好商城V5'),
('site_phone', '23456789,88997788'),
('site_status', '1'),
('sms_login', '0'),
('sms_password', '0'),
('sms_register', '0'),
('statistics_code', 'Copyright 2016 <a href="http://bbs.33hao.com" target="_blank">好商城</a> All rights reserved.<br />本演示来源于<a href="http://33haocom.taobao.com" target="_blank">bbs.33hao.com</a>'),
('stat_orderpricerange', ''),
('store_joinin_pic', 'a:2:{s:8:"show_txt";s:293:"好商城平台为国内最大的B2B2C电商平台，提供各类专业管家服务，协助您开通店铺、运营店铺、组织营销活动及分析运营数据，悉心为您解答各类疑问，引导您按相关规则展开运营；我们将竭尽全力，为您的店铺保驾护航。";s:3:"pic";a:3:{i:1;s:18:"store_joinin_1.jpg";i:2;s:18:"store_joinin_2.jpg";i:3;s:18:"store_joinin_3.jpg";}}'),
('subdomain_edit', '0'),
('subdomain_length', '3-12'),
('subdomain_reserved', 'www'),
('subdomain_times', '3'),
('taobao_api_isuse', '1'),
('taobao_app_key', ''),
('taobao_secret_key', ''),
('time_zone', 'Asia/Shanghai'),
('ucenter_app_id', '1'),
('ucenter_app_key', ''),
('ucenter_connect_type', '0'),
('ucenter_ip', ''),
('ucenter_mysql_name', '33hao'),
('ucenter_mysql_passwd', ''),
('ucenter_mysql_pre', 'pre_ucenter_'),
('ucenter_mysql_server', 'localhost'),
('ucenter_mysql_username', 'root'),
('ucenter_status', '1'),
('ucenter_type', 'discuz'),
('ucenter_url', ''),
('voucher_allow', '1'),
('wap_weixin_appid', ''),
('wap_weixin_isuse', '0'),
('wap_weixin_secret', ''),
('weixin_appid', ''),
('weixin_isuse', '0'),
('weixin_secret', '');

-- --------------------------------------------------------

--
-- 表的结构 `33hao_signed`
--

CREATE TABLE IF NOT EXISTS `33hao_signed` (
  `id` int(10) NOT NULL AUTO_INCREMENT,
  `user_id` int(10) NOT NULL COMMENT '用户ID',
  `seller_id` int(10) NOT NULL COMMENT '店铺ID',
  `pid` int(10) NOT NULL COMMENT '政策ID',
  `lottime` varchar(100) NOT NULL COMMENT '签约时间',
  PRIMARY KEY (`id`)
) ENGINE=MyISAM  DEFAULT CHARSET=utf8 COMMENT='同意店铺政策表' AUTO_INCREMENT=6 ;

--
-- 转存表中的数据 `33hao_signed`
--

INSERT INTO `33hao_signed` (`id`, `user_id`, `seller_id`, `pid`, `lottime`) VALUES
(1, 2, 2, 4, '1493364408'),
(2, 2, 2, 3, '1493364417'),
(3, 2, 2, 2, '1493364426'),
(4, 2, 2, 7, '1494233665'),
(5, 2, 2, 1, '1494502792');

-- --------------------------------------------------------

--
-- 表的结构 `33hao_signin`
--

CREATE TABLE IF NOT EXISTS `33hao_signin` (
  `sl_id` int(11) NOT NULL AUTO_INCREMENT COMMENT '自增ID',
  `sl_memberid` int(11) NOT NULL COMMENT '会员ID',
  `sl_membername` varchar(100) NOT NULL COMMENT '会员名称',
  `sl_addtime` int(11) NOT NULL COMMENT '签到时间',
  `sl_points` int(11) NOT NULL COMMENT '获得积分数',
  PRIMARY KEY (`sl_id`)
) ENGINE=InnoDB DEFAULT CHARSET=utf8 AUTO_INCREMENT=1 ;

-- --------------------------------------------------------

--
-- 表的结构 `33hao_smc`
--

CREATE TABLE IF NOT EXISTS `33hao_smc` (
  `smc_id` int(11) NOT NULL AUTO_INCREMENT,
  `smc_munber` int(10) NOT NULL COMMENT '验证码',
  `smc_mobile` varchar(20) NOT NULL COMMENT '用户手机号',
  `smc_type` int(10) NOT NULL COMMENT '类型',
  `smc_addtime` int(11) NOT NULL COMMENT '创建时间',
  PRIMARY KEY (`smc_id`)
) ENGINE=MyISAM  DEFAULT CHARSET=utf8 COMMENT='短信验证码' AUTO_INCREMENT=6 ;

--
-- 转存表中的数据 `33hao_smc`
--

INSERT INTO `33hao_smc` (`smc_id`, `smc_munber`, `smc_mobile`, `smc_type`, `smc_addtime`) VALUES
(1, 1199, '15177120981', 1, 1494572533),
(2, 1199, '15177120981', 1, 1494572533),
(3, 4040, '13713956265', 1, 1494847106),
(4, 1199, '15177120981', 1, 1494572533),
(5, 1766, '17722600565', 1, 1494839926);

-- --------------------------------------------------------

--
-- 表的结构 `33hao_sms_log`
--

CREATE TABLE IF NOT EXISTS `33hao_sms_log` (
  `log_id` int(10) unsigned NOT NULL AUTO_INCREMENT COMMENT '记录ID',
  `log_phone` char(11) NOT NULL COMMENT '手机号',
  `log_captcha` char(6) NOT NULL COMMENT '短信动态码',
  `log_ip` varchar(15) NOT NULL COMMENT '请求IP',
  `log_msg` varchar(300) NOT NULL COMMENT '短信内容',
  `log_type` tinyint(1) unsigned NOT NULL DEFAULT '1' COMMENT '短信类型:1为注册,2为登录,3为找回密码,默认为1',
  `add_time` int(10) unsigned NOT NULL COMMENT '添加时间',
  `member_id` int(10) unsigned DEFAULT '0' COMMENT '会员ID,注册为0',
  `member_name` varchar(50) DEFAULT '' COMMENT '会员名',
  PRIMARY KEY (`log_id`),
  KEY `log_phone` (`log_phone`)
) ENGINE=InnoDB DEFAULT CHARSET=utf8 COMMENT='手机短信记录表' AUTO_INCREMENT=1 ;

-- --------------------------------------------------------

--
-- 表的结构 `33hao_sns_albumclass`
--

CREATE TABLE IF NOT EXISTS `33hao_sns_albumclass` (
  `ac_id` int(10) unsigned NOT NULL AUTO_INCREMENT COMMENT '相册id',
  `ac_name` varchar(100) NOT NULL COMMENT '相册名称',
  `member_id` int(10) unsigned NOT NULL COMMENT '所属会员id',
  `ac_des` varchar(255) DEFAULT '' COMMENT '相册描述',
  `ac_sort` tinyint(3) unsigned NOT NULL COMMENT '排序',
  `ac_cover` varchar(255) DEFAULT NULL COMMENT '相册封面',
  `upload_time` int(10) unsigned NOT NULL COMMENT '图片上传时间',
  `is_default` tinyint(1) unsigned NOT NULL DEFAULT '0' COMMENT '是否为买家秀相册  1为是,0为否',
  PRIMARY KEY (`ac_id`)
) ENGINE=InnoDB  DEFAULT CHARSET=utf8 COMMENT='相册表' AUTO_INCREMENT=13 ;

--
-- 转存表中的数据 `33hao_sns_albumclass`
--

INSERT INTO `33hao_sns_albumclass` (`ac_id`, `ac_name`, `member_id`, `ac_des`, `ac_sort`, `ac_cover`, `upload_time`, `is_default`) VALUES
(1, '买家秀', 2, '买家秀默认相册', 1, NULL, 1491881676, 1),
(2, '买家秀', 3, '买家秀默认相册', 1, NULL, 1492048681, 1),
(3, '买家秀', 4, '买家秀默认相册', 1, NULL, 1492757236, 1),
(4, '买家秀', 5, '买家秀默认相册', 1, NULL, 1493692089, 1),
(5, '买家秀', 6, '买家秀默认相册', 1, NULL, 1493696790, 1),
(6, '买家秀', 7, '买家秀默认相册', 1, NULL, 1493704859, 1),
(7, '买家秀', 8, '买家秀默认相册', 1, NULL, 1493710544, 1),
(8, '买家秀', 9, '买家秀默认相册', 1, NULL, 1493711313, 1),
(9, '买家秀', 10, '买家秀默认相册', 1, NULL, 1493711535, 1),
(10, '买家秀', 11, '买家秀默认相册', 1, NULL, 1494404516, 1),
(11, '买家秀', 12, '买家秀默认相册', 1, NULL, 1494405905, 1),
(12, '买家秀', 13, '买家秀默认相册', 1, NULL, 1494406012, 1);

-- --------------------------------------------------------

--
-- 表的结构 `33hao_sns_albumpic`
--

CREATE TABLE IF NOT EXISTS `33hao_sns_albumpic` (
  `ap_id` int(10) unsigned NOT NULL AUTO_INCREMENT COMMENT '相册图片表id',
  `ap_name` varchar(100) NOT NULL COMMENT '图片名称',
  `ac_id` int(10) unsigned NOT NULL COMMENT '相册id',
  `ap_cover` varchar(255) NOT NULL COMMENT '图片路径',
  `ap_size` int(10) unsigned NOT NULL COMMENT '图片大小',
  `ap_spec` varchar(100) NOT NULL COMMENT '图片规格',
  `member_id` int(10) unsigned NOT NULL COMMENT '所属店铺id',
  `upload_time` int(10) unsigned NOT NULL COMMENT '图片上传时间',
  `ap_type` tinyint(4) NOT NULL DEFAULT '0' COMMENT '图片类型，0为无、1为买家秀',
  `item_id` tinyint(4) NOT NULL DEFAULT '0' COMMENT '信息ID',
  PRIMARY KEY (`ap_id`)
) ENGINE=InnoDB DEFAULT CHARSET=utf8 COMMENT='相册图片表' AUTO_INCREMENT=1 ;

-- --------------------------------------------------------

--
-- 表的结构 `33hao_sns_binding`
--

CREATE TABLE IF NOT EXISTS `33hao_sns_binding` (
  `snsbind_id` int(11) NOT NULL AUTO_INCREMENT COMMENT '自增ID',
  `snsbind_memberid` int(11) NOT NULL COMMENT '会员编号',
  `snsbind_membername` varchar(100) NOT NULL COMMENT '会员名称',
  `snsbind_appsign` varchar(50) NOT NULL COMMENT '应用标志',
  `snsbind_updatetime` int(11) NOT NULL COMMENT '绑定更新时间',
  `snsbind_openid` varchar(100) NOT NULL COMMENT '应用用户编号',
  `snsbind_openinfo` text COMMENT '应用用户信息',
  `snsbind_accesstoken` varchar(100) NOT NULL COMMENT '访问第三方资源的凭证',
  `snsbind_expiresin` int(11) NOT NULL COMMENT 'accesstoken过期时间，以返回的时间的准，单位为秒，注意过期时提醒用户重新授权',
  `snsbind_refreshtoken` varchar(100) DEFAULT NULL COMMENT '刷新token',
  PRIMARY KEY (`snsbind_id`)
) ENGINE=InnoDB DEFAULT CHARSET=utf8 COMMENT='分享应用用户绑定记录表' AUTO_INCREMENT=1 ;

-- --------------------------------------------------------

--
-- 表的结构 `33hao_sns_comment`
--

CREATE TABLE IF NOT EXISTS `33hao_sns_comment` (
  `comment_id` int(11) NOT NULL AUTO_INCREMENT COMMENT '自增ID',
  `comment_memberid` int(11) NOT NULL COMMENT '会员ID',
  `comment_membername` varchar(100) NOT NULL COMMENT '会员名称',
  `comment_memberavatar` varchar(100) DEFAULT NULL COMMENT '会员头像',
  `comment_originalid` int(11) NOT NULL COMMENT '原帖ID',
  `comment_originaltype` tinyint(1) NOT NULL DEFAULT '0' COMMENT '原帖类型 0表示动态信息 1表示分享商品 默认为0',
  `comment_content` varchar(500) NOT NULL COMMENT '评论内容',
  `comment_addtime` int(11) NOT NULL COMMENT '添加时间',
  `comment_ip` varchar(50) NOT NULL COMMENT '来源IP',
  `comment_state` tinyint(1) NOT NULL DEFAULT '0' COMMENT '状态 0正常 1屏蔽',
  PRIMARY KEY (`comment_id`)
) ENGINE=InnoDB DEFAULT CHARSET=utf8 COMMENT='评论表' AUTO_INCREMENT=1 ;

-- --------------------------------------------------------

--
-- 表的结构 `33hao_sns_friend`
--

CREATE TABLE IF NOT EXISTS `33hao_sns_friend` (
  `friend_id` int(11) NOT NULL AUTO_INCREMENT COMMENT 'id值',
  `friend_frommid` int(11) NOT NULL COMMENT '会员id',
  `friend_frommname` varchar(100) DEFAULT NULL COMMENT '会员名称',
  `friend_frommavatar` varchar(100) DEFAULT NULL COMMENT '会员头像',
  `friend_tomid` int(11) NOT NULL COMMENT '朋友id',
  `friend_tomname` varchar(100) NOT NULL COMMENT '好友会员名称',
  `friend_tomavatar` varchar(100) DEFAULT NULL COMMENT '朋友头像',
  `friend_addtime` int(11) NOT NULL COMMENT '添加时间',
  `friend_followstate` tinyint(1) NOT NULL DEFAULT '1' COMMENT '关注状态 1为单方关注 2为双方关注',
  PRIMARY KEY (`friend_id`)
) ENGINE=InnoDB DEFAULT CHARSET=utf8 COMMENT='好友数据表' AUTO_INCREMENT=1 ;

-- --------------------------------------------------------

--
-- 表的结构 `33hao_sns_goods`
--

CREATE TABLE IF NOT EXISTS `33hao_sns_goods` (
  `snsgoods_goodsid` int(11) NOT NULL COMMENT '商品ID',
  `snsgoods_goodsname` varchar(100) NOT NULL COMMENT '商品名称',
  `snsgoods_goodsimage` varchar(100) DEFAULT NULL COMMENT '商品图片',
  `snsgoods_goodsprice` decimal(10,2) NOT NULL DEFAULT '0.00' COMMENT '商品价格',
  `snsgoods_storeid` int(11) NOT NULL COMMENT '店铺ID',
  `snsgoods_storename` varchar(100) NOT NULL COMMENT '店铺名称',
  `snsgoods_addtime` int(11) NOT NULL COMMENT '添加时间',
  `snsgoods_likenum` int(11) NOT NULL DEFAULT '0' COMMENT '喜欢数',
  `snsgoods_likemember` text COMMENT '喜欢过的会员ID，用逗号分隔',
  `snsgoods_sharenum` int(11) NOT NULL DEFAULT '0' COMMENT '分享数',
  UNIQUE KEY `snsgoods_goodsid` (`snsgoods_goodsid`)
) ENGINE=InnoDB DEFAULT CHARSET=utf8 COMMENT='SNS商品表';

-- --------------------------------------------------------

--
-- 表的结构 `33hao_sns_membertag`
--

CREATE TABLE IF NOT EXISTS `33hao_sns_membertag` (
  `mtag_id` int(10) NOT NULL AUTO_INCREMENT COMMENT '会员标签id',
  `mtag_name` varchar(20) NOT NULL COMMENT '会员标签名称',
  `mtag_sort` tinyint(4) NOT NULL DEFAULT '0' COMMENT '会员标签排序',
  `mtag_recommend` tinyint(4) NOT NULL DEFAULT '0' COMMENT '标签推荐 0未推荐（默认），1为已推荐',
  `mtag_desc` varchar(50) DEFAULT '' COMMENT '标签描述',
  `mtag_img` varchar(50) DEFAULT NULL COMMENT '标签图片',
  PRIMARY KEY (`mtag_id`)
) ENGINE=InnoDB DEFAULT CHARSET=utf8 COMMENT='会员标签表' AUTO_INCREMENT=1 ;

-- --------------------------------------------------------

--
-- 表的结构 `33hao_sns_mtagmember`
--

CREATE TABLE IF NOT EXISTS `33hao_sns_mtagmember` (
  `mtag_id` int(11) NOT NULL COMMENT '会员标签表id',
  `member_id` int(11) NOT NULL COMMENT '会员id',
  `recommend` tinyint(4) NOT NULL DEFAULT '0' COMMENT '推荐，默认为0',
  PRIMARY KEY (`mtag_id`,`member_id`)
) ENGINE=InnoDB DEFAULT CHARSET=utf8 COMMENT='会员标签会员对照表';

-- --------------------------------------------------------

--
-- 表的结构 `33hao_sns_setting`
--

CREATE TABLE IF NOT EXISTS `33hao_sns_setting` (
  `member_id` int(11) NOT NULL COMMENT '会员id',
  `setting_skin` varchar(50) DEFAULT NULL COMMENT '皮肤',
  PRIMARY KEY (`member_id`)
) ENGINE=InnoDB DEFAULT CHARSET=utf8 COMMENT='个人中心设置表';

-- --------------------------------------------------------

--
-- 表的结构 `33hao_sns_sharegoods`
--

CREATE TABLE IF NOT EXISTS `33hao_sns_sharegoods` (
  `share_id` int(11) NOT NULL AUTO_INCREMENT COMMENT '自增ID',
  `share_goodsid` int(11) NOT NULL COMMENT '商品ID',
  `share_memberid` int(11) NOT NULL COMMENT '所属会员ID',
  `share_membername` varchar(100) NOT NULL COMMENT '会员名称',
  `share_content` varchar(500) DEFAULT NULL COMMENT '描述内容',
  `share_addtime` int(11) NOT NULL DEFAULT '0' COMMENT '分享操作时间',
  `share_likeaddtime` int(11) NOT NULL DEFAULT '0' COMMENT '喜欢操作时间',
  `share_privacy` tinyint(1) NOT NULL DEFAULT '0' COMMENT '隐私可见度 0所有人可见 1好友可见 2仅自己可见',
  `share_commentcount` int(11) NOT NULL DEFAULT '0' COMMENT '评论数',
  `share_isshare` tinyint(1) NOT NULL DEFAULT '0' COMMENT '是否分享 0为未分享 1为分享',
  `share_islike` tinyint(1) NOT NULL DEFAULT '0' COMMENT '是否喜欢 0为未喜欢 1为喜欢',
  PRIMARY KEY (`share_id`)
) ENGINE=InnoDB DEFAULT CHARSET=utf8 COMMENT='共享商品表' AUTO_INCREMENT=1 ;

-- --------------------------------------------------------

--
-- 表的结构 `33hao_sns_sharestore`
--

CREATE TABLE IF NOT EXISTS `33hao_sns_sharestore` (
  `share_id` int(11) NOT NULL AUTO_INCREMENT COMMENT '自增ID',
  `share_storeid` int(11) NOT NULL COMMENT '店铺编号',
  `share_storename` varchar(100) NOT NULL COMMENT '店铺名称',
  `share_memberid` int(11) NOT NULL COMMENT '所属会员ID',
  `share_membername` varchar(100) NOT NULL COMMENT '所属会员名称',
  `share_content` varchar(500) DEFAULT NULL COMMENT '描述内容',
  `share_addtime` int(11) NOT NULL COMMENT '添加时间',
  `share_privacy` tinyint(1) NOT NULL DEFAULT '0' COMMENT '隐私可见度 0所有人可见 1好友可见 2仅自己可见',
  PRIMARY KEY (`share_id`)
) ENGINE=InnoDB DEFAULT CHARSET=utf8 COMMENT='共享店铺表' AUTO_INCREMENT=1 ;

-- --------------------------------------------------------

--
-- 表的结构 `33hao_sns_tracelog`
--

CREATE TABLE IF NOT EXISTS `33hao_sns_tracelog` (
  `trace_id` int(11) NOT NULL AUTO_INCREMENT COMMENT '自增ID',
  `trace_originalid` int(11) NOT NULL DEFAULT '0' COMMENT '原动态ID 默认为0',
  `trace_originalmemberid` int(11) NOT NULL DEFAULT '0' COMMENT '原帖会员编号',
  `trace_originalstate` tinyint(1) NOT NULL DEFAULT '0' COMMENT '原帖的删除状态 0为正常 1为删除',
  `trace_memberid` int(11) NOT NULL COMMENT '会员ID',
  `trace_membername` varchar(100) NOT NULL COMMENT '会员名称',
  `trace_memberavatar` varchar(100) DEFAULT NULL COMMENT '会员头像',
  `trace_title` varchar(500) DEFAULT NULL COMMENT '动态标题',
  `trace_content` text NOT NULL COMMENT '动态内容',
  `trace_addtime` int(11) NOT NULL COMMENT '添加时间',
  `trace_state` tinyint(1) NOT NULL DEFAULT '0' COMMENT '状态  0正常 1为禁止显示 默认为0',
  `trace_privacy` tinyint(1) NOT NULL DEFAULT '0' COMMENT '隐私可见度 0所有人可见 1好友可见 2仅自己可见',
  `trace_commentcount` int(11) NOT NULL DEFAULT '0' COMMENT '评论数',
  `trace_copycount` int(11) NOT NULL DEFAULT '0' COMMENT '转发数',
  `trace_orgcommentcount` int(11) NOT NULL DEFAULT '0' COMMENT '原帖评论次数',
  `trace_orgcopycount` int(11) NOT NULL DEFAULT '0' COMMENT '原帖转帖次数',
  `trace_from` tinyint(4) DEFAULT '1' COMMENT '来源 1=shop 2=storetracelog 3=microshop 4=cms 5=circle',
  PRIMARY KEY (`trace_id`)
) ENGINE=InnoDB DEFAULT CHARSET=utf8 COMMENT='动态信息表' AUTO_INCREMENT=1 ;

-- --------------------------------------------------------

--
-- 表的结构 `33hao_sns_visitor`
--

CREATE TABLE IF NOT EXISTS `33hao_sns_visitor` (
  `v_id` int(11) NOT NULL AUTO_INCREMENT COMMENT '自增ID',
  `v_mid` int(11) NOT NULL COMMENT '访客会员ID',
  `v_mname` varchar(100) NOT NULL COMMENT '访客会员名称',
  `v_mavatar` varchar(100) DEFAULT NULL COMMENT '访客会员头像',
  `v_ownermid` int(11) NOT NULL COMMENT '主人会员ID',
  `v_ownermname` varchar(100) NOT NULL COMMENT '主人会员名称',
  `v_ownermavatar` varchar(100) DEFAULT NULL COMMENT '主人会员头像',
  `v_addtime` int(11) NOT NULL COMMENT '访问时间',
  PRIMARY KEY (`v_id`)
) ENGINE=InnoDB DEFAULT CHARSET=utf8 COMMENT='sns访客表' AUTO_INCREMENT=1 ;

-- --------------------------------------------------------

--
-- 表的结构 `33hao_spec`
--

CREATE TABLE IF NOT EXISTS `33hao_spec` (
  `sp_id` int(10) unsigned NOT NULL AUTO_INCREMENT COMMENT '规格id',
  `sp_name` varchar(100) NOT NULL COMMENT '规格名称',
  `sp_sort` tinyint(1) unsigned NOT NULL COMMENT '排序',
  `class_id` int(10) unsigned DEFAULT '0' COMMENT '所属分类id',
  `class_name` varchar(100) DEFAULT NULL COMMENT '所属分类名称',
  PRIMARY KEY (`sp_id`)
) ENGINE=InnoDB  DEFAULT CHARSET=utf8 COMMENT='商品规格表' AUTO_INCREMENT=2 ;

--
-- 转存表中的数据 `33hao_spec`
--

INSERT INTO `33hao_spec` (`sp_id`, `sp_name`, `sp_sort`, `class_id`, `class_name`) VALUES
(1, '颜色', 0, 0, '');

-- --------------------------------------------------------

--
-- 表的结构 `33hao_spec_value`
--

CREATE TABLE IF NOT EXISTS `33hao_spec_value` (
  `sp_value_id` int(10) unsigned NOT NULL AUTO_INCREMENT COMMENT '规格值id',
  `sp_value_name` varchar(100) NOT NULL COMMENT '规格值名称',
  `sp_id` int(10) unsigned NOT NULL COMMENT '所属规格id',
  `gc_id` int(10) unsigned NOT NULL COMMENT '分类id',
  `store_id` int(10) unsigned NOT NULL COMMENT '店铺id',
  `sp_value_color` varchar(10) DEFAULT NULL COMMENT '规格颜色',
  `sp_value_sort` tinyint(1) unsigned NOT NULL COMMENT '排序',
  PRIMARY KEY (`sp_value_id`),
  KEY `store_id` (`store_id`)
) ENGINE=InnoDB DEFAULT CHARSET=utf8 COMMENT='商品规格值表' AUTO_INCREMENT=1 ;

-- --------------------------------------------------------

--
-- 表的结构 `33hao_stat_member`
--

CREATE TABLE IF NOT EXISTS `33hao_stat_member` (
  `statm_id` int(11) NOT NULL AUTO_INCREMENT COMMENT '自增ID',
  `statm_memberid` int(11) NOT NULL COMMENT '会员ID',
  `statm_membername` varchar(100) NOT NULL COMMENT '会员名称',
  `statm_time` int(11) NOT NULL COMMENT '统计时间，当前按照最小时间单位为天',
  `statm_ordernum` int(11) NOT NULL DEFAULT '0' COMMENT '下单量',
  `statm_orderamount` decimal(10,2) NOT NULL DEFAULT '0.00' COMMENT '下单金额',
  `statm_goodsnum` int(11) NOT NULL DEFAULT '0' COMMENT '下单商品件数',
  `statm_predincrease` decimal(10,2) NOT NULL DEFAULT '0.00' COMMENT '预存款增加额',
  `statm_predreduce` decimal(10,2) NOT NULL DEFAULT '0.00' COMMENT '预存款减少额',
  `statm_pointsincrease` int(11) NOT NULL DEFAULT '0' COMMENT '积分增加额',
  `statm_pointsreduce` int(11) NOT NULL DEFAULT '0' COMMENT '积分减少额',
  `statm_updatetime` int(11) NOT NULL COMMENT '记录更新时间',
  PRIMARY KEY (`statm_id`)
) ENGINE=InnoDB DEFAULT CHARSET=utf8 COMMENT='会员相关数据统计' AUTO_INCREMENT=1 ;

-- --------------------------------------------------------

--
-- 表的结构 `33hao_stat_order`
--

CREATE TABLE IF NOT EXISTS `33hao_stat_order` (
  `order_id` int(11) NOT NULL COMMENT '订单id',
  `order_sn` bigint(20) unsigned NOT NULL COMMENT '订单编号',
  `order_add_time` int(10) unsigned NOT NULL DEFAULT '0' COMMENT '订单生成时间',
  `payment_code` char(10) DEFAULT '' COMMENT '支付方式',
  `order_amount` decimal(10,2) unsigned NOT NULL DEFAULT '0.00' COMMENT '订单总价格',
  `shipping_fee` decimal(10,2) unsigned DEFAULT '0.00' COMMENT '运费',
  `evaluation_state` enum('0','1') DEFAULT '0' COMMENT '评价状态 0未评价，1已评价',
  `order_state` enum('0','10','20','30','40') NOT NULL DEFAULT '10' COMMENT '订单状态：0(已取消)10(默认):未付款;20:已付款;30:已发货;40:已收货;',
  `refund_state` tinyint(1) unsigned DEFAULT '0' COMMENT '退款状态:0是无退款,1是部分退款,2是全部退款',
  `refund_amount` decimal(10,2) DEFAULT '0.00' COMMENT '退款金额',
  `order_from` enum('1','2') NOT NULL DEFAULT '1' COMMENT '1WEB2mobile',
  `order_isvalid` tinyint(1) NOT NULL DEFAULT '0' COMMENT '是否为计入统计的有效订单，0为无效 1为有效',
  `reciver_province_id` mediumint(8) unsigned NOT NULL DEFAULT '0' COMMENT '收货人省级ID',
  `store_id` int(10) unsigned NOT NULL DEFAULT '0' COMMENT '店铺ID',
  `store_name` varchar(50) NOT NULL COMMENT '卖家店铺名称',
  `grade_id` int(11) DEFAULT '0' COMMENT '店铺等级',
  `sc_id` int(11) DEFAULT '0' COMMENT '店铺分类',
  `buyer_id` int(10) unsigned NOT NULL DEFAULT '0' COMMENT '买家ID',
  `buyer_name` varchar(50) NOT NULL COMMENT '买家姓名',
  UNIQUE KEY `order_id` (`order_id`),
  KEY `order_add_time` (`order_add_time`),
  KEY `order_isvalid` (`order_isvalid`)
) ENGINE=InnoDB DEFAULT CHARSET=utf8 COMMENT='统计功能订单缓存表';

-- --------------------------------------------------------

--
-- 表的结构 `33hao_stat_ordergoods`
--

CREATE TABLE IF NOT EXISTS `33hao_stat_ordergoods` (
  `rec_id` int(11) NOT NULL COMMENT '订单商品表索引id',
  `stat_updatetime` int(10) unsigned NOT NULL DEFAULT '0' COMMENT '缓存生成时间',
  `order_id` int(11) NOT NULL COMMENT '订单id',
  `order_sn` bigint(20) unsigned NOT NULL COMMENT '订单编号',
  `order_add_time` int(10) unsigned NOT NULL DEFAULT '0' COMMENT '订单生成时间',
  `payment_code` char(10) DEFAULT '' COMMENT '支付方式',
  `order_amount` decimal(10,2) unsigned NOT NULL DEFAULT '0.00' COMMENT '订单总价格',
  `shipping_fee` decimal(10,2) unsigned DEFAULT '0.00' COMMENT '运费',
  `evaluation_state` enum('0','1') DEFAULT '0' COMMENT '评价状态 0未评价，1已评价',
  `order_state` enum('0','10','20','30','40') NOT NULL DEFAULT '10' COMMENT '订单状态：0(已取消)10(默认):未付款;20:已付款;30:已发货;40:已收货;',
  `refund_state` tinyint(1) unsigned DEFAULT '0' COMMENT '退款状态:0是无退款,1是部分退款,2是全部退款',
  `refund_amount` decimal(10,2) DEFAULT '0.00' COMMENT '退款金额',
  `order_from` enum('1','2') NOT NULL DEFAULT '1' COMMENT '1WEB2mobile',
  `order_isvalid` tinyint(1) NOT NULL DEFAULT '0' COMMENT '是否为计入统计的有效订单，0为无效 1为有效',
  `reciver_province_id` mediumint(8) unsigned NOT NULL DEFAULT '0' COMMENT '收货人省级ID',
  `store_id` int(10) unsigned NOT NULL DEFAULT '0' COMMENT '店铺ID',
  `store_name` varchar(50) NOT NULL COMMENT '卖家店铺名称',
  `grade_id` int(11) DEFAULT '0' COMMENT '店铺等级',
  `sc_id` int(11) DEFAULT '0' COMMENT '店铺分类',
  `buyer_id` int(10) unsigned NOT NULL DEFAULT '0' COMMENT '买家ID',
  `buyer_name` varchar(50) NOT NULL COMMENT '买家姓名',
  `goods_id` int(11) NOT NULL COMMENT '商品id',
  `goods_name` varchar(50) NOT NULL COMMENT '商品名称(+规格)',
  `goods_commonid` int(10) unsigned NOT NULL COMMENT '商品公共表id',
  `goods_commonname` varchar(50) DEFAULT '' COMMENT '商品公共表中商品名称',
  `gc_id` mediumint(8) unsigned NOT NULL DEFAULT '0' COMMENT '商品最底级分类ID',
  `gc_parentid_1` int(11) DEFAULT '0' COMMENT '一级父类ID',
  `gc_parentid_2` int(11) DEFAULT '0' COMMENT '二级父类ID',
  `gc_parentid_3` int(11) DEFAULT '0' COMMENT '三级父类ID',
  `brand_id` int(10) unsigned DEFAULT '0' COMMENT '品牌id',
  `brand_name` varchar(100) DEFAULT '' COMMENT '品牌名称',
  `goods_serial` varchar(50) DEFAULT '' COMMENT '商家编号',
  `goods_price` decimal(10,2) NOT NULL COMMENT '商品价格',
  `goods_num` smallint(5) unsigned NOT NULL DEFAULT '1' COMMENT '商品数量',
  `goods_image` varchar(100) DEFAULT NULL COMMENT '商品图片',
  `goods_pay_price` decimal(10,2) unsigned NOT NULL COMMENT '商品实际成交价',
  `goods_type` enum('1','2','3','4','5') NOT NULL DEFAULT '1' COMMENT '1默认2抢购商品3限时折扣商品4优惠套装5赠品',
  `promotions_id` mediumint(8) unsigned NOT NULL DEFAULT '0' COMMENT '促销活动ID（抢购ID/限时折扣ID/优惠套装ID）与goods_type搭配使用',
  `commis_rate` smallint(5) unsigned NOT NULL DEFAULT '0' COMMENT '佣金比例',
  UNIQUE KEY `rec_id` (`rec_id`),
  KEY `order_id` (`order_id`),
  KEY `order_add_time` (`order_add_time`)
) ENGINE=InnoDB DEFAULT CHARSET=utf8 COMMENT='统计功能订单商品缓存表';

-- --------------------------------------------------------

--
-- 表的结构 `33hao_store`
--

CREATE TABLE IF NOT EXISTS `33hao_store` (
  `store_id` int(11) NOT NULL AUTO_INCREMENT COMMENT '店铺索引id',
  `store_name` varchar(50) NOT NULL COMMENT '店铺名称',
  `grade_id` int(11) NOT NULL COMMENT '店铺等级',
  `member_id` int(11) NOT NULL COMMENT '会员id',
  `member_name` varchar(50) NOT NULL COMMENT '会员名称',
  `seller_name` varchar(50) DEFAULT NULL COMMENT '店主卖家用户名',
  `sc_id` int(11) NOT NULL DEFAULT '0' COMMENT '店铺分类',
  `store_company_name` varchar(50) DEFAULT NULL COMMENT '店铺公司名称',
  `province_id` mediumint(8) unsigned NOT NULL DEFAULT '0' COMMENT '店铺所在省份ID',
  `area_info` varchar(100) NOT NULL DEFAULT '' COMMENT '地区内容，冗余数据',
  `store_address` varchar(100) NOT NULL DEFAULT '' COMMENT '详细地区',
  `store_zip` varchar(10) NOT NULL DEFAULT '' COMMENT '邮政编码',
  `store_state` tinyint(1) NOT NULL DEFAULT '2' COMMENT '店铺状态，0关闭，1开启，2审核中',
  `store_close_info` varchar(255) DEFAULT NULL COMMENT '店铺关闭原因',
  `store_sort` int(11) NOT NULL DEFAULT '0' COMMENT '店铺排序',
  `store_time` varchar(10) NOT NULL COMMENT '店铺时间',
  `store_end_time` varchar(10) DEFAULT NULL COMMENT '店铺关闭时间',
  `store_label` varchar(255) DEFAULT NULL COMMENT '店铺logo',
  `store_banner` varchar(255) DEFAULT NULL COMMENT '店铺横幅',
  `store_avatar` varchar(150) DEFAULT NULL COMMENT '店铺头像',
  `store_keywords` varchar(255) NOT NULL DEFAULT '' COMMENT '店铺seo关键字',
  `store_description` varchar(255) NOT NULL DEFAULT '' COMMENT '店铺seo描述',
  `store_qq` varchar(50) DEFAULT NULL COMMENT 'QQ',
  `store_ww` varchar(50) DEFAULT NULL COMMENT '阿里旺旺',
  `store_phone` varchar(20) DEFAULT NULL COMMENT '商家电话',
  `store_zy` text COMMENT '主营商品',
  `store_domain` varchar(50) DEFAULT NULL COMMENT '店铺二级域名',
  `store_domain_times` tinyint(1) unsigned DEFAULT '0' COMMENT '二级域名修改次数',
  `store_recommend` tinyint(1) NOT NULL DEFAULT '0' COMMENT '推荐，0为否，1为是，默认为0',
  `store_theme` varchar(50) NOT NULL DEFAULT 'default' COMMENT '店铺当前主题',
  `store_credit` int(10) NOT NULL DEFAULT '0' COMMENT '店铺信用',
  `store_desccredit` float NOT NULL DEFAULT '0' COMMENT '描述相符度分数',
  `store_servicecredit` float NOT NULL DEFAULT '0' COMMENT '服务态度分数',
  `store_deliverycredit` float NOT NULL DEFAULT '0' COMMENT '发货速度分数',
  `store_collect` int(10) unsigned NOT NULL DEFAULT '0' COMMENT '店铺收藏数量',
  `store_slide` text COMMENT '店铺幻灯片',
  `store_slide_url` text COMMENT '店铺幻灯片链接',
  `store_stamp` varchar(200) DEFAULT NULL COMMENT '店铺印章',
  `store_printdesc` varchar(500) DEFAULT NULL COMMENT '打印订单页面下方说明文字',
  `store_sales` int(10) unsigned NOT NULL DEFAULT '0' COMMENT '店铺销量',
  `store_presales` text COMMENT '售前客服',
  `store_aftersales` text COMMENT '售后客服',
  `store_workingtime` varchar(100) DEFAULT NULL COMMENT '工作时间',
  `store_free_price` decimal(10,2) unsigned NOT NULL DEFAULT '0.00' COMMENT '超出该金额免运费，大于0才表示该值有效',
  `store_decoration_switch` int(10) unsigned NOT NULL DEFAULT '0' COMMENT '店铺装修开关(0-关闭 装修编号-开启)',
  `store_decoration_only` tinyint(1) unsigned NOT NULL DEFAULT '0' COMMENT '开启店铺装修时，仅显示店铺装修(1-是 0-否',
  `store_decoration_image_count` int(10) unsigned NOT NULL DEFAULT '0' COMMENT '店铺装修相册图片数量',
  `is_own_shop` tinyint(3) unsigned NOT NULL DEFAULT '0' COMMENT '是否自营店铺 1是 0否',
  `bind_all_gc` tinyint(3) unsigned NOT NULL DEFAULT '0' COMMENT '自营店是否绑定全部分类 0否1是',
  `store_vrcode_prefix` char(3) DEFAULT NULL COMMENT '商家兑换码前缀',
  `mb_title_img` varchar(150) DEFAULT NULL COMMENT '手机店铺 页头背景图',
  `mb_sliders` text COMMENT '手机店铺 轮播图链接地址',
  `left_bar_type` tinyint(3) unsigned NOT NULL DEFAULT '1' COMMENT '店铺商品页面左侧显示类型 1默认 2商城相关分类品牌商品推荐',
  `deliver_region` varchar(50) DEFAULT NULL COMMENT '店铺默认配送区域',
  `is_distribution` int(10) DEFAULT '0' COMMENT '是否分销店铺(0-否，1-是）',
  `store_client_gather` varchar(255) DEFAULT NULL COMMENT '购买者大合集',
  `back_company` int(10) NOT NULL COMMENT '所属子公司',
  `water_fee` decimal(10,2) unsigned NOT NULL DEFAULT '0.00' COMMENT '水币',
  PRIMARY KEY (`store_id`),
  KEY `store_name` (`store_name`),
  KEY `sc_id` (`sc_id`),
  KEY `store_state` (`store_state`)
) ENGINE=InnoDB  DEFAULT CHARSET=utf8 COMMENT='店铺数据表' AUTO_INCREMENT=6 ;

--
-- 转存表中的数据 `33hao_store`
--

INSERT INTO `33hao_store` (`store_id`, `store_name`, `grade_id`, `member_id`, `member_name`, `seller_name`, `sc_id`, `store_company_name`, `province_id`, `area_info`, `store_address`, `store_zip`, `store_state`, `store_close_info`, `store_sort`, `store_time`, `store_end_time`, `store_label`, `store_banner`, `store_avatar`, `store_keywords`, `store_description`, `store_qq`, `store_ww`, `store_phone`, `store_zy`, `store_domain`, `store_domain_times`, `store_recommend`, `store_theme`, `store_credit`, `store_desccredit`, `store_servicecredit`, `store_deliverycredit`, `store_collect`, `store_slide`, `store_slide_url`, `store_stamp`, `store_printdesc`, `store_sales`, `store_presales`, `store_aftersales`, `store_workingtime`, `store_free_price`, `store_decoration_switch`, `store_decoration_only`, `store_decoration_image_count`, `is_own_shop`, `bind_all_gc`, `store_vrcode_prefix`, `mb_title_img`, `mb_sliders`, `left_bar_type`, `deliver_region`, `is_distribution`, `store_client_gather`, `back_company`, `water_fee`) VALUES
(1, '好商城V5', 0, 1, 'admin', 'admin', 0, NULL, 0, '', '', '', 1, NULL, 0, '1470415031', NULL, NULL, NULL, NULL, '', '', NULL, NULL, NULL, NULL, NULL, 0, 0, 'default', 0, 0, 0, 0, 0, NULL, NULL, NULL, NULL, 0, NULL, NULL, NULL, '0.00', 0, 0, 0, 1, 1, NULL, NULL, NULL, 1, NULL, 0, '', 0, '0.00'),
(2, '测试水厂店铺', 2, 3, 'sina4509', 'sina450911', 10, '测试水厂', 19, '广东 深圳市 罗湖区', '梨园路', '', 1, NULL, 0, '1492049279', '1555257599', NULL, NULL, NULL, '', '', NULL, NULL, NULL, '', NULL, 0, 0, 'default', 0, 0, 0, 0, 0, NULL, NULL, NULL, NULL, 0, 'a:1:{i:0;a:3:{s:4:"name";s:7:"售前1";s:4:"type";i:1;s:3:"num";s:6:"519651";}}', 'N;', '', '0.00', 0, 0, 0, 0, 0, NULL, NULL, NULL, 1, NULL, 0, '1,2,4', 2, '3.85'),
(3, '测试水厂1号', 0, 6, 'shuichang1', 'shuichang1', 0, NULL, 0, '', '', '', 1, NULL, 0, '1493696790', NULL, NULL, NULL, NULL, '', '', NULL, NULL, NULL, NULL, NULL, 0, 0, 'default', 0, 0, 0, 0, 0, NULL, NULL, NULL, NULL, 0, NULL, NULL, NULL, '0.00', 0, 0, 0, 1, 1, NULL, NULL, NULL, 1, NULL, 0, '9', 2, '309.33'),
(4, '深圳水厂2号', 0, 7, 'shuichang2', 'shuichang2', 0, NULL, 0, '', '', '', 1, NULL, 0, '1493704860', NULL, NULL, NULL, NULL, '', '', NULL, NULL, NULL, NULL, NULL, 0, 0, 'default', 0, 0, 0, 0, 0, NULL, NULL, NULL, NULL, 0, NULL, NULL, NULL, '0.00', 0, 0, 0, 1, 1, NULL, NULL, NULL, 1, NULL, 0, NULL, 2, '0.00'),
(5, '测试水厂3号', 0, 8, 'shuichang3', 'shuichang3', 0, NULL, 0, '', '', '', 1, NULL, 0, '1493710544', NULL, NULL, NULL, NULL, '', '', NULL, NULL, NULL, NULL, NULL, 0, 0, 'default', 0, 0, 0, 0, 0, NULL, NULL, NULL, NULL, 0, NULL, NULL, NULL, '0.00', 0, 0, 0, 1, 1, NULL, NULL, NULL, 1, NULL, 0, NULL, 2, '0.00');

-- --------------------------------------------------------

--
-- 表的结构 `33hao_store_bind_class`
--

CREATE TABLE IF NOT EXISTS `33hao_store_bind_class` (
  `bid` int(10) unsigned NOT NULL AUTO_INCREMENT,
  `store_id` int(11) unsigned DEFAULT '0' COMMENT '店铺ID',
  `commis_rate` tinyint(4) unsigned DEFAULT '0' COMMENT '佣金比例',
  `class_1` mediumint(9) unsigned DEFAULT '0' COMMENT '一级分类',
  `class_2` mediumint(9) unsigned DEFAULT '0' COMMENT '二级分类',
  `class_3` mediumint(9) unsigned DEFAULT '0' COMMENT '三级分类',
  `state` tinyint(3) unsigned NOT NULL DEFAULT '0' COMMENT '状态0审核中1已审核 2平台自营店铺',
  PRIMARY KEY (`bid`),
  KEY `store_id` (`store_id`)
) ENGINE=InnoDB  DEFAULT CHARSET=utf8 COMMENT='店铺可发布商品类目表' AUTO_INCREMENT=2 ;

--
-- 转存表中的数据 `33hao_store_bind_class`
--

INSERT INTO `33hao_store_bind_class` (`bid`, `store_id`, `commis_rate`, `class_1`, `class_2`, `class_3`, `state`) VALUES
(1, 2, 0, 593, 599, 633, 1);

-- --------------------------------------------------------

--
-- 表的结构 `33hao_store_class`
--

CREATE TABLE IF NOT EXISTS `33hao_store_class` (
  `sc_id` int(10) unsigned NOT NULL AUTO_INCREMENT COMMENT '索引ID',
  `sc_name` varchar(50) NOT NULL COMMENT '分类名称',
  `sc_bail` mediumint(8) unsigned NOT NULL DEFAULT '0' COMMENT '保证金数额',
  `sc_sort` tinyint(1) unsigned NOT NULL DEFAULT '0' COMMENT '排序',
  PRIMARY KEY (`sc_id`)
) ENGINE=InnoDB  DEFAULT CHARSET=utf8 COMMENT='店铺分类表' AUTO_INCREMENT=11 ;

--
-- 转存表中的数据 `33hao_store_class`
--

INSERT INTO `33hao_store_class` (`sc_id`, `sc_name`, `sc_bail`, `sc_sort`) VALUES
(1, '珠宝/首饰', 0, 8),
(2, '服装鞋包', 0, 1),
(3, '3C数码', 0, 2),
(4, '美容护理', 0, 3),
(5, '家居用品', 0, 4),
(6, '食品/保健', 0, 5),
(7, '母婴用品', 0, 6),
(8, '文体/汽车', 0, 7),
(9, '收藏/爱好', 0, 9),
(10, '生活/服务', 0, 10);

-- --------------------------------------------------------

--
-- 表的结构 `33hao_store_cost`
--

CREATE TABLE IF NOT EXISTS `33hao_store_cost` (
  `cost_id` int(10) unsigned NOT NULL AUTO_INCREMENT COMMENT '费用编号',
  `cost_store_id` int(10) unsigned NOT NULL COMMENT '店铺编号',
  `cost_seller_id` int(10) unsigned NOT NULL COMMENT '卖家编号',
  `cost_price` int(10) unsigned NOT NULL COMMENT '价格',
  `cost_remark` varchar(255) NOT NULL COMMENT '费用备注',
  `cost_state` tinyint(3) unsigned NOT NULL COMMENT '费用状态(0-未结算 1-已结算)',
  `cost_time` int(10) unsigned NOT NULL COMMENT '费用发生时间',
  PRIMARY KEY (`cost_id`)
) ENGINE=InnoDB  DEFAULT CHARSET=utf8 COMMENT='店铺费用表' AUTO_INCREMENT=2 ;

--
-- 转存表中的数据 `33hao_store_cost`
--

INSERT INTO `33hao_store_cost` (`cost_id`, `cost_store_id`, `cost_seller_id`, `cost_price`, `cost_remark`, `cost_state`, `cost_time`) VALUES
(1, 2, 2, 10, '购买抢购', 0, 1494246676);

-- --------------------------------------------------------

--
-- 表的结构 `33hao_store_decoration`
--

CREATE TABLE IF NOT EXISTS `33hao_store_decoration` (
  `decoration_id` int(10) unsigned NOT NULL AUTO_INCREMENT COMMENT '装修编号',
  `decoration_name` varchar(50) NOT NULL COMMENT '装修名称',
  `store_id` int(10) unsigned NOT NULL COMMENT '店铺编号',
  `decoration_setting` varchar(500) DEFAULT NULL COMMENT '装修整体设置(背景、边距等)',
  `decoration_nav` varchar(5000) DEFAULT NULL COMMENT '装修导航',
  `decoration_banner` varchar(255) DEFAULT NULL COMMENT '装修头部banner',
  PRIMARY KEY (`decoration_id`)
) ENGINE=InnoDB  DEFAULT CHARSET=utf8 COMMENT='店铺装修表' AUTO_INCREMENT=2 ;

--
-- 转存表中的数据 `33hao_store_decoration`
--

INSERT INTO `33hao_store_decoration` (`decoration_id`, `decoration_name`, `store_id`, `decoration_setting`, `decoration_nav`, `decoration_banner`) VALUES
(1, '默认装修', 2, NULL, NULL, NULL);

-- --------------------------------------------------------

--
-- 表的结构 `33hao_store_decoration_album`
--

CREATE TABLE IF NOT EXISTS `33hao_store_decoration_album` (
  `image_id` int(10) unsigned NOT NULL AUTO_INCREMENT COMMENT '图片编号',
  `image_name` varchar(50) NOT NULL COMMENT '图片名称',
  `image_origin_name` varchar(50) NOT NULL COMMENT '图片原始名称',
  `image_width` int(10) unsigned NOT NULL COMMENT '图片宽度',
  `image_height` int(10) unsigned NOT NULL COMMENT '图片高度',
  `image_size` int(10) unsigned NOT NULL COMMENT '图片大小',
  `store_id` int(10) unsigned NOT NULL COMMENT '店铺编号',
  `upload_time` int(10) unsigned NOT NULL COMMENT '上传时间',
  PRIMARY KEY (`image_id`)
) ENGINE=InnoDB DEFAULT CHARSET=utf8 COMMENT='店铺装修相册表' AUTO_INCREMENT=1 ;

-- --------------------------------------------------------

--
-- 表的结构 `33hao_store_decoration_block`
--

CREATE TABLE IF NOT EXISTS `33hao_store_decoration_block` (
  `block_id` int(10) unsigned NOT NULL AUTO_INCREMENT COMMENT '装修块编号',
  `decoration_id` int(10) unsigned NOT NULL COMMENT '装修编号',
  `store_id` int(10) unsigned NOT NULL COMMENT '店铺编号',
  `block_layout` varchar(50) NOT NULL COMMENT '块布局',
  `block_content` text COMMENT '块内容',
  `block_module_type` varchar(50) DEFAULT NULL COMMENT '装修块模块类型',
  `block_full_width` tinyint(3) unsigned DEFAULT NULL COMMENT '是否100%宽度(0-否 1-是)',
  `block_sort` tinyint(3) unsigned NOT NULL DEFAULT '1' COMMENT '块排序',
  PRIMARY KEY (`block_id`)
) ENGINE=InnoDB DEFAULT CHARSET=utf8 COMMENT='店铺装修块表' AUTO_INCREMENT=1 ;

-- --------------------------------------------------------

--
-- 表的结构 `33hao_store_distribution`
--

CREATE TABLE IF NOT EXISTS `33hao_store_distribution` (
  `distri_id` int(11) NOT NULL AUTO_INCREMENT COMMENT '自增编号',
  `distri_store_id` int(11) NOT NULL COMMENT '申请者店铺ID',
  `distri_store_name` varchar(255) NOT NULL COMMENT '申请者店铺名称',
  `distri_seller_name` varchar(255) NOT NULL COMMENT '店主名称',
  `distri_state` int(11) NOT NULL COMMENT '申请状态0未通过1通过',
  `distri_create_time` int(11) NOT NULL COMMENT '申请时间',
  PRIMARY KEY (`distri_id`)
) ENGINE=InnoDB DEFAULT CHARSET=utf8 COMMENT='店铺可发布商品类目表' AUTO_INCREMENT=1 ;

-- --------------------------------------------------------

--
-- 表的结构 `33hao_store_extend`
--

CREATE TABLE IF NOT EXISTS `33hao_store_extend` (
  `store_id` mediumint(8) unsigned NOT NULL COMMENT '店铺ID',
  `express` text COMMENT '快递公司ID的组合',
  `pricerange` text COMMENT '店铺统计设置的商品价格区间',
  `orderpricerange` text COMMENT '店铺统计设置的订单价格区间',
  `bill_cycle` tinyint(3) unsigned NOT NULL DEFAULT '0' COMMENT '结算周期，单位天，默认0表示未设置，还是按月结算',
  PRIMARY KEY (`store_id`)
) ENGINE=InnoDB DEFAULT CHARSET=utf8 COMMENT='店铺信息扩展表';

--
-- 转存表中的数据 `33hao_store_extend`
--

INSERT INTO `33hao_store_extend` (`store_id`, `express`, `pricerange`, `orderpricerange`, `bill_cycle`) VALUES
(1, NULL, NULL, NULL, 0),
(2, '6,8,9,11,10,15,14', NULL, NULL, 0),
(3, NULL, NULL, NULL, 1),
(4, NULL, NULL, NULL, 0),
(5, NULL, NULL, NULL, 0);

-- --------------------------------------------------------

--
-- 表的结构 `33hao_store_goods_class`
--

CREATE TABLE IF NOT EXISTS `33hao_store_goods_class` (
  `stc_id` int(11) NOT NULL AUTO_INCREMENT COMMENT '索引ID',
  `stc_name` varchar(50) NOT NULL COMMENT '店铺商品分类名称',
  `stc_parent_id` int(11) NOT NULL COMMENT '父级id',
  `stc_state` tinyint(1) NOT NULL DEFAULT '0' COMMENT '店铺商品分类状态',
  `store_id` int(11) NOT NULL DEFAULT '0' COMMENT '店铺id',
  `stc_sort` int(11) NOT NULL DEFAULT '0' COMMENT '商品分类排序',
  PRIMARY KEY (`stc_id`),
  KEY `stc_parent_id` (`stc_parent_id`,`stc_sort`),
  KEY `store_id` (`store_id`)
) ENGINE=InnoDB DEFAULT CHARSET=utf8 COMMENT='店铺商品分类表' AUTO_INCREMENT=1 ;

-- --------------------------------------------------------

--
-- 表的结构 `33hao_store_grade`
--

CREATE TABLE IF NOT EXISTS `33hao_store_grade` (
  `sg_id` int(10) unsigned NOT NULL AUTO_INCREMENT COMMENT '索引ID',
  `sg_name` char(50) DEFAULT NULL COMMENT '等级名称',
  `sg_goods_limit` mediumint(10) unsigned NOT NULL DEFAULT '0' COMMENT '允许发布的商品数量',
  `sg_album_limit` mediumint(8) unsigned NOT NULL DEFAULT '0' COMMENT '允许上传图片数量',
  `sg_space_limit` int(10) unsigned NOT NULL DEFAULT '0' COMMENT '上传空间大小，单位MB',
  `sg_template_number` tinyint(3) unsigned NOT NULL DEFAULT '0' COMMENT '选择店铺模板套数',
  `sg_template` varchar(255) DEFAULT NULL COMMENT '模板内容',
  `sg_price` decimal(10,2) unsigned NOT NULL DEFAULT '0.00' COMMENT '开店费用(元/年)',
  `sg_description` text COMMENT '申请说明',
  `sg_function` varchar(255) DEFAULT NULL COMMENT '附加功能',
  `sg_sort` tinyint(3) unsigned NOT NULL DEFAULT '0' COMMENT '级别，数目越大级别越高',
  PRIMARY KEY (`sg_id`)
) ENGINE=InnoDB  DEFAULT CHARSET=utf8 COMMENT='店铺等级表' AUTO_INCREMENT=4 ;

--
-- 转存表中的数据 `33hao_store_grade`
--

INSERT INTO `33hao_store_grade` (`sg_id`, `sg_name`, `sg_goods_limit`, `sg_album_limit`, `sg_space_limit`, `sg_template_number`, `sg_template`, `sg_price`, `sg_description`, `sg_function`, `sg_sort`) VALUES
(1, '系统默认', 100, 500, 100, 6, 'default|style1|style2|style3|style4|style5', '100.00', '用户选择“默认等级”，可以立即开通。', '', 0),
(2, '白金店铺', 200, 1000, 100, 6, 'default|style1|style2|style3|style4|style5', '200.00', '享受更多特权', 'editor_multimedia', 2),
(3, '钻石店铺', 0, 1000, 100, 6, 'default|style1|style2|style3|style4|style5', '1000.00', '', 'editor_multimedia', 100);

-- --------------------------------------------------------

--
-- 表的结构 `33hao_store_joinin`
--

CREATE TABLE IF NOT EXISTS `33hao_store_joinin` (
  `member_id` int(10) unsigned NOT NULL COMMENT '用户编号',
  `member_name` varchar(50) DEFAULT NULL COMMENT '店主用户名',
  `company_name` varchar(50) DEFAULT NULL COMMENT '公司名称',
  `company_province_id` mediumint(8) unsigned NOT NULL DEFAULT '0' COMMENT '所在地省ID',
  `company_address` varchar(50) DEFAULT NULL COMMENT '公司地址',
  `company_address_detail` varchar(50) DEFAULT NULL COMMENT '公司详细地址',
  `company_phone` varchar(20) DEFAULT NULL COMMENT '公司电话',
  `company_employee_count` int(10) unsigned DEFAULT NULL COMMENT '员工总数',
  `company_registered_capital` int(10) unsigned DEFAULT NULL COMMENT '注册资金',
  `contacts_name` varchar(50) DEFAULT NULL COMMENT '联系人姓名',
  `contacts_phone` varchar(20) DEFAULT NULL COMMENT '联系人电话',
  `contacts_email` varchar(50) DEFAULT NULL COMMENT '联系人邮箱',
  `business_licence_number` varchar(50) DEFAULT NULL COMMENT '营业执照号',
  `business_licence_address` varchar(50) DEFAULT NULL COMMENT '营业执所在地',
  `business_licence_start` date DEFAULT NULL COMMENT '营业执照有效期开始',
  `business_licence_end` date DEFAULT NULL COMMENT '营业执照有效期结束',
  `business_sphere` varchar(1000) DEFAULT NULL COMMENT '法定经营范围',
  `business_licence_number_elc` varchar(50) DEFAULT NULL COMMENT '营业执照电子版',
  `organization_code` varchar(50) DEFAULT NULL COMMENT '组织机构代码',
  `organization_code_electronic` varchar(50) DEFAULT NULL COMMENT '组织机构代码电子版',
  `general_taxpayer` varchar(50) DEFAULT NULL COMMENT '一般纳税人证明',
  `bank_account_name` varchar(50) DEFAULT NULL COMMENT '银行开户名',
  `bank_account_number` varchar(50) DEFAULT NULL COMMENT '公司银行账号',
  `bank_name` varchar(50) DEFAULT NULL COMMENT '开户银行支行名称',
  `bank_code` varchar(50) DEFAULT NULL COMMENT '支行联行号',
  `bank_address` varchar(50) DEFAULT NULL COMMENT '开户银行所在地',
  `bank_licence_electronic` varchar(50) DEFAULT NULL COMMENT '开户银行许可证电子版',
  `is_settlement_account` tinyint(1) DEFAULT NULL COMMENT '开户行账号是否为结算账号 1-开户行就是结算账号 2-独立的计算账号',
  `settlement_bank_account_name` varchar(50) DEFAULT NULL COMMENT '结算银行开户名',
  `settlement_bank_account_number` varchar(50) DEFAULT NULL COMMENT '结算公司银行账号',
  `settlement_bank_name` varchar(50) DEFAULT NULL COMMENT '结算开户银行支行名称',
  `settlement_bank_code` varchar(50) DEFAULT NULL COMMENT '结算支行联行号',
  `settlement_bank_address` varchar(50) DEFAULT NULL COMMENT '结算开户银行所在地',
  `tax_registration_certificate` varchar(50) DEFAULT NULL COMMENT '税务登记证号',
  `taxpayer_id` varchar(50) DEFAULT NULL COMMENT '纳税人识别号',
  `tax_registration_certif_elc` varchar(50) DEFAULT NULL COMMENT '税务登记证号电子版',
  `seller_name` varchar(50) DEFAULT NULL COMMENT '卖家账号',
  `store_name` varchar(50) DEFAULT NULL COMMENT '店铺名称',
  `store_class_ids` varchar(1000) DEFAULT NULL COMMENT '店铺分类编号集合',
  `store_class_names` varchar(1000) DEFAULT NULL COMMENT '店铺分类名称集合',
  `joinin_state` varchar(50) DEFAULT NULL COMMENT '申请状态 10-已提交申请 11-缴费完成  20-审核成功 30-审核失败 31-缴费审核失败 40-审核通过开店',
  `joinin_message` varchar(200) DEFAULT NULL COMMENT '管理员审核信息',
  `joinin_year` tinyint(3) unsigned NOT NULL DEFAULT '1' COMMENT '开店时长(年)',
  `sg_name` varchar(50) DEFAULT NULL COMMENT '店铺等级名称',
  `sg_id` int(10) unsigned DEFAULT NULL COMMENT '店铺等级编号',
  `sg_info` varchar(200) DEFAULT NULL COMMENT '店铺等级下的收费等信息',
  `sc_name` varchar(50) DEFAULT NULL COMMENT '店铺分类名称',
  `sc_id` int(10) unsigned DEFAULT NULL COMMENT '店铺分类编号',
  `sc_bail` mediumint(8) unsigned NOT NULL DEFAULT '0' COMMENT '店铺分类保证金',
  `store_class_commis_rates` varchar(200) DEFAULT NULL COMMENT '分类佣金比例',
  `paying_money_certificate` varchar(50) DEFAULT NULL COMMENT '付款凭证',
  `paying_money_certif_exp` varchar(200) DEFAULT NULL COMMENT '付款凭证说明',
  `paying_amount` decimal(10,2) unsigned NOT NULL DEFAULT '0.00' COMMENT '付款金额',
  PRIMARY KEY (`member_id`)
) ENGINE=InnoDB DEFAULT CHARSET=utf8 COMMENT='店铺入住表';

--
-- 转存表中的数据 `33hao_store_joinin`
--

INSERT INTO `33hao_store_joinin` (`member_id`, `member_name`, `company_name`, `company_province_id`, `company_address`, `company_address_detail`, `company_phone`, `company_employee_count`, `company_registered_capital`, `contacts_name`, `contacts_phone`, `contacts_email`, `business_licence_number`, `business_licence_address`, `business_licence_start`, `business_licence_end`, `business_sphere`, `business_licence_number_elc`, `organization_code`, `organization_code_electronic`, `general_taxpayer`, `bank_account_name`, `bank_account_number`, `bank_name`, `bank_code`, `bank_address`, `bank_licence_electronic`, `is_settlement_account`, `settlement_bank_account_name`, `settlement_bank_account_number`, `settlement_bank_name`, `settlement_bank_code`, `settlement_bank_address`, `tax_registration_certificate`, `taxpayer_id`, `tax_registration_certif_elc`, `seller_name`, `store_name`, `store_class_ids`, `store_class_names`, `joinin_state`, `joinin_message`, `joinin_year`, `sg_name`, `sg_id`, `sg_info`, `sc_name`, `sc_id`, `sc_bail`, `store_class_commis_rates`, `paying_money_certificate`, `paying_money_certif_exp`, `paying_amount`) VALUES
(2, 'sllsll', 'sll', 19, '广东 深圳市 罗湖区', '百利玛', '111111', 11111, 111, '111', '13823191262', '771880522@qq.com', '1111', '广东 深圳市 罗湖区', '2010-04-01', '2022-04-01', '1111', '05452261300005552.jpg', '1111', '05452261344765599.jpg', '05452261411414350.jpg', '11', '11', '11', '11', '广东 深圳市 罗湖区', '05452261631110159.jpg', 1, '11', '11', '11', '11', '广东 深圳市 罗湖区', '111', '111', '05452261752386867.jpg', 'sllsll', '水来了', 'a:1:{i:0;s:12:"593,599,633,";}', 'a:1:{i:0;s:30:"食品饮料,饮料冲调,水,";}', '40', '', 2, '系统默认', 1, 'a:1:{s:8:"sg_price";s:6:"100.00";}', '食品/保健', 6, 0, '1', '1', '1', '200.00'),
(3, 'sina4509', '测试水厂', 19, '广东 深圳市 罗湖区', '梨园路', '234556978', 20, 40, '程序员', '15233698751', '287744023@qq.com', '1256151', '广东 肇庆市 广宁县', '2016-02-25', '2020-04-17', '制造', '05453929252701595.png', '561656+59+9', '05453929375235765.jpg', '05453929441709787.png', '1111', '223', '平安银行', '6546343天345', '广东 深圳市 福田区', '05453929898514763.png', 1, '1111', '223', '平安银行', '6546343天345', '广东 深圳市 福田区', '453452354254', '45345234523', '05453930045603371.jpg', 'sina450911', '测试水厂店铺', 'a:1:{i:0;s:12:"593,599,633,";}', 'a:1:{i:0;s:30:"食品饮料,饮料冲调,水,";}', '40', '通过', 2, '白金店铺', 2, 'a:1:{s:8:"sg_price";s:6:"200.00";}', '生活/服务', 10, 0, '0', '05453932541146744.jpg', '已付款', '0.10'),
(5, 'sina4508', '深圳测试水厂1号', 0, '广东 深圳市 罗湖区', '丽园路280号', NULL, NULL, NULL, '陈岩石', '151223669841', 'sina4508@qq.com', '450105199826589951', NULL, NULL, NULL, '陈岩石', '05470377014400847.png', NULL, NULL, '', NULL, NULL, NULL, NULL, NULL, NULL, NULL, '16516', '16516156516', NULL, NULL, NULL, NULL, NULL, NULL, NULL, NULL, NULL, NULL, NULL, NULL, 1, NULL, NULL, NULL, NULL, NULL, 0, NULL, NULL, NULL, '0.00');

-- --------------------------------------------------------

--
-- 表的结构 `33hao_store_map`
--

CREATE TABLE IF NOT EXISTS `33hao_store_map` (
  `map_id` int(10) unsigned NOT NULL AUTO_INCREMENT COMMENT '地图ID',
  `store_id` int(10) unsigned NOT NULL COMMENT '店铺ID',
  `sc_id` int(10) unsigned NOT NULL DEFAULT '0' COMMENT '店铺分类ID',
  `store_name` varchar(20) NOT NULL COMMENT '店铺名称',
  `name_info` varchar(20) NOT NULL COMMENT '详细名称',
  `address_info` varchar(30) NOT NULL COMMENT '详细地址',
  `phone_info` varchar(50) DEFAULT '' COMMENT '电话信息',
  `bus_info` varchar(250) DEFAULT '' COMMENT '公交信息',
  `update_time` int(10) unsigned NOT NULL COMMENT '更新时间',
  `baidu_lng` float NOT NULL DEFAULT '0' COMMENT '百度经度',
  `baidu_lat` float NOT NULL DEFAULT '0' COMMENT '百度纬度',
  `baidu_province` varchar(15) NOT NULL COMMENT '百度省份',
  `baidu_city` varchar(15) NOT NULL COMMENT '百度城市',
  `baidu_district` varchar(15) NOT NULL COMMENT '百度区县',
  `baidu_street` varchar(15) DEFAULT '' COMMENT '百度街道',
  PRIMARY KEY (`map_id`),
  KEY `store_id` (`store_id`)
) ENGINE=InnoDB DEFAULT CHARSET=utf8 COMMENT='店铺百度地图表' AUTO_INCREMENT=1 ;

-- --------------------------------------------------------

--
-- 表的结构 `33hao_store_msg`
--

CREATE TABLE IF NOT EXISTS `33hao_store_msg` (
  `sm_id` int(10) unsigned NOT NULL AUTO_INCREMENT COMMENT '店铺消息id',
  `smt_code` varchar(100) NOT NULL COMMENT '模板编码',
  `store_id` int(10) unsigned NOT NULL COMMENT '店铺id',
  `sm_content` varchar(255) NOT NULL COMMENT '消息内容',
  `sm_addtime` int(10) unsigned NOT NULL COMMENT '发送时间',
  `sm_readids` varchar(255) DEFAULT '' COMMENT '已读卖家id',
  PRIMARY KEY (`sm_id`)
) ENGINE=InnoDB  DEFAULT CHARSET=utf8 COMMENT='店铺消息表' AUTO_INCREMENT=1479 ;

--
-- 转存表中的数据 `33hao_store_msg`
--

INSERT INTO `33hao_store_msg` (`sm_id`, `smt_code`, `store_id`, `sm_content`, `sm_addtime`, `sm_readids`) VALUES
(1, 'refund', 2, '您有一个售前退款单需要处理，退款编号：575102170504114724。', 1493869644, ''),
(2, 'refund', 2, '您有一个售前退款单需要处理，退款编号：744102170504142636。', 1493879196, ''),
(3, 'store_bill_affirm', 2, '您有新的结算单等待确认，开始时间：2017-03-01 00:00:00，结束时间：2017-03-31 23:59:59，结算单号：2。', 1493892732, ''),
(4, 'store_bill_affirm', 2, '您有新的结算单等待确认，开始时间：2017-02-01 00:00:00，结束时间：2017-02-28 23:59:59，结算单号：3。', 1493892733, ''),
(5, 'store_bill_affirm', 2, '您有新的结算单等待确认，开始时间：2017-01-01 00:00:00，结束时间：2017-01-31 23:59:59，结算单号：4。', 1493892733, ''),
(6, 'store_bill_affirm', 2, '您有新的结算单等待确认，开始时间：2016-12-01 00:00:00，结束时间：2016-12-31 23:59:59，结算单号：5。', 1493892733, ''),
(7, 'store_bill_affirm', 2, '您有新的结算单等待确认，开始时间：2016-11-01 00:00:00，结束时间：2016-11-30 23:59:59，结算单号：6。', 1493892734, ''),
(8, 'store_bill_affirm', 2, '您有新的结算单等待确认，开始时间：2016-10-01 00:00:00，结束时间：2016-10-31 23:59:59，结算单号：7。', 1493892734, ''),
(9, 'store_bill_affirm', 2, '您有新的结算单等待确认，开始时间：2016-09-01 00:00:00，结束时间：2016-09-30 23:59:59，结算单号：8。', 1493892734, ''),
(10, 'store_bill_affirm', 2, '您有新的结算单等待确认，开始时间：2016-08-01 00:00:00，结束时间：2016-08-31 23:59:59，结算单号：9。', 1493892734, ''),
(11, 'store_bill_affirm', 2, '您有新的结算单等待确认，开始时间：2016-07-01 00:00:00，结束时间：2016-07-31 23:59:59，结算单号：10。', 1493892735, ''),
(12, 'store_bill_affirm', 2, '您有新的结算单等待确认，开始时间：2016-06-01 00:00:00，结束时间：2016-06-30 23:59:59，结算单号：11。', 1493892735, ''),
(13, 'store_bill_affirm', 2, '您有新的结算单等待确认，开始时间：2016-05-01 00:00:00，结束时间：2016-05-31 23:59:59，结算单号：12。', 1493892735, ''),
(14, 'store_bill_affirm', 2, '您有新的结算单等待确认，开始时间：2016-04-01 00:00:00，结束时间：2016-04-30 23:59:59，结算单号：13。', 1493892735, ''),
(15, 'store_bill_affirm', 2, '您有新的结算单等待确认，开始时间：2016-03-01 00:00:00，结束时间：2016-03-31 23:59:59，结算单号：14。', 1493892736, ''),
(16, 'store_bill_affirm', 2, '您有新的结算单等待确认，开始时间：2016-02-01 00:00:00，结束时间：2016-02-29 23:59:59，结算单号：15。', 1493892736, ''),
(17, 'store_bill_affirm', 2, '您有新的结算单等待确认，开始时间：2016-01-01 00:00:00，结束时间：2016-01-31 23:59:59，结算单号：16。', 1493892736, ''),
(18, 'store_bill_affirm', 2, '您有新的结算单等待确认，开始时间：2015-12-01 00:00:00，结束时间：2015-12-31 23:59:59，结算单号：17。', 1493892736, ''),
(19, 'store_bill_affirm', 2, '您有新的结算单等待确认，开始时间：2015-11-01 00:00:00，结束时间：2015-11-30 23:59:59，结算单号：18。', 1493892737, ''),
(20, 'store_bill_affirm', 2, '您有新的结算单等待确认，开始时间：2015-10-01 00:00:00，结束时间：2015-10-31 23:59:59，结算单号：19。', 1493892737, ''),
(21, 'store_bill_affirm', 2, '您有新的结算单等待确认，开始时间：2015-09-01 00:00:00，结束时间：2015-09-30 23:59:59，结算单号：20。', 1493892737, ''),
(22, 'store_bill_affirm', 2, '您有新的结算单等待确认，开始时间：2015-08-01 00:00:00，结束时间：2015-08-31 23:59:59，结算单号：21。', 1493892737, ''),
(23, 'store_bill_affirm', 2, '您有新的结算单等待确认，开始时间：2015-07-01 00:00:00，结束时间：2015-07-31 23:59:59，结算单号：22。', 1493892737, ''),
(24, 'store_bill_affirm', 2, '您有新的结算单等待确认，开始时间：2015-06-01 00:00:00，结束时间：2015-06-30 23:59:59，结算单号：23。', 1493892738, ''),
(25, 'store_bill_affirm', 2, '您有新的结算单等待确认，开始时间：2015-05-01 00:00:00，结束时间：2015-05-31 23:59:59，结算单号：24。', 1493892738, ''),
(26, 'store_bill_affirm', 2, '您有新的结算单等待确认，开始时间：2015-04-01 00:00:00，结束时间：2015-04-30 23:59:59，结算单号：25。', 1493892738, ''),
(27, 'store_bill_affirm', 2, '您有新的结算单等待确认，开始时间：2015-03-01 00:00:00，结束时间：2015-03-31 23:59:59，结算单号：26。', 1493892738, ''),
(28, 'store_bill_affirm', 2, '您有新的结算单等待确认，开始时间：2015-02-01 00:00:00，结束时间：2015-02-28 23:59:59，结算单号：27。', 1493892738, ''),
(29, 'store_bill_affirm', 2, '您有新的结算单等待确认，开始时间：2015-01-01 00:00:00，结束时间：2015-01-31 23:59:59，结算单号：28。', 1493892739, ''),
(30, 'store_bill_affirm', 2, '您有新的结算单等待确认，开始时间：2014-12-01 00:00:00，结束时间：2014-12-31 23:59:59，结算单号：29。', 1493892739, ''),
(31, 'store_bill_affirm', 2, '您有新的结算单等待确认，开始时间：2014-11-01 00:00:00，结束时间：2014-11-30 23:59:59，结算单号：30。', 1493892739, ''),
(32, 'store_bill_affirm', 2, '您有新的结算单等待确认，开始时间：2014-10-01 00:00:00，结束时间：2014-10-31 23:59:59，结算单号：31。', 1493892739, ''),
(33, 'store_bill_affirm', 2, '您有新的结算单等待确认，开始时间：2014-09-01 00:00:00，结束时间：2014-09-30 23:59:59，结算单号：32。', 1493892739, ''),
(34, 'store_bill_affirm', 2, '您有新的结算单等待确认，开始时间：2014-08-01 00:00:00，结束时间：2014-08-31 23:59:59，结算单号：33。', 1493892740, ''),
(35, 'store_bill_affirm', 2, '您有新的结算单等待确认，开始时间：2014-07-01 00:00:00，结束时间：2014-07-31 23:59:59，结算单号：34。', 1493892740, ''),
(36, 'store_bill_affirm', 2, '您有新的结算单等待确认，开始时间：2014-06-01 00:00:00，结束时间：2014-06-30 23:59:59，结算单号：35。', 1493892740, ''),
(37, 'store_bill_affirm', 2, '您有新的结算单等待确认，开始时间：2014-05-01 00:00:00，结束时间：2014-05-31 23:59:59，结算单号：36。', 1493892740, ''),
(38, 'store_bill_affirm', 2, '您有新的结算单等待确认，开始时间：2014-04-01 00:00:00，结束时间：2014-04-30 23:59:59，结算单号：37。', 1493892740, ''),
(39, 'store_bill_affirm', 2, '您有新的结算单等待确认，开始时间：2014-03-01 00:00:00，结束时间：2014-03-31 23:59:59，结算单号：38。', 1493892740, ''),
(40, 'store_bill_affirm', 2, '您有新的结算单等待确认，开始时间：2014-02-01 00:00:00，结束时间：2014-02-28 23:59:59，结算单号：39。', 1493892741, ''),
(41, 'store_bill_affirm', 2, '您有新的结算单等待确认，开始时间：2014-01-01 00:00:00，结束时间：2014-01-31 23:59:59，结算单号：40。', 1493892741, ''),
(42, 'store_bill_affirm', 2, '您有新的结算单等待确认，开始时间：2013-12-01 00:00:00，结束时间：2013-12-31 23:59:59，结算单号：41。', 1493892741, ''),
(43, 'store_bill_affirm', 2, '您有新的结算单等待确认，开始时间：2013-11-01 00:00:00，结束时间：2013-11-30 23:59:59，结算单号：42。', 1493892741, ''),
(44, 'store_bill_affirm', 2, '您有新的结算单等待确认，开始时间：2013-10-01 00:00:00，结束时间：2013-10-31 23:59:59，结算单号：43。', 1493892741, ''),
(45, 'store_bill_affirm', 2, '您有新的结算单等待确认，开始时间：2013-09-01 00:00:00，结束时间：2013-09-30 23:59:59，结算单号：44。', 1493892742, ''),
(46, 'store_bill_affirm', 2, '您有新的结算单等待确认，开始时间：2013-08-01 00:00:00，结束时间：2013-08-31 23:59:59，结算单号：45。', 1493892742, ''),
(47, 'store_bill_affirm', 2, '您有新的结算单等待确认，开始时间：2013-07-01 00:00:00，结束时间：2013-07-31 23:59:59，结算单号：46。', 1493892742, ''),
(48, 'store_bill_affirm', 2, '您有新的结算单等待确认，开始时间：2013-06-01 00:00:00，结束时间：2013-06-30 23:59:59，结算单号：47。', 1493892742, ''),
(49, 'store_bill_affirm', 2, '您有新的结算单等待确认，开始时间：2013-05-01 00:00:00，结束时间：2013-05-31 23:59:59，结算单号：48。', 1493892742, ''),
(50, 'store_bill_affirm', 2, '您有新的结算单等待确认，开始时间：2013-04-01 00:00:00，结束时间：2013-04-30 23:59:59，结算单号：49。', 1493892743, ''),
(51, 'store_bill_affirm', 2, '您有新的结算单等待确认，开始时间：2013-03-01 00:00:00，结束时间：2013-03-31 23:59:59，结算单号：50。', 1493892743, ''),
(52, 'store_bill_affirm', 2, '您有新的结算单等待确认，开始时间：2013-02-01 00:00:00，结束时间：2013-02-28 23:59:59，结算单号：51。', 1493892743, ''),
(53, 'store_bill_affirm', 2, '您有新的结算单等待确认，开始时间：2013-01-01 00:00:00，结束时间：2013-01-31 23:59:59，结算单号：52。', 1493892743, ''),
(54, 'store_bill_affirm', 2, '您有新的结算单等待确认，开始时间：2012-12-01 00:00:00，结束时间：2012-12-31 23:59:59，结算单号：53。', 1493892743, ''),
(55, 'store_bill_affirm', 2, '您有新的结算单等待确认，开始时间：2012-11-01 00:00:00，结束时间：2012-11-30 23:59:59，结算单号：54。', 1493892744, ''),
(56, 'store_bill_affirm', 2, '您有新的结算单等待确认，开始时间：2012-10-01 00:00:00，结束时间：2012-10-31 23:59:59，结算单号：55。', 1493892744, ''),
(57, 'store_bill_affirm', 2, '您有新的结算单等待确认，开始时间：2012-09-01 00:00:00，结束时间：2012-09-30 23:59:59，结算单号：56。', 1493892744, ''),
(58, 'store_bill_affirm', 2, '您有新的结算单等待确认，开始时间：2012-08-01 00:00:00，结束时间：2012-08-31 23:59:59，结算单号：57。', 1493892744, ''),
(59, 'store_bill_affirm', 2, '您有新的结算单等待确认，开始时间：2012-07-01 00:00:00，结束时间：2012-07-31 23:59:59，结算单号：58。', 1493892744, ''),
(60, 'store_bill_affirm', 2, '您有新的结算单等待确认，开始时间：2012-06-01 00:00:00，结束时间：2012-06-30 23:59:59，结算单号：59。', 1493892744, ''),
(61, 'store_bill_affirm', 2, '您有新的结算单等待确认，开始时间：2012-05-01 00:00:00，结束时间：2012-05-31 23:59:59，结算单号：60。', 1493892745, ''),
(62, 'store_bill_affirm', 2, '您有新的结算单等待确认，开始时间：2012-04-01 00:00:00，结束时间：2012-04-30 23:59:59，结算单号：61。', 1493892745, ''),
(63, 'store_bill_affirm', 2, '您有新的结算单等待确认，开始时间：2012-03-01 00:00:00，结束时间：2012-03-31 23:59:59，结算单号：62。', 1493892745, ''),
(64, 'store_bill_affirm', 2, '您有新的结算单等待确认，开始时间：2012-02-01 00:00:00，结束时间：2012-02-29 23:59:59，结算单号：63。', 1493892745, ''),
(65, 'store_bill_affirm', 2, '您有新的结算单等待确认，开始时间：2012-01-01 00:00:00，结束时间：2012-01-31 23:59:59，结算单号：64。', 1493892745, ''),
(66, 'store_bill_affirm', 2, '您有新的结算单等待确认，开始时间：2011-12-01 00:00:00，结束时间：2011-12-31 23:59:59，结算单号：65。', 1493892745, ''),
(67, 'store_bill_affirm', 2, '您有新的结算单等待确认，开始时间：2011-11-01 00:00:00，结束时间：2011-11-30 23:59:59，结算单号：66。', 1493892746, ''),
(68, 'store_bill_affirm', 2, '您有新的结算单等待确认，开始时间：2011-10-01 00:00:00，结束时间：2011-10-31 23:59:59，结算单号：67。', 1493892746, ''),
(69, 'store_bill_affirm', 2, '您有新的结算单等待确认，开始时间：2011-09-01 00:00:00，结束时间：2011-09-30 23:59:59，结算单号：68。', 1493892746, ''),
(70, 'store_bill_affirm', 2, '您有新的结算单等待确认，开始时间：2011-08-01 00:00:00，结束时间：2011-08-31 23:59:59，结算单号：69。', 1493892746, ''),
(71, 'store_bill_affirm', 2, '您有新的结算单等待确认，开始时间：2011-07-01 00:00:00，结束时间：2011-07-31 23:59:59，结算单号：70。', 1493892747, ''),
(72, 'store_bill_affirm', 2, '您有新的结算单等待确认，开始时间：2011-06-01 00:00:00，结束时间：2011-06-30 23:59:59，结算单号：71。', 1493892747, ''),
(73, 'store_bill_affirm', 2, '您有新的结算单等待确认，开始时间：2011-05-01 00:00:00，结束时间：2011-05-31 23:59:59，结算单号：72。', 1493892747, ''),
(74, 'store_bill_affirm', 2, '您有新的结算单等待确认，开始时间：2011-04-01 00:00:00，结束时间：2011-04-30 23:59:59，结算单号：73。', 1493892747, ''),
(75, 'store_bill_affirm', 2, '您有新的结算单等待确认，开始时间：2011-03-01 00:00:00，结束时间：2011-03-31 23:59:59，结算单号：74。', 1493892747, ''),
(76, 'store_bill_affirm', 2, '您有新的结算单等待确认，开始时间：2011-02-01 00:00:00，结束时间：2011-02-28 23:59:59，结算单号：75。', 1493892747, ''),
(77, 'store_bill_affirm', 2, '您有新的结算单等待确认，开始时间：2011-01-01 00:00:00，结束时间：2011-01-31 23:59:59，结算单号：76。', 1493892748, ''),
(78, 'store_bill_affirm', 2, '您有新的结算单等待确认，开始时间：2010-12-01 00:00:00，结束时间：2010-12-31 23:59:59，结算单号：77。', 1493892748, ''),
(79, 'store_bill_affirm', 2, '您有新的结算单等待确认，开始时间：2010-11-01 00:00:00，结束时间：2010-11-30 23:59:59，结算单号：78。', 1493892748, ''),
(80, 'store_bill_affirm', 2, '您有新的结算单等待确认，开始时间：2010-10-01 00:00:00，结束时间：2010-10-31 23:59:59，结算单号：79。', 1493892748, ''),
(81, 'store_bill_affirm', 2, '您有新的结算单等待确认，开始时间：2010-09-01 00:00:00，结束时间：2010-09-30 23:59:59，结算单号：80。', 1493892748, ''),
(82, 'store_bill_affirm', 2, '您有新的结算单等待确认，开始时间：2010-08-01 00:00:00，结束时间：2010-08-31 23:59:59，结算单号：81。', 1493892748, ''),
(83, 'store_bill_affirm', 2, '您有新的结算单等待确认，开始时间：2010-07-01 00:00:00，结束时间：2010-07-31 23:59:59，结算单号：82。', 1493892749, ''),
(84, 'store_bill_affirm', 2, '您有新的结算单等待确认，开始时间：2010-06-01 00:00:00，结束时间：2010-06-30 23:59:59，结算单号：83。', 1493892749, ''),
(85, 'store_bill_affirm', 2, '您有新的结算单等待确认，开始时间：2010-05-01 00:00:00，结束时间：2010-05-31 23:59:59，结算单号：84。', 1493892749, ''),
(86, 'store_bill_affirm', 2, '您有新的结算单等待确认，开始时间：2010-04-01 00:00:00，结束时间：2010-04-30 23:59:59，结算单号：85。', 1493892749, ''),
(87, 'store_bill_affirm', 2, '您有新的结算单等待确认，开始时间：2010-03-01 00:00:00，结束时间：2010-03-31 23:59:59，结算单号：86。', 1493892749, ''),
(88, 'store_bill_affirm', 2, '您有新的结算单等待确认，开始时间：2010-02-01 00:00:00，结束时间：2010-02-28 23:59:59，结算单号：87。', 1493892749, ''),
(89, 'store_bill_affirm', 2, '您有新的结算单等待确认，开始时间：2010-01-01 00:00:00，结束时间：2010-01-31 23:59:59，结算单号：88。', 1493892750, ''),
(90, 'store_bill_affirm', 2, '您有新的结算单等待确认，开始时间：2009-12-01 00:00:00，结束时间：2009-12-31 23:59:59，结算单号：89。', 1493892750, ''),
(91, 'store_bill_affirm', 2, '您有新的结算单等待确认，开始时间：2009-11-01 00:00:00，结束时间：2009-11-30 23:59:59，结算单号：90。', 1493892750, ''),
(92, 'store_bill_affirm', 2, '您有新的结算单等待确认，开始时间：2009-10-01 00:00:00，结束时间：2009-10-31 23:59:59，结算单号：91。', 1493892750, ''),
(93, 'store_bill_affirm', 2, '您有新的结算单等待确认，开始时间：2009-09-01 00:00:00，结束时间：2009-09-30 23:59:59，结算单号：92。', 1493892750, ''),
(94, 'store_bill_affirm', 2, '您有新的结算单等待确认，开始时间：2009-08-01 00:00:00，结束时间：2009-08-31 23:59:59，结算单号：93。', 1493892750, ''),
(95, 'store_bill_affirm', 2, '您有新的结算单等待确认，开始时间：2009-07-01 00:00:00，结束时间：2009-07-31 23:59:59，结算单号：94。', 1493892751, ''),
(96, 'store_bill_affirm', 2, '您有新的结算单等待确认，开始时间：2009-06-01 00:00:00，结束时间：2009-06-30 23:59:59，结算单号：95。', 1493892751, ''),
(97, 'store_bill_affirm', 2, '您有新的结算单等待确认，开始时间：2009-05-01 00:00:00，结束时间：2009-05-31 23:59:59，结算单号：96。', 1493892751, ''),
(98, 'store_bill_affirm', 2, '您有新的结算单等待确认，开始时间：2009-04-01 00:00:00，结束时间：2009-04-30 23:59:59，结算单号：97。', 1493892751, ''),
(99, 'store_bill_affirm', 2, '您有新的结算单等待确认，开始时间：2009-03-01 00:00:00，结束时间：2009-03-31 23:59:59，结算单号：98。', 1493892751, ''),
(100, 'store_bill_affirm', 2, '您有新的结算单等待确认，开始时间：2009-02-01 00:00:00，结束时间：2009-02-28 23:59:59，结算单号：99。', 1493892751, ''),
(101, 'store_bill_affirm', 2, '您有新的结算单等待确认，开始时间：2009-01-01 00:00:00，结束时间：2009-01-31 23:59:59，结算单号：100。', 1493892752, ''),
(102, 'store_bill_affirm', 2, '您有新的结算单等待确认，开始时间：2008-12-01 00:00:00，结束时间：2008-12-31 23:59:59，结算单号：101。', 1493892752, ''),
(103, 'store_bill_affirm', 2, '您有新的结算单等待确认，开始时间：2008-11-01 00:00:00，结束时间：2008-11-30 23:59:59，结算单号：102。', 1493892752, ''),
(104, 'store_bill_affirm', 2, '您有新的结算单等待确认，开始时间：2008-10-01 00:00:00，结束时间：2008-10-31 23:59:59，结算单号：103。', 1493892752, ''),
(105, 'store_bill_affirm', 2, '您有新的结算单等待确认，开始时间：2008-09-01 00:00:00，结束时间：2008-09-30 23:59:59，结算单号：104。', 1493892752, ''),
(106, 'store_bill_affirm', 2, '您有新的结算单等待确认，开始时间：2008-08-01 00:00:00，结束时间：2008-08-31 23:59:59，结算单号：105。', 1493892752, ''),
(107, 'store_bill_affirm', 2, '您有新的结算单等待确认，开始时间：2008-07-01 00:00:00，结束时间：2008-07-31 23:59:59，结算单号：106。', 1493892752, ''),
(108, 'store_bill_affirm', 2, '您有新的结算单等待确认，开始时间：2008-06-01 00:00:00，结束时间：2008-06-30 23:59:59，结算单号：107。', 1493892753, ''),
(109, 'store_bill_affirm', 2, '您有新的结算单等待确认，开始时间：2008-05-01 00:00:00，结束时间：2008-05-31 23:59:59，结算单号：108。', 1493892753, ''),
(110, 'store_bill_affirm', 2, '您有新的结算单等待确认，开始时间：2008-04-01 00:00:00，结束时间：2008-04-30 23:59:59，结算单号：109。', 1493892753, ''),
(111, 'store_bill_affirm', 2, '您有新的结算单等待确认，开始时间：2008-03-01 00:00:00，结束时间：2008-03-31 23:59:59，结算单号：110。', 1493892753, ''),
(112, 'store_bill_affirm', 2, '您有新的结算单等待确认，开始时间：2008-02-01 00:00:00，结束时间：2008-02-29 23:59:59，结算单号：111。', 1493892753, ''),
(113, 'store_bill_affirm', 2, '您有新的结算单等待确认，开始时间：2008-01-01 00:00:00，结束时间：2008-01-31 23:59:59，结算单号：112。', 1493892753, ''),
(114, 'store_bill_affirm', 2, '您有新的结算单等待确认，开始时间：2007-12-01 00:00:00，结束时间：2007-12-31 23:59:59，结算单号：113。', 1493892754, ''),
(115, 'store_bill_affirm', 2, '您有新的结算单等待确认，开始时间：2007-11-01 00:00:00，结束时间：2007-11-30 23:59:59，结算单号：114。', 1493892754, ''),
(116, 'store_bill_affirm', 2, '您有新的结算单等待确认，开始时间：2007-10-01 00:00:00，结束时间：2007-10-31 23:59:59，结算单号：115。', 1493892754, ''),
(117, 'store_bill_affirm', 2, '您有新的结算单等待确认，开始时间：2007-09-01 00:00:00，结束时间：2007-09-30 23:59:59，结算单号：116。', 1493892754, ''),
(118, 'store_bill_affirm', 2, '您有新的结算单等待确认，开始时间：2007-08-01 00:00:00，结束时间：2007-08-31 23:59:59，结算单号：117。', 1493892754, ''),
(119, 'store_bill_affirm', 2, '您有新的结算单等待确认，开始时间：2007-07-01 00:00:00，结束时间：2007-07-31 23:59:59，结算单号：118。', 1493892755, ''),
(120, 'store_bill_affirm', 2, '您有新的结算单等待确认，开始时间：2007-06-01 00:00:00，结束时间：2007-06-30 23:59:59，结算单号：119。', 1493892755, ''),
(121, 'store_bill_affirm', 2, '您有新的结算单等待确认，开始时间：2007-05-01 00:00:00，结束时间：2007-05-31 23:59:59，结算单号：120。', 1493892755, ''),
(122, 'store_bill_affirm', 2, '您有新的结算单等待确认，开始时间：2007-04-01 00:00:00，结束时间：2007-04-30 23:59:59，结算单号：121。', 1493892756, ''),
(123, 'store_bill_affirm', 2, '您有新的结算单等待确认，开始时间：2007-03-01 00:00:00，结束时间：2007-03-31 23:59:59，结算单号：122。', 1493892756, ''),
(124, 'store_bill_affirm', 2, '您有新的结算单等待确认，开始时间：2007-02-01 00:00:00，结束时间：2007-02-28 23:59:59，结算单号：123。', 1493892756, ''),
(125, 'store_bill_affirm', 2, '您有新的结算单等待确认，开始时间：2007-01-01 00:00:00，结束时间：2007-01-31 23:59:59，结算单号：124。', 1493892756, ''),
(126, 'store_bill_affirm', 2, '您有新的结算单等待确认，开始时间：2006-12-01 00:00:00，结束时间：2006-12-31 23:59:59，结算单号：125。', 1493892756, ''),
(127, 'store_bill_affirm', 2, '您有新的结算单等待确认，开始时间：2006-11-01 00:00:00，结束时间：2006-11-30 23:59:59，结算单号：126。', 1493892757, ''),
(128, 'store_bill_affirm', 2, '您有新的结算单等待确认，开始时间：2006-10-01 00:00:00，结束时间：2006-10-31 23:59:59，结算单号：127。', 1493892757, ''),
(129, 'store_bill_affirm', 2, '您有新的结算单等待确认，开始时间：2006-09-01 00:00:00，结束时间：2006-09-30 23:59:59，结算单号：128。', 1493892757, ''),
(130, 'store_bill_affirm', 2, '您有新的结算单等待确认，开始时间：2006-08-01 00:00:00，结束时间：2006-08-31 23:59:59，结算单号：129。', 1493892757, ''),
(131, 'store_bill_affirm', 2, '您有新的结算单等待确认，开始时间：2006-07-01 00:00:00，结束时间：2006-07-31 23:59:59，结算单号：130。', 1493892757, ''),
(132, 'store_bill_affirm', 2, '您有新的结算单等待确认，开始时间：2006-06-01 00:00:00，结束时间：2006-06-30 23:59:59，结算单号：131。', 1493892758, ''),
(133, 'store_bill_affirm', 2, '您有新的结算单等待确认，开始时间：2006-05-01 00:00:00，结束时间：2006-05-31 23:59:59，结算单号：132。', 1493892758, ''),
(134, 'store_bill_affirm', 2, '您有新的结算单等待确认，开始时间：2006-04-01 00:00:00，结束时间：2006-04-30 23:59:59，结算单号：133。', 1493892758, ''),
(135, 'store_bill_affirm', 2, '您有新的结算单等待确认，开始时间：2006-03-01 00:00:00，结束时间：2006-03-31 23:59:59，结算单号：134。', 1493892758, ''),
(136, 'store_bill_affirm', 2, '您有新的结算单等待确认，开始时间：2006-02-01 00:00:00，结束时间：2006-02-28 23:59:59，结算单号：135。', 1493892758, ''),
(137, 'store_bill_affirm', 2, '您有新的结算单等待确认，开始时间：2006-01-01 00:00:00，结束时间：2006-01-31 23:59:59，结算单号：136。', 1493892758, ''),
(138, 'store_bill_affirm', 2, '您有新的结算单等待确认，开始时间：2005-12-01 00:00:00，结束时间：2005-12-31 23:59:59，结算单号：137。', 1493892759, ''),
(139, 'store_bill_affirm', 2, '您有新的结算单等待确认，开始时间：2005-11-01 00:00:00，结束时间：2005-11-30 23:59:59，结算单号：138。', 1493892759, ''),
(140, 'store_bill_affirm', 2, '您有新的结算单等待确认，开始时间：2005-10-01 00:00:00，结束时间：2005-10-31 23:59:59，结算单号：139。', 1493892759, ''),
(141, 'store_bill_affirm', 2, '您有新的结算单等待确认，开始时间：2005-09-01 00:00:00，结束时间：2005-09-30 23:59:59，结算单号：140。', 1493892759, ''),
(142, 'store_bill_affirm', 2, '您有新的结算单等待确认，开始时间：2005-08-01 00:00:00，结束时间：2005-08-31 23:59:59，结算单号：141。', 1493892759, ''),
(143, 'store_bill_affirm', 2, '您有新的结算单等待确认，开始时间：2005-07-01 00:00:00，结束时间：2005-07-31 23:59:59，结算单号：142。', 1493892759, ''),
(144, 'store_bill_affirm', 2, '您有新的结算单等待确认，开始时间：2005-06-01 00:00:00，结束时间：2005-06-30 23:59:59，结算单号：143。', 1493892760, ''),
(145, 'store_bill_affirm', 2, '您有新的结算单等待确认，开始时间：2005-05-01 00:00:00，结束时间：2005-05-31 23:59:59，结算单号：144。', 1493892760, ''),
(146, 'store_bill_affirm', 2, '您有新的结算单等待确认，开始时间：2005-04-01 00:00:00，结束时间：2005-04-30 23:59:59，结算单号：145。', 1493892760, ''),
(147, 'store_bill_affirm', 2, '您有新的结算单等待确认，开始时间：2005-03-01 00:00:00，结束时间：2005-03-31 23:59:59，结算单号：146。', 1493892760, ''),
(148, 'store_bill_affirm', 2, '您有新的结算单等待确认，开始时间：2005-02-01 00:00:00，结束时间：2005-02-28 23:59:59，结算单号：147。', 1493892760, ''),
(149, 'store_bill_affirm', 2, '您有新的结算单等待确认，开始时间：2005-01-01 00:00:00，结束时间：2005-01-31 23:59:59，结算单号：148。', 1493892761, ''),
(150, 'store_bill_affirm', 2, '您有新的结算单等待确认，开始时间：2004-12-01 00:00:00，结束时间：2004-12-31 23:59:59，结算单号：149。', 1493892761, ''),
(151, 'store_bill_affirm', 2, '您有新的结算单等待确认，开始时间：2004-11-01 00:00:00，结束时间：2004-11-30 23:59:59，结算单号：150。', 1493892761, ''),
(152, 'store_bill_affirm', 2, '您有新的结算单等待确认，开始时间：2004-10-01 00:00:00，结束时间：2004-10-31 23:59:59，结算单号：151。', 1493892761, ''),
(153, 'store_bill_affirm', 2, '您有新的结算单等待确认，开始时间：2004-09-01 00:00:00，结束时间：2004-09-30 23:59:59，结算单号：152。', 1493892762, ''),
(154, 'store_bill_affirm', 2, '您有新的结算单等待确认，开始时间：2004-08-01 00:00:00，结束时间：2004-08-31 23:59:59，结算单号：153。', 1493892762, ''),
(155, 'store_bill_affirm', 2, '您有新的结算单等待确认，开始时间：2004-07-01 00:00:00，结束时间：2004-07-31 23:59:59，结算单号：154。', 1493892762, ''),
(156, 'store_bill_affirm', 2, '您有新的结算单等待确认，开始时间：2004-06-01 00:00:00，结束时间：2004-06-30 23:59:59，结算单号：155。', 1493892762, ''),
(157, 'store_bill_affirm', 2, '您有新的结算单等待确认，开始时间：2004-05-01 00:00:00，结束时间：2004-05-31 23:59:59，结算单号：156。', 1493892762, ''),
(158, 'store_bill_affirm', 2, '您有新的结算单等待确认，开始时间：2004-04-01 00:00:00，结束时间：2004-04-30 23:59:59，结算单号：157。', 1493892763, ''),
(159, 'store_bill_affirm', 2, '您有新的结算单等待确认，开始时间：2004-03-01 00:00:00，结束时间：2004-03-31 23:59:59，结算单号：158。', 1493892763, ''),
(160, 'store_bill_affirm', 2, '您有新的结算单等待确认，开始时间：2004-02-01 00:00:00，结束时间：2004-02-29 23:59:59，结算单号：159。', 1493892763, ''),
(161, 'store_bill_affirm', 2, '您有新的结算单等待确认，开始时间：2004-01-01 00:00:00，结束时间：2004-01-31 23:59:59，结算单号：160。', 1493892763, ''),
(162, 'store_bill_affirm', 2, '您有新的结算单等待确认，开始时间：2003-12-01 00:00:00，结束时间：2003-12-31 23:59:59，结算单号：161。', 1493892763, ''),
(163, 'store_bill_affirm', 2, '您有新的结算单等待确认，开始时间：2003-11-01 00:00:00，结束时间：2003-11-30 23:59:59，结算单号：162。', 1493892763, ''),
(164, 'store_bill_affirm', 2, '您有新的结算单等待确认，开始时间：2003-10-01 00:00:00，结束时间：2003-10-31 23:59:59，结算单号：163。', 1493892764, ''),
(165, 'store_bill_affirm', 2, '您有新的结算单等待确认，开始时间：2003-09-01 00:00:00，结束时间：2003-09-30 23:59:59，结算单号：164。', 1493892764, ''),
(166, 'store_bill_affirm', 2, '您有新的结算单等待确认，开始时间：2003-08-01 00:00:00，结束时间：2003-08-31 23:59:59，结算单号：165。', 1493892764, ''),
(167, 'store_bill_affirm', 2, '您有新的结算单等待确认，开始时间：2003-07-01 00:00:00，结束时间：2003-07-31 23:59:59，结算单号：166。', 1493892764, ''),
(168, 'store_bill_affirm', 2, '您有新的结算单等待确认，开始时间：2003-06-01 00:00:00，结束时间：2003-06-30 23:59:59，结算单号：167。', 1493892764, ''),
(169, 'store_bill_affirm', 2, '您有新的结算单等待确认，开始时间：2003-05-01 00:00:00，结束时间：2003-05-31 23:59:59，结算单号：168。', 1493892764, ''),
(170, 'store_bill_affirm', 2, '您有新的结算单等待确认，开始时间：2003-04-01 00:00:00，结束时间：2003-04-30 23:59:59，结算单号：169。', 1493892765, ''),
(171, 'store_bill_affirm', 2, '您有新的结算单等待确认，开始时间：2003-03-01 00:00:00，结束时间：2003-03-31 23:59:59，结算单号：170。', 1493892765, ''),
(172, 'store_bill_affirm', 2, '您有新的结算单等待确认，开始时间：2003-02-01 00:00:00，结束时间：2003-02-28 23:59:59，结算单号：171。', 1493892765, ''),
(173, 'store_bill_affirm', 2, '您有新的结算单等待确认，开始时间：2003-01-01 00:00:00，结束时间：2003-01-31 23:59:59，结算单号：172。', 1493892765, ''),
(174, 'store_bill_affirm', 2, '您有新的结算单等待确认，开始时间：2002-12-01 00:00:00，结束时间：2002-12-31 23:59:59，结算单号：173。', 1493892765, ''),
(175, 'store_bill_affirm', 2, '您有新的结算单等待确认，开始时间：2002-11-01 00:00:00，结束时间：2002-11-30 23:59:59，结算单号：174。', 1493892765, ''),
(176, 'store_bill_affirm', 2, '您有新的结算单等待确认，开始时间：2002-10-01 00:00:00，结束时间：2002-10-31 23:59:59，结算单号：175。', 1493892766, ''),
(177, 'store_bill_affirm', 2, '您有新的结算单等待确认，开始时间：2002-09-01 00:00:00，结束时间：2002-09-30 23:59:59，结算单号：176。', 1493892766, ''),
(178, 'store_bill_affirm', 2, '您有新的结算单等待确认，开始时间：2002-08-01 00:00:00，结束时间：2002-08-31 23:59:59，结算单号：177。', 1493892766, ''),
(179, 'store_bill_affirm', 2, '您有新的结算单等待确认，开始时间：2002-07-01 00:00:00，结束时间：2002-07-31 23:59:59，结算单号：178。', 1493892766, ''),
(180, 'store_bill_affirm', 2, '您有新的结算单等待确认，开始时间：2002-06-01 00:00:00，结束时间：2002-06-30 23:59:59，结算单号：179。', 1493892766, ''),
(181, 'store_bill_affirm', 2, '您有新的结算单等待确认，开始时间：2002-05-01 00:00:00，结束时间：2002-05-31 23:59:59，结算单号：180。', 1493892766, ''),
(182, 'store_bill_affirm', 2, '您有新的结算单等待确认，开始时间：2002-04-01 00:00:00，结束时间：2002-04-30 23:59:59，结算单号：181。', 1493892767, ''),
(183, 'store_bill_affirm', 2, '您有新的结算单等待确认，开始时间：2002-03-01 00:00:00，结束时间：2002-03-31 23:59:59，结算单号：182。', 1493892767, ''),
(184, 'store_bill_affirm', 2, '您有新的结算单等待确认，开始时间：2002-02-01 00:00:00，结束时间：2002-02-28 23:59:59，结算单号：183。', 1493892767, ''),
(185, 'store_bill_affirm', 2, '您有新的结算单等待确认，开始时间：2002-01-01 00:00:00，结束时间：2002-01-31 23:59:59，结算单号：184。', 1493892767, ''),
(186, 'store_bill_affirm', 2, '您有新的结算单等待确认，开始时间：2001-12-01 00:00:00，结束时间：2001-12-31 23:59:59，结算单号：185。', 1493892767, ''),
(187, 'store_bill_affirm', 2, '您有新的结算单等待确认，开始时间：2001-11-01 00:00:00，结束时间：2001-11-30 23:59:59，结算单号：186。', 1493892768, ''),
(188, 'store_bill_affirm', 2, '您有新的结算单等待确认，开始时间：2001-10-01 00:00:00，结束时间：2001-10-31 23:59:59，结算单号：187。', 1493892768, ''),
(189, 'store_bill_affirm', 2, '您有新的结算单等待确认，开始时间：2001-09-01 00:00:00，结束时间：2001-09-30 23:59:59，结算单号：188。', 1493892768, ''),
(190, 'store_bill_affirm', 2, '您有新的结算单等待确认，开始时间：2001-08-01 00:00:00，结束时间：2001-08-31 23:59:59，结算单号：189。', 1493892768, ''),
(191, 'store_bill_affirm', 2, '您有新的结算单等待确认，开始时间：2001-07-01 00:00:00，结束时间：2001-07-31 23:59:59，结算单号：190。', 1493892769, ''),
(192, 'store_bill_affirm', 2, '您有新的结算单等待确认，开始时间：2001-06-01 00:00:00，结束时间：2001-06-30 23:59:59，结算单号：191。', 1493892769, ''),
(193, 'store_bill_affirm', 2, '您有新的结算单等待确认，开始时间：2001-05-01 00:00:00，结束时间：2001-05-31 23:59:59，结算单号：192。', 1493892769, ''),
(194, 'store_bill_affirm', 2, '您有新的结算单等待确认，开始时间：2001-04-01 00:00:00，结束时间：2001-04-30 23:59:59，结算单号：193。', 1493892769, ''),
(195, 'store_bill_affirm', 2, '您有新的结算单等待确认，开始时间：2001-03-01 00:00:00，结束时间：2001-03-31 23:59:59，结算单号：194。', 1493892769, ''),
(196, 'store_bill_affirm', 2, '您有新的结算单等待确认，开始时间：2001-02-01 00:00:00，结束时间：2001-02-28 23:59:59，结算单号：195。', 1493892769, ''),
(197, 'store_bill_affirm', 2, '您有新的结算单等待确认，开始时间：2001-01-01 00:00:00，结束时间：2001-01-31 23:59:59，结算单号：196。', 1493892770, ''),
(198, 'store_bill_affirm', 2, '您有新的结算单等待确认，开始时间：2000-12-01 00:00:00，结束时间：2000-12-31 23:59:59，结算单号：197。', 1493892770, ''),
(199, 'store_bill_affirm', 2, '您有新的结算单等待确认，开始时间：2000-11-01 00:00:00，结束时间：2000-11-30 23:59:59，结算单号：198。', 1493892770, ''),
(200, 'store_bill_affirm', 2, '您有新的结算单等待确认，开始时间：2000-10-01 00:00:00，结束时间：2000-10-31 23:59:59，结算单号：199。', 1493892770, ''),
(201, 'store_bill_affirm', 2, '您有新的结算单等待确认，开始时间：2000-09-01 00:00:00，结束时间：2000-09-30 23:59:59，结算单号：200。', 1493892770, ''),
(202, 'store_bill_affirm', 2, '您有新的结算单等待确认，开始时间：2000-08-01 00:00:00，结束时间：2000-08-31 23:59:59，结算单号：201。', 1493892770, ''),
(203, 'store_bill_affirm', 2, '您有新的结算单等待确认，开始时间：2000-07-01 00:00:00，结束时间：2000-07-31 23:59:59，结算单号：202。', 1493892771, ''),
(204, 'store_bill_affirm', 2, '您有新的结算单等待确认，开始时间：2000-06-01 00:00:00，结束时间：2000-06-30 23:59:59，结算单号：203。', 1493892771, ''),
(205, 'store_bill_affirm', 2, '您有新的结算单等待确认，开始时间：2000-05-01 00:00:00，结束时间：2000-05-31 23:59:59，结算单号：204。', 1493892771, ''),
(206, 'store_bill_affirm', 2, '您有新的结算单等待确认，开始时间：2000-04-01 00:00:00，结束时间：2000-04-30 23:59:59，结算单号：205。', 1493892771, ''),
(207, 'store_bill_affirm', 2, '您有新的结算单等待确认，开始时间：2000-03-01 00:00:00，结束时间：2000-03-31 23:59:59，结算单号：206。', 1493892771, ''),
(208, 'store_bill_affirm', 2, '您有新的结算单等待确认，开始时间：2000-02-01 00:00:00，结束时间：2000-02-29 23:59:59，结算单号：207。', 1493892771, ''),
(209, 'store_bill_affirm', 2, '您有新的结算单等待确认，开始时间：2000-01-01 00:00:00，结束时间：2000-01-31 23:59:59，结算单号：208。', 1493892772, ''),
(210, 'store_bill_affirm', 2, '您有新的结算单等待确认，开始时间：1999-12-01 00:00:00，结束时间：1999-12-31 23:59:59，结算单号：209。', 1493892772, ''),
(211, 'store_bill_affirm', 2, '您有新的结算单等待确认，开始时间：1999-11-01 00:00:00，结束时间：1999-11-30 23:59:59，结算单号：210。', 1493892772, ''),
(212, 'store_bill_affirm', 2, '您有新的结算单等待确认，开始时间：1999-10-01 00:00:00，结束时间：1999-10-31 23:59:59，结算单号：211。', 1493892772, ''),
(213, 'store_bill_affirm', 2, '您有新的结算单等待确认，开始时间：1999-09-01 00:00:00，结束时间：1999-09-30 23:59:59，结算单号：212。', 1493892772, ''),
(214, 'store_bill_affirm', 2, '您有新的结算单等待确认，开始时间：1999-08-01 00:00:00，结束时间：1999-08-31 23:59:59，结算单号：213。', 1493892773, ''),
(215, 'store_bill_affirm', 2, '您有新的结算单等待确认，开始时间：1999-07-01 00:00:00，结束时间：1999-07-31 23:59:59，结算单号：214。', 1493892773, ''),
(216, 'store_bill_affirm', 2, '您有新的结算单等待确认，开始时间：1999-06-01 00:00:00，结束时间：1999-06-30 23:59:59，结算单号：215。', 1493892773, ''),
(217, 'store_bill_affirm', 2, '您有新的结算单等待确认，开始时间：1999-05-01 00:00:00，结束时间：1999-05-31 23:59:59，结算单号：216。', 1493892773, ''),
(218, 'store_bill_affirm', 2, '您有新的结算单等待确认，开始时间：1999-04-01 00:00:00，结束时间：1999-04-30 23:59:59，结算单号：217。', 1493892773, ''),
(219, 'store_bill_affirm', 2, '您有新的结算单等待确认，开始时间：1999-03-01 00:00:00，结束时间：1999-03-31 23:59:59，结算单号：218。', 1493892774, ''),
(220, 'store_bill_affirm', 2, '您有新的结算单等待确认，开始时间：1999-02-01 00:00:00，结束时间：1999-02-28 23:59:59，结算单号：219。', 1493892774, ''),
(221, 'store_bill_affirm', 2, '您有新的结算单等待确认，开始时间：1999-01-01 00:00:00，结束时间：1999-01-31 23:59:59，结算单号：220。', 1493892774, ''),
(222, 'store_bill_affirm', 2, '您有新的结算单等待确认，开始时间：1998-12-01 00:00:00，结束时间：1998-12-31 23:59:59，结算单号：221。', 1493892774, ''),
(223, 'store_bill_affirm', 2, '您有新的结算单等待确认，开始时间：1998-11-01 00:00:00，结束时间：1998-11-30 23:59:59，结算单号：222。', 1493892774, ''),
(224, 'store_bill_affirm', 2, '您有新的结算单等待确认，开始时间：1998-10-01 00:00:00，结束时间：1998-10-31 23:59:59，结算单号：223。', 1493892774, ''),
(225, 'store_bill_affirm', 2, '您有新的结算单等待确认，开始时间：1998-09-01 00:00:00，结束时间：1998-09-30 23:59:59，结算单号：224。', 1493892775, ''),
(226, 'store_bill_affirm', 2, '您有新的结算单等待确认，开始时间：1998-08-01 00:00:00，结束时间：1998-08-31 23:59:59，结算单号：225。', 1493892775, ''),
(227, 'store_bill_affirm', 2, '您有新的结算单等待确认，开始时间：1998-07-01 00:00:00，结束时间：1998-07-31 23:59:59，结算单号：226。', 1493892775, ''),
(228, 'store_bill_affirm', 2, '您有新的结算单等待确认，开始时间：1998-06-01 00:00:00，结束时间：1998-06-30 23:59:59，结算单号：227。', 1493892775, ''),
(229, 'store_bill_affirm', 2, '您有新的结算单等待确认，开始时间：1998-05-01 00:00:00，结束时间：1998-05-31 23:59:59，结算单号：228。', 1493892775, ''),
(230, 'store_bill_affirm', 2, '您有新的结算单等待确认，开始时间：1998-04-01 00:00:00，结束时间：1998-04-30 23:59:59，结算单号：229。', 1493892775, ''),
(231, 'store_bill_affirm', 2, '您有新的结算单等待确认，开始时间：1998-03-01 00:00:00，结束时间：1998-03-31 23:59:59，结算单号：230。', 1493892776, ''),
(232, 'store_bill_affirm', 2, '您有新的结算单等待确认，开始时间：1998-02-01 00:00:00，结束时间：1998-02-28 23:59:59，结算单号：231。', 1493892776, ''),
(233, 'store_bill_affirm', 2, '您有新的结算单等待确认，开始时间：1998-01-01 00:00:00，结束时间：1998-01-31 23:59:59，结算单号：232。', 1493892776, ''),
(234, 'store_bill_affirm', 2, '您有新的结算单等待确认，开始时间：1997-12-01 00:00:00，结束时间：1997-12-31 23:59:59，结算单号：233。', 1493892776, ''),
(235, 'store_bill_affirm', 2, '您有新的结算单等待确认，开始时间：1997-11-01 00:00:00，结束时间：1997-11-30 23:59:59，结算单号：234。', 1493892776, ''),
(236, 'store_bill_affirm', 2, '您有新的结算单等待确认，开始时间：1997-10-01 00:00:00，结束时间：1997-10-31 23:59:59，结算单号：235。', 1493892777, ''),
(237, 'store_bill_affirm', 2, '您有新的结算单等待确认，开始时间：1997-09-01 00:00:00，结束时间：1997-09-30 23:59:59，结算单号：236。', 1493892777, ''),
(238, 'store_bill_affirm', 2, '您有新的结算单等待确认，开始时间：1997-08-01 00:00:00，结束时间：1997-08-31 23:59:59，结算单号：237。', 1493892777, ''),
(239, 'store_bill_affirm', 2, '您有新的结算单等待确认，开始时间：1997-07-01 00:00:00，结束时间：1997-07-31 23:59:59，结算单号：238。', 1493892777, ''),
(240, 'store_bill_affirm', 2, '您有新的结算单等待确认，开始时间：1997-06-01 00:00:00，结束时间：1997-06-30 23:59:59，结算单号：239。', 1493892778, ''),
(241, 'store_bill_affirm', 2, '您有新的结算单等待确认，开始时间：1997-05-01 00:00:00，结束时间：1997-05-31 23:59:59，结算单号：240。', 1493892778, ''),
(242, 'store_bill_affirm', 2, '您有新的结算单等待确认，开始时间：1997-04-01 00:00:00，结束时间：1997-04-30 23:59:59，结算单号：241。', 1493892778, ''),
(243, 'store_bill_affirm', 2, '您有新的结算单等待确认，开始时间：1997-03-01 00:00:00，结束时间：1997-03-31 23:59:59，结算单号：242。', 1493892778, ''),
(244, 'store_bill_affirm', 2, '您有新的结算单等待确认，开始时间：1997-02-01 00:00:00，结束时间：1997-02-28 23:59:59，结算单号：243。', 1493892778, ''),
(245, 'store_bill_affirm', 2, '您有新的结算单等待确认，开始时间：1997-01-01 00:00:00，结束时间：1997-01-31 23:59:59，结算单号：244。', 1493892778, ''),
(246, 'store_bill_affirm', 2, '您有新的结算单等待确认，开始时间：1996-12-01 00:00:00，结束时间：1996-12-31 23:59:59，结算单号：245。', 1493892779, ''),
(247, 'store_bill_affirm', 2, '您有新的结算单等待确认，开始时间：1996-11-01 00:00:00，结束时间：1996-11-30 23:59:59，结算单号：246。', 1493892779, ''),
(248, 'store_bill_affirm', 2, '您有新的结算单等待确认，开始时间：1996-10-01 00:00:00，结束时间：1996-10-31 23:59:59，结算单号：247。', 1493892779, ''),
(249, 'store_bill_affirm', 2, '您有新的结算单等待确认，开始时间：1996-09-01 00:00:00，结束时间：1996-09-30 23:59:59，结算单号：248。', 1493892779, ''),
(250, 'store_bill_affirm', 2, '您有新的结算单等待确认，开始时间：1996-08-01 00:00:00，结束时间：1996-08-31 23:59:59，结算单号：249。', 1493892779, ''),
(251, 'store_bill_affirm', 2, '您有新的结算单等待确认，开始时间：1996-07-01 00:00:00，结束时间：1996-07-31 23:59:59，结算单号：250。', 1493892779, ''),
(252, 'store_bill_affirm', 2, '您有新的结算单等待确认，开始时间：1996-06-01 00:00:00，结束时间：1996-06-30 23:59:59，结算单号：251。', 1493892779, ''),
(253, 'store_bill_affirm', 2, '您有新的结算单等待确认，开始时间：1996-05-01 00:00:00，结束时间：1996-05-31 23:59:59，结算单号：252。', 1493892780, ''),
(254, 'store_bill_affirm', 2, '您有新的结算单等待确认，开始时间：1996-04-01 00:00:00，结束时间：1996-04-30 23:59:59，结算单号：253。', 1493892780, ''),
(255, 'store_bill_affirm', 2, '您有新的结算单等待确认，开始时间：1996-03-01 00:00:00，结束时间：1996-03-31 23:59:59，结算单号：254。', 1493892780, ''),
(256, 'store_bill_affirm', 2, '您有新的结算单等待确认，开始时间：1996-02-01 00:00:00，结束时间：1996-02-29 23:59:59，结算单号：255。', 1493892780, ''),
(257, 'store_bill_affirm', 2, '您有新的结算单等待确认，开始时间：1996-01-01 00:00:00，结束时间：1996-01-31 23:59:59，结算单号：256。', 1493892780, ''),
(258, 'store_bill_affirm', 2, '您有新的结算单等待确认，开始时间：1995-12-01 00:00:00，结束时间：1995-12-31 23:59:59，结算单号：257。', 1493892781, ''),
(259, 'store_bill_affirm', 2, '您有新的结算单等待确认，开始时间：1995-11-01 00:00:00，结束时间：1995-11-30 23:59:59，结算单号：258。', 1493892781, ''),
(260, 'store_bill_affirm', 2, '您有新的结算单等待确认，开始时间：1995-10-01 00:00:00，结束时间：1995-10-31 23:59:59，结算单号：259。', 1493892781, ''),
(261, 'store_bill_affirm', 2, '您有新的结算单等待确认，开始时间：1995-09-01 00:00:00，结束时间：1995-09-30 23:59:59，结算单号：260。', 1493892781, ''),
(262, 'store_bill_affirm', 2, '您有新的结算单等待确认，开始时间：1995-08-01 00:00:00，结束时间：1995-08-31 23:59:59，结算单号：261。', 1493892781, ''),
(263, 'store_bill_affirm', 2, '您有新的结算单等待确认，开始时间：1995-07-01 00:00:00，结束时间：1995-07-31 23:59:59，结算单号：262。', 1493892781, ''),
(264, 'store_bill_affirm', 2, '您有新的结算单等待确认，开始时间：1995-06-01 00:00:00，结束时间：1995-06-30 23:59:59，结算单号：263。', 1493892782, ''),
(265, 'store_bill_affirm', 2, '您有新的结算单等待确认，开始时间：1995-05-01 00:00:00，结束时间：1995-05-31 23:59:59，结算单号：264。', 1493892782, ''),
(266, 'store_bill_affirm', 2, '您有新的结算单等待确认，开始时间：1995-04-01 00:00:00，结束时间：1995-04-30 23:59:59，结算单号：265。', 1493892782, ''),
(267, 'store_bill_affirm', 2, '您有新的结算单等待确认，开始时间：1995-03-01 00:00:00，结束时间：1995-03-31 23:59:59，结算单号：266。', 1493892782, ''),
(268, 'store_bill_affirm', 2, '您有新的结算单等待确认，开始时间：1995-02-01 00:00:00，结束时间：1995-02-28 23:59:59，结算单号：267。', 1493892782, ''),
(269, 'store_bill_affirm', 2, '您有新的结算单等待确认，开始时间：1995-01-01 00:00:00，结束时间：1995-01-31 23:59:59，结算单号：268。', 1493892782, ''),
(270, 'store_bill_affirm', 2, '您有新的结算单等待确认，开始时间：1994-12-01 00:00:00，结束时间：1994-12-31 23:59:59，结算单号：269。', 1493892783, ''),
(271, 'store_bill_affirm', 2, '您有新的结算单等待确认，开始时间：1994-11-01 00:00:00，结束时间：1994-11-30 23:59:59，结算单号：270。', 1493892783, ''),
(272, 'store_bill_affirm', 2, '您有新的结算单等待确认，开始时间：1994-10-01 00:00:00，结束时间：1994-10-31 23:59:59，结算单号：271。', 1493892783, ''),
(273, 'store_bill_affirm', 2, '您有新的结算单等待确认，开始时间：1994-09-01 00:00:00，结束时间：1994-09-30 23:59:59，结算单号：272。', 1493892783, ''),
(274, 'store_bill_affirm', 2, '您有新的结算单等待确认，开始时间：1994-08-01 00:00:00，结束时间：1994-08-31 23:59:59，结算单号：273。', 1493892783, ''),
(275, 'store_bill_affirm', 2, '您有新的结算单等待确认，开始时间：1994-07-01 00:00:00，结束时间：1994-07-31 23:59:59，结算单号：274。', 1493892784, ''),
(276, 'store_bill_affirm', 2, '您有新的结算单等待确认，开始时间：1994-06-01 00:00:00，结束时间：1994-06-30 23:59:59，结算单号：275。', 1493892784, ''),
(277, 'store_bill_affirm', 2, '您有新的结算单等待确认，开始时间：1994-05-01 00:00:00，结束时间：1994-05-31 23:59:59，结算单号：276。', 1493892784, ''),
(278, 'store_bill_affirm', 2, '您有新的结算单等待确认，开始时间：1994-04-01 00:00:00，结束时间：1994-04-30 23:59:59，结算单号：277。', 1493892784, ''),
(279, 'store_bill_affirm', 2, '您有新的结算单等待确认，开始时间：1994-03-01 00:00:00，结束时间：1994-03-31 23:59:59，结算单号：278。', 1493892785, '');
INSERT INTO `33hao_store_msg` (`sm_id`, `smt_code`, `store_id`, `sm_content`, `sm_addtime`, `sm_readids`) VALUES
(280, 'store_bill_affirm', 2, '您有新的结算单等待确认，开始时间：1994-02-01 00:00:00，结束时间：1994-02-28 23:59:59，结算单号：279。', 1493892785, ''),
(281, 'store_bill_affirm', 2, '您有新的结算单等待确认，开始时间：1994-01-01 00:00:00，结束时间：1994-01-31 23:59:59，结算单号：280。', 1493892785, ''),
(282, 'store_bill_affirm', 2, '您有新的结算单等待确认，开始时间：1993-12-01 00:00:00，结束时间：1993-12-31 23:59:59，结算单号：281。', 1493892785, ''),
(283, 'store_bill_affirm', 2, '您有新的结算单等待确认，开始时间：1993-11-01 00:00:00，结束时间：1993-11-30 23:59:59，结算单号：282。', 1493892785, ''),
(284, 'store_bill_affirm', 2, '您有新的结算单等待确认，开始时间：1993-10-01 00:00:00，结束时间：1993-10-31 23:59:59，结算单号：283。', 1493892785, ''),
(285, 'store_bill_affirm', 2, '您有新的结算单等待确认，开始时间：1993-09-01 00:00:00，结束时间：1993-09-30 23:59:59，结算单号：284。', 1493892785, ''),
(286, 'store_bill_affirm', 2, '您有新的结算单等待确认，开始时间：1993-08-01 00:00:00，结束时间：1993-08-31 23:59:59，结算单号：285。', 1493892786, ''),
(287, 'store_bill_affirm', 2, '您有新的结算单等待确认，开始时间：1993-07-01 00:00:00，结束时间：1993-07-31 23:59:59，结算单号：286。', 1493892786, ''),
(288, 'store_bill_affirm', 2, '您有新的结算单等待确认，开始时间：1993-06-01 00:00:00，结束时间：1993-06-30 23:59:59，结算单号：287。', 1493892786, ''),
(289, 'store_bill_affirm', 2, '您有新的结算单等待确认，开始时间：1993-05-01 00:00:00，结束时间：1993-05-31 23:59:59，结算单号：288。', 1493892786, ''),
(290, 'store_bill_affirm', 2, '您有新的结算单等待确认，开始时间：1993-04-01 00:00:00，结束时间：1993-04-30 23:59:59，结算单号：289。', 1493892786, ''),
(291, 'store_bill_affirm', 2, '您有新的结算单等待确认，开始时间：1993-03-01 00:00:00，结束时间：1993-03-31 23:59:59，结算单号：290。', 1493892786, ''),
(292, 'store_bill_affirm', 2, '您有新的结算单等待确认，开始时间：1993-02-01 00:00:00，结束时间：1993-02-28 23:59:59，结算单号：291。', 1493892787, ''),
(293, 'store_bill_affirm', 2, '您有新的结算单等待确认，开始时间：1993-01-01 00:00:00，结束时间：1993-01-31 23:59:59，结算单号：292。', 1493892787, ''),
(294, 'store_bill_affirm', 2, '您有新的结算单等待确认，开始时间：1992-12-01 00:00:00，结束时间：1992-12-31 23:59:59，结算单号：293。', 1493892787, ''),
(295, 'store_bill_affirm', 2, '您有新的结算单等待确认，开始时间：1992-11-01 00:00:00，结束时间：1992-11-30 23:59:59，结算单号：294。', 1493892787, ''),
(296, 'store_bill_affirm', 2, '您有新的结算单等待确认，开始时间：1992-10-01 00:00:00，结束时间：1992-10-31 23:59:59，结算单号：295。', 1493892787, ''),
(297, 'store_bill_affirm', 2, '您有新的结算单等待确认，开始时间：1992-09-01 00:00:00，结束时间：1992-09-30 23:59:59，结算单号：296。', 1493892788, ''),
(298, 'store_bill_affirm', 2, '您有新的结算单等待确认，开始时间：1992-08-01 00:00:00，结束时间：1992-08-31 23:59:59，结算单号：297。', 1493892788, ''),
(299, 'store_bill_affirm', 2, '您有新的结算单等待确认，开始时间：1992-07-01 00:00:00，结束时间：1992-07-31 23:59:59，结算单号：298。', 1493892788, ''),
(300, 'store_bill_affirm', 2, '您有新的结算单等待确认，开始时间：1992-06-01 00:00:00，结束时间：1992-06-30 23:59:59，结算单号：299。', 1493892788, ''),
(301, 'store_bill_affirm', 2, '您有新的结算单等待确认，开始时间：1992-05-01 00:00:00，结束时间：1992-05-31 23:59:59，结算单号：300。', 1493892788, ''),
(302, 'store_bill_affirm', 2, '您有新的结算单等待确认，开始时间：1992-04-01 00:00:00，结束时间：1992-04-30 23:59:59，结算单号：301。', 1493892789, ''),
(303, 'store_bill_affirm', 2, '您有新的结算单等待确认，开始时间：1992-03-01 00:00:00，结束时间：1992-03-31 23:59:59，结算单号：302。', 1493892789, ''),
(304, 'store_bill_affirm', 2, '您有新的结算单等待确认，开始时间：1992-02-01 00:00:00，结束时间：1992-02-29 23:59:59，结算单号：303。', 1493892789, ''),
(305, 'store_bill_affirm', 2, '您有新的结算单等待确认，开始时间：1992-01-01 00:00:00，结束时间：1992-01-31 23:59:59，结算单号：304。', 1493892789, ''),
(306, 'store_bill_affirm', 2, '您有新的结算单等待确认，开始时间：1991-12-01 00:00:00，结束时间：1991-12-31 23:59:59，结算单号：305。', 1493892789, ''),
(307, 'store_bill_affirm', 2, '您有新的结算单等待确认，开始时间：1991-11-01 00:00:00，结束时间：1991-11-30 23:59:59，结算单号：306。', 1493892790, ''),
(308, 'store_bill_affirm', 2, '您有新的结算单等待确认，开始时间：1991-10-01 00:00:00，结束时间：1991-10-31 23:59:59，结算单号：307。', 1493892790, ''),
(309, 'store_bill_affirm', 2, '您有新的结算单等待确认，开始时间：1991-09-01 00:00:00，结束时间：1991-09-30 23:59:59，结算单号：308。', 1493892790, ''),
(310, 'store_bill_affirm', 2, '您有新的结算单等待确认，开始时间：1991-08-01 00:00:00，结束时间：1991-08-31 23:59:59，结算单号：309。', 1493892790, ''),
(311, 'store_bill_affirm', 2, '您有新的结算单等待确认，开始时间：1991-07-01 00:00:00，结束时间：1991-07-31 23:59:59，结算单号：310。', 1493892790, ''),
(312, 'store_bill_affirm', 2, '您有新的结算单等待确认，开始时间：1991-06-01 00:00:00，结束时间：1991-06-30 23:59:59，结算单号：311。', 1493892790, ''),
(313, 'store_bill_affirm', 2, '您有新的结算单等待确认，开始时间：1991-05-01 00:00:00，结束时间：1991-05-31 23:59:59，结算单号：312。', 1493892790, ''),
(314, 'store_bill_affirm', 2, '您有新的结算单等待确认，开始时间：1991-04-01 00:00:00，结束时间：1991-04-30 23:59:59，结算单号：313。', 1493892791, ''),
(315, 'store_bill_affirm', 2, '您有新的结算单等待确认，开始时间：1991-03-01 00:00:00，结束时间：1991-03-31 23:59:59，结算单号：314。', 1493892791, ''),
(316, 'store_bill_affirm', 2, '您有新的结算单等待确认，开始时间：1991-02-01 00:00:00，结束时间：1991-02-28 23:59:59，结算单号：315。', 1493892791, ''),
(317, 'store_bill_affirm', 2, '您有新的结算单等待确认，开始时间：1991-01-01 00:00:00，结束时间：1991-01-31 23:59:59，结算单号：316。', 1493892791, ''),
(318, 'store_bill_affirm', 2, '您有新的结算单等待确认，开始时间：1990-12-01 00:00:00，结束时间：1990-12-31 23:59:59，结算单号：317。', 1493892791, ''),
(319, 'store_bill_affirm', 2, '您有新的结算单等待确认，开始时间：1990-11-01 00:00:00，结束时间：1990-11-30 23:59:59，结算单号：318。', 1493892791, ''),
(320, 'store_bill_affirm', 2, '您有新的结算单等待确认，开始时间：1990-10-01 00:00:00，结束时间：1990-10-31 23:59:59，结算单号：319。', 1493892792, ''),
(321, 'store_bill_affirm', 2, '您有新的结算单等待确认，开始时间：1990-09-01 00:00:00，结束时间：1990-09-30 23:59:59，结算单号：320。', 1493892792, ''),
(322, 'store_bill_affirm', 2, '您有新的结算单等待确认，开始时间：1990-08-01 00:00:00，结束时间：1990-08-31 23:59:59，结算单号：321。', 1493892792, ''),
(323, 'store_bill_affirm', 2, '您有新的结算单等待确认，开始时间：1990-07-01 00:00:00，结束时间：1990-07-31 23:59:59，结算单号：322。', 1493892793, ''),
(324, 'store_bill_affirm', 2, '您有新的结算单等待确认，开始时间：1990-06-01 00:00:00，结束时间：1990-06-30 23:59:59，结算单号：323。', 1493892793, ''),
(325, 'store_bill_affirm', 2, '您有新的结算单等待确认，开始时间：1990-05-01 00:00:00，结束时间：1990-05-31 23:59:59，结算单号：324。', 1493892793, ''),
(326, 'store_bill_affirm', 2, '您有新的结算单等待确认，开始时间：1990-04-01 00:00:00，结束时间：1990-04-30 23:59:59，结算单号：325。', 1493892794, ''),
(327, 'store_bill_affirm', 2, '您有新的结算单等待确认，开始时间：1990-03-01 00:00:00，结束时间：1990-03-31 23:59:59，结算单号：326。', 1493892794, ''),
(328, 'store_bill_affirm', 2, '您有新的结算单等待确认，开始时间：1990-02-01 00:00:00，结束时间：1990-02-28 23:59:59，结算单号：327。', 1493892794, ''),
(329, 'store_bill_affirm', 2, '您有新的结算单等待确认，开始时间：1990-01-01 00:00:00，结束时间：1990-01-31 23:59:59，结算单号：328。', 1493892794, ''),
(330, 'store_bill_affirm', 2, '您有新的结算单等待确认，开始时间：1989-12-01 00:00:00，结束时间：1989-12-31 23:59:59，结算单号：329。', 1493892794, ''),
(331, 'store_bill_affirm', 2, '您有新的结算单等待确认，开始时间：1989-11-01 00:00:00，结束时间：1989-11-30 23:59:59，结算单号：330。', 1493892794, ''),
(332, 'store_bill_affirm', 2, '您有新的结算单等待确认，开始时间：1989-10-01 00:00:00，结束时间：1989-10-31 23:59:59，结算单号：331。', 1493892794, ''),
(333, 'store_bill_affirm', 2, '您有新的结算单等待确认，开始时间：1989-09-01 00:00:00，结束时间：1989-09-30 23:59:59，结算单号：332。', 1493892795, ''),
(334, 'store_bill_affirm', 2, '您有新的结算单等待确认，开始时间：1989-08-01 00:00:00，结束时间：1989-08-31 23:59:59，结算单号：333。', 1493892795, ''),
(335, 'store_bill_affirm', 2, '您有新的结算单等待确认，开始时间：1989-07-01 00:00:00，结束时间：1989-07-31 23:59:59，结算单号：334。', 1493892795, ''),
(336, 'store_bill_affirm', 2, '您有新的结算单等待确认，开始时间：1989-06-01 00:00:00，结束时间：1989-06-30 23:59:59，结算单号：335。', 1493892795, ''),
(337, 'store_bill_affirm', 2, '您有新的结算单等待确认，开始时间：1989-05-01 00:00:00，结束时间：1989-05-31 23:59:59，结算单号：336。', 1493892795, ''),
(338, 'store_bill_affirm', 2, '您有新的结算单等待确认，开始时间：1989-04-01 00:00:00，结束时间：1989-04-30 23:59:59，结算单号：337。', 1493892795, ''),
(339, 'store_bill_affirm', 2, '您有新的结算单等待确认，开始时间：1989-03-01 00:00:00，结束时间：1989-03-31 23:59:59，结算单号：338。', 1493892796, ''),
(340, 'store_bill_affirm', 2, '您有新的结算单等待确认，开始时间：1989-02-01 00:00:00，结束时间：1989-02-28 23:59:59，结算单号：339。', 1493892796, ''),
(341, 'store_bill_affirm', 2, '您有新的结算单等待确认，开始时间：1989-01-01 00:00:00，结束时间：1989-01-31 23:59:59，结算单号：340。', 1493892796, ''),
(342, 'store_bill_affirm', 2, '您有新的结算单等待确认，开始时间：1988-12-01 00:00:00，结束时间：1988-12-31 23:59:59，结算单号：341。', 1493892796, ''),
(343, 'store_bill_affirm', 2, '您有新的结算单等待确认，开始时间：1988-11-01 00:00:00，结束时间：1988-11-30 23:59:59，结算单号：342。', 1493892796, ''),
(344, 'store_bill_affirm', 2, '您有新的结算单等待确认，开始时间：1988-10-01 00:00:00，结束时间：1988-10-31 23:59:59，结算单号：343。', 1493892796, ''),
(345, 'store_bill_affirm', 2, '您有新的结算单等待确认，开始时间：1988-09-01 00:00:00，结束时间：1988-09-30 23:59:59，结算单号：344。', 1493892797, ''),
(346, 'store_bill_affirm', 2, '您有新的结算单等待确认，开始时间：1988-08-01 00:00:00，结束时间：1988-08-31 23:59:59，结算单号：345。', 1493892797, ''),
(347, 'store_bill_affirm', 2, '您有新的结算单等待确认，开始时间：1988-07-01 00:00:00，结束时间：1988-07-31 23:59:59，结算单号：346。', 1493892797, ''),
(348, 'store_bill_affirm', 2, '您有新的结算单等待确认，开始时间：1988-06-01 00:00:00，结束时间：1988-06-30 23:59:59，结算单号：347。', 1493892797, ''),
(349, 'store_bill_affirm', 2, '您有新的结算单等待确认，开始时间：1988-05-01 00:00:00，结束时间：1988-05-31 23:59:59，结算单号：348。', 1493892797, ''),
(350, 'store_bill_affirm', 2, '您有新的结算单等待确认，开始时间：1988-04-01 00:00:00，结束时间：1988-04-30 23:59:59，结算单号：349。', 1493892797, ''),
(351, 'store_bill_affirm', 2, '您有新的结算单等待确认，开始时间：1988-03-01 00:00:00，结束时间：1988-03-31 23:59:59，结算单号：350。', 1493892798, ''),
(352, 'store_bill_affirm', 2, '您有新的结算单等待确认，开始时间：1988-02-01 00:00:00，结束时间：1988-02-29 23:59:59，结算单号：351。', 1493892798, ''),
(353, 'store_bill_affirm', 2, '您有新的结算单等待确认，开始时间：1988-01-01 00:00:00，结束时间：1988-01-31 23:59:59，结算单号：352。', 1493892798, ''),
(354, 'store_bill_affirm', 2, '您有新的结算单等待确认，开始时间：1987-12-01 00:00:00，结束时间：1987-12-31 23:59:59，结算单号：353。', 1493892798, ''),
(355, 'store_bill_affirm', 2, '您有新的结算单等待确认，开始时间：1987-11-01 00:00:00，结束时间：1987-11-30 23:59:59，结算单号：354。', 1493892798, ''),
(356, 'store_bill_affirm', 2, '您有新的结算单等待确认，开始时间：1987-10-01 00:00:00，结束时间：1987-10-31 23:59:59，结算单号：355。', 1493892798, ''),
(357, 'store_bill_affirm', 2, '您有新的结算单等待确认，开始时间：1987-09-01 00:00:00，结束时间：1987-09-30 23:59:59，结算单号：356。', 1493892799, ''),
(358, 'store_bill_affirm', 2, '您有新的结算单等待确认，开始时间：1987-08-01 00:00:00，结束时间：1987-08-31 23:59:59，结算单号：357。', 1493892799, ''),
(359, 'store_bill_affirm', 2, '您有新的结算单等待确认，开始时间：1987-07-01 00:00:00，结束时间：1987-07-31 23:59:59，结算单号：358。', 1493892799, ''),
(360, 'store_bill_affirm', 2, '您有新的结算单等待确认，开始时间：1987-06-01 00:00:00，结束时间：1987-06-30 23:59:59，结算单号：359。', 1493892799, ''),
(361, 'store_bill_affirm', 2, '您有新的结算单等待确认，开始时间：1987-05-01 00:00:00，结束时间：1987-05-31 23:59:59，结算单号：360。', 1493892799, ''),
(362, 'store_bill_affirm', 2, '您有新的结算单等待确认，开始时间：1987-04-01 00:00:00，结束时间：1987-04-30 23:59:59，结算单号：361。', 1493892800, ''),
(363, 'store_bill_affirm', 2, '您有新的结算单等待确认，开始时间：1987-03-01 00:00:00，结束时间：1987-03-31 23:59:59，结算单号：362。', 1493892800, ''),
(364, 'store_bill_affirm', 2, '您有新的结算单等待确认，开始时间：1987-02-01 00:00:00，结束时间：1987-02-28 23:59:59，结算单号：363。', 1493892800, ''),
(365, 'store_bill_affirm', 2, '您有新的结算单等待确认，开始时间：1987-01-01 00:00:00，结束时间：1987-01-31 23:59:59，结算单号：364。', 1493892800, ''),
(366, 'store_bill_affirm', 2, '您有新的结算单等待确认，开始时间：1986-12-01 00:00:00，结束时间：1986-12-31 23:59:59，结算单号：365。', 1493892800, ''),
(367, 'store_bill_affirm', 2, '您有新的结算单等待确认，开始时间：1986-11-01 00:00:00，结束时间：1986-11-30 23:59:59，结算单号：366。', 1493892800, ''),
(368, 'store_bill_affirm', 2, '您有新的结算单等待确认，开始时间：1986-10-01 00:00:00，结束时间：1986-10-31 23:59:59，结算单号：367。', 1493892801, ''),
(369, 'store_bill_affirm', 2, '您有新的结算单等待确认，开始时间：1986-09-01 00:00:00，结束时间：1986-09-30 23:59:59，结算单号：368。', 1493892801, ''),
(370, 'store_bill_affirm', 2, '您有新的结算单等待确认，开始时间：1986-08-01 00:00:00，结束时间：1986-08-31 23:59:59，结算单号：369。', 1493892801, ''),
(371, 'store_bill_affirm', 2, '您有新的结算单等待确认，开始时间：1986-07-01 00:00:00，结束时间：1986-07-31 23:59:59，结算单号：370。', 1493892801, ''),
(372, 'store_bill_affirm', 2, '您有新的结算单等待确认，开始时间：1986-06-01 00:00:00，结束时间：1986-06-30 23:59:59，结算单号：371。', 1493892801, ''),
(373, 'store_bill_affirm', 2, '您有新的结算单等待确认，开始时间：1986-05-01 00:00:00，结束时间：1986-05-31 23:59:59，结算单号：372。', 1493892801, ''),
(374, 'store_bill_affirm', 2, '您有新的结算单等待确认，开始时间：1986-04-01 00:00:00，结束时间：1986-04-30 23:59:59，结算单号：373。', 1493892802, ''),
(375, 'store_bill_affirm', 2, '您有新的结算单等待确认，开始时间：1986-03-01 00:00:00，结束时间：1986-03-31 23:59:59，结算单号：374。', 1493892802, ''),
(376, 'store_bill_affirm', 2, '您有新的结算单等待确认，开始时间：1986-02-01 00:00:00，结束时间：1986-02-28 23:59:59，结算单号：375。', 1493892802, ''),
(377, 'store_bill_affirm', 2, '您有新的结算单等待确认，开始时间：1986-01-01 00:00:00，结束时间：1986-01-31 23:59:59，结算单号：376。', 1493892802, ''),
(378, 'store_bill_affirm', 2, '您有新的结算单等待确认，开始时间：1985-12-01 00:00:00，结束时间：1985-12-31 23:59:59，结算单号：377。', 1493892802, ''),
(379, 'store_bill_affirm', 2, '您有新的结算单等待确认，开始时间：1985-11-01 00:00:00，结束时间：1985-11-30 23:59:59，结算单号：378。', 1493892802, ''),
(380, 'store_bill_affirm', 2, '您有新的结算单等待确认，开始时间：1985-10-01 00:00:00，结束时间：1985-10-31 23:59:59，结算单号：379。', 1493892802, ''),
(381, 'store_bill_affirm', 2, '您有新的结算单等待确认，开始时间：1985-09-01 00:00:00，结束时间：1985-09-30 23:59:59，结算单号：380。', 1493892803, ''),
(382, 'store_bill_affirm', 2, '您有新的结算单等待确认，开始时间：1985-08-01 00:00:00，结束时间：1985-08-31 23:59:59，结算单号：381。', 1493892803, ''),
(383, 'store_bill_affirm', 2, '您有新的结算单等待确认，开始时间：1985-07-01 00:00:00，结束时间：1985-07-31 23:59:59，结算单号：382。', 1493892803, ''),
(384, 'store_bill_affirm', 2, '您有新的结算单等待确认，开始时间：1985-06-01 00:00:00，结束时间：1985-06-30 23:59:59，结算单号：383。', 1493892803, ''),
(385, 'store_bill_affirm', 2, '您有新的结算单等待确认，开始时间：1985-05-01 00:00:00，结束时间：1985-05-31 23:59:59，结算单号：384。', 1493892803, ''),
(386, 'store_bill_affirm', 2, '您有新的结算单等待确认，开始时间：1985-04-01 00:00:00，结束时间：1985-04-30 23:59:59，结算单号：385。', 1493892803, ''),
(387, 'store_bill_affirm', 2, '您有新的结算单等待确认，开始时间：1985-03-01 00:00:00，结束时间：1985-03-31 23:59:59，结算单号：386。', 1493892804, ''),
(388, 'store_bill_affirm', 2, '您有新的结算单等待确认，开始时间：1985-02-01 00:00:00，结束时间：1985-02-28 23:59:59，结算单号：387。', 1493892804, ''),
(389, 'store_bill_affirm', 2, '您有新的结算单等待确认，开始时间：1985-01-01 00:00:00，结束时间：1985-01-31 23:59:59，结算单号：388。', 1493892804, ''),
(390, 'store_bill_affirm', 2, '您有新的结算单等待确认，开始时间：1984-12-01 00:00:00，结束时间：1984-12-31 23:59:59，结算单号：389。', 1493892804, ''),
(391, 'store_bill_affirm', 2, '您有新的结算单等待确认，开始时间：1984-11-01 00:00:00，结束时间：1984-11-30 23:59:59，结算单号：390。', 1493892804, ''),
(392, 'store_bill_affirm', 2, '您有新的结算单等待确认，开始时间：1984-10-01 00:00:00，结束时间：1984-10-31 23:59:59，结算单号：391。', 1493892805, ''),
(393, 'store_bill_affirm', 2, '您有新的结算单等待确认，开始时间：1984-09-01 00:00:00，结束时间：1984-09-30 23:59:59，结算单号：392。', 1493892805, ''),
(394, 'store_bill_affirm', 2, '您有新的结算单等待确认，开始时间：1984-08-01 00:00:00，结束时间：1984-08-31 23:59:59，结算单号：393。', 1493892806, ''),
(395, 'store_bill_affirm', 2, '您有新的结算单等待确认，开始时间：1984-07-01 00:00:00，结束时间：1984-07-31 23:59:59，结算单号：394。', 1493892806, ''),
(396, 'store_bill_affirm', 2, '您有新的结算单等待确认，开始时间：1984-06-01 00:00:00，结束时间：1984-06-30 23:59:59，结算单号：395。', 1493892806, ''),
(397, 'store_bill_affirm', 2, '您有新的结算单等待确认，开始时间：1984-05-01 00:00:00，结束时间：1984-05-31 23:59:59，结算单号：396。', 1493892807, ''),
(398, 'store_bill_affirm', 2, '您有新的结算单等待确认，开始时间：1984-04-01 00:00:00，结束时间：1984-04-30 23:59:59，结算单号：397。', 1493892807, ''),
(399, 'store_bill_affirm', 2, '您有新的结算单等待确认，开始时间：1984-03-01 00:00:00，结束时间：1984-03-31 23:59:59，结算单号：398。', 1493892807, ''),
(400, 'store_bill_affirm', 2, '您有新的结算单等待确认，开始时间：1984-02-01 00:00:00，结束时间：1984-02-29 23:59:59，结算单号：399。', 1493892807, ''),
(401, 'store_bill_affirm', 2, '您有新的结算单等待确认，开始时间：1984-01-01 00:00:00，结束时间：1984-01-31 23:59:59，结算单号：400。', 1493892808, ''),
(402, 'store_bill_affirm', 2, '您有新的结算单等待确认，开始时间：1983-12-01 00:00:00，结束时间：1983-12-31 23:59:59，结算单号：401。', 1493892808, ''),
(403, 'store_bill_affirm', 2, '您有新的结算单等待确认，开始时间：1983-11-01 00:00:00，结束时间：1983-11-30 23:59:59，结算单号：402。', 1493892808, ''),
(404, 'store_bill_affirm', 2, '您有新的结算单等待确认，开始时间：1983-10-01 00:00:00，结束时间：1983-10-31 23:59:59，结算单号：403。', 1493892809, ''),
(405, 'store_bill_affirm', 2, '您有新的结算单等待确认，开始时间：1983-09-01 00:00:00，结束时间：1983-09-30 23:59:59，结算单号：404。', 1493892809, ''),
(406, 'store_bill_affirm', 2, '您有新的结算单等待确认，开始时间：1983-08-01 00:00:00，结束时间：1983-08-31 23:59:59，结算单号：405。', 1493892809, ''),
(407, 'store_bill_affirm', 2, '您有新的结算单等待确认，开始时间：1983-07-01 00:00:00，结束时间：1983-07-31 23:59:59，结算单号：406。', 1493892810, ''),
(408, 'store_bill_affirm', 2, '您有新的结算单等待确认，开始时间：1983-06-01 00:00:00，结束时间：1983-06-30 23:59:59，结算单号：407。', 1493892810, ''),
(409, 'store_bill_affirm', 2, '您有新的结算单等待确认，开始时间：1983-05-01 00:00:00，结束时间：1983-05-31 23:59:59，结算单号：408。', 1493892810, ''),
(410, 'store_bill_affirm', 2, '您有新的结算单等待确认，开始时间：1983-04-01 00:00:00，结束时间：1983-04-30 23:59:59，结算单号：409。', 1493892811, ''),
(411, 'store_bill_affirm', 2, '您有新的结算单等待确认，开始时间：1983-03-01 00:00:00，结束时间：1983-03-31 23:59:59，结算单号：410。', 1493892811, ''),
(412, 'store_bill_affirm', 2, '您有新的结算单等待确认，开始时间：1983-02-01 00:00:00，结束时间：1983-02-28 23:59:59，结算单号：411。', 1493892811, ''),
(413, 'store_bill_affirm', 2, '您有新的结算单等待确认，开始时间：1983-01-01 00:00:00，结束时间：1983-01-31 23:59:59，结算单号：412。', 1493892811, ''),
(414, 'store_bill_affirm', 2, '您有新的结算单等待确认，开始时间：1982-12-01 00:00:00，结束时间：1982-12-31 23:59:59，结算单号：413。', 1493892811, ''),
(415, 'store_bill_affirm', 2, '您有新的结算单等待确认，开始时间：1982-11-01 00:00:00，结束时间：1982-11-30 23:59:59，结算单号：414。', 1493892811, ''),
(416, 'store_bill_affirm', 2, '您有新的结算单等待确认，开始时间：1982-10-01 00:00:00，结束时间：1982-10-31 23:59:59，结算单号：415。', 1493892812, ''),
(417, 'store_bill_affirm', 2, '您有新的结算单等待确认，开始时间：1982-09-01 00:00:00，结束时间：1982-09-30 23:59:59，结算单号：416。', 1493892812, ''),
(418, 'store_bill_affirm', 2, '您有新的结算单等待确认，开始时间：1982-08-01 00:00:00，结束时间：1982-08-31 23:59:59，结算单号：417。', 1493892812, ''),
(419, 'store_bill_affirm', 2, '您有新的结算单等待确认，开始时间：1982-07-01 00:00:00，结束时间：1982-07-31 23:59:59，结算单号：418。', 1493892812, ''),
(420, 'store_bill_affirm', 2, '您有新的结算单等待确认，开始时间：1982-06-01 00:00:00，结束时间：1982-06-30 23:59:59，结算单号：419。', 1493892812, ''),
(421, 'store_bill_affirm', 2, '您有新的结算单等待确认，开始时间：1982-05-01 00:00:00，结束时间：1982-05-31 23:59:59，结算单号：420。', 1493892813, ''),
(422, 'store_bill_affirm', 2, '您有新的结算单等待确认，开始时间：1982-04-01 00:00:00，结束时间：1982-04-30 23:59:59，结算单号：421。', 1493892813, ''),
(423, 'store_bill_affirm', 2, '您有新的结算单等待确认，开始时间：1982-03-01 00:00:00，结束时间：1982-03-31 23:59:59，结算单号：422。', 1493892813, ''),
(424, 'store_bill_affirm', 2, '您有新的结算单等待确认，开始时间：1982-02-01 00:00:00，结束时间：1982-02-28 23:59:59，结算单号：423。', 1493892813, ''),
(425, 'store_bill_affirm', 2, '您有新的结算单等待确认，开始时间：1982-01-01 00:00:00，结束时间：1982-01-31 23:59:59，结算单号：424。', 1493892813, ''),
(426, 'store_bill_affirm', 2, '您有新的结算单等待确认，开始时间：1981-12-01 00:00:00，结束时间：1981-12-31 23:59:59，结算单号：425。', 1493892814, ''),
(427, 'store_bill_affirm', 2, '您有新的结算单等待确认，开始时间：1981-11-01 00:00:00，结束时间：1981-11-30 23:59:59，结算单号：426。', 1493892814, ''),
(428, 'store_bill_affirm', 2, '您有新的结算单等待确认，开始时间：1981-10-01 00:00:00，结束时间：1981-10-31 23:59:59，结算单号：427。', 1493892814, ''),
(429, 'store_bill_affirm', 2, '您有新的结算单等待确认，开始时间：1981-09-01 00:00:00，结束时间：1981-09-30 23:59:59，结算单号：428。', 1493892814, ''),
(430, 'store_bill_affirm', 2, '您有新的结算单等待确认，开始时间：1981-08-01 00:00:00，结束时间：1981-08-31 23:59:59，结算单号：429。', 1493892815, ''),
(431, 'store_bill_affirm', 2, '您有新的结算单等待确认，开始时间：1981-07-01 00:00:00，结束时间：1981-07-31 23:59:59，结算单号：430。', 1493892815, ''),
(432, 'store_bill_affirm', 2, '您有新的结算单等待确认，开始时间：1981-06-01 00:00:00，结束时间：1981-06-30 23:59:59，结算单号：431。', 1493892815, ''),
(433, 'store_bill_affirm', 2, '您有新的结算单等待确认，开始时间：1981-05-01 00:00:00，结束时间：1981-05-31 23:59:59，结算单号：432。', 1493892815, ''),
(434, 'store_bill_affirm', 2, '您有新的结算单等待确认，开始时间：1981-04-01 00:00:00，结束时间：1981-04-30 23:59:59，结算单号：433。', 1493892816, ''),
(435, 'store_bill_affirm', 2, '您有新的结算单等待确认，开始时间：1981-03-01 00:00:00，结束时间：1981-03-31 23:59:59，结算单号：434。', 1493892816, ''),
(436, 'store_bill_affirm', 2, '您有新的结算单等待确认，开始时间：1981-02-01 00:00:00，结束时间：1981-02-28 23:59:59，结算单号：435。', 1493892816, ''),
(437, 'store_bill_affirm', 2, '您有新的结算单等待确认，开始时间：1981-01-01 00:00:00，结束时间：1981-01-31 23:59:59，结算单号：436。', 1493892816, ''),
(438, 'store_bill_affirm', 2, '您有新的结算单等待确认，开始时间：1980-12-01 00:00:00，结束时间：1980-12-31 23:59:59，结算单号：437。', 1493892816, ''),
(439, 'store_bill_affirm', 2, '您有新的结算单等待确认，开始时间：1980-11-01 00:00:00，结束时间：1980-11-30 23:59:59，结算单号：438。', 1493892816, ''),
(440, 'store_bill_affirm', 2, '您有新的结算单等待确认，开始时间：1980-10-01 00:00:00，结束时间：1980-10-31 23:59:59，结算单号：439。', 1493892816, ''),
(441, 'store_bill_affirm', 2, '您有新的结算单等待确认，开始时间：1980-09-01 00:00:00，结束时间：1980-09-30 23:59:59，结算单号：440。', 1493892817, ''),
(442, 'store_bill_affirm', 2, '您有新的结算单等待确认，开始时间：1980-08-01 00:00:00，结束时间：1980-08-31 23:59:59，结算单号：441。', 1493892817, ''),
(443, 'store_bill_affirm', 2, '您有新的结算单等待确认，开始时间：1980-07-01 00:00:00，结束时间：1980-07-31 23:59:59，结算单号：442。', 1493892817, ''),
(444, 'store_bill_affirm', 2, '您有新的结算单等待确认，开始时间：1980-06-01 00:00:00，结束时间：1980-06-30 23:59:59，结算单号：443。', 1493892817, ''),
(445, 'store_bill_affirm', 2, '您有新的结算单等待确认，开始时间：1980-05-01 00:00:00，结束时间：1980-05-31 23:59:59，结算单号：444。', 1493892817, ''),
(446, 'store_bill_affirm', 2, '您有新的结算单等待确认，开始时间：1980-04-01 00:00:00，结束时间：1980-04-30 23:59:59，结算单号：445。', 1493892817, ''),
(447, 'store_bill_affirm', 2, '您有新的结算单等待确认，开始时间：1980-03-01 00:00:00，结束时间：1980-03-31 23:59:59，结算单号：446。', 1493892818, ''),
(448, 'store_bill_affirm', 2, '您有新的结算单等待确认，开始时间：1980-02-01 00:00:00，结束时间：1980-02-29 23:59:59，结算单号：447。', 1493892818, ''),
(449, 'store_bill_affirm', 2, '您有新的结算单等待确认，开始时间：1980-01-01 00:00:00，结束时间：1980-01-31 23:59:59，结算单号：448。', 1493892818, ''),
(450, 'store_bill_affirm', 2, '您有新的结算单等待确认，开始时间：1979-12-01 00:00:00，结束时间：1979-12-31 23:59:59，结算单号：449。', 1493892818, ''),
(451, 'store_bill_affirm', 2, '您有新的结算单等待确认，开始时间：1979-11-01 00:00:00，结束时间：1979-11-30 23:59:59，结算单号：450。', 1493892818, ''),
(452, 'store_bill_affirm', 2, '您有新的结算单等待确认，开始时间：1979-10-01 00:00:00，结束时间：1979-10-31 23:59:59，结算单号：451。', 1493892819, ''),
(453, 'store_bill_affirm', 2, '您有新的结算单等待确认，开始时间：1979-09-01 00:00:00，结束时间：1979-09-30 23:59:59，结算单号：452。', 1493892819, ''),
(454, 'store_bill_affirm', 2, '您有新的结算单等待确认，开始时间：1979-08-01 00:00:00，结束时间：1979-08-31 23:59:59，结算单号：453。', 1493892819, ''),
(455, 'store_bill_affirm', 2, '您有新的结算单等待确认，开始时间：1979-07-01 00:00:00，结束时间：1979-07-31 23:59:59，结算单号：454。', 1493892819, ''),
(456, 'store_bill_affirm', 2, '您有新的结算单等待确认，开始时间：1979-06-01 00:00:00，结束时间：1979-06-30 23:59:59，结算单号：455。', 1493892819, ''),
(457, 'store_bill_affirm', 2, '您有新的结算单等待确认，开始时间：1979-05-01 00:00:00，结束时间：1979-05-31 23:59:59，结算单号：456。', 1493892819, ''),
(458, 'store_bill_affirm', 2, '您有新的结算单等待确认，开始时间：1979-04-01 00:00:00，结束时间：1979-04-30 23:59:59，结算单号：457。', 1493892820, ''),
(459, 'store_bill_affirm', 2, '您有新的结算单等待确认，开始时间：1979-03-01 00:00:00，结束时间：1979-03-31 23:59:59，结算单号：458。', 1493892820, ''),
(460, 'store_bill_affirm', 2, '您有新的结算单等待确认，开始时间：1979-02-01 00:00:00，结束时间：1979-02-28 23:59:59，结算单号：459。', 1493892820, ''),
(461, 'store_bill_affirm', 2, '您有新的结算单等待确认，开始时间：1979-01-01 00:00:00，结束时间：1979-01-31 23:59:59，结算单号：460。', 1493892820, ''),
(462, 'store_bill_affirm', 2, '您有新的结算单等待确认，开始时间：1978-12-01 00:00:00，结束时间：1978-12-31 23:59:59，结算单号：461。', 1493892820, ''),
(463, 'store_bill_affirm', 2, '您有新的结算单等待确认，开始时间：1978-11-01 00:00:00，结束时间：1978-11-30 23:59:59，结算单号：462。', 1493892820, ''),
(464, 'store_bill_affirm', 2, '您有新的结算单等待确认，开始时间：1978-10-01 00:00:00，结束时间：1978-10-31 23:59:59，结算单号：463。', 1493892821, ''),
(465, 'store_bill_affirm', 2, '您有新的结算单等待确认，开始时间：1978-09-01 00:00:00，结束时间：1978-09-30 23:59:59，结算单号：464。', 1493892821, ''),
(466, 'store_bill_affirm', 2, '您有新的结算单等待确认，开始时间：1978-08-01 00:00:00，结束时间：1978-08-31 23:59:59，结算单号：465。', 1493892821, ''),
(467, 'store_bill_affirm', 2, '您有新的结算单等待确认，开始时间：1978-07-01 00:00:00，结束时间：1978-07-31 23:59:59，结算单号：466。', 1493892821, ''),
(468, 'store_bill_affirm', 2, '您有新的结算单等待确认，开始时间：1978-06-01 00:00:00，结束时间：1978-06-30 23:59:59，结算单号：467。', 1493892821, ''),
(469, 'store_bill_affirm', 2, '您有新的结算单等待确认，开始时间：1978-05-01 00:00:00，结束时间：1978-05-31 23:59:59，结算单号：468。', 1493892821, ''),
(470, 'store_bill_affirm', 2, '您有新的结算单等待确认，开始时间：1978-04-01 00:00:00，结束时间：1978-04-30 23:59:59，结算单号：469。', 1493892821, ''),
(471, 'store_bill_affirm', 2, '您有新的结算单等待确认，开始时间：1978-03-01 00:00:00，结束时间：1978-03-31 23:59:59，结算单号：470。', 1493892822, ''),
(472, 'store_bill_affirm', 2, '您有新的结算单等待确认，开始时间：1978-02-01 00:00:00，结束时间：1978-02-28 23:59:59，结算单号：471。', 1493892822, ''),
(473, 'store_bill_affirm', 2, '您有新的结算单等待确认，开始时间：1978-01-01 00:00:00，结束时间：1978-01-31 23:59:59，结算单号：472。', 1493892822, ''),
(474, 'store_bill_affirm', 2, '您有新的结算单等待确认，开始时间：1977-12-01 00:00:00，结束时间：1977-12-31 23:59:59，结算单号：473。', 1493892822, ''),
(475, 'store_bill_affirm', 2, '您有新的结算单等待确认，开始时间：1977-11-01 00:00:00，结束时间：1977-11-30 23:59:59，结算单号：474。', 1493892822, ''),
(476, 'store_bill_affirm', 2, '您有新的结算单等待确认，开始时间：1977-10-01 00:00:00，结束时间：1977-10-31 23:59:59，结算单号：475。', 1493892823, ''),
(477, 'store_bill_affirm', 2, '您有新的结算单等待确认，开始时间：1977-09-01 00:00:00，结束时间：1977-09-30 23:59:59，结算单号：476。', 1493892823, ''),
(478, 'store_bill_affirm', 2, '您有新的结算单等待确认，开始时间：1977-08-01 00:00:00，结束时间：1977-08-31 23:59:59，结算单号：477。', 1493892823, ''),
(479, 'store_bill_affirm', 2, '您有新的结算单等待确认，开始时间：1977-07-01 00:00:00，结束时间：1977-07-31 23:59:59，结算单号：478。', 1493892823, ''),
(480, 'store_bill_affirm', 2, '您有新的结算单等待确认，开始时间：1977-06-01 00:00:00，结束时间：1977-06-30 23:59:59，结算单号：479。', 1493892823, ''),
(481, 'store_bill_affirm', 2, '您有新的结算单等待确认，开始时间：1977-05-01 00:00:00，结束时间：1977-05-31 23:59:59，结算单号：480。', 1493892824, ''),
(482, 'store_bill_affirm', 2, '您有新的结算单等待确认，开始时间：1977-04-01 00:00:00，结束时间：1977-04-30 23:59:59，结算单号：481。', 1493892824, ''),
(483, 'store_bill_affirm', 2, '您有新的结算单等待确认，开始时间：1977-03-01 00:00:00，结束时间：1977-03-31 23:59:59，结算单号：482。', 1493892824, ''),
(484, 'store_bill_affirm', 2, '您有新的结算单等待确认，开始时间：1977-02-01 00:00:00，结束时间：1977-02-28 23:59:59，结算单号：483。', 1493892824, ''),
(485, 'store_bill_affirm', 2, '您有新的结算单等待确认，开始时间：1977-01-01 00:00:00，结束时间：1977-01-31 23:59:59，结算单号：484。', 1493892824, ''),
(486, 'store_bill_affirm', 2, '您有新的结算单等待确认，开始时间：1976-12-01 00:00:00，结束时间：1976-12-31 23:59:59，结算单号：485。', 1493892825, ''),
(487, 'store_bill_affirm', 2, '您有新的结算单等待确认，开始时间：1976-11-01 00:00:00，结束时间：1976-11-30 23:59:59，结算单号：486。', 1493892825, ''),
(488, 'store_bill_affirm', 2, '您有新的结算单等待确认，开始时间：1976-10-01 00:00:00，结束时间：1976-10-31 23:59:59，结算单号：487。', 1493892825, ''),
(489, 'store_bill_affirm', 2, '您有新的结算单等待确认，开始时间：1976-09-01 00:00:00，结束时间：1976-09-30 23:59:59，结算单号：488。', 1493892825, ''),
(490, 'store_bill_affirm', 2, '您有新的结算单等待确认，开始时间：1976-08-01 00:00:00，结束时间：1976-08-31 23:59:59，结算单号：489。', 1493892825, ''),
(491, 'store_bill_affirm', 2, '您有新的结算单等待确认，开始时间：1976-07-01 00:00:00，结束时间：1976-07-31 23:59:59，结算单号：490。', 1493892825, ''),
(492, 'store_bill_affirm', 2, '您有新的结算单等待确认，开始时间：1976-06-01 00:00:00，结束时间：1976-06-30 23:59:59，结算单号：491。', 1493892826, ''),
(493, 'store_bill_affirm', 2, '您有新的结算单等待确认，开始时间：1976-05-01 00:00:00，结束时间：1976-05-31 23:59:59，结算单号：492。', 1493892826, ''),
(494, 'store_bill_affirm', 2, '您有新的结算单等待确认，开始时间：1976-04-01 00:00:00，结束时间：1976-04-30 23:59:59，结算单号：493。', 1493892826, ''),
(495, 'store_bill_affirm', 2, '您有新的结算单等待确认，开始时间：1976-03-01 00:00:00，结束时间：1976-03-31 23:59:59，结算单号：494。', 1493892826, ''),
(496, 'store_bill_affirm', 2, '您有新的结算单等待确认，开始时间：1976-02-01 00:00:00，结束时间：1976-02-29 23:59:59，结算单号：495。', 1493892826, ''),
(497, 'store_bill_affirm', 2, '您有新的结算单等待确认，开始时间：1976-01-01 00:00:00，结束时间：1976-01-31 23:59:59，结算单号：496。', 1493892827, ''),
(498, 'store_bill_affirm', 2, '您有新的结算单等待确认，开始时间：1975-12-01 00:00:00，结束时间：1975-12-31 23:59:59，结算单号：497。', 1493892827, ''),
(499, 'store_bill_affirm', 2, '您有新的结算单等待确认，开始时间：1975-11-01 00:00:00，结束时间：1975-11-30 23:59:59，结算单号：498。', 1493892827, ''),
(500, 'store_bill_affirm', 2, '您有新的结算单等待确认，开始时间：1975-10-01 00:00:00，结束时间：1975-10-31 23:59:59，结算单号：499。', 1493892827, ''),
(501, 'store_bill_affirm', 2, '您有新的结算单等待确认，开始时间：1975-09-01 00:00:00，结束时间：1975-09-30 23:59:59，结算单号：500。', 1493892827, ''),
(502, 'store_bill_affirm', 2, '您有新的结算单等待确认，开始时间：1975-08-01 00:00:00，结束时间：1975-08-31 23:59:59，结算单号：501。', 1493892827, ''),
(503, 'store_bill_affirm', 2, '您有新的结算单等待确认，开始时间：1975-07-01 00:00:00，结束时间：1975-07-31 23:59:59，结算单号：502。', 1493892828, ''),
(504, 'store_bill_affirm', 2, '您有新的结算单等待确认，开始时间：1975-06-01 00:00:00，结束时间：1975-06-30 23:59:59，结算单号：503。', 1493892828, ''),
(505, 'store_bill_affirm', 2, '您有新的结算单等待确认，开始时间：1975-05-01 00:00:00，结束时间：1975-05-31 23:59:59，结算单号：504。', 1493892828, ''),
(506, 'store_bill_affirm', 2, '您有新的结算单等待确认，开始时间：1975-04-01 00:00:00，结束时间：1975-04-30 23:59:59，结算单号：505。', 1493892828, ''),
(507, 'store_bill_affirm', 2, '您有新的结算单等待确认，开始时间：1975-03-01 00:00:00，结束时间：1975-03-31 23:59:59，结算单号：506。', 1493892829, ''),
(508, 'store_bill_affirm', 2, '您有新的结算单等待确认，开始时间：1975-02-01 00:00:00，结束时间：1975-02-28 23:59:59，结算单号：507。', 1493892829, ''),
(509, 'store_bill_affirm', 2, '您有新的结算单等待确认，开始时间：1975-01-01 00:00:00，结束时间：1975-01-31 23:59:59，结算单号：508。', 1493892830, ''),
(510, 'store_bill_affirm', 2, '您有新的结算单等待确认，开始时间：1974-12-01 00:00:00，结束时间：1974-12-31 23:59:59，结算单号：509。', 1493892830, ''),
(511, 'store_bill_affirm', 2, '您有新的结算单等待确认，开始时间：1974-11-01 00:00:00，结束时间：1974-11-30 23:59:59，结算单号：510。', 1493892831, ''),
(512, 'store_bill_affirm', 2, '您有新的结算单等待确认，开始时间：1974-10-01 00:00:00，结束时间：1974-10-31 23:59:59，结算单号：511。', 1493892832, ''),
(513, 'store_bill_affirm', 2, '您有新的结算单等待确认，开始时间：1974-09-01 00:00:00，结束时间：1974-09-30 23:59:59，结算单号：512。', 1493892832, ''),
(514, 'store_bill_affirm', 2, '您有新的结算单等待确认，开始时间：1974-08-01 00:00:00，结束时间：1974-08-31 23:59:59，结算单号：513。', 1493892832, ''),
(515, 'store_bill_affirm', 2, '您有新的结算单等待确认，开始时间：1974-07-01 00:00:00，结束时间：1974-07-31 23:59:59，结算单号：514。', 1493892832, ''),
(516, 'store_bill_affirm', 2, '您有新的结算单等待确认，开始时间：1974-06-01 00:00:00，结束时间：1974-06-30 23:59:59，结算单号：515。', 1493892832, ''),
(517, 'store_bill_affirm', 2, '您有新的结算单等待确认，开始时间：1974-05-01 00:00:00，结束时间：1974-05-31 23:59:59，结算单号：516。', 1493892833, ''),
(518, 'store_bill_affirm', 2, '您有新的结算单等待确认，开始时间：1974-04-01 00:00:00，结束时间：1974-04-30 23:59:59，结算单号：517。', 1493892833, ''),
(519, 'store_bill_affirm', 2, '您有新的结算单等待确认，开始时间：1974-03-01 00:00:00，结束时间：1974-03-31 23:59:59，结算单号：518。', 1493892833, ''),
(520, 'store_bill_affirm', 2, '您有新的结算单等待确认，开始时间：1974-02-01 00:00:00，结束时间：1974-02-28 23:59:59，结算单号：519。', 1493892833, ''),
(521, 'store_bill_affirm', 2, '您有新的结算单等待确认，开始时间：1974-01-01 00:00:00，结束时间：1974-01-31 23:59:59，结算单号：520。', 1493892833, ''),
(522, 'store_bill_affirm', 2, '您有新的结算单等待确认，开始时间：1973-12-01 00:00:00，结束时间：1973-12-31 23:59:59，结算单号：521。', 1493892833, ''),
(523, 'store_bill_affirm', 2, '您有新的结算单等待确认，开始时间：1973-11-01 00:00:00，结束时间：1973-11-30 23:59:59，结算单号：522。', 1493892834, ''),
(524, 'store_bill_affirm', 2, '您有新的结算单等待确认，开始时间：1973-10-01 00:00:00，结束时间：1973-10-31 23:59:59，结算单号：523。', 1493892834, ''),
(525, 'store_bill_affirm', 2, '您有新的结算单等待确认，开始时间：1973-09-01 00:00:00，结束时间：1973-09-30 23:59:59，结算单号：524。', 1493892834, ''),
(526, 'store_bill_affirm', 2, '您有新的结算单等待确认，开始时间：1973-08-01 00:00:00，结束时间：1973-08-31 23:59:59，结算单号：525。', 1493892834, ''),
(527, 'store_bill_affirm', 2, '您有新的结算单等待确认，开始时间：1973-07-01 00:00:00，结束时间：1973-07-31 23:59:59，结算单号：526。', 1493892834, ''),
(528, 'store_bill_affirm', 2, '您有新的结算单等待确认，开始时间：1973-06-01 00:00:00，结束时间：1973-06-30 23:59:59，结算单号：527。', 1493892835, ''),
(529, 'store_bill_affirm', 2, '您有新的结算单等待确认，开始时间：1973-05-01 00:00:00，结束时间：1973-05-31 23:59:59，结算单号：528。', 1493892835, ''),
(530, 'store_bill_affirm', 2, '您有新的结算单等待确认，开始时间：1973-04-01 00:00:00，结束时间：1973-04-30 23:59:59，结算单号：529。', 1493892835, ''),
(531, 'store_bill_affirm', 2, '您有新的结算单等待确认，开始时间：1973-03-01 00:00:00，结束时间：1973-03-31 23:59:59，结算单号：530。', 1493892835, ''),
(532, 'store_bill_affirm', 2, '您有新的结算单等待确认，开始时间：1973-02-01 00:00:00，结束时间：1973-02-28 23:59:59，结算单号：531。', 1493892835, ''),
(533, 'store_bill_affirm', 2, '您有新的结算单等待确认，开始时间：1973-01-01 00:00:00，结束时间：1973-01-31 23:59:59，结算单号：532。', 1493892835, ''),
(534, 'store_bill_affirm', 2, '您有新的结算单等待确认，开始时间：1972-12-01 00:00:00，结束时间：1972-12-31 23:59:59，结算单号：533。', 1493892835, ''),
(535, 'store_bill_affirm', 2, '您有新的结算单等待确认，开始时间：1972-11-01 00:00:00，结束时间：1972-11-30 23:59:59，结算单号：534。', 1493892836, ''),
(536, 'store_bill_affirm', 2, '您有新的结算单等待确认，开始时间：1972-10-01 00:00:00，结束时间：1972-10-31 23:59:59，结算单号：535。', 1493892836, ''),
(537, 'store_bill_affirm', 2, '您有新的结算单等待确认，开始时间：1972-09-01 00:00:00，结束时间：1972-09-30 23:59:59，结算单号：536。', 1493892836, ''),
(538, 'store_bill_affirm', 2, '您有新的结算单等待确认，开始时间：1972-08-01 00:00:00，结束时间：1972-08-31 23:59:59，结算单号：537。', 1493892836, ''),
(539, 'store_bill_affirm', 2, '您有新的结算单等待确认，开始时间：1972-07-01 00:00:00，结束时间：1972-07-31 23:59:59，结算单号：538。', 1493892836, ''),
(540, 'store_bill_affirm', 2, '您有新的结算单等待确认，开始时间：1972-06-01 00:00:00，结束时间：1972-06-30 23:59:59，结算单号：539。', 1493892836, ''),
(541, 'store_bill_affirm', 2, '您有新的结算单等待确认，开始时间：1972-05-01 00:00:00，结束时间：1972-05-31 23:59:59，结算单号：540。', 1493892837, ''),
(542, 'store_bill_affirm', 2, '您有新的结算单等待确认，开始时间：1972-04-01 00:00:00，结束时间：1972-04-30 23:59:59，结算单号：541。', 1493892837, ''),
(543, 'store_bill_affirm', 2, '您有新的结算单等待确认，开始时间：1972-03-01 00:00:00，结束时间：1972-03-31 23:59:59，结算单号：542。', 1493892837, ''),
(544, 'store_bill_affirm', 2, '您有新的结算单等待确认，开始时间：1972-02-01 00:00:00，结束时间：1972-02-29 23:59:59，结算单号：543。', 1493892837, ''),
(545, 'store_bill_affirm', 2, '您有新的结算单等待确认，开始时间：1972-01-01 00:00:00，结束时间：1972-01-31 23:59:59，结算单号：544。', 1493892837, ''),
(546, 'store_bill_affirm', 2, '您有新的结算单等待确认，开始时间：1971-12-01 00:00:00，结束时间：1971-12-31 23:59:59，结算单号：545。', 1493892837, ''),
(547, 'store_bill_affirm', 2, '您有新的结算单等待确认，开始时间：1971-11-01 00:00:00，结束时间：1971-11-30 23:59:59，结算单号：546。', 1493892838, ''),
(548, 'store_bill_affirm', 2, '您有新的结算单等待确认，开始时间：1971-10-01 00:00:00，结束时间：1971-10-31 23:59:59，结算单号：547。', 1493892838, ''),
(549, 'store_bill_affirm', 2, '您有新的结算单等待确认，开始时间：1971-09-01 00:00:00，结束时间：1971-09-30 23:59:59，结算单号：548。', 1493892838, ''),
(550, 'store_bill_affirm', 2, '您有新的结算单等待确认，开始时间：1971-08-01 00:00:00，结束时间：1971-08-31 23:59:59，结算单号：549。', 1493892838, ''),
(551, 'store_bill_affirm', 2, '您有新的结算单等待确认，开始时间：1971-07-01 00:00:00，结束时间：1971-07-31 23:59:59，结算单号：550。', 1493892838, ''),
(552, 'store_bill_affirm', 2, '您有新的结算单等待确认，开始时间：1971-06-01 00:00:00，结束时间：1971-06-30 23:59:59，结算单号：551。', 1493892839, ''),
(553, 'store_bill_affirm', 2, '您有新的结算单等待确认，开始时间：1971-05-01 00:00:00，结束时间：1971-05-31 23:59:59，结算单号：552。', 1493892839, ''),
(554, 'store_bill_affirm', 2, '您有新的结算单等待确认，开始时间：1971-04-01 00:00:00，结束时间：1971-04-30 23:59:59，结算单号：553。', 1493892839, ''),
(555, 'store_bill_affirm', 2, '您有新的结算单等待确认，开始时间：1971-03-01 00:00:00，结束时间：1971-03-31 23:59:59，结算单号：554。', 1493892839, ''),
(556, 'store_bill_affirm', 2, '您有新的结算单等待确认，开始时间：1971-02-01 00:00:00，结束时间：1971-02-28 23:59:59，结算单号：555。', 1493892839, '');
INSERT INTO `33hao_store_msg` (`sm_id`, `smt_code`, `store_id`, `sm_content`, `sm_addtime`, `sm_readids`) VALUES
(557, 'store_bill_affirm', 2, '您有新的结算单等待确认，开始时间：1971-01-01 00:00:00，结束时间：1971-01-31 23:59:59，结算单号：556。', 1493892839, ''),
(558, 'store_bill_affirm', 2, '您有新的结算单等待确认，开始时间：1970-12-01 00:00:00，结束时间：1970-12-31 23:59:59，结算单号：557。', 1493892840, ''),
(559, 'store_bill_affirm', 2, '您有新的结算单等待确认，开始时间：1970-11-01 00:00:00，结束时间：1970-11-30 23:59:59，结算单号：558。', 1493892840, ''),
(560, 'store_bill_affirm', 2, '您有新的结算单等待确认，开始时间：1970-10-01 00:00:00，结束时间：1970-10-31 23:59:59，结算单号：559。', 1493892840, ''),
(561, 'store_bill_affirm', 2, '您有新的结算单等待确认，开始时间：1970-09-01 00:00:00，结束时间：1970-09-30 23:59:59，结算单号：560。', 1493892840, ''),
(562, 'store_bill_affirm', 2, '您有新的结算单等待确认，开始时间：1970-08-01 00:00:00，结束时间：1970-08-31 23:59:59，结算单号：561。', 1493892840, ''),
(563, 'store_bill_affirm', 2, '您有新的结算单等待确认，开始时间：1970-07-01 00:00:00，结束时间：1970-07-31 23:59:59，结算单号：562。', 1493892840, ''),
(564, 'store_bill_affirm', 2, '您有新的结算单等待确认，开始时间：1970-06-01 00:00:00，结束时间：1970-06-30 23:59:59，结算单号：563。', 1493892841, ''),
(565, 'store_bill_affirm', 2, '您有新的结算单等待确认，开始时间：1970-05-01 00:00:00，结束时间：1970-05-31 23:59:59，结算单号：564。', 1493892841, ''),
(566, 'store_bill_affirm', 2, '您有新的结算单等待确认，开始时间：1970-04-01 00:00:00，结束时间：1970-04-30 23:59:59，结算单号：565。', 1493892841, ''),
(567, 'store_bill_affirm', 2, '您有新的结算单等待确认，开始时间：1970-03-01 00:00:00，结束时间：1970-03-31 23:59:59，结算单号：566。', 1493892841, ''),
(568, 'store_bill_affirm', 2, '您有新的结算单等待确认，开始时间：1970-02-01 00:00:00，结束时间：1970-02-28 23:59:59，结算单号：567。', 1493892841, ''),
(569, 'store_bill_affirm', 2, '您有新的结算单等待确认，开始时间：1970-01-01 00:00:00，结束时间：1970-01-31 23:59:59，结算单号：568。', 1493892841, ''),
(570, 'store_bill_affirm', 2, '您有新的结算单等待确认，开始时间：2017-04-01 00:00:00，结束时间：2017-04-30 23:59:59，结算单号：1。', 1493893107, ''),
(571, 'store_bill_affirm', 2, '您有新的结算单等待确认，开始时间：2017-03-01 00:00:00，结束时间：2017-03-31 23:59:59，结算单号：2。', 1493893107, ''),
(572, 'store_bill_affirm', 2, '您有新的结算单等待确认，开始时间：2017-02-01 00:00:00，结束时间：2017-02-28 23:59:59，结算单号：3。', 1493893108, ''),
(573, 'store_bill_affirm', 2, '您有新的结算单等待确认，开始时间：2017-01-01 00:00:00，结束时间：2017-01-31 23:59:59，结算单号：4。', 1493893108, ''),
(574, 'store_bill_affirm', 2, '您有新的结算单等待确认，开始时间：2016-12-01 00:00:00，结束时间：2016-12-31 23:59:59，结算单号：5。', 1493893108, ''),
(575, 'store_bill_affirm', 2, '您有新的结算单等待确认，开始时间：2016-11-01 00:00:00，结束时间：2016-11-30 23:59:59，结算单号：6。', 1493893108, ''),
(576, 'store_bill_affirm', 2, '您有新的结算单等待确认，开始时间：2016-10-01 00:00:00，结束时间：2016-10-31 23:59:59，结算单号：7。', 1493893108, ''),
(577, 'store_bill_affirm', 2, '您有新的结算单等待确认，开始时间：2016-09-01 00:00:00，结束时间：2016-09-30 23:59:59，结算单号：8。', 1493893108, ''),
(578, 'store_bill_affirm', 2, '您有新的结算单等待确认，开始时间：2016-08-01 00:00:00，结束时间：2016-08-31 23:59:59，结算单号：9。', 1493893109, ''),
(579, 'store_bill_affirm', 2, '您有新的结算单等待确认，开始时间：2016-07-01 00:00:00，结束时间：2016-07-31 23:59:59，结算单号：10。', 1493893109, ''),
(580, 'store_bill_affirm', 2, '您有新的结算单等待确认，开始时间：2016-06-01 00:00:00，结束时间：2016-06-30 23:59:59，结算单号：11。', 1493893109, ''),
(581, 'store_bill_affirm', 2, '您有新的结算单等待确认，开始时间：2016-05-01 00:00:00，结束时间：2016-05-31 23:59:59，结算单号：12。', 1493893109, ''),
(582, 'store_bill_affirm', 2, '您有新的结算单等待确认，开始时间：2016-04-01 00:00:00，结束时间：2016-04-30 23:59:59，结算单号：13。', 1493893109, ''),
(583, 'store_bill_affirm', 2, '您有新的结算单等待确认，开始时间：2016-03-01 00:00:00，结束时间：2016-03-31 23:59:59，结算单号：14。', 1493893109, ''),
(584, 'store_bill_affirm', 2, '您有新的结算单等待确认，开始时间：2016-02-01 00:00:00，结束时间：2016-02-29 23:59:59，结算单号：15。', 1493893109, ''),
(585, 'store_bill_affirm', 2, '您有新的结算单等待确认，开始时间：2016-01-01 00:00:00，结束时间：2016-01-31 23:59:59，结算单号：16。', 1493893110, ''),
(586, 'store_bill_affirm', 2, '您有新的结算单等待确认，开始时间：2015-12-01 00:00:00，结束时间：2015-12-31 23:59:59，结算单号：17。', 1493893110, ''),
(587, 'store_bill_affirm', 2, '您有新的结算单等待确认，开始时间：2015-11-01 00:00:00，结束时间：2015-11-30 23:59:59，结算单号：18。', 1493893110, ''),
(588, 'store_bill_affirm', 2, '您有新的结算单等待确认，开始时间：2015-10-01 00:00:00，结束时间：2015-10-31 23:59:59，结算单号：19。', 1493893110, ''),
(589, 'store_bill_affirm', 2, '您有新的结算单等待确认，开始时间：2015-09-01 00:00:00，结束时间：2015-09-30 23:59:59，结算单号：20。', 1493893110, ''),
(590, 'store_bill_affirm', 2, '您有新的结算单等待确认，开始时间：2015-08-01 00:00:00，结束时间：2015-08-31 23:59:59，结算单号：21。', 1493893110, ''),
(591, 'store_bill_affirm', 2, '您有新的结算单等待确认，开始时间：2015-07-01 00:00:00，结束时间：2015-07-31 23:59:59，结算单号：22。', 1493893111, ''),
(592, 'store_bill_affirm', 2, '您有新的结算单等待确认，开始时间：2015-06-01 00:00:00，结束时间：2015-06-30 23:59:59，结算单号：23。', 1493893111, ''),
(593, 'store_bill_affirm', 2, '您有新的结算单等待确认，开始时间：2015-05-01 00:00:00，结束时间：2015-05-31 23:59:59，结算单号：24。', 1493893111, ''),
(594, 'store_bill_affirm', 2, '您有新的结算单等待确认，开始时间：2015-04-01 00:00:00，结束时间：2015-04-30 23:59:59，结算单号：25。', 1493893111, ''),
(595, 'store_bill_affirm', 2, '您有新的结算单等待确认，开始时间：2015-03-01 00:00:00，结束时间：2015-03-31 23:59:59，结算单号：26。', 1493893111, ''),
(596, 'store_bill_affirm', 2, '您有新的结算单等待确认，开始时间：2015-02-01 00:00:00，结束时间：2015-02-28 23:59:59，结算单号：27。', 1493893111, ''),
(597, 'store_bill_affirm', 2, '您有新的结算单等待确认，开始时间：2015-01-01 00:00:00，结束时间：2015-01-31 23:59:59，结算单号：28。', 1493893111, ''),
(598, 'store_bill_affirm', 2, '您有新的结算单等待确认，开始时间：2014-12-01 00:00:00，结束时间：2014-12-31 23:59:59，结算单号：29。', 1493893112, ''),
(599, 'store_bill_affirm', 2, '您有新的结算单等待确认，开始时间：2014-11-01 00:00:00，结束时间：2014-11-30 23:59:59，结算单号：30。', 1493893112, ''),
(600, 'store_bill_affirm', 2, '您有新的结算单等待确认，开始时间：2014-10-01 00:00:00，结束时间：2014-10-31 23:59:59，结算单号：31。', 1493893112, ''),
(601, 'store_bill_affirm', 2, '您有新的结算单等待确认，开始时间：2014-09-01 00:00:00，结束时间：2014-09-30 23:59:59，结算单号：32。', 1493893112, ''),
(602, 'store_bill_affirm', 2, '您有新的结算单等待确认，开始时间：2014-08-01 00:00:00，结束时间：2014-08-31 23:59:59，结算单号：33。', 1493893112, ''),
(603, 'store_bill_affirm', 2, '您有新的结算单等待确认，开始时间：2014-07-01 00:00:00，结束时间：2014-07-31 23:59:59，结算单号：34。', 1493893112, ''),
(604, 'store_bill_affirm', 2, '您有新的结算单等待确认，开始时间：2014-06-01 00:00:00，结束时间：2014-06-30 23:59:59，结算单号：35。', 1493893112, ''),
(605, 'store_bill_affirm', 2, '您有新的结算单等待确认，开始时间：2014-05-01 00:00:00，结束时间：2014-05-31 23:59:59，结算单号：36。', 1493893112, ''),
(606, 'store_bill_affirm', 2, '您有新的结算单等待确认，开始时间：2014-04-01 00:00:00，结束时间：2014-04-30 23:59:59，结算单号：37。', 1493893113, ''),
(607, 'store_bill_affirm', 2, '您有新的结算单等待确认，开始时间：2014-03-01 00:00:00，结束时间：2014-03-31 23:59:59，结算单号：38。', 1493893113, ''),
(608, 'store_bill_affirm', 2, '您有新的结算单等待确认，开始时间：2014-02-01 00:00:00，结束时间：2014-02-28 23:59:59，结算单号：39。', 1493893113, ''),
(609, 'store_bill_affirm', 2, '您有新的结算单等待确认，开始时间：2014-01-01 00:00:00，结束时间：2014-01-31 23:59:59，结算单号：40。', 1493893113, ''),
(610, 'store_bill_affirm', 2, '您有新的结算单等待确认，开始时间：2013-12-01 00:00:00，结束时间：2013-12-31 23:59:59，结算单号：41。', 1493893113, ''),
(611, 'store_bill_affirm', 2, '您有新的结算单等待确认，开始时间：2013-11-01 00:00:00，结束时间：2013-11-30 23:59:59，结算单号：42。', 1493893114, ''),
(612, 'store_bill_affirm', 2, '您有新的结算单等待确认，开始时间：2013-10-01 00:00:00，结束时间：2013-10-31 23:59:59，结算单号：43。', 1493893114, ''),
(613, 'store_bill_affirm', 2, '您有新的结算单等待确认，开始时间：2013-09-01 00:00:00，结束时间：2013-09-30 23:59:59，结算单号：44。', 1493893114, ''),
(614, 'store_bill_affirm', 2, '您有新的结算单等待确认，开始时间：2013-08-01 00:00:00，结束时间：2013-08-31 23:59:59，结算单号：45。', 1493893114, ''),
(615, 'store_bill_affirm', 2, '您有新的结算单等待确认，开始时间：2013-07-01 00:00:00，结束时间：2013-07-31 23:59:59，结算单号：46。', 1493893115, ''),
(616, 'store_bill_affirm', 2, '您有新的结算单等待确认，开始时间：2013-06-01 00:00:00，结束时间：2013-06-30 23:59:59，结算单号：47。', 1493893115, ''),
(617, 'store_bill_affirm', 2, '您有新的结算单等待确认，开始时间：2013-05-01 00:00:00，结束时间：2013-05-31 23:59:59，结算单号：48。', 1493893115, ''),
(618, 'store_bill_affirm', 2, '您有新的结算单等待确认，开始时间：2013-04-01 00:00:00，结束时间：2013-04-30 23:59:59，结算单号：49。', 1493893116, ''),
(619, 'store_bill_affirm', 2, '您有新的结算单等待确认，开始时间：2013-03-01 00:00:00，结束时间：2013-03-31 23:59:59，结算单号：50。', 1493893116, ''),
(620, 'store_bill_affirm', 2, '您有新的结算单等待确认，开始时间：2013-02-01 00:00:00，结束时间：2013-02-28 23:59:59，结算单号：51。', 1493893116, ''),
(621, 'store_bill_affirm', 2, '您有新的结算单等待确认，开始时间：2013-01-01 00:00:00，结束时间：2013-01-31 23:59:59，结算单号：52。', 1493893116, ''),
(622, 'store_bill_affirm', 2, '您有新的结算单等待确认，开始时间：2012-12-01 00:00:00，结束时间：2012-12-31 23:59:59，结算单号：53。', 1493893116, ''),
(623, 'store_bill_affirm', 2, '您有新的结算单等待确认，开始时间：2012-11-01 00:00:00，结束时间：2012-11-30 23:59:59，结算单号：54。', 1493893117, ''),
(624, 'store_bill_affirm', 2, '您有新的结算单等待确认，开始时间：2012-10-01 00:00:00，结束时间：2012-10-31 23:59:59，结算单号：55。', 1493893117, ''),
(625, 'store_bill_affirm', 2, '您有新的结算单等待确认，开始时间：2012-09-01 00:00:00，结束时间：2012-09-30 23:59:59，结算单号：56。', 1493893117, ''),
(626, 'store_bill_affirm', 2, '您有新的结算单等待确认，开始时间：2012-08-01 00:00:00，结束时间：2012-08-31 23:59:59，结算单号：57。', 1493893117, ''),
(627, 'store_bill_affirm', 2, '您有新的结算单等待确认，开始时间：2012-07-01 00:00:00，结束时间：2012-07-31 23:59:59，结算单号：58。', 1493893117, ''),
(628, 'store_bill_affirm', 2, '您有新的结算单等待确认，开始时间：2012-06-01 00:00:00，结束时间：2012-06-30 23:59:59，结算单号：59。', 1493893117, ''),
(629, 'store_bill_affirm', 2, '您有新的结算单等待确认，开始时间：2012-05-01 00:00:00，结束时间：2012-05-31 23:59:59，结算单号：60。', 1493893117, ''),
(630, 'store_bill_affirm', 2, '您有新的结算单等待确认，开始时间：2012-04-01 00:00:00，结束时间：2012-04-30 23:59:59，结算单号：61。', 1493893118, ''),
(631, 'store_bill_affirm', 2, '您有新的结算单等待确认，开始时间：2012-03-01 00:00:00，结束时间：2012-03-31 23:59:59，结算单号：62。', 1493893118, ''),
(632, 'store_bill_affirm', 2, '您有新的结算单等待确认，开始时间：2012-02-01 00:00:00，结束时间：2012-02-29 23:59:59，结算单号：63。', 1493893118, ''),
(633, 'store_bill_affirm', 2, '您有新的结算单等待确认，开始时间：2012-01-01 00:00:00，结束时间：2012-01-31 23:59:59，结算单号：64。', 1493893118, ''),
(634, 'store_bill_affirm', 2, '您有新的结算单等待确认，开始时间：2011-12-01 00:00:00，结束时间：2011-12-31 23:59:59，结算单号：65。', 1493893119, ''),
(635, 'store_bill_affirm', 2, '您有新的结算单等待确认，开始时间：2011-11-01 00:00:00，结束时间：2011-11-30 23:59:59，结算单号：66。', 1493893119, ''),
(636, 'store_bill_affirm', 2, '您有新的结算单等待确认，开始时间：2011-10-01 00:00:00，结束时间：2011-10-31 23:59:59，结算单号：67。', 1493893119, ''),
(637, 'store_bill_affirm', 2, '您有新的结算单等待确认，开始时间：2011-09-01 00:00:00，结束时间：2011-09-30 23:59:59，结算单号：68。', 1493893119, ''),
(638, 'store_bill_affirm', 2, '您有新的结算单等待确认，开始时间：2011-08-01 00:00:00，结束时间：2011-08-31 23:59:59，结算单号：69。', 1493893119, ''),
(639, 'store_bill_affirm', 2, '您有新的结算单等待确认，开始时间：2011-07-01 00:00:00，结束时间：2011-07-31 23:59:59，结算单号：70。', 1493893120, ''),
(640, 'store_bill_affirm', 2, '您有新的结算单等待确认，开始时间：2011-06-01 00:00:00，结束时间：2011-06-30 23:59:59，结算单号：71。', 1493893120, ''),
(641, 'store_bill_affirm', 2, '您有新的结算单等待确认，开始时间：2011-05-01 00:00:00，结束时间：2011-05-31 23:59:59，结算单号：72。', 1493893120, ''),
(642, 'store_bill_affirm', 2, '您有新的结算单等待确认，开始时间：2011-04-01 00:00:00，结束时间：2011-04-30 23:59:59，结算单号：73。', 1493893120, ''),
(643, 'store_bill_affirm', 2, '您有新的结算单等待确认，开始时间：2011-03-01 00:00:00，结束时间：2011-03-31 23:59:59，结算单号：74。', 1493893120, ''),
(644, 'store_bill_affirm', 2, '您有新的结算单等待确认，开始时间：2011-02-01 00:00:00，结束时间：2011-02-28 23:59:59，结算单号：75。', 1493893120, ''),
(645, 'store_bill_affirm', 2, '您有新的结算单等待确认，开始时间：2011-01-01 00:00:00，结束时间：2011-01-31 23:59:59，结算单号：76。', 1493893121, ''),
(646, 'store_bill_affirm', 2, '您有新的结算单等待确认，开始时间：2010-12-01 00:00:00，结束时间：2010-12-31 23:59:59，结算单号：77。', 1493893121, ''),
(647, 'store_bill_affirm', 2, '您有新的结算单等待确认，开始时间：2010-11-01 00:00:00，结束时间：2010-11-30 23:59:59，结算单号：78。', 1493893121, ''),
(648, 'store_bill_affirm', 2, '您有新的结算单等待确认，开始时间：2010-10-01 00:00:00，结束时间：2010-10-31 23:59:59，结算单号：79。', 1493893121, ''),
(649, 'store_bill_affirm', 2, '您有新的结算单等待确认，开始时间：2010-09-01 00:00:00，结束时间：2010-09-30 23:59:59，结算单号：80。', 1493893121, ''),
(650, 'store_bill_affirm', 2, '您有新的结算单等待确认，开始时间：2010-08-01 00:00:00，结束时间：2010-08-31 23:59:59，结算单号：81。', 1493893121, ''),
(651, 'store_bill_affirm', 2, '您有新的结算单等待确认，开始时间：2010-07-01 00:00:00，结束时间：2010-07-31 23:59:59，结算单号：82。', 1493893122, ''),
(652, 'store_bill_affirm', 2, '您有新的结算单等待确认，开始时间：2010-06-01 00:00:00，结束时间：2010-06-30 23:59:59，结算单号：83。', 1493893122, ''),
(653, 'store_bill_affirm', 2, '您有新的结算单等待确认，开始时间：2010-05-01 00:00:00，结束时间：2010-05-31 23:59:59，结算单号：84。', 1493893122, ''),
(654, 'store_bill_affirm', 2, '您有新的结算单等待确认，开始时间：2010-04-01 00:00:00，结束时间：2010-04-30 23:59:59，结算单号：85。', 1493893122, ''),
(655, 'store_bill_affirm', 2, '您有新的结算单等待确认，开始时间：2010-03-01 00:00:00，结束时间：2010-03-31 23:59:59，结算单号：86。', 1493893122, ''),
(656, 'store_bill_affirm', 2, '您有新的结算单等待确认，开始时间：2010-02-01 00:00:00，结束时间：2010-02-28 23:59:59，结算单号：87。', 1493893123, ''),
(657, 'store_bill_affirm', 2, '您有新的结算单等待确认，开始时间：2010-01-01 00:00:00，结束时间：2010-01-31 23:59:59，结算单号：88。', 1493893123, ''),
(658, 'store_bill_affirm', 2, '您有新的结算单等待确认，开始时间：2009-12-01 00:00:00，结束时间：2009-12-31 23:59:59，结算单号：89。', 1493893123, ''),
(659, 'store_bill_affirm', 2, '您有新的结算单等待确认，开始时间：2009-11-01 00:00:00，结束时间：2009-11-30 23:59:59，结算单号：90。', 1493893123, ''),
(660, 'store_bill_affirm', 2, '您有新的结算单等待确认，开始时间：2009-10-01 00:00:00，结束时间：2009-10-31 23:59:59，结算单号：91。', 1493893123, ''),
(661, 'store_bill_affirm', 2, '您有新的结算单等待确认，开始时间：2009-09-01 00:00:00，结束时间：2009-09-30 23:59:59，结算单号：92。', 1493893123, ''),
(662, 'store_bill_affirm', 2, '您有新的结算单等待确认，开始时间：2009-08-01 00:00:00，结束时间：2009-08-31 23:59:59，结算单号：93。', 1493893123, ''),
(663, 'store_bill_affirm', 2, '您有新的结算单等待确认，开始时间：2009-07-01 00:00:00，结束时间：2009-07-31 23:59:59，结算单号：94。', 1493893124, ''),
(664, 'store_bill_affirm', 2, '您有新的结算单等待确认，开始时间：2009-06-01 00:00:00，结束时间：2009-06-30 23:59:59，结算单号：95。', 1493893124, ''),
(665, 'store_bill_affirm', 2, '您有新的结算单等待确认，开始时间：2009-05-01 00:00:00，结束时间：2009-05-31 23:59:59，结算单号：96。', 1493893124, ''),
(666, 'store_bill_affirm', 2, '您有新的结算单等待确认，开始时间：2009-04-01 00:00:00，结束时间：2009-04-30 23:59:59，结算单号：97。', 1493893124, ''),
(667, 'store_bill_affirm', 2, '您有新的结算单等待确认，开始时间：2009-03-01 00:00:00，结束时间：2009-03-31 23:59:59，结算单号：98。', 1493893124, ''),
(668, 'store_bill_affirm', 2, '您有新的结算单等待确认，开始时间：2009-02-01 00:00:00，结束时间：2009-02-28 23:59:59，结算单号：99。', 1493893124, ''),
(669, 'store_bill_affirm', 2, '您有新的结算单等待确认，开始时间：2009-01-01 00:00:00，结束时间：2009-01-31 23:59:59，结算单号：100。', 1493893125, ''),
(670, 'store_bill_affirm', 2, '您有新的结算单等待确认，开始时间：2008-12-01 00:00:00，结束时间：2008-12-31 23:59:59，结算单号：101。', 1493893125, ''),
(671, 'store_bill_affirm', 2, '您有新的结算单等待确认，开始时间：2008-11-01 00:00:00，结束时间：2008-11-30 23:59:59，结算单号：102。', 1493893125, ''),
(672, 'store_bill_affirm', 2, '您有新的结算单等待确认，开始时间：2008-10-01 00:00:00，结束时间：2008-10-31 23:59:59，结算单号：103。', 1493893125, ''),
(673, 'store_bill_affirm', 2, '您有新的结算单等待确认，开始时间：2008-09-01 00:00:00，结束时间：2008-09-30 23:59:59，结算单号：104。', 1493893125, ''),
(674, 'store_bill_affirm', 2, '您有新的结算单等待确认，开始时间：2008-08-01 00:00:00，结束时间：2008-08-31 23:59:59，结算单号：105。', 1493893125, ''),
(675, 'store_bill_affirm', 2, '您有新的结算单等待确认，开始时间：2008-07-01 00:00:00，结束时间：2008-07-31 23:59:59，结算单号：106。', 1493893125, ''),
(676, 'store_bill_affirm', 2, '您有新的结算单等待确认，开始时间：2008-06-01 00:00:00，结束时间：2008-06-30 23:59:59，结算单号：107。', 1493893126, ''),
(677, 'store_bill_affirm', 2, '您有新的结算单等待确认，开始时间：2008-05-01 00:00:00，结束时间：2008-05-31 23:59:59，结算单号：108。', 1493893126, ''),
(678, 'store_bill_affirm', 2, '您有新的结算单等待确认，开始时间：2008-04-01 00:00:00，结束时间：2008-04-30 23:59:59，结算单号：109。', 1493893126, ''),
(679, 'store_bill_affirm', 2, '您有新的结算单等待确认，开始时间：2008-03-01 00:00:00，结束时间：2008-03-31 23:59:59，结算单号：110。', 1493893126, ''),
(680, 'store_bill_affirm', 2, '您有新的结算单等待确认，开始时间：2008-02-01 00:00:00，结束时间：2008-02-29 23:59:59，结算单号：111。', 1493893126, ''),
(681, 'store_bill_affirm', 2, '您有新的结算单等待确认，开始时间：2008-01-01 00:00:00，结束时间：2008-01-31 23:59:59，结算单号：112。', 1493893127, ''),
(682, 'store_bill_affirm', 2, '您有新的结算单等待确认，开始时间：2007-12-01 00:00:00，结束时间：2007-12-31 23:59:59，结算单号：113。', 1493893127, ''),
(683, 'store_bill_affirm', 2, '您有新的结算单等待确认，开始时间：2007-11-01 00:00:00，结束时间：2007-11-30 23:59:59，结算单号：114。', 1493893127, ''),
(684, 'store_bill_affirm', 2, '您有新的结算单等待确认，开始时间：2007-10-01 00:00:00，结束时间：2007-10-31 23:59:59，结算单号：115。', 1493893127, ''),
(685, 'store_bill_affirm', 2, '您有新的结算单等待确认，开始时间：2007-09-01 00:00:00，结束时间：2007-09-30 23:59:59，结算单号：116。', 1493893127, ''),
(686, 'store_bill_affirm', 2, '您有新的结算单等待确认，开始时间：2007-08-01 00:00:00，结束时间：2007-08-31 23:59:59，结算单号：117。', 1493893127, ''),
(687, 'store_bill_affirm', 2, '您有新的结算单等待确认，开始时间：2007-07-01 00:00:00，结束时间：2007-07-31 23:59:59，结算单号：118。', 1493893128, ''),
(688, 'store_bill_affirm', 2, '您有新的结算单等待确认，开始时间：2007-06-01 00:00:00，结束时间：2007-06-30 23:59:59，结算单号：119。', 1493893128, ''),
(689, 'store_bill_affirm', 2, '您有新的结算单等待确认，开始时间：2007-05-01 00:00:00，结束时间：2007-05-31 23:59:59，结算单号：120。', 1493893128, ''),
(690, 'store_bill_affirm', 2, '您有新的结算单等待确认，开始时间：2007-04-01 00:00:00，结束时间：2007-04-30 23:59:59，结算单号：121。', 1493893128, ''),
(691, 'store_bill_affirm', 2, '您有新的结算单等待确认，开始时间：2007-03-01 00:00:00，结束时间：2007-03-31 23:59:59，结算单号：122。', 1493893128, ''),
(692, 'store_bill_affirm', 2, '您有新的结算单等待确认，开始时间：2007-02-01 00:00:00，结束时间：2007-02-28 23:59:59，结算单号：123。', 1493893128, ''),
(693, 'store_bill_affirm', 2, '您有新的结算单等待确认，开始时间：2007-01-01 00:00:00，结束时间：2007-01-31 23:59:59，结算单号：124。', 1493893129, ''),
(694, 'store_bill_affirm', 2, '您有新的结算单等待确认，开始时间：2006-12-01 00:00:00，结束时间：2006-12-31 23:59:59，结算单号：125。', 1493893129, ''),
(695, 'store_bill_affirm', 2, '您有新的结算单等待确认，开始时间：2006-11-01 00:00:00，结束时间：2006-11-30 23:59:59，结算单号：126。', 1493893129, ''),
(696, 'store_bill_affirm', 2, '您有新的结算单等待确认，开始时间：2006-10-01 00:00:00，结束时间：2006-10-31 23:59:59，结算单号：127。', 1493893129, ''),
(697, 'store_bill_affirm', 2, '您有新的结算单等待确认，开始时间：2006-09-01 00:00:00，结束时间：2006-09-30 23:59:59，结算单号：128。', 1493893129, ''),
(698, 'store_bill_affirm', 2, '您有新的结算单等待确认，开始时间：2006-08-01 00:00:00，结束时间：2006-08-31 23:59:59，结算单号：129。', 1493893129, ''),
(699, 'store_bill_affirm', 2, '您有新的结算单等待确认，开始时间：2006-07-01 00:00:00，结束时间：2006-07-31 23:59:59，结算单号：130。', 1493893130, ''),
(700, 'store_bill_affirm', 2, '您有新的结算单等待确认，开始时间：2006-06-01 00:00:00，结束时间：2006-06-30 23:59:59，结算单号：131。', 1493893130, ''),
(701, 'store_bill_affirm', 2, '您有新的结算单等待确认，开始时间：2006-05-01 00:00:00，结束时间：2006-05-31 23:59:59，结算单号：132。', 1493893130, ''),
(702, 'store_bill_affirm', 2, '您有新的结算单等待确认，开始时间：2006-04-01 00:00:00，结束时间：2006-04-30 23:59:59，结算单号：133。', 1493893131, ''),
(703, 'store_bill_affirm', 2, '您有新的结算单等待确认，开始时间：2006-03-01 00:00:00，结束时间：2006-03-31 23:59:59，结算单号：134。', 1493893131, ''),
(704, 'store_bill_affirm', 2, '您有新的结算单等待确认，开始时间：2006-02-01 00:00:00，结束时间：2006-02-28 23:59:59，结算单号：135。', 1493893131, ''),
(705, 'store_bill_affirm', 2, '您有新的结算单等待确认，开始时间：2006-01-01 00:00:00，结束时间：2006-01-31 23:59:59，结算单号：136。', 1493893131, ''),
(706, 'store_bill_affirm', 2, '您有新的结算单等待确认，开始时间：2005-12-01 00:00:00，结束时间：2005-12-31 23:59:59，结算单号：137。', 1493893131, ''),
(707, 'store_bill_affirm', 2, '您有新的结算单等待确认，开始时间：2005-11-01 00:00:00，结束时间：2005-11-30 23:59:59，结算单号：138。', 1493893132, ''),
(708, 'store_bill_affirm', 2, '您有新的结算单等待确认，开始时间：2005-10-01 00:00:00，结束时间：2005-10-31 23:59:59，结算单号：139。', 1493893132, ''),
(709, 'store_bill_affirm', 2, '您有新的结算单等待确认，开始时间：2005-09-01 00:00:00，结束时间：2005-09-30 23:59:59，结算单号：140。', 1493893132, ''),
(710, 'store_bill_affirm', 2, '您有新的结算单等待确认，开始时间：2005-08-01 00:00:00，结束时间：2005-08-31 23:59:59，结算单号：141。', 1493893132, ''),
(711, 'store_bill_affirm', 2, '您有新的结算单等待确认，开始时间：2005-07-01 00:00:00，结束时间：2005-07-31 23:59:59，结算单号：142。', 1493893132, ''),
(712, 'store_bill_affirm', 2, '您有新的结算单等待确认，开始时间：2005-06-01 00:00:00，结束时间：2005-06-30 23:59:59，结算单号：143。', 1493893132, ''),
(713, 'store_bill_affirm', 2, '您有新的结算单等待确认，开始时间：2005-05-01 00:00:00，结束时间：2005-05-31 23:59:59，结算单号：144。', 1493893132, ''),
(714, 'store_bill_affirm', 2, '您有新的结算单等待确认，开始时间：2005-04-01 00:00:00，结束时间：2005-04-30 23:59:59，结算单号：145。', 1493893133, ''),
(715, 'store_bill_affirm', 2, '您有新的结算单等待确认，开始时间：2005-03-01 00:00:00，结束时间：2005-03-31 23:59:59，结算单号：146。', 1493893133, ''),
(716, 'store_bill_affirm', 2, '您有新的结算单等待确认，开始时间：2005-02-01 00:00:00，结束时间：2005-02-28 23:59:59，结算单号：147。', 1493893133, ''),
(717, 'store_bill_affirm', 2, '您有新的结算单等待确认，开始时间：2005-01-01 00:00:00，结束时间：2005-01-31 23:59:59，结算单号：148。', 1493893133, ''),
(718, 'store_bill_affirm', 2, '您有新的结算单等待确认，开始时间：2004-12-01 00:00:00，结束时间：2004-12-31 23:59:59，结算单号：149。', 1493893133, ''),
(719, 'store_bill_affirm', 2, '您有新的结算单等待确认，开始时间：2004-11-01 00:00:00，结束时间：2004-11-30 23:59:59，结算单号：150。', 1493893133, ''),
(720, 'store_bill_affirm', 2, '您有新的结算单等待确认，开始时间：2004-10-01 00:00:00，结束时间：2004-10-31 23:59:59，结算单号：151。', 1493893134, ''),
(721, 'store_bill_affirm', 2, '您有新的结算单等待确认，开始时间：2004-09-01 00:00:00，结束时间：2004-09-30 23:59:59，结算单号：152。', 1493893134, ''),
(722, 'store_bill_affirm', 2, '您有新的结算单等待确认，开始时间：2004-08-01 00:00:00，结束时间：2004-08-31 23:59:59，结算单号：153。', 1493893134, ''),
(723, 'store_bill_affirm', 2, '您有新的结算单等待确认，开始时间：2004-07-01 00:00:00，结束时间：2004-07-31 23:59:59，结算单号：154。', 1493893134, ''),
(724, 'store_bill_affirm', 2, '您有新的结算单等待确认，开始时间：2004-06-01 00:00:00，结束时间：2004-06-30 23:59:59，结算单号：155。', 1493893135, ''),
(725, 'store_bill_affirm', 2, '您有新的结算单等待确认，开始时间：2004-05-01 00:00:00，结束时间：2004-05-31 23:59:59，结算单号：156。', 1493893135, ''),
(726, 'store_bill_affirm', 2, '您有新的结算单等待确认，开始时间：2004-04-01 00:00:00，结束时间：2004-04-30 23:59:59，结算单号：157。', 1493893135, ''),
(727, 'store_bill_affirm', 2, '您有新的结算单等待确认，开始时间：2004-03-01 00:00:00，结束时间：2004-03-31 23:59:59，结算单号：158。', 1493893135, ''),
(728, 'store_bill_affirm', 2, '您有新的结算单等待确认，开始时间：2004-02-01 00:00:00，结束时间：2004-02-29 23:59:59，结算单号：159。', 1493893135, ''),
(729, 'store_bill_affirm', 2, '您有新的结算单等待确认，开始时间：2004-01-01 00:00:00，结束时间：2004-01-31 23:59:59，结算单号：160。', 1493893135, ''),
(730, 'store_bill_affirm', 2, '您有新的结算单等待确认，开始时间：2003-12-01 00:00:00，结束时间：2003-12-31 23:59:59，结算单号：161。', 1493893136, ''),
(731, 'store_bill_affirm', 2, '您有新的结算单等待确认，开始时间：2003-11-01 00:00:00，结束时间：2003-11-30 23:59:59，结算单号：162。', 1493893136, ''),
(732, 'store_bill_affirm', 2, '您有新的结算单等待确认，开始时间：2003-10-01 00:00:00，结束时间：2003-10-31 23:59:59，结算单号：163。', 1493893136, ''),
(733, 'store_bill_affirm', 2, '您有新的结算单等待确认，开始时间：2003-09-01 00:00:00，结束时间：2003-09-30 23:59:59，结算单号：164。', 1493893136, ''),
(734, 'store_bill_affirm', 2, '您有新的结算单等待确认，开始时间：2003-08-01 00:00:00，结束时间：2003-08-31 23:59:59，结算单号：165。', 1493893136, ''),
(735, 'store_bill_affirm', 2, '您有新的结算单等待确认，开始时间：2003-07-01 00:00:00，结束时间：2003-07-31 23:59:59，结算单号：166。', 1493893137, ''),
(736, 'store_bill_affirm', 2, '您有新的结算单等待确认，开始时间：2003-06-01 00:00:00，结束时间：2003-06-30 23:59:59，结算单号：167。', 1493893137, ''),
(737, 'store_bill_affirm', 2, '您有新的结算单等待确认，开始时间：2003-05-01 00:00:00，结束时间：2003-05-31 23:59:59，结算单号：168。', 1493893137, ''),
(738, 'store_bill_affirm', 2, '您有新的结算单等待确认，开始时间：2003-04-01 00:00:00，结束时间：2003-04-30 23:59:59，结算单号：169。', 1493893137, ''),
(739, 'store_bill_affirm', 2, '您有新的结算单等待确认，开始时间：2003-03-01 00:00:00，结束时间：2003-03-31 23:59:59，结算单号：170。', 1493893137, ''),
(740, 'store_bill_affirm', 2, '您有新的结算单等待确认，开始时间：2003-02-01 00:00:00，结束时间：2003-02-28 23:59:59，结算单号：171。', 1493893138, ''),
(741, 'store_bill_affirm', 2, '您有新的结算单等待确认，开始时间：2003-01-01 00:00:00，结束时间：2003-01-31 23:59:59，结算单号：172。', 1493893138, ''),
(742, 'store_bill_affirm', 2, '您有新的结算单等待确认，开始时间：2002-12-01 00:00:00，结束时间：2002-12-31 23:59:59，结算单号：173。', 1493893138, ''),
(743, 'store_bill_affirm', 2, '您有新的结算单等待确认，开始时间：2002-11-01 00:00:00，结束时间：2002-11-30 23:59:59，结算单号：174。', 1493893138, ''),
(744, 'store_bill_affirm', 2, '您有新的结算单等待确认，开始时间：2002-10-01 00:00:00，结束时间：2002-10-31 23:59:59，结算单号：175。', 1493893138, ''),
(745, 'store_bill_affirm', 2, '您有新的结算单等待确认，开始时间：2002-09-01 00:00:00，结束时间：2002-09-30 23:59:59，结算单号：176。', 1493893138, ''),
(746, 'store_bill_affirm', 2, '您有新的结算单等待确认，开始时间：2002-08-01 00:00:00，结束时间：2002-08-31 23:59:59，结算单号：177。', 1493893139, ''),
(747, 'store_bill_affirm', 2, '您有新的结算单等待确认，开始时间：2002-07-01 00:00:00，结束时间：2002-07-31 23:59:59，结算单号：178。', 1493893139, ''),
(748, 'store_bill_affirm', 2, '您有新的结算单等待确认，开始时间：2002-06-01 00:00:00，结束时间：2002-06-30 23:59:59，结算单号：179。', 1493893139, ''),
(749, 'store_bill_affirm', 2, '您有新的结算单等待确认，开始时间：2002-05-01 00:00:00，结束时间：2002-05-31 23:59:59，结算单号：180。', 1493893139, ''),
(750, 'store_bill_affirm', 2, '您有新的结算单等待确认，开始时间：2002-04-01 00:00:00，结束时间：2002-04-30 23:59:59，结算单号：181。', 1493893139, ''),
(751, 'store_bill_affirm', 2, '您有新的结算单等待确认，开始时间：2002-03-01 00:00:00，结束时间：2002-03-31 23:59:59，结算单号：182。', 1493893140, ''),
(752, 'store_bill_affirm', 2, '您有新的结算单等待确认，开始时间：2002-02-01 00:00:00，结束时间：2002-02-28 23:59:59，结算单号：183。', 1493893140, ''),
(753, 'store_bill_affirm', 2, '您有新的结算单等待确认，开始时间：2002-01-01 00:00:00，结束时间：2002-01-31 23:59:59，结算单号：184。', 1493893140, ''),
(754, 'store_bill_affirm', 2, '您有新的结算单等待确认，开始时间：2001-12-01 00:00:00，结束时间：2001-12-31 23:59:59，结算单号：185。', 1493893140, ''),
(755, 'store_bill_affirm', 2, '您有新的结算单等待确认，开始时间：2001-11-01 00:00:00，结束时间：2001-11-30 23:59:59，结算单号：186。', 1493893140, ''),
(756, 'store_bill_affirm', 2, '您有新的结算单等待确认，开始时间：2001-10-01 00:00:00，结束时间：2001-10-31 23:59:59，结算单号：187。', 1493893140, ''),
(757, 'store_bill_affirm', 2, '您有新的结算单等待确认，开始时间：2001-09-01 00:00:00，结束时间：2001-09-30 23:59:59，结算单号：188。', 1493893141, ''),
(758, 'store_bill_affirm', 2, '您有新的结算单等待确认，开始时间：2001-08-01 00:00:00，结束时间：2001-08-31 23:59:59，结算单号：189。', 1493893141, ''),
(759, 'store_bill_affirm', 2, '您有新的结算单等待确认，开始时间：2001-07-01 00:00:00，结束时间：2001-07-31 23:59:59，结算单号：190。', 1493893141, ''),
(760, 'store_bill_affirm', 2, '您有新的结算单等待确认，开始时间：2001-06-01 00:00:00，结束时间：2001-06-30 23:59:59，结算单号：191。', 1493893141, ''),
(761, 'store_bill_affirm', 2, '您有新的结算单等待确认，开始时间：2001-05-01 00:00:00，结束时间：2001-05-31 23:59:59，结算单号：1。', 1493893141, ''),
(762, 'store_bill_affirm', 2, '您有新的结算单等待确认，开始时间：2001-04-01 00:00:00，结束时间：2001-04-30 23:59:59，结算单号：2。', 1493893142, ''),
(763, 'store_bill_affirm', 2, '您有新的结算单等待确认，开始时间：2001-03-01 00:00:00，结束时间：2001-03-31 23:59:59，结算单号：3。', 1493893142, ''),
(764, 'store_bill_affirm', 2, '您有新的结算单等待确认，开始时间：2001-02-01 00:00:00，结束时间：2001-02-28 23:59:59，结算单号：4。', 1493893142, ''),
(765, 'store_bill_affirm', 2, '您有新的结算单等待确认，开始时间：2001-01-01 00:00:00，结束时间：2001-01-31 23:59:59，结算单号：5。', 1493893142, ''),
(766, 'store_bill_affirm', 2, '您有新的结算单等待确认，开始时间：2000-12-01 00:00:00，结束时间：2000-12-31 23:59:59，结算单号：6。', 1493893142, ''),
(767, 'store_bill_affirm', 2, '您有新的结算单等待确认，开始时间：2000-11-01 00:00:00，结束时间：2000-11-30 23:59:59，结算单号：7。', 1493893142, ''),
(768, 'store_bill_affirm', 2, '您有新的结算单等待确认，开始时间：2000-10-01 00:00:00，结束时间：2000-10-31 23:59:59，结算单号：8。', 1493893143, ''),
(769, 'store_bill_affirm', 2, '您有新的结算单等待确认，开始时间：2000-09-01 00:00:00，结束时间：2000-09-30 23:59:59，结算单号：9。', 1493893143, ''),
(770, 'store_bill_affirm', 2, '您有新的结算单等待确认，开始时间：2000-08-01 00:00:00，结束时间：2000-08-31 23:59:59，结算单号：10。', 1493893143, ''),
(771, 'store_bill_affirm', 2, '您有新的结算单等待确认，开始时间：2000-07-01 00:00:00，结束时间：2000-07-31 23:59:59，结算单号：11。', 1493893143, ''),
(772, 'store_bill_affirm', 2, '您有新的结算单等待确认，开始时间：2000-06-01 00:00:00，结束时间：2000-06-30 23:59:59，结算单号：12。', 1493893143, ''),
(773, 'store_bill_affirm', 2, '您有新的结算单等待确认，开始时间：2000-05-01 00:00:00，结束时间：2000-05-31 23:59:59，结算单号：13。', 1493893144, ''),
(774, 'store_bill_affirm', 2, '您有新的结算单等待确认，开始时间：2000-04-01 00:00:00，结束时间：2000-04-30 23:59:59，结算单号：14。', 1493893144, ''),
(775, 'store_bill_affirm', 2, '您有新的结算单等待确认，开始时间：2000-03-01 00:00:00，结束时间：2000-03-31 23:59:59，结算单号：15。', 1493893144, ''),
(776, 'store_bill_affirm', 2, '您有新的结算单等待确认，开始时间：2000-02-01 00:00:00，结束时间：2000-02-29 23:59:59，结算单号：16。', 1493893144, ''),
(777, 'store_bill_affirm', 2, '您有新的结算单等待确认，开始时间：2000-01-01 00:00:00，结束时间：2000-01-31 23:59:59，结算单号：17。', 1493893144, ''),
(778, 'store_bill_affirm', 2, '您有新的结算单等待确认，开始时间：1999-12-01 00:00:00，结束时间：1999-12-31 23:59:59，结算单号：18。', 1493893144, ''),
(779, 'store_bill_affirm', 2, '您有新的结算单等待确认，开始时间：1999-11-01 00:00:00，结束时间：1999-11-30 23:59:59，结算单号：19。', 1493893144, ''),
(780, 'store_bill_affirm', 2, '您有新的结算单等待确认，开始时间：1999-10-01 00:00:00，结束时间：1999-10-31 23:59:59，结算单号：20。', 1493893145, ''),
(781, 'store_bill_affirm', 2, '您有新的结算单等待确认，开始时间：1999-09-01 00:00:00，结束时间：1999-09-30 23:59:59，结算单号：21。', 1493893145, ''),
(782, 'store_bill_affirm', 2, '您有新的结算单等待确认，开始时间：1999-08-01 00:00:00，结束时间：1999-08-31 23:59:59，结算单号：22。', 1493893145, ''),
(783, 'store_bill_affirm', 2, '您有新的结算单等待确认，开始时间：1999-07-01 00:00:00，结束时间：1999-07-31 23:59:59，结算单号：23。', 1493893145, ''),
(784, 'store_bill_affirm', 2, '您有新的结算单等待确认，开始时间：1999-06-01 00:00:00，结束时间：1999-06-30 23:59:59，结算单号：24。', 1493893145, ''),
(785, 'store_bill_affirm', 2, '您有新的结算单等待确认，开始时间：1999-05-01 00:00:00，结束时间：1999-05-31 23:59:59，结算单号：25。', 1493893145, ''),
(786, 'store_bill_affirm', 2, '您有新的结算单等待确认，开始时间：1999-04-01 00:00:00，结束时间：1999-04-30 23:59:59，结算单号：26。', 1493893146, ''),
(787, 'store_bill_affirm', 2, '您有新的结算单等待确认，开始时间：1999-03-01 00:00:00，结束时间：1999-03-31 23:59:59，结算单号：27。', 1493893146, ''),
(788, 'store_bill_affirm', 2, '您有新的结算单等待确认，开始时间：1999-02-01 00:00:00，结束时间：1999-02-28 23:59:59，结算单号：28。', 1493893146, ''),
(789, 'store_bill_affirm', 2, '您有新的结算单等待确认，开始时间：1999-01-01 00:00:00，结束时间：1999-01-31 23:59:59，结算单号：29。', 1493893146, ''),
(790, 'store_bill_affirm', 2, '您有新的结算单等待确认，开始时间：1998-12-01 00:00:00，结束时间：1998-12-31 23:59:59，结算单号：30。', 1493893146, ''),
(791, 'store_bill_affirm', 2, '您有新的结算单等待确认，开始时间：1998-11-01 00:00:00，结束时间：1998-11-30 23:59:59，结算单号：31。', 1493893146, ''),
(792, 'store_bill_affirm', 2, '您有新的结算单等待确认，开始时间：1998-10-01 00:00:00，结束时间：1998-10-31 23:59:59，结算单号：32。', 1493893147, ''),
(793, 'store_bill_affirm', 2, '您有新的结算单等待确认，开始时间：1998-09-01 00:00:00，结束时间：1998-09-30 23:59:59，结算单号：33。', 1493893147, ''),
(794, 'store_bill_affirm', 2, '您有新的结算单等待确认，开始时间：1998-08-01 00:00:00，结束时间：1998-08-31 23:59:59，结算单号：34。', 1493893147, ''),
(795, 'store_bill_affirm', 2, '您有新的结算单等待确认，开始时间：1998-07-01 00:00:00，结束时间：1998-07-31 23:59:59，结算单号：35。', 1493893147, ''),
(796, 'store_bill_affirm', 2, '您有新的结算单等待确认，开始时间：1998-06-01 00:00:00，结束时间：1998-06-30 23:59:59，结算单号：36。', 1493893148, ''),
(797, 'store_bill_affirm', 2, '您有新的结算单等待确认，开始时间：1998-05-01 00:00:00，结束时间：1998-05-31 23:59:59，结算单号：37。', 1493893148, ''),
(798, 'store_bill_affirm', 2, '您有新的结算单等待确认，开始时间：1998-04-01 00:00:00，结束时间：1998-04-30 23:59:59，结算单号：38。', 1493893148, ''),
(799, 'store_bill_affirm', 2, '您有新的结算单等待确认，开始时间：1998-03-01 00:00:00，结束时间：1998-03-31 23:59:59，结算单号：39。', 1493893148, ''),
(800, 'store_bill_affirm', 2, '您有新的结算单等待确认，开始时间：1998-02-01 00:00:00，结束时间：1998-02-28 23:59:59，结算单号：40。', 1493893148, ''),
(801, 'store_bill_affirm', 2, '您有新的结算单等待确认，开始时间：1998-01-01 00:00:00，结束时间：1998-01-31 23:59:59，结算单号：41。', 1493893149, ''),
(802, 'store_bill_affirm', 2, '您有新的结算单等待确认，开始时间：1997-12-01 00:00:00，结束时间：1997-12-31 23:59:59，结算单号：42。', 1493893149, ''),
(803, 'store_bill_affirm', 2, '您有新的结算单等待确认，开始时间：1997-11-01 00:00:00，结束时间：1997-11-30 23:59:59，结算单号：43。', 1493893149, ''),
(804, 'store_bill_affirm', 2, '您有新的结算单等待确认，开始时间：1997-10-01 00:00:00，结束时间：1997-10-31 23:59:59，结算单号：44。', 1493893149, ''),
(805, 'store_bill_affirm', 2, '您有新的结算单等待确认，开始时间：1997-09-01 00:00:00，结束时间：1997-09-30 23:59:59，结算单号：45。', 1493893149, ''),
(806, 'store_bill_affirm', 2, '您有新的结算单等待确认，开始时间：1997-08-01 00:00:00，结束时间：1997-08-31 23:59:59，结算单号：46。', 1493893150, ''),
(807, 'store_bill_affirm', 2, '您有新的结算单等待确认，开始时间：1997-07-01 00:00:00，结束时间：1997-07-31 23:59:59，结算单号：47。', 1493893150, ''),
(808, 'store_bill_affirm', 2, '您有新的结算单等待确认，开始时间：1997-06-01 00:00:00，结束时间：1997-06-30 23:59:59，结算单号：48。', 1493893150, ''),
(809, 'store_bill_affirm', 2, '您有新的结算单等待确认，开始时间：1997-05-01 00:00:00，结束时间：1997-05-31 23:59:59，结算单号：49。', 1493893150, ''),
(810, 'store_bill_affirm', 2, '您有新的结算单等待确认，开始时间：1997-04-01 00:00:00，结束时间：1997-04-30 23:59:59，结算单号：50。', 1493893150, ''),
(811, 'store_bill_affirm', 2, '您有新的结算单等待确认，开始时间：1997-03-01 00:00:00，结束时间：1997-03-31 23:59:59，结算单号：51。', 1493893150, ''),
(812, 'store_bill_affirm', 2, '您有新的结算单等待确认，开始时间：1997-02-01 00:00:00，结束时间：1997-02-28 23:59:59，结算单号：52。', 1493893151, ''),
(813, 'store_bill_affirm', 2, '您有新的结算单等待确认，开始时间：1997-01-01 00:00:00，结束时间：1997-01-31 23:59:59，结算单号：53。', 1493893151, ''),
(814, 'store_bill_affirm', 2, '您有新的结算单等待确认，开始时间：1996-12-01 00:00:00，结束时间：1996-12-31 23:59:59，结算单号：54。', 1493893151, ''),
(815, 'store_bill_affirm', 2, '您有新的结算单等待确认，开始时间：1996-11-01 00:00:00，结束时间：1996-11-30 23:59:59，结算单号：55。', 1493893151, ''),
(816, 'store_bill_affirm', 2, '您有新的结算单等待确认，开始时间：1996-10-01 00:00:00，结束时间：1996-10-31 23:59:59，结算单号：56。', 1493893151, ''),
(817, 'store_bill_affirm', 2, '您有新的结算单等待确认，开始时间：1996-09-01 00:00:00，结束时间：1996-09-30 23:59:59，结算单号：57。', 1493893152, ''),
(818, 'store_bill_affirm', 2, '您有新的结算单等待确认，开始时间：1996-08-01 00:00:00，结束时间：1996-08-31 23:59:59，结算单号：58。', 1493893152, ''),
(819, 'store_bill_affirm', 2, '您有新的结算单等待确认，开始时间：1996-07-01 00:00:00，结束时间：1996-07-31 23:59:59，结算单号：59。', 1493893152, ''),
(820, 'store_bill_affirm', 2, '您有新的结算单等待确认，开始时间：1996-06-01 00:00:00，结束时间：1996-06-30 23:59:59，结算单号：60。', 1493893153, ''),
(821, 'store_bill_affirm', 2, '您有新的结算单等待确认，开始时间：1996-05-01 00:00:00，结束时间：1996-05-31 23:59:59，结算单号：61。', 1493893153, ''),
(822, 'store_bill_affirm', 2, '您有新的结算单等待确认，开始时间：1996-04-01 00:00:00，结束时间：1996-04-30 23:59:59，结算单号：62。', 1493893153, ''),
(823, 'store_bill_affirm', 2, '您有新的结算单等待确认，开始时间：1996-03-01 00:00:00，结束时间：1996-03-31 23:59:59，结算单号：63。', 1493893153, ''),
(824, 'store_bill_affirm', 2, '您有新的结算单等待确认，开始时间：1996-02-01 00:00:00，结束时间：1996-02-29 23:59:59，结算单号：64。', 1493893153, ''),
(825, 'store_bill_affirm', 2, '您有新的结算单等待确认，开始时间：1996-01-01 00:00:00，结束时间：1996-01-31 23:59:59，结算单号：65。', 1493893154, ''),
(826, 'store_bill_affirm', 2, '您有新的结算单等待确认，开始时间：1995-12-01 00:00:00，结束时间：1995-12-31 23:59:59，结算单号：66。', 1493893154, ''),
(827, 'store_bill_affirm', 2, '您有新的结算单等待确认，开始时间：1995-11-01 00:00:00，结束时间：1995-11-30 23:59:59，结算单号：67。', 1493893154, ''),
(828, 'store_bill_affirm', 2, '您有新的结算单等待确认，开始时间：1995-10-01 00:00:00，结束时间：1995-10-31 23:59:59，结算单号：68。', 1493893154, ''),
(829, 'store_bill_affirm', 2, '您有新的结算单等待确认，开始时间：1995-09-01 00:00:00，结束时间：1995-09-30 23:59:59，结算单号：69。', 1493893154, ''),
(830, 'store_bill_affirm', 2, '您有新的结算单等待确认，开始时间：1995-08-01 00:00:00，结束时间：1995-08-31 23:59:59，结算单号：70。', 1493893154, ''),
(831, 'store_bill_affirm', 2, '您有新的结算单等待确认，开始时间：1995-07-01 00:00:00，结束时间：1995-07-31 23:59:59，结算单号：71。', 1493893155, ''),
(832, 'store_bill_affirm', 2, '您有新的结算单等待确认，开始时间：1995-06-01 00:00:00，结束时间：1995-06-30 23:59:59，结算单号：72。', 1493893155, ''),
(833, 'store_bill_affirm', 2, '您有新的结算单等待确认，开始时间：1995-05-01 00:00:00，结束时间：1995-05-31 23:59:59，结算单号：73。', 1493893155, ''),
(834, 'store_bill_affirm', 2, '您有新的结算单等待确认，开始时间：1995-04-01 00:00:00，结束时间：1995-04-30 23:59:59，结算单号：74。', 1493893155, '');
INSERT INTO `33hao_store_msg` (`sm_id`, `smt_code`, `store_id`, `sm_content`, `sm_addtime`, `sm_readids`) VALUES
(835, 'store_bill_affirm', 2, '您有新的结算单等待确认，开始时间：1995-03-01 00:00:00，结束时间：1995-03-31 23:59:59，结算单号：1。', 1493893155, ''),
(836, 'store_bill_affirm', 2, '您有新的结算单等待确认，开始时间：1995-02-01 00:00:00，结束时间：1995-02-28 23:59:59，结算单号：2。', 1493893156, ''),
(837, 'store_bill_affirm', 2, '您有新的结算单等待确认，开始时间：1995-01-01 00:00:00，结束时间：1995-01-31 23:59:59，结算单号：3。', 1493893156, ''),
(838, 'store_bill_affirm', 2, '您有新的结算单等待确认，开始时间：1994-12-01 00:00:00，结束时间：1994-12-31 23:59:59，结算单号：4。', 1493893156, ''),
(839, 'store_bill_affirm', 2, '您有新的结算单等待确认，开始时间：1994-11-01 00:00:00，结束时间：1994-11-30 23:59:59，结算单号：5。', 1493893156, ''),
(840, 'store_bill_affirm', 2, '您有新的结算单等待确认，开始时间：1994-10-01 00:00:00，结束时间：1994-10-31 23:59:59，结算单号：6。', 1493893156, ''),
(841, 'store_bill_affirm', 2, '您有新的结算单等待确认，开始时间：1994-09-01 00:00:00，结束时间：1994-09-30 23:59:59，结算单号：7。', 1493893156, ''),
(842, 'store_bill_affirm', 2, '您有新的结算单等待确认，开始时间：1994-08-01 00:00:00，结束时间：1994-08-31 23:59:59，结算单号：8。', 1493893157, ''),
(843, 'store_bill_affirm', 2, '您有新的结算单等待确认，开始时间：1994-07-01 00:00:00，结束时间：1994-07-31 23:59:59，结算单号：9。', 1493893157, ''),
(844, 'store_bill_affirm', 2, '您有新的结算单等待确认，开始时间：1994-06-01 00:00:00，结束时间：1994-06-30 23:59:59，结算单号：10。', 1493893157, ''),
(845, 'store_bill_affirm', 2, '您有新的结算单等待确认，开始时间：1994-05-01 00:00:00，结束时间：1994-05-31 23:59:59，结算单号：11。', 1493893157, ''),
(846, 'store_bill_affirm', 2, '您有新的结算单等待确认，开始时间：1994-04-01 00:00:00，结束时间：1994-04-30 23:59:59，结算单号：12。', 1493893157, ''),
(847, 'store_bill_affirm', 2, '您有新的结算单等待确认，开始时间：1994-03-01 00:00:00，结束时间：1994-03-31 23:59:59，结算单号：13。', 1493893157, ''),
(848, 'store_bill_affirm', 2, '您有新的结算单等待确认，开始时间：1994-02-01 00:00:00，结束时间：1994-02-28 23:59:59，结算单号：14。', 1493893158, ''),
(849, 'store_bill_affirm', 2, '您有新的结算单等待确认，开始时间：1994-01-01 00:00:00，结束时间：1994-01-31 23:59:59，结算单号：15。', 1493893158, ''),
(850, 'store_bill_affirm', 2, '您有新的结算单等待确认，开始时间：1993-12-01 00:00:00，结束时间：1993-12-31 23:59:59，结算单号：16。', 1493893158, ''),
(851, 'store_bill_affirm', 2, '您有新的结算单等待确认，开始时间：1993-11-01 00:00:00，结束时间：1993-11-30 23:59:59，结算单号：17。', 1493893158, ''),
(852, 'store_bill_affirm', 2, '您有新的结算单等待确认，开始时间：1993-10-01 00:00:00，结束时间：1993-10-31 23:59:59，结算单号：18。', 1493893158, ''),
(853, 'store_bill_affirm', 2, '您有新的结算单等待确认，开始时间：1993-09-01 00:00:00，结束时间：1993-09-30 23:59:59，结算单号：19。', 1493893159, ''),
(854, 'store_bill_affirm', 2, '您有新的结算单等待确认，开始时间：1993-08-01 00:00:00，结束时间：1993-08-31 23:59:59，结算单号：20。', 1493893159, ''),
(855, 'store_bill_affirm', 2, '您有新的结算单等待确认，开始时间：1993-07-01 00:00:00，结束时间：1993-07-31 23:59:59，结算单号：21。', 1493893159, ''),
(856, 'store_bill_affirm', 2, '您有新的结算单等待确认，开始时间：1993-06-01 00:00:00，结束时间：1993-06-30 23:59:59，结算单号：22。', 1493893159, ''),
(857, 'store_bill_affirm', 2, '您有新的结算单等待确认，开始时间：1993-05-01 00:00:00，结束时间：1993-05-31 23:59:59，结算单号：23。', 1493893159, ''),
(858, 'store_bill_affirm', 2, '您有新的结算单等待确认，开始时间：1993-04-01 00:00:00，结束时间：1993-04-30 23:59:59，结算单号：24。', 1493893159, ''),
(859, 'store_bill_affirm', 2, '您有新的结算单等待确认，开始时间：1993-03-01 00:00:00，结束时间：1993-03-31 23:59:59，结算单号：25。', 1493893160, ''),
(860, 'store_bill_affirm', 2, '您有新的结算单等待确认，开始时间：1993-02-01 00:00:00，结束时间：1993-02-28 23:59:59，结算单号：26。', 1493893160, ''),
(861, 'store_bill_affirm', 2, '您有新的结算单等待确认，开始时间：1993-01-01 00:00:00，结束时间：1993-01-31 23:59:59，结算单号：27。', 1493893160, ''),
(862, 'store_bill_affirm', 2, '您有新的结算单等待确认，开始时间：1992-12-01 00:00:00，结束时间：1992-12-31 23:59:59，结算单号：28。', 1493893160, ''),
(863, 'store_bill_affirm', 2, '您有新的结算单等待确认，开始时间：1992-11-01 00:00:00，结束时间：1992-11-30 23:59:59，结算单号：29。', 1493893160, ''),
(864, 'store_bill_affirm', 2, '您有新的结算单等待确认，开始时间：1992-10-01 00:00:00，结束时间：1992-10-31 23:59:59，结算单号：30。', 1493893160, ''),
(865, 'store_bill_affirm', 2, '您有新的结算单等待确认，开始时间：1992-09-01 00:00:00，结束时间：1992-09-30 23:59:59，结算单号：31。', 1493893160, ''),
(866, 'store_bill_affirm', 2, '您有新的结算单等待确认，开始时间：1992-08-01 00:00:00，结束时间：1992-08-31 23:59:59，结算单号：32。', 1493893161, ''),
(867, 'store_bill_affirm', 2, '您有新的结算单等待确认，开始时间：1992-07-01 00:00:00，结束时间：1992-07-31 23:59:59，结算单号：33。', 1493893161, ''),
(868, 'store_bill_affirm', 2, '您有新的结算单等待确认，开始时间：1992-06-01 00:00:00，结束时间：1992-06-30 23:59:59，结算单号：34。', 1493893161, ''),
(869, 'store_bill_affirm', 2, '您有新的结算单等待确认，开始时间：1992-05-01 00:00:00，结束时间：1992-05-31 23:59:59，结算单号：35。', 1493893161, ''),
(870, 'store_bill_affirm', 2, '您有新的结算单等待确认，开始时间：1992-04-01 00:00:00，结束时间：1992-04-30 23:59:59，结算单号：36。', 1493893161, ''),
(871, 'store_bill_affirm', 2, '您有新的结算单等待确认，开始时间：1992-03-01 00:00:00，结束时间：1992-03-31 23:59:59，结算单号：37。', 1493893162, ''),
(872, 'store_bill_affirm', 2, '您有新的结算单等待确认，开始时间：1992-02-01 00:00:00，结束时间：1992-02-29 23:59:59，结算单号：38。', 1493893162, ''),
(873, 'store_bill_affirm', 2, '您有新的结算单等待确认，开始时间：1992-01-01 00:00:00，结束时间：1992-01-31 23:59:59，结算单号：39。', 1493893162, ''),
(874, 'store_bill_affirm', 2, '您有新的结算单等待确认，开始时间：1991-12-01 00:00:00，结束时间：1991-12-31 23:59:59，结算单号：40。', 1493893162, ''),
(875, 'store_bill_affirm', 2, '您有新的结算单等待确认，开始时间：1991-11-01 00:00:00，结束时间：1991-11-30 23:59:59，结算单号：41。', 1493893162, ''),
(876, 'store_bill_affirm', 2, '您有新的结算单等待确认，开始时间：1991-10-01 00:00:00，结束时间：1991-10-31 23:59:59，结算单号：42。', 1493893163, ''),
(877, 'store_bill_affirm', 2, '您有新的结算单等待确认，开始时间：1991-09-01 00:00:00，结束时间：1991-09-30 23:59:59，结算单号：43。', 1493893163, ''),
(878, 'store_bill_affirm', 2, '您有新的结算单等待确认，开始时间：1991-08-01 00:00:00，结束时间：1991-08-31 23:59:59，结算单号：44。', 1493893163, ''),
(879, 'store_bill_affirm', 2, '您有新的结算单等待确认，开始时间：1991-07-01 00:00:00，结束时间：1991-07-31 23:59:59，结算单号：45。', 1493893163, ''),
(880, 'store_bill_affirm', 2, '您有新的结算单等待确认，开始时间：1991-06-01 00:00:00，结束时间：1991-06-30 23:59:59，结算单号：46。', 1493893163, ''),
(881, 'store_bill_affirm', 2, '您有新的结算单等待确认，开始时间：1991-05-01 00:00:00，结束时间：1991-05-31 23:59:59，结算单号：47。', 1493893163, ''),
(882, 'store_bill_affirm', 2, '您有新的结算单等待确认，开始时间：1991-04-01 00:00:00，结束时间：1991-04-30 23:59:59，结算单号：48。', 1493893164, ''),
(883, 'store_bill_affirm', 2, '您有新的结算单等待确认，开始时间：1991-03-01 00:00:00，结束时间：1991-03-31 23:59:59，结算单号：49。', 1493893164, ''),
(884, 'store_bill_affirm', 2, '您有新的结算单等待确认，开始时间：1991-02-01 00:00:00，结束时间：1991-02-28 23:59:59，结算单号：50。', 1493893164, ''),
(885, 'store_bill_affirm', 2, '您有新的结算单等待确认，开始时间：1991-01-01 00:00:00，结束时间：1991-01-31 23:59:59，结算单号：51。', 1493893164, ''),
(886, 'store_bill_affirm', 2, '您有新的结算单等待确认，开始时间：1990-12-01 00:00:00，结束时间：1990-12-31 23:59:59，结算单号：52。', 1493893164, ''),
(887, 'store_bill_affirm', 2, '您有新的结算单等待确认，开始时间：1990-11-01 00:00:00，结束时间：1990-11-30 23:59:59，结算单号：53。', 1493893164, ''),
(888, 'store_bill_affirm', 2, '您有新的结算单等待确认，开始时间：1990-10-01 00:00:00，结束时间：1990-10-31 23:59:59，结算单号：54。', 1493893165, ''),
(889, 'store_bill_affirm', 2, '您有新的结算单等待确认，开始时间：1990-09-01 00:00:00，结束时间：1990-09-30 23:59:59，结算单号：55。', 1493893165, ''),
(890, 'store_bill_affirm', 2, '您有新的结算单等待确认，开始时间：1990-08-01 00:00:00，结束时间：1990-08-31 23:59:59，结算单号：56。', 1493893165, ''),
(891, 'store_bill_affirm', 2, '您有新的结算单等待确认，开始时间：1990-07-01 00:00:00，结束时间：1990-07-31 23:59:59，结算单号：57。', 1493893165, ''),
(892, 'store_bill_affirm', 2, '您有新的结算单等待确认，开始时间：1990-06-01 00:00:00，结束时间：1990-06-30 23:59:59，结算单号：58。', 1493893165, ''),
(893, 'store_bill_affirm', 2, '您有新的结算单等待确认，开始时间：1990-05-01 00:00:00，结束时间：1990-05-31 23:59:59，结算单号：59。', 1493893165, ''),
(894, 'store_bill_affirm', 2, '您有新的结算单等待确认，开始时间：1990-04-01 00:00:00，结束时间：1990-04-30 23:59:59，结算单号：60。', 1493893165, ''),
(895, 'store_bill_affirm', 2, '您有新的结算单等待确认，开始时间：1990-03-01 00:00:00，结束时间：1990-03-31 23:59:59，结算单号：61。', 1493893166, ''),
(896, 'store_bill_affirm', 2, '您有新的结算单等待确认，开始时间：1990-02-01 00:00:00，结束时间：1990-02-28 23:59:59，结算单号：62。', 1493893166, ''),
(897, 'store_bill_affirm', 2, '您有新的结算单等待确认，开始时间：1990-01-01 00:00:00，结束时间：1990-01-31 23:59:59，结算单号：63。', 1493893166, ''),
(898, 'store_bill_affirm', 2, '您有新的结算单等待确认，开始时间：1989-12-01 00:00:00，结束时间：1989-12-31 23:59:59，结算单号：64。', 1493893166, ''),
(899, 'store_bill_affirm', 2, '您有新的结算单等待确认，开始时间：1989-11-01 00:00:00，结束时间：1989-11-30 23:59:59，结算单号：65。', 1493893166, ''),
(900, 'store_bill_affirm', 2, '您有新的结算单等待确认，开始时间：1989-10-01 00:00:00，结束时间：1989-10-31 23:59:59，结算单号：66。', 1493893166, ''),
(901, 'store_bill_affirm', 2, '您有新的结算单等待确认，开始时间：1989-09-01 00:00:00，结束时间：1989-09-30 23:59:59，结算单号：67。', 1493893166, ''),
(902, 'store_bill_affirm', 2, '您有新的结算单等待确认，开始时间：1989-08-01 00:00:00，结束时间：1989-08-31 23:59:59，结算单号：68。', 1493893167, ''),
(903, 'store_bill_affirm', 2, '您有新的结算单等待确认，开始时间：1989-07-01 00:00:00，结束时间：1989-07-31 23:59:59，结算单号：69。', 1493893167, ''),
(904, 'store_bill_affirm', 2, '您有新的结算单等待确认，开始时间：1989-06-01 00:00:00，结束时间：1989-06-30 23:59:59，结算单号：70。', 1493893167, ''),
(905, 'store_bill_affirm', 2, '您有新的结算单等待确认，开始时间：1989-05-01 00:00:00，结束时间：1989-05-31 23:59:59，结算单号：71。', 1493893167, ''),
(906, 'store_bill_affirm', 2, '您有新的结算单等待确认，开始时间：1989-04-01 00:00:00，结束时间：1989-04-30 23:59:59，结算单号：72。', 1493893167, ''),
(907, 'store_bill_affirm', 2, '您有新的结算单等待确认，开始时间：1989-03-01 00:00:00，结束时间：1989-03-31 23:59:59，结算单号：73。', 1493893167, ''),
(908, 'store_bill_affirm', 2, '您有新的结算单等待确认，开始时间：1989-02-01 00:00:00，结束时间：1989-02-28 23:59:59，结算单号：74。', 1493893168, ''),
(909, 'store_bill_affirm', 2, '您有新的结算单等待确认，开始时间：1989-01-01 00:00:00，结束时间：1989-01-31 23:59:59，结算单号：75。', 1493893168, ''),
(910, 'store_bill_affirm', 2, '您有新的结算单等待确认，开始时间：1988-12-01 00:00:00，结束时间：1988-12-31 23:59:59，结算单号：76。', 1493893168, ''),
(911, 'store_bill_affirm', 2, '您有新的结算单等待确认，开始时间：1988-11-01 00:00:00，结束时间：1988-11-30 23:59:59，结算单号：77。', 1493893168, ''),
(912, 'store_bill_affirm', 2, '您有新的结算单等待确认，开始时间：1988-10-01 00:00:00，结束时间：1988-10-31 23:59:59，结算单号：78。', 1493893168, ''),
(913, 'store_bill_affirm', 2, '您有新的结算单等待确认，开始时间：1988-09-01 00:00:00，结束时间：1988-09-30 23:59:59，结算单号：79。', 1493893169, ''),
(914, 'store_bill_affirm', 2, '您有新的结算单等待确认，开始时间：1988-08-01 00:00:00，结束时间：1988-08-31 23:59:59，结算单号：80。', 1493893169, ''),
(915, 'store_bill_affirm', 2, '您有新的结算单等待确认，开始时间：1988-07-01 00:00:00，结束时间：1988-07-31 23:59:59，结算单号：81。', 1493893169, ''),
(916, 'store_bill_affirm', 2, '您有新的结算单等待确认，开始时间：1988-06-01 00:00:00，结束时间：1988-06-30 23:59:59，结算单号：82。', 1493893169, ''),
(917, 'store_bill_affirm', 2, '您有新的结算单等待确认，开始时间：1988-05-01 00:00:00，结束时间：1988-05-31 23:59:59，结算单号：83。', 1493893169, ''),
(918, 'store_bill_affirm', 2, '您有新的结算单等待确认，开始时间：1988-04-01 00:00:00，结束时间：1988-04-30 23:59:59，结算单号：84。', 1493893170, ''),
(919, 'store_bill_affirm', 2, '您有新的结算单等待确认，开始时间：1988-03-01 00:00:00，结束时间：1988-03-31 23:59:59，结算单号：85。', 1493893170, ''),
(920, 'store_bill_affirm', 2, '您有新的结算单等待确认，开始时间：1988-02-01 00:00:00，结束时间：1988-02-29 23:59:59，结算单号：86。', 1493893170, ''),
(921, 'store_bill_affirm', 2, '您有新的结算单等待确认，开始时间：1988-01-01 00:00:00，结束时间：1988-01-31 23:59:59，结算单号：87。', 1493893170, ''),
(922, 'store_bill_affirm', 2, '您有新的结算单等待确认，开始时间：1987-12-01 00:00:00，结束时间：1987-12-31 23:59:59，结算单号：88。', 1493893170, ''),
(923, 'store_bill_affirm', 2, '您有新的结算单等待确认，开始时间：1987-11-01 00:00:00，结束时间：1987-11-30 23:59:59，结算单号：89。', 1493893170, ''),
(924, 'store_bill_affirm', 2, '您有新的结算单等待确认，开始时间：1987-10-01 00:00:00，结束时间：1987-10-31 23:59:59，结算单号：90。', 1493893170, ''),
(925, 'store_bill_affirm', 2, '您有新的结算单等待确认，开始时间：1987-09-01 00:00:00，结束时间：1987-09-30 23:59:59，结算单号：91。', 1493893171, ''),
(926, 'store_bill_affirm', 2, '您有新的结算单等待确认，开始时间：1987-08-01 00:00:00，结束时间：1987-08-31 23:59:59，结算单号：92。', 1493893171, ''),
(927, 'store_bill_affirm', 2, '您有新的结算单等待确认，开始时间：1987-07-01 00:00:00，结束时间：1987-07-31 23:59:59，结算单号：93。', 1493893171, ''),
(928, 'store_bill_affirm', 2, '您有新的结算单等待确认，开始时间：1987-06-01 00:00:00，结束时间：1987-06-30 23:59:59，结算单号：94。', 1493893171, ''),
(929, 'store_bill_affirm', 2, '您有新的结算单等待确认，开始时间：1987-05-01 00:00:00，结束时间：1987-05-31 23:59:59，结算单号：95。', 1493893171, ''),
(930, 'store_bill_affirm', 2, '您有新的结算单等待确认，开始时间：1987-04-01 00:00:00，结束时间：1987-04-30 23:59:59，结算单号：96。', 1493893171, ''),
(931, 'store_bill_affirm', 2, '您有新的结算单等待确认，开始时间：1987-03-01 00:00:00，结束时间：1987-03-31 23:59:59，结算单号：97。', 1493893172, ''),
(932, 'store_bill_affirm', 2, '您有新的结算单等待确认，开始时间：1987-02-01 00:00:00，结束时间：1987-02-28 23:59:59，结算单号：98。', 1493893172, ''),
(933, 'store_bill_affirm', 2, '您有新的结算单等待确认，开始时间：1987-01-01 00:00:00，结束时间：1987-01-31 23:59:59，结算单号：99。', 1493893172, ''),
(934, 'store_bill_affirm', 2, '您有新的结算单等待确认，开始时间：1986-12-01 00:00:00，结束时间：1986-12-31 23:59:59，结算单号：100。', 1493893172, ''),
(935, 'store_bill_affirm', 2, '您有新的结算单等待确认，开始时间：1986-11-01 00:00:00，结束时间：1986-11-30 23:59:59，结算单号：101。', 1493893172, ''),
(936, 'store_bill_affirm', 2, '您有新的结算单等待确认，开始时间：1986-10-01 00:00:00，结束时间：1986-10-31 23:59:59，结算单号：102。', 1493893172, ''),
(937, 'store_bill_affirm', 2, '您有新的结算单等待确认，开始时间：1986-09-01 00:00:00，结束时间：1986-09-30 23:59:59，结算单号：103。', 1493893173, ''),
(938, 'store_bill_affirm', 2, '您有新的结算单等待确认，开始时间：1986-08-01 00:00:00，结束时间：1986-08-31 23:59:59，结算单号：104。', 1493893173, ''),
(939, 'store_bill_affirm', 2, '您有新的结算单等待确认，开始时间：1986-07-01 00:00:00，结束时间：1986-07-31 23:59:59，结算单号：105。', 1493893173, ''),
(940, 'store_bill_affirm', 2, '您有新的结算单等待确认，开始时间：1986-06-01 00:00:00，结束时间：1986-06-30 23:59:59，结算单号：106。', 1493893173, ''),
(941, 'store_bill_affirm', 2, '您有新的结算单等待确认，开始时间：1986-05-01 00:00:00，结束时间：1986-05-31 23:59:59，结算单号：107。', 1493893173, ''),
(942, 'store_bill_affirm', 2, '您有新的结算单等待确认，开始时间：1986-04-01 00:00:00，结束时间：1986-04-30 23:59:59，结算单号：108。', 1493893173, ''),
(943, 'store_bill_affirm', 2, '您有新的结算单等待确认，开始时间：1986-03-01 00:00:00，结束时间：1986-03-31 23:59:59，结算单号：109。', 1493893174, ''),
(944, 'store_bill_affirm', 2, '您有新的结算单等待确认，开始时间：1986-02-01 00:00:00，结束时间：1986-02-28 23:59:59，结算单号：110。', 1493893174, ''),
(945, 'store_bill_affirm', 2, '您有新的结算单等待确认，开始时间：1986-01-01 00:00:00，结束时间：1986-01-31 23:59:59，结算单号：111。', 1493893174, ''),
(946, 'store_bill_affirm', 2, '您有新的结算单等待确认，开始时间：1985-12-01 00:00:00，结束时间：1985-12-31 23:59:59，结算单号：112。', 1493893174, ''),
(947, 'store_bill_affirm', 2, '您有新的结算单等待确认，开始时间：1985-11-01 00:00:00，结束时间：1985-11-30 23:59:59，结算单号：113。', 1493893174, ''),
(948, 'store_bill_affirm', 2, '您有新的结算单等待确认，开始时间：1985-10-01 00:00:00，结束时间：1985-10-31 23:59:59，结算单号：114。', 1493893174, ''),
(949, 'store_bill_affirm', 2, '您有新的结算单等待确认，开始时间：1985-09-01 00:00:00，结束时间：1985-09-30 23:59:59，结算单号：115。', 1493893175, ''),
(950, 'store_bill_affirm', 2, '您有新的结算单等待确认，开始时间：1985-08-01 00:00:00，结束时间：1985-08-31 23:59:59，结算单号：116。', 1493893175, ''),
(951, 'store_bill_affirm', 2, '您有新的结算单等待确认，开始时间：1985-07-01 00:00:00，结束时间：1985-07-31 23:59:59，结算单号：117。', 1493893175, ''),
(952, 'store_bill_affirm', 2, '您有新的结算单等待确认，开始时间：1985-06-01 00:00:00，结束时间：1985-06-30 23:59:59，结算单号：118。', 1493893175, ''),
(953, 'store_bill_affirm', 2, '您有新的结算单等待确认，开始时间：1985-05-01 00:00:00，结束时间：1985-05-31 23:59:59，结算单号：119。', 1493893175, ''),
(954, 'store_bill_affirm', 2, '您有新的结算单等待确认，开始时间：1985-04-01 00:00:00，结束时间：1985-04-30 23:59:59，结算单号：120。', 1493893175, ''),
(955, 'store_bill_affirm', 2, '您有新的结算单等待确认，开始时间：1985-03-01 00:00:00，结束时间：1985-03-31 23:59:59，结算单号：121。', 1493893176, ''),
(956, 'store_bill_affirm', 2, '您有新的结算单等待确认，开始时间：1985-02-01 00:00:00，结束时间：1985-02-28 23:59:59，结算单号：122。', 1493893176, ''),
(957, 'store_bill_affirm', 2, '您有新的结算单等待确认，开始时间：1985-01-01 00:00:00，结束时间：1985-01-31 23:59:59，结算单号：123。', 1493893176, ''),
(958, 'store_bill_affirm', 2, '您有新的结算单等待确认，开始时间：1984-12-01 00:00:00，结束时间：1984-12-31 23:59:59，结算单号：124。', 1493893176, ''),
(959, 'store_bill_affirm', 2, '您有新的结算单等待确认，开始时间：1984-11-01 00:00:00，结束时间：1984-11-30 23:59:59，结算单号：125。', 1493893176, ''),
(960, 'store_bill_affirm', 2, '您有新的结算单等待确认，开始时间：1984-10-01 00:00:00，结束时间：1984-10-31 23:59:59，结算单号：126。', 1493893176, ''),
(961, 'store_bill_affirm', 2, '您有新的结算单等待确认，开始时间：1984-09-01 00:00:00，结束时间：1984-09-30 23:59:59，结算单号：127。', 1493893177, ''),
(962, 'store_bill_affirm', 2, '您有新的结算单等待确认，开始时间：1984-08-01 00:00:00，结束时间：1984-08-31 23:59:59，结算单号：128。', 1493893177, ''),
(963, 'store_bill_affirm', 2, '您有新的结算单等待确认，开始时间：1984-07-01 00:00:00，结束时间：1984-07-31 23:59:59，结算单号：129。', 1493893177, ''),
(964, 'store_bill_affirm', 2, '您有新的结算单等待确认，开始时间：1984-06-01 00:00:00，结束时间：1984-06-30 23:59:59，结算单号：130。', 1493893177, ''),
(965, 'store_bill_affirm', 2, '您有新的结算单等待确认，开始时间：1984-05-01 00:00:00，结束时间：1984-05-31 23:59:59，结算单号：131。', 1493893177, ''),
(966, 'store_bill_affirm', 2, '您有新的结算单等待确认，开始时间：1984-04-01 00:00:00，结束时间：1984-04-30 23:59:59，结算单号：132。', 1493893177, ''),
(967, 'store_bill_affirm', 2, '您有新的结算单等待确认，开始时间：1984-03-01 00:00:00，结束时间：1984-03-31 23:59:59，结算单号：133。', 1493893177, ''),
(968, 'store_bill_affirm', 2, '您有新的结算单等待确认，开始时间：1984-02-01 00:00:00，结束时间：1984-02-29 23:59:59，结算单号：134。', 1493893178, ''),
(969, 'store_bill_affirm', 2, '您有新的结算单等待确认，开始时间：1984-01-01 00:00:00，结束时间：1984-01-31 23:59:59，结算单号：135。', 1493893178, ''),
(970, 'store_bill_affirm', 2, '您有新的结算单等待确认，开始时间：1983-12-01 00:00:00，结束时间：1983-12-31 23:59:59，结算单号：136。', 1493893178, ''),
(971, 'store_bill_affirm', 2, '您有新的结算单等待确认，开始时间：1983-11-01 00:00:00，结束时间：1983-11-30 23:59:59，结算单号：137。', 1493893178, ''),
(972, 'store_bill_affirm', 2, '您有新的结算单等待确认，开始时间：1983-10-01 00:00:00，结束时间：1983-10-31 23:59:59，结算单号：138。', 1493893178, ''),
(973, 'store_bill_affirm', 2, '您有新的结算单等待确认，开始时间：1983-09-01 00:00:00，结束时间：1983-09-30 23:59:59，结算单号：139。', 1493893178, ''),
(974, 'store_bill_affirm', 2, '您有新的结算单等待确认，开始时间：1983-08-01 00:00:00，结束时间：1983-08-31 23:59:59，结算单号：140。', 1493893179, ''),
(975, 'store_bill_affirm', 2, '您有新的结算单等待确认，开始时间：1983-07-01 00:00:00，结束时间：1983-07-31 23:59:59，结算单号：141。', 1493893179, ''),
(976, 'store_bill_affirm', 2, '您有新的结算单等待确认，开始时间：1983-06-01 00:00:00，结束时间：1983-06-30 23:59:59，结算单号：142。', 1493893179, ''),
(977, 'store_bill_affirm', 2, '您有新的结算单等待确认，开始时间：1983-05-01 00:00:00，结束时间：1983-05-31 23:59:59，结算单号：143。', 1493893179, ''),
(978, 'store_bill_affirm', 2, '您有新的结算单等待确认，开始时间：1983-04-01 00:00:00，结束时间：1983-04-30 23:59:59，结算单号：144。', 1493893179, ''),
(979, 'store_bill_affirm', 2, '您有新的结算单等待确认，开始时间：1983-03-01 00:00:00，结束时间：1983-03-31 23:59:59，结算单号：145。', 1493893179, ''),
(980, 'store_bill_affirm', 2, '您有新的结算单等待确认，开始时间：1983-02-01 00:00:00，结束时间：1983-02-28 23:59:59，结算单号：146。', 1493893179, ''),
(981, 'store_bill_affirm', 2, '您有新的结算单等待确认，开始时间：1983-01-01 00:00:00，结束时间：1983-01-31 23:59:59，结算单号：147。', 1493893180, ''),
(982, 'store_bill_affirm', 2, '您有新的结算单等待确认，开始时间：1982-12-01 00:00:00，结束时间：1982-12-31 23:59:59，结算单号：148。', 1493893180, ''),
(983, 'store_bill_affirm', 2, '您有新的结算单等待确认，开始时间：1982-11-01 00:00:00，结束时间：1982-11-30 23:59:59，结算单号：149。', 1493893180, ''),
(984, 'store_bill_affirm', 2, '您有新的结算单等待确认，开始时间：1982-10-01 00:00:00，结束时间：1982-10-31 23:59:59，结算单号：150。', 1493893180, ''),
(985, 'store_bill_affirm', 2, '您有新的结算单等待确认，开始时间：1982-09-01 00:00:00，结束时间：1982-09-30 23:59:59，结算单号：151。', 1493893180, ''),
(986, 'store_bill_affirm', 2, '您有新的结算单等待确认，开始时间：1982-08-01 00:00:00，结束时间：1982-08-31 23:59:59，结算单号：152。', 1493893180, ''),
(987, 'store_bill_affirm', 2, '您有新的结算单等待确认，开始时间：1982-07-01 00:00:00，结束时间：1982-07-31 23:59:59，结算单号：153。', 1493893181, ''),
(988, 'store_bill_affirm', 2, '您有新的结算单等待确认，开始时间：1982-06-01 00:00:00，结束时间：1982-06-30 23:59:59，结算单号：154。', 1493893181, ''),
(989, 'store_bill_affirm', 2, '您有新的结算单等待确认，开始时间：1982-05-01 00:00:00，结束时间：1982-05-31 23:59:59，结算单号：155。', 1493893181, ''),
(990, 'store_bill_affirm', 2, '您有新的结算单等待确认，开始时间：1982-04-01 00:00:00，结束时间：1982-04-30 23:59:59，结算单号：156。', 1493893181, ''),
(991, 'store_bill_affirm', 2, '您有新的结算单等待确认，开始时间：1982-03-01 00:00:00，结束时间：1982-03-31 23:59:59，结算单号：157。', 1493893181, ''),
(992, 'store_bill_affirm', 2, '您有新的结算单等待确认，开始时间：1982-02-01 00:00:00，结束时间：1982-02-28 23:59:59，结算单号：158。', 1493893181, ''),
(993, 'store_bill_affirm', 2, '您有新的结算单等待确认，开始时间：1982-01-01 00:00:00，结束时间：1982-01-31 23:59:59，结算单号：159。', 1493893182, ''),
(994, 'store_bill_affirm', 2, '您有新的结算单等待确认，开始时间：1981-12-01 00:00:00，结束时间：1981-12-31 23:59:59，结算单号：160。', 1493893182, ''),
(995, 'store_bill_affirm', 2, '您有新的结算单等待确认，开始时间：1981-11-01 00:00:00，结束时间：1981-11-30 23:59:59，结算单号：161。', 1493893182, ''),
(996, 'store_bill_affirm', 2, '您有新的结算单等待确认，开始时间：1981-10-01 00:00:00，结束时间：1981-10-31 23:59:59，结算单号：162。', 1493893182, ''),
(997, 'store_bill_affirm', 2, '您有新的结算单等待确认，开始时间：1981-09-01 00:00:00，结束时间：1981-09-30 23:59:59，结算单号：163。', 1493893182, ''),
(998, 'store_bill_affirm', 2, '您有新的结算单等待确认，开始时间：1981-08-01 00:00:00，结束时间：1981-08-31 23:59:59，结算单号：164。', 1493893182, ''),
(999, 'store_bill_affirm', 2, '您有新的结算单等待确认，开始时间：1981-07-01 00:00:00，结束时间：1981-07-31 23:59:59，结算单号：165。', 1493893183, ''),
(1000, 'store_bill_affirm', 2, '您有新的结算单等待确认，开始时间：1981-06-01 00:00:00，结束时间：1981-06-30 23:59:59，结算单号：166。', 1493893183, ''),
(1001, 'store_bill_affirm', 2, '您有新的结算单等待确认，开始时间：1981-05-01 00:00:00，结束时间：1981-05-31 23:59:59，结算单号：167。', 1493893183, ''),
(1002, 'store_bill_affirm', 2, '您有新的结算单等待确认，开始时间：1981-04-01 00:00:00，结束时间：1981-04-30 23:59:59，结算单号：168。', 1493893183, ''),
(1003, 'store_bill_affirm', 2, '您有新的结算单等待确认，开始时间：1981-03-01 00:00:00，结束时间：1981-03-31 23:59:59，结算单号：169。', 1493893183, ''),
(1004, 'store_bill_affirm', 2, '您有新的结算单等待确认，开始时间：1981-02-01 00:00:00，结束时间：1981-02-28 23:59:59，结算单号：170。', 1493893183, ''),
(1005, 'store_bill_affirm', 2, '您有新的结算单等待确认，开始时间：1981-01-01 00:00:00，结束时间：1981-01-31 23:59:59，结算单号：171。', 1493893184, ''),
(1006, 'store_bill_affirm', 2, '您有新的结算单等待确认，开始时间：1980-12-01 00:00:00，结束时间：1980-12-31 23:59:59，结算单号：172。', 1493893184, ''),
(1007, 'store_bill_affirm', 2, '您有新的结算单等待确认，开始时间：1980-11-01 00:00:00，结束时间：1980-11-30 23:59:59，结算单号：173。', 1493893184, ''),
(1008, 'store_bill_affirm', 2, '您有新的结算单等待确认，开始时间：1980-10-01 00:00:00，结束时间：1980-10-31 23:59:59，结算单号：174。', 1493893184, ''),
(1009, 'store_bill_affirm', 2, '您有新的结算单等待确认，开始时间：1980-09-01 00:00:00，结束时间：1980-09-30 23:59:59，结算单号：175。', 1493893184, ''),
(1010, 'store_bill_affirm', 2, '您有新的结算单等待确认，开始时间：1980-08-01 00:00:00，结束时间：1980-08-31 23:59:59，结算单号：176。', 1493893184, ''),
(1011, 'store_bill_affirm', 2, '您有新的结算单等待确认，开始时间：1980-07-01 00:00:00，结束时间：1980-07-31 23:59:59，结算单号：177。', 1493893185, ''),
(1012, 'store_bill_affirm', 2, '您有新的结算单等待确认，开始时间：1980-06-01 00:00:00，结束时间：1980-06-30 23:59:59，结算单号：178。', 1493893185, ''),
(1013, 'store_bill_affirm', 2, '您有新的结算单等待确认，开始时间：1980-05-01 00:00:00，结束时间：1980-05-31 23:59:59，结算单号：179。', 1493893185, ''),
(1014, 'store_bill_affirm', 2, '您有新的结算单等待确认，开始时间：1980-04-01 00:00:00，结束时间：1980-04-30 23:59:59，结算单号：180。', 1493893185, ''),
(1015, 'store_bill_affirm', 2, '您有新的结算单等待确认，开始时间：1980-03-01 00:00:00，结束时间：1980-03-31 23:59:59，结算单号：181。', 1493893186, ''),
(1016, 'store_bill_affirm', 2, '您有新的结算单等待确认，开始时间：1980-02-01 00:00:00，结束时间：1980-02-29 23:59:59，结算单号：182。', 1493893186, ''),
(1017, 'store_bill_affirm', 2, '您有新的结算单等待确认，开始时间：1980-01-01 00:00:00，结束时间：1980-01-31 23:59:59，结算单号：183。', 1493893186, ''),
(1018, 'store_bill_affirm', 2, '您有新的结算单等待确认，开始时间：1979-12-01 00:00:00，结束时间：1979-12-31 23:59:59，结算单号：184。', 1493893186, ''),
(1019, 'store_bill_affirm', 2, '您有新的结算单等待确认，开始时间：1979-11-01 00:00:00，结束时间：1979-11-30 23:59:59，结算单号：185。', 1493893186, ''),
(1020, 'store_bill_affirm', 2, '您有新的结算单等待确认，开始时间：1979-10-01 00:00:00，结束时间：1979-10-31 23:59:59，结算单号：186。', 1493893186, ''),
(1021, 'store_bill_affirm', 2, '您有新的结算单等待确认，开始时间：1979-09-01 00:00:00，结束时间：1979-09-30 23:59:59，结算单号：187。', 1493893186, ''),
(1022, 'store_bill_affirm', 2, '您有新的结算单等待确认，开始时间：1979-08-01 00:00:00，结束时间：1979-08-31 23:59:59，结算单号：188。', 1493893187, ''),
(1023, 'store_bill_affirm', 2, '您有新的结算单等待确认，开始时间：1979-07-01 00:00:00，结束时间：1979-07-31 23:59:59，结算单号：189。', 1493893187, ''),
(1024, 'store_bill_affirm', 2, '您有新的结算单等待确认，开始时间：1979-06-01 00:00:00，结束时间：1979-06-30 23:59:59，结算单号：190。', 1493893187, ''),
(1025, 'store_bill_affirm', 2, '您有新的结算单等待确认，开始时间：1979-05-01 00:00:00，结束时间：1979-05-31 23:59:59，结算单号：191。', 1493893187, ''),
(1026, 'store_bill_affirm', 2, '您有新的结算单等待确认，开始时间：1979-04-01 00:00:00，结束时间：1979-04-30 23:59:59，结算单号：192。', 1493893187, ''),
(1027, 'store_bill_affirm', 2, '您有新的结算单等待确认，开始时间：1979-03-01 00:00:00，结束时间：1979-03-31 23:59:59，结算单号：193。', 1493893187, ''),
(1028, 'store_bill_affirm', 2, '您有新的结算单等待确认，开始时间：1979-02-01 00:00:00，结束时间：1979-02-28 23:59:59，结算单号：194。', 1493893187, ''),
(1029, 'store_bill_affirm', 2, '您有新的结算单等待确认，开始时间：1979-01-01 00:00:00，结束时间：1979-01-31 23:59:59，结算单号：195。', 1493893188, ''),
(1030, 'store_bill_affirm', 2, '您有新的结算单等待确认，开始时间：1978-12-01 00:00:00，结束时间：1978-12-31 23:59:59，结算单号：196。', 1493893188, ''),
(1031, 'store_bill_affirm', 2, '您有新的结算单等待确认，开始时间：1978-11-01 00:00:00，结束时间：1978-11-30 23:59:59，结算单号：197。', 1493893188, ''),
(1032, 'store_bill_affirm', 2, '您有新的结算单等待确认，开始时间：1978-10-01 00:00:00，结束时间：1978-10-31 23:59:59，结算单号：198。', 1493893188, ''),
(1033, 'store_bill_affirm', 2, '您有新的结算单等待确认，开始时间：1978-09-01 00:00:00，结束时间：1978-09-30 23:59:59，结算单号：199。', 1493893188, ''),
(1034, 'store_bill_affirm', 2, '您有新的结算单等待确认，开始时间：1978-08-01 00:00:00，结束时间：1978-08-31 23:59:59，结算单号：200。', 1493893189, ''),
(1035, 'store_bill_affirm', 2, '您有新的结算单等待确认，开始时间：1978-07-01 00:00:00，结束时间：1978-07-31 23:59:59，结算单号：201。', 1493893189, ''),
(1036, 'store_bill_affirm', 2, '您有新的结算单等待确认，开始时间：1978-06-01 00:00:00，结束时间：1978-06-30 23:59:59，结算单号：202。', 1493893189, ''),
(1037, 'store_bill_affirm', 2, '您有新的结算单等待确认，开始时间：1978-05-01 00:00:00，结束时间：1978-05-31 23:59:59，结算单号：203。', 1493893189, ''),
(1038, 'store_bill_affirm', 2, '您有新的结算单等待确认，开始时间：1978-04-01 00:00:00，结束时间：1978-04-30 23:59:59，结算单号：204。', 1493893189, ''),
(1039, 'store_bill_affirm', 2, '您有新的结算单等待确认，开始时间：1978-03-01 00:00:00，结束时间：1978-03-31 23:59:59，结算单号：205。', 1493893189, ''),
(1040, 'store_bill_affirm', 2, '您有新的结算单等待确认，开始时间：1978-02-01 00:00:00，结束时间：1978-02-28 23:59:59，结算单号：206。', 1493893189, ''),
(1041, 'store_bill_affirm', 2, '您有新的结算单等待确认，开始时间：1978-01-01 00:00:00，结束时间：1978-01-31 23:59:59，结算单号：207。', 1493893190, ''),
(1042, 'store_bill_affirm', 2, '您有新的结算单等待确认，开始时间：1977-12-01 00:00:00，结束时间：1977-12-31 23:59:59，结算单号：208。', 1493893190, ''),
(1043, 'store_bill_affirm', 2, '您有新的结算单等待确认，开始时间：1977-11-01 00:00:00，结束时间：1977-11-30 23:59:59，结算单号：209。', 1493893190, ''),
(1044, 'store_bill_affirm', 2, '您有新的结算单等待确认，开始时间：1977-10-01 00:00:00，结束时间：1977-10-31 23:59:59，结算单号：210。', 1493893190, ''),
(1045, 'store_bill_affirm', 2, '您有新的结算单等待确认，开始时间：1977-09-01 00:00:00，结束时间：1977-09-30 23:59:59，结算单号：211。', 1493893190, ''),
(1046, 'store_bill_affirm', 2, '您有新的结算单等待确认，开始时间：1977-08-01 00:00:00，结束时间：1977-08-31 23:59:59，结算单号：212。', 1493893190, ''),
(1047, 'store_bill_affirm', 2, '您有新的结算单等待确认，开始时间：1977-07-01 00:00:00，结束时间：1977-07-31 23:59:59，结算单号：213。', 1493893191, ''),
(1048, 'store_bill_affirm', 2, '您有新的结算单等待确认，开始时间：1977-06-01 00:00:00，结束时间：1977-06-30 23:59:59，结算单号：214。', 1493893191, ''),
(1049, 'store_bill_affirm', 2, '您有新的结算单等待确认，开始时间：1977-05-01 00:00:00，结束时间：1977-05-31 23:59:59，结算单号：215。', 1493893191, ''),
(1050, 'store_bill_affirm', 2, '您有新的结算单等待确认，开始时间：1977-04-01 00:00:00，结束时间：1977-04-30 23:59:59，结算单号：216。', 1493893191, ''),
(1051, 'store_bill_affirm', 2, '您有新的结算单等待确认，开始时间：1977-03-01 00:00:00，结束时间：1977-03-31 23:59:59，结算单号：217。', 1493893191, ''),
(1052, 'store_bill_affirm', 2, '您有新的结算单等待确认，开始时间：1977-02-01 00:00:00，结束时间：1977-02-28 23:59:59，结算单号：218。', 1493893191, ''),
(1053, 'store_bill_affirm', 2, '您有新的结算单等待确认，开始时间：1977-01-01 00:00:00，结束时间：1977-01-31 23:59:59，结算单号：219。', 1493893192, ''),
(1054, 'store_bill_affirm', 2, '您有新的结算单等待确认，开始时间：1976-12-01 00:00:00，结束时间：1976-12-31 23:59:59，结算单号：220。', 1493893192, ''),
(1055, 'store_bill_affirm', 2, '您有新的结算单等待确认，开始时间：1976-11-01 00:00:00，结束时间：1976-11-30 23:59:59，结算单号：221。', 1493893192, ''),
(1056, 'store_bill_affirm', 2, '您有新的结算单等待确认，开始时间：1976-10-01 00:00:00，结束时间：1976-10-31 23:59:59，结算单号：222。', 1493893192, ''),
(1057, 'store_bill_affirm', 2, '您有新的结算单等待确认，开始时间：1976-09-01 00:00:00，结束时间：1976-09-30 23:59:59，结算单号：223。', 1493893192, ''),
(1058, 'store_bill_affirm', 2, '您有新的结算单等待确认，开始时间：1976-08-01 00:00:00，结束时间：1976-08-31 23:59:59，结算单号：224。', 1493893192, ''),
(1059, 'store_bill_affirm', 2, '您有新的结算单等待确认，开始时间：1976-07-01 00:00:00，结束时间：1976-07-31 23:59:59，结算单号：225。', 1493893193, ''),
(1060, 'store_bill_affirm', 2, '您有新的结算单等待确认，开始时间：1976-06-01 00:00:00，结束时间：1976-06-30 23:59:59，结算单号：226。', 1493893193, ''),
(1061, 'store_bill_affirm', 2, '您有新的结算单等待确认，开始时间：1976-05-01 00:00:00，结束时间：1976-05-31 23:59:59，结算单号：227。', 1493893193, ''),
(1062, 'store_bill_affirm', 2, '您有新的结算单等待确认，开始时间：1976-04-01 00:00:00，结束时间：1976-04-30 23:59:59，结算单号：228。', 1493893193, ''),
(1063, 'store_bill_affirm', 2, '您有新的结算单等待确认，开始时间：1976-03-01 00:00:00，结束时间：1976-03-31 23:59:59，结算单号：229。', 1493893193, ''),
(1064, 'store_bill_affirm', 2, '您有新的结算单等待确认，开始时间：1976-02-01 00:00:00，结束时间：1976-02-29 23:59:59，结算单号：230。', 1493893194, ''),
(1065, 'store_bill_affirm', 2, '您有新的结算单等待确认，开始时间：1976-01-01 00:00:00，结束时间：1976-01-31 23:59:59，结算单号：231。', 1493893194, ''),
(1066, 'store_bill_affirm', 2, '您有新的结算单等待确认，开始时间：1975-12-01 00:00:00，结束时间：1975-12-31 23:59:59，结算单号：232。', 1493893194, ''),
(1067, 'store_bill_affirm', 2, '您有新的结算单等待确认，开始时间：1975-11-01 00:00:00，结束时间：1975-11-30 23:59:59，结算单号：233。', 1493893194, ''),
(1068, 'store_bill_affirm', 2, '您有新的结算单等待确认，开始时间：1975-10-01 00:00:00，结束时间：1975-10-31 23:59:59，结算单号：234。', 1493893194, ''),
(1069, 'store_bill_affirm', 2, '您有新的结算单等待确认，开始时间：1975-09-01 00:00:00，结束时间：1975-09-30 23:59:59，结算单号：235。', 1493893195, ''),
(1070, 'store_bill_affirm', 2, '您有新的结算单等待确认，开始时间：1975-08-01 00:00:00，结束时间：1975-08-31 23:59:59，结算单号：236。', 1493893195, ''),
(1071, 'store_bill_affirm', 2, '您有新的结算单等待确认，开始时间：1975-07-01 00:00:00，结束时间：1975-07-31 23:59:59，结算单号：237。', 1493893195, ''),
(1072, 'store_bill_affirm', 2, '您有新的结算单等待确认，开始时间：1975-06-01 00:00:00，结束时间：1975-06-30 23:59:59，结算单号：238。', 1493893195, ''),
(1073, 'store_bill_affirm', 2, '您有新的结算单等待确认，开始时间：1975-05-01 00:00:00，结束时间：1975-05-31 23:59:59，结算单号：239。', 1493893195, ''),
(1074, 'store_bill_affirm', 2, '您有新的结算单等待确认，开始时间：1975-04-01 00:00:00，结束时间：1975-04-30 23:59:59，结算单号：240。', 1493893196, ''),
(1075, 'store_bill_affirm', 2, '您有新的结算单等待确认，开始时间：1975-03-01 00:00:00，结束时间：1975-03-31 23:59:59，结算单号：241。', 1493893196, ''),
(1076, 'store_bill_affirm', 2, '您有新的结算单等待确认，开始时间：1975-02-01 00:00:00，结束时间：1975-02-28 23:59:59，结算单号：242。', 1493893196, ''),
(1077, 'store_bill_affirm', 2, '您有新的结算单等待确认，开始时间：1975-01-01 00:00:00，结束时间：1975-01-31 23:59:59，结算单号：243。', 1493893197, ''),
(1078, 'store_bill_affirm', 2, '您有新的结算单等待确认，开始时间：1974-12-01 00:00:00，结束时间：1974-12-31 23:59:59，结算单号：244。', 1493893197, ''),
(1079, 'store_bill_affirm', 2, '您有新的结算单等待确认，开始时间：1974-11-01 00:00:00，结束时间：1974-11-30 23:59:59，结算单号：245。', 1493893197, ''),
(1080, 'store_bill_affirm', 2, '您有新的结算单等待确认，开始时间：1974-10-01 00:00:00，结束时间：1974-10-31 23:59:59，结算单号：246。', 1493893197, ''),
(1081, 'store_bill_affirm', 2, '您有新的结算单等待确认，开始时间：1974-09-01 00:00:00，结束时间：1974-09-30 23:59:59，结算单号：247。', 1493893197, ''),
(1082, 'store_bill_affirm', 2, '您有新的结算单等待确认，开始时间：1974-08-01 00:00:00，结束时间：1974-08-31 23:59:59，结算单号：248。', 1493893198, ''),
(1083, 'store_bill_affirm', 2, '您有新的结算单等待确认，开始时间：1974-07-01 00:00:00，结束时间：1974-07-31 23:59:59，结算单号：249。', 1493893198, ''),
(1084, 'store_bill_affirm', 2, '您有新的结算单等待确认，开始时间：1974-06-01 00:00:00，结束时间：1974-06-30 23:59:59，结算单号：250。', 1493893198, ''),
(1085, 'store_bill_affirm', 2, '您有新的结算单等待确认，开始时间：1974-05-01 00:00:00，结束时间：1974-05-31 23:59:59，结算单号：251。', 1493893198, ''),
(1086, 'store_bill_affirm', 2, '您有新的结算单等待确认，开始时间：1974-04-01 00:00:00，结束时间：1974-04-30 23:59:59，结算单号：252。', 1493893198, ''),
(1087, 'store_bill_affirm', 2, '您有新的结算单等待确认，开始时间：1974-03-01 00:00:00，结束时间：1974-03-31 23:59:59，结算单号：253。', 1493893199, ''),
(1088, 'store_bill_affirm', 2, '您有新的结算单等待确认，开始时间：1974-02-01 00:00:00，结束时间：1974-02-28 23:59:59，结算单号：254。', 1493893199, ''),
(1089, 'store_bill_affirm', 2, '您有新的结算单等待确认，开始时间：1974-01-01 00:00:00，结束时间：1974-01-31 23:59:59，结算单号：255。', 1493893199, ''),
(1090, 'store_bill_affirm', 2, '您有新的结算单等待确认，开始时间：1973-12-01 00:00:00，结束时间：1973-12-31 23:59:59，结算单号：256。', 1493893199, ''),
(1091, 'store_bill_affirm', 2, '您有新的结算单等待确认，开始时间：1973-11-01 00:00:00，结束时间：1973-11-30 23:59:59，结算单号：1。', 1493893199, ''),
(1092, 'store_bill_affirm', 2, '您有新的结算单等待确认，开始时间：1973-10-01 00:00:00，结束时间：1973-10-31 23:59:59，结算单号：2。', 1493893200, ''),
(1093, 'store_bill_affirm', 2, '您有新的结算单等待确认，开始时间：1973-09-01 00:00:00，结束时间：1973-09-30 23:59:59，结算单号：3。', 1493893200, ''),
(1094, 'store_bill_affirm', 2, '您有新的结算单等待确认，开始时间：1973-08-01 00:00:00，结束时间：1973-08-31 23:59:59，结算单号：4。', 1493893200, ''),
(1095, 'store_bill_affirm', 2, '您有新的结算单等待确认，开始时间：1973-07-01 00:00:00，结束时间：1973-07-31 23:59:59，结算单号：5。', 1493893200, ''),
(1096, 'store_bill_affirm', 2, '您有新的结算单等待确认，开始时间：1973-06-01 00:00:00，结束时间：1973-06-30 23:59:59，结算单号：6。', 1493893200, ''),
(1097, 'store_bill_affirm', 2, '您有新的结算单等待确认，开始时间：1973-05-01 00:00:00，结束时间：1973-05-31 23:59:59，结算单号：7。', 1493893201, ''),
(1098, 'store_bill_affirm', 2, '您有新的结算单等待确认，开始时间：1973-04-01 00:00:00，结束时间：1973-04-30 23:59:59，结算单号：8。', 1493893201, ''),
(1099, 'store_bill_affirm', 2, '您有新的结算单等待确认，开始时间：1973-03-01 00:00:00，结束时间：1973-03-31 23:59:59，结算单号：9。', 1493893201, ''),
(1100, 'store_bill_affirm', 2, '您有新的结算单等待确认，开始时间：1973-02-01 00:00:00，结束时间：1973-02-28 23:59:59，结算单号：10。', 1493893201, ''),
(1101, 'store_bill_affirm', 2, '您有新的结算单等待确认，开始时间：1973-01-01 00:00:00，结束时间：1973-01-31 23:59:59，结算单号：11。', 1493893201, ''),
(1102, 'store_bill_affirm', 2, '您有新的结算单等待确认，开始时间：1972-12-01 00:00:00，结束时间：1972-12-31 23:59:59，结算单号：12。', 1493893202, ''),
(1103, 'store_bill_affirm', 2, '您有新的结算单等待确认，开始时间：1972-11-01 00:00:00，结束时间：1972-11-30 23:59:59，结算单号：13。', 1493893202, ''),
(1104, 'store_bill_affirm', 2, '您有新的结算单等待确认，开始时间：1972-10-01 00:00:00，结束时间：1972-10-31 23:59:59，结算单号：14。', 1493893202, ''),
(1105, 'store_bill_affirm', 2, '您有新的结算单等待确认，开始时间：1972-09-01 00:00:00，结束时间：1972-09-30 23:59:59，结算单号：15。', 1493893202, ''),
(1106, 'store_bill_affirm', 2, '您有新的结算单等待确认，开始时间：1972-08-01 00:00:00，结束时间：1972-08-31 23:59:59，结算单号：16。', 1493893203, ''),
(1107, 'store_bill_affirm', 2, '您有新的结算单等待确认，开始时间：1972-07-01 00:00:00，结束时间：1972-07-31 23:59:59，结算单号：17。', 1493893203, ''),
(1108, 'store_bill_affirm', 2, '您有新的结算单等待确认，开始时间：1972-06-01 00:00:00，结束时间：1972-06-30 23:59:59，结算单号：18。', 1493893203, ''),
(1109, 'store_bill_affirm', 2, '您有新的结算单等待确认，开始时间：1972-05-01 00:00:00，结束时间：1972-05-31 23:59:59，结算单号：19。', 1493893203, ''),
(1110, 'store_bill_affirm', 2, '您有新的结算单等待确认，开始时间：1972-04-01 00:00:00，结束时间：1972-04-30 23:59:59，结算单号：20。', 1493893203, ''),
(1111, 'store_bill_affirm', 2, '您有新的结算单等待确认，开始时间：1972-03-01 00:00:00，结束时间：1972-03-31 23:59:59，结算单号：21。', 1493893203, '');
INSERT INTO `33hao_store_msg` (`sm_id`, `smt_code`, `store_id`, `sm_content`, `sm_addtime`, `sm_readids`) VALUES
(1112, 'store_bill_affirm', 2, '您有新的结算单等待确认，开始时间：1972-02-01 00:00:00，结束时间：1972-02-29 23:59:59，结算单号：22。', 1493893203, ''),
(1113, 'store_bill_affirm', 2, '您有新的结算单等待确认，开始时间：1972-01-01 00:00:00，结束时间：1972-01-31 23:59:59，结算单号：23。', 1493893204, ''),
(1114, 'store_bill_affirm', 2, '您有新的结算单等待确认，开始时间：1971-12-01 00:00:00，结束时间：1971-12-31 23:59:59，结算单号：24。', 1493893204, ''),
(1115, 'store_bill_affirm', 2, '您有新的结算单等待确认，开始时间：1971-11-01 00:00:00，结束时间：1971-11-30 23:59:59，结算单号：25。', 1493893204, ''),
(1116, 'store_bill_affirm', 2, '您有新的结算单等待确认，开始时间：1971-10-01 00:00:00，结束时间：1971-10-31 23:59:59，结算单号：26。', 1493893204, ''),
(1117, 'store_bill_affirm', 2, '您有新的结算单等待确认，开始时间：1971-09-01 00:00:00，结束时间：1971-09-30 23:59:59，结算单号：27。', 1493893204, ''),
(1118, 'store_bill_affirm', 2, '您有新的结算单等待确认，开始时间：1971-08-01 00:00:00，结束时间：1971-08-31 23:59:59，结算单号：28。', 1493893204, ''),
(1119, 'store_bill_affirm', 2, '您有新的结算单等待确认，开始时间：1971-07-01 00:00:00，结束时间：1971-07-31 23:59:59，结算单号：29。', 1493893205, ''),
(1120, 'store_bill_affirm', 2, '您有新的结算单等待确认，开始时间：1971-06-01 00:00:00，结束时间：1971-06-30 23:59:59，结算单号：30。', 1493893205, ''),
(1121, 'store_bill_affirm', 2, '您有新的结算单等待确认，开始时间：1971-05-01 00:00:00，结束时间：1971-05-31 23:59:59，结算单号：31。', 1493893205, ''),
(1122, 'store_bill_affirm', 2, '您有新的结算单等待确认，开始时间：1971-04-01 00:00:00，结束时间：1971-04-30 23:59:59，结算单号：32。', 1493893205, ''),
(1123, 'store_bill_affirm', 2, '您有新的结算单等待确认，开始时间：1971-03-01 00:00:00，结束时间：1971-03-31 23:59:59，结算单号：33。', 1493893205, ''),
(1124, 'store_bill_affirm', 2, '您有新的结算单等待确认，开始时间：1971-02-01 00:00:00，结束时间：1971-02-28 23:59:59，结算单号：34。', 1493893205, ''),
(1125, 'store_bill_affirm', 2, '您有新的结算单等待确认，开始时间：1971-01-01 00:00:00，结束时间：1971-01-31 23:59:59，结算单号：35。', 1493893206, ''),
(1126, 'store_bill_affirm', 2, '您有新的结算单等待确认，开始时间：1970-12-01 00:00:00，结束时间：1970-12-31 23:59:59，结算单号：36。', 1493893206, ''),
(1127, 'store_bill_affirm', 2, '您有新的结算单等待确认，开始时间：1970-11-01 00:00:00，结束时间：1970-11-30 23:59:59，结算单号：37。', 1493893206, ''),
(1128, 'store_bill_affirm', 2, '您有新的结算单等待确认，开始时间：1970-10-01 00:00:00，结束时间：1970-10-31 23:59:59，结算单号：38。', 1493893206, ''),
(1129, 'store_bill_affirm', 2, '您有新的结算单等待确认，开始时间：1970-09-01 00:00:00，结束时间：1970-09-30 23:59:59，结算单号：39。', 1493893206, ''),
(1130, 'store_bill_affirm', 2, '您有新的结算单等待确认，开始时间：1970-08-01 00:00:00，结束时间：1970-08-31 23:59:59，结算单号：40。', 1493893207, ''),
(1131, 'store_bill_affirm', 2, '您有新的结算单等待确认，开始时间：1970-07-01 00:00:00，结束时间：1970-07-31 23:59:59，结算单号：41。', 1493893207, ''),
(1132, 'store_bill_affirm', 2, '您有新的结算单等待确认，开始时间：1970-06-01 00:00:00，结束时间：1970-06-30 23:59:59，结算单号：42。', 1493893207, ''),
(1133, 'store_bill_affirm', 2, '您有新的结算单等待确认，开始时间：1970-05-01 00:00:00，结束时间：1970-05-31 23:59:59，结算单号：43。', 1493893207, ''),
(1134, 'store_bill_affirm', 2, '您有新的结算单等待确认，开始时间：1970-04-01 00:00:00，结束时间：1970-04-30 23:59:59，结算单号：44。', 1493893207, ''),
(1135, 'store_bill_affirm', 2, '您有新的结算单等待确认，开始时间：1970-03-01 00:00:00，结束时间：1970-03-31 23:59:59，结算单号：45。', 1493893207, ''),
(1136, 'store_bill_affirm', 2, '您有新的结算单等待确认，开始时间：1970-02-01 00:00:00，结束时间：1970-02-28 23:59:59，结算单号：46。', 1493893208, ''),
(1137, 'store_bill_affirm', 2, '您有新的结算单等待确认，开始时间：1970-01-01 00:00:00，结束时间：1970-01-31 23:59:59，结算单号：47。', 1493893208, ''),
(1138, 'store_bill_affirm', 2, '您有新的结算单等待确认，开始时间：2017-04-01 00:00:00，结束时间：2017-04-30 23:59:59，结算单号：1。', 1493893589, ''),
(1139, 'store_bill_affirm', 2, '您有新的结算单等待确认，开始时间：2017-03-01 00:00:00，结束时间：2017-03-31 23:59:59，结算单号：2。', 1493893589, ''),
(1140, 'store_bill_affirm', 2, '您有新的结算单等待确认，开始时间：2017-02-01 00:00:00，结束时间：2017-02-28 23:59:59，结算单号：3。', 1493893589, ''),
(1141, 'store_bill_affirm', 2, '您有新的结算单等待确认，开始时间：2017-01-01 00:00:00，结束时间：2017-01-31 23:59:59，结算单号：4。', 1493893589, ''),
(1142, 'store_bill_affirm', 2, '您有新的结算单等待确认，开始时间：2016-12-01 00:00:00，结束时间：2016-12-31 23:59:59，结算单号：5。', 1493893589, ''),
(1143, 'store_bill_affirm', 2, '您有新的结算单等待确认，开始时间：2016-11-01 00:00:00，结束时间：2016-11-30 23:59:59，结算单号：6。', 1493893590, ''),
(1144, 'store_bill_affirm', 2, '您有新的结算单等待确认，开始时间：2016-10-01 00:00:00，结束时间：2016-10-31 23:59:59，结算单号：7。', 1493893590, ''),
(1145, 'store_bill_affirm', 2, '您有新的结算单等待确认，开始时间：2016-09-01 00:00:00，结束时间：2016-09-30 23:59:59，结算单号：8。', 1493893590, ''),
(1146, 'store_bill_affirm', 2, '您有新的结算单等待确认，开始时间：2016-08-01 00:00:00，结束时间：2016-08-31 23:59:59，结算单号：9。', 1493893590, ''),
(1147, 'store_bill_affirm', 2, '您有新的结算单等待确认，开始时间：2016-07-01 00:00:00，结束时间：2016-07-31 23:59:59，结算单号：10。', 1493893591, ''),
(1148, 'store_bill_affirm', 2, '您有新的结算单等待确认，开始时间：2016-06-01 00:00:00，结束时间：2016-06-30 23:59:59，结算单号：11。', 1493893591, ''),
(1149, 'store_bill_affirm', 2, '您有新的结算单等待确认，开始时间：2016-05-01 00:00:00，结束时间：2016-05-31 23:59:59，结算单号：12。', 1493893591, ''),
(1150, 'store_bill_affirm', 2, '您有新的结算单等待确认，开始时间：2016-04-01 00:00:00，结束时间：2016-04-30 23:59:59，结算单号：13。', 1493893591, ''),
(1151, 'store_bill_affirm', 2, '您有新的结算单等待确认，开始时间：2016-03-01 00:00:00，结束时间：2016-03-31 23:59:59，结算单号：14。', 1493893592, ''),
(1152, 'store_bill_affirm', 2, '您有新的结算单等待确认，开始时间：2016-02-01 00:00:00，结束时间：2016-02-29 23:59:59，结算单号：15。', 1493893592, ''),
(1153, 'store_bill_affirm', 2, '您有新的结算单等待确认，开始时间：2016-01-01 00:00:00，结束时间：2016-01-31 23:59:59，结算单号：16。', 1493893592, ''),
(1154, 'store_bill_affirm', 2, '您有新的结算单等待确认，开始时间：2015-12-01 00:00:00，结束时间：2015-12-31 23:59:59，结算单号：17。', 1493893592, ''),
(1155, 'store_bill_affirm', 2, '您有新的结算单等待确认，开始时间：2015-11-01 00:00:00，结束时间：2015-11-30 23:59:59，结算单号：18。', 1493893592, ''),
(1156, 'store_bill_affirm', 2, '您有新的结算单等待确认，开始时间：2015-10-01 00:00:00，结束时间：2015-10-31 23:59:59，结算单号：19。', 1493893592, ''),
(1157, 'store_bill_affirm', 2, '您有新的结算单等待确认，开始时间：2015-09-01 00:00:00，结束时间：2015-09-30 23:59:59，结算单号：20。', 1493893593, ''),
(1158, 'store_bill_affirm', 2, '您有新的结算单等待确认，开始时间：2015-08-01 00:00:00，结束时间：2015-08-31 23:59:59，结算单号：21。', 1493893593, ''),
(1159, 'store_bill_affirm', 2, '您有新的结算单等待确认，开始时间：2015-07-01 00:00:00，结束时间：2015-07-31 23:59:59，结算单号：22。', 1493893593, ''),
(1160, 'store_bill_affirm', 2, '您有新的结算单等待确认，开始时间：2015-06-01 00:00:00，结束时间：2015-06-30 23:59:59，结算单号：23。', 1493893593, ''),
(1161, 'store_bill_affirm', 2, '您有新的结算单等待确认，开始时间：2015-05-01 00:00:00，结束时间：2015-05-31 23:59:59，结算单号：24。', 1493893593, ''),
(1162, 'store_bill_affirm', 2, '您有新的结算单等待确认，开始时间：2015-04-01 00:00:00，结束时间：2015-04-30 23:59:59，结算单号：25。', 1493893593, ''),
(1163, 'store_bill_affirm', 2, '您有新的结算单等待确认，开始时间：2015-03-01 00:00:00，结束时间：2015-03-31 23:59:59，结算单号：26。', 1493893593, ''),
(1164, 'store_bill_affirm', 2, '您有新的结算单等待确认，开始时间：2015-02-01 00:00:00，结束时间：2015-02-28 23:59:59，结算单号：27。', 1493893594, ''),
(1165, 'store_bill_affirm', 2, '您有新的结算单等待确认，开始时间：2015-01-01 00:00:00，结束时间：2015-01-31 23:59:59，结算单号：28。', 1493893594, ''),
(1166, 'store_bill_affirm', 2, '您有新的结算单等待确认，开始时间：2014-12-01 00:00:00，结束时间：2014-12-31 23:59:59，结算单号：29。', 1493893594, ''),
(1167, 'store_bill_affirm', 2, '您有新的结算单等待确认，开始时间：2014-11-01 00:00:00，结束时间：2014-11-30 23:59:59，结算单号：30。', 1493893594, ''),
(1168, 'store_bill_affirm', 2, '您有新的结算单等待确认，开始时间：2014-10-01 00:00:00，结束时间：2014-10-31 23:59:59，结算单号：31。', 1493893594, ''),
(1169, 'store_bill_affirm', 2, '您有新的结算单等待确认，开始时间：2014-09-01 00:00:00，结束时间：2014-09-30 23:59:59，结算单号：32。', 1493893594, ''),
(1170, 'store_bill_affirm', 2, '您有新的结算单等待确认，开始时间：2014-08-01 00:00:00，结束时间：2014-08-31 23:59:59，结算单号：33。', 1493893594, ''),
(1171, 'store_bill_affirm', 2, '您有新的结算单等待确认，开始时间：2014-07-01 00:00:00，结束时间：2014-07-31 23:59:59，结算单号：34。', 1493893595, ''),
(1172, 'store_bill_affirm', 2, '您有新的结算单等待确认，开始时间：2014-06-01 00:00:00，结束时间：2014-06-30 23:59:59，结算单号：35。', 1493893595, ''),
(1173, 'store_bill_affirm', 2, '您有新的结算单等待确认，开始时间：2014-05-01 00:00:00，结束时间：2014-05-31 23:59:59，结算单号：36。', 1493893595, ''),
(1174, 'store_bill_affirm', 2, '您有新的结算单等待确认，开始时间：2014-04-01 00:00:00，结束时间：2014-04-30 23:59:59，结算单号：37。', 1493893595, ''),
(1175, 'store_bill_affirm', 2, '您有新的结算单等待确认，开始时间：2014-03-01 00:00:00，结束时间：2014-03-31 23:59:59，结算单号：38。', 1493893595, ''),
(1176, 'store_bill_affirm', 2, '您有新的结算单等待确认，开始时间：2014-02-01 00:00:00，结束时间：2014-02-28 23:59:59，结算单号：39。', 1493893595, ''),
(1177, 'store_bill_affirm', 2, '您有新的结算单等待确认，开始时间：2014-01-01 00:00:00，结束时间：2014-01-31 23:59:59，结算单号：40。', 1493893595, ''),
(1178, 'store_bill_affirm', 2, '您有新的结算单等待确认，开始时间：2013-12-01 00:00:00，结束时间：2013-12-31 23:59:59，结算单号：41。', 1493893596, ''),
(1179, 'store_bill_affirm', 2, '您有新的结算单等待确认，开始时间：2013-11-01 00:00:00，结束时间：2013-11-30 23:59:59，结算单号：42。', 1493893596, ''),
(1180, 'store_bill_affirm', 2, '您有新的结算单等待确认，开始时间：2013-10-01 00:00:00，结束时间：2013-10-31 23:59:59，结算单号：43。', 1493893596, ''),
(1181, 'store_bill_affirm', 2, '您有新的结算单等待确认，开始时间：2013-09-01 00:00:00，结束时间：2013-09-30 23:59:59，结算单号：44。', 1493893596, ''),
(1182, 'store_bill_affirm', 2, '您有新的结算单等待确认，开始时间：2013-08-01 00:00:00，结束时间：2013-08-31 23:59:59，结算单号：45。', 1493893596, ''),
(1183, 'store_bill_affirm', 2, '您有新的结算单等待确认，开始时间：2013-07-01 00:00:00，结束时间：2013-07-31 23:59:59，结算单号：46。', 1493893596, ''),
(1184, 'store_bill_affirm', 2, '您有新的结算单等待确认，开始时间：2013-06-01 00:00:00，结束时间：2013-06-30 23:59:59，结算单号：47。', 1493893597, ''),
(1185, 'store_bill_affirm', 2, '您有新的结算单等待确认，开始时间：2013-05-01 00:00:00，结束时间：2013-05-31 23:59:59，结算单号：48。', 1493893597, ''),
(1186, 'store_bill_affirm', 2, '您有新的结算单等待确认，开始时间：2013-04-01 00:00:00，结束时间：2013-04-30 23:59:59，结算单号：49。', 1493893597, ''),
(1187, 'store_bill_affirm', 2, '您有新的结算单等待确认，开始时间：2013-03-01 00:00:00，结束时间：2013-03-31 23:59:59，结算单号：50。', 1493893597, ''),
(1188, 'store_bill_affirm', 2, '您有新的结算单等待确认，开始时间：2013-02-01 00:00:00，结束时间：2013-02-28 23:59:59，结算单号：51。', 1493893597, ''),
(1189, 'store_bill_affirm', 2, '您有新的结算单等待确认，开始时间：2013-01-01 00:00:00，结束时间：2013-01-31 23:59:59，结算单号：52。', 1493893597, ''),
(1190, 'store_bill_affirm', 2, '您有新的结算单等待确认，开始时间：2012-12-01 00:00:00，结束时间：2012-12-31 23:59:59，结算单号：53。', 1493893598, ''),
(1191, 'store_bill_affirm', 2, '您有新的结算单等待确认，开始时间：2012-11-01 00:00:00，结束时间：2012-11-30 23:59:59，结算单号：54。', 1493893598, ''),
(1192, 'store_bill_affirm', 2, '您有新的结算单等待确认，开始时间：2012-10-01 00:00:00，结束时间：2012-10-31 23:59:59，结算单号：55。', 1493893598, ''),
(1193, 'store_bill_affirm', 2, '您有新的结算单等待确认，开始时间：2012-09-01 00:00:00，结束时间：2012-09-30 23:59:59，结算单号：56。', 1493893598, ''),
(1194, 'store_bill_affirm', 2, '您有新的结算单等待确认，开始时间：2012-08-01 00:00:00，结束时间：2012-08-31 23:59:59，结算单号：57。', 1493893598, ''),
(1195, 'store_bill_affirm', 2, '您有新的结算单等待确认，开始时间：2012-07-01 00:00:00，结束时间：2012-07-31 23:59:59，结算单号：58。', 1493893598, ''),
(1196, 'store_bill_affirm', 2, '您有新的结算单等待确认，开始时间：2012-06-01 00:00:00，结束时间：2012-06-30 23:59:59，结算单号：59。', 1493893599, ''),
(1197, 'store_bill_affirm', 2, '您有新的结算单等待确认，开始时间：2012-05-01 00:00:00，结束时间：2012-05-31 23:59:59，结算单号：60。', 1493893599, ''),
(1198, 'store_bill_affirm', 2, '您有新的结算单等待确认，开始时间：2012-04-01 00:00:00，结束时间：2012-04-30 23:59:59，结算单号：61。', 1493893599, ''),
(1199, 'store_bill_affirm', 2, '您有新的结算单等待确认，开始时间：2012-03-01 00:00:00，结束时间：2012-03-31 23:59:59，结算单号：62。', 1493893599, ''),
(1200, 'store_bill_affirm', 2, '您有新的结算单等待确认，开始时间：2012-02-01 00:00:00，结束时间：2012-02-29 23:59:59，结算单号：63。', 1493893599, ''),
(1201, 'store_bill_affirm', 2, '您有新的结算单等待确认，开始时间：2012-01-01 00:00:00，结束时间：2012-01-31 23:59:59，结算单号：64。', 1493893600, ''),
(1202, 'store_bill_affirm', 2, '您有新的结算单等待确认，开始时间：2011-12-01 00:00:00，结束时间：2011-12-31 23:59:59，结算单号：65。', 1493893600, ''),
(1203, 'store_bill_affirm', 2, '您有新的结算单等待确认，开始时间：2011-11-01 00:00:00，结束时间：2011-11-30 23:59:59，结算单号：66。', 1493893600, ''),
(1204, 'store_bill_affirm', 2, '您有新的结算单等待确认，开始时间：2011-10-01 00:00:00，结束时间：2011-10-31 23:59:59，结算单号：67。', 1493893600, ''),
(1205, 'store_bill_affirm', 2, '您有新的结算单等待确认，开始时间：2011-09-01 00:00:00，结束时间：2011-09-30 23:59:59，结算单号：68。', 1493893600, ''),
(1206, 'store_bill_affirm', 2, '您有新的结算单等待确认，开始时间：2011-08-01 00:00:00，结束时间：2011-08-31 23:59:59，结算单号：69。', 1493893600, ''),
(1207, 'store_bill_affirm', 2, '您有新的结算单等待确认，开始时间：2011-07-01 00:00:00，结束时间：2011-07-31 23:59:59，结算单号：70。', 1493893600, ''),
(1208, 'store_bill_affirm', 2, '您有新的结算单等待确认，开始时间：2011-06-01 00:00:00，结束时间：2011-06-30 23:59:59，结算单号：71。', 1493893601, ''),
(1209, 'store_bill_affirm', 2, '您有新的结算单等待确认，开始时间：2011-05-01 00:00:00，结束时间：2011-05-31 23:59:59，结算单号：72。', 1493893601, ''),
(1210, 'store_bill_affirm', 2, '您有新的结算单等待确认，开始时间：2011-04-01 00:00:00，结束时间：2011-04-30 23:59:59，结算单号：73。', 1493893601, ''),
(1211, 'store_bill_affirm', 2, '您有新的结算单等待确认，开始时间：2011-03-01 00:00:00，结束时间：2011-03-31 23:59:59，结算单号：74。', 1493893601, ''),
(1212, 'store_bill_affirm', 2, '您有新的结算单等待确认，开始时间：2011-02-01 00:00:00，结束时间：2011-02-28 23:59:59，结算单号：75。', 1493893601, ''),
(1213, 'store_bill_affirm', 2, '您有新的结算单等待确认，开始时间：2011-01-01 00:00:00，结束时间：2011-01-31 23:59:59，结算单号：76。', 1493893601, ''),
(1214, 'store_bill_affirm', 2, '您有新的结算单等待确认，开始时间：2010-12-01 00:00:00，结束时间：2010-12-31 23:59:59，结算单号：77。', 1493893602, ''),
(1215, 'store_bill_affirm', 2, '您有新的结算单等待确认，开始时间：2010-11-01 00:00:00，结束时间：2010-11-30 23:59:59，结算单号：78。', 1493893602, ''),
(1216, 'store_bill_affirm', 2, '您有新的结算单等待确认，开始时间：2010-10-01 00:00:00，结束时间：2010-10-31 23:59:59，结算单号：79。', 1493893602, ''),
(1217, 'store_bill_affirm', 2, '您有新的结算单等待确认，开始时间：2010-09-01 00:00:00，结束时间：2010-09-30 23:59:59，结算单号：80。', 1493893602, ''),
(1218, 'store_bill_affirm', 2, '您有新的结算单等待确认，开始时间：2010-08-01 00:00:00，结束时间：2010-08-31 23:59:59，结算单号：81。', 1493893602, ''),
(1219, 'store_bill_affirm', 2, '您有新的结算单等待确认，开始时间：2010-07-01 00:00:00，结束时间：2010-07-31 23:59:59，结算单号：82。', 1493893602, ''),
(1220, 'store_bill_affirm', 2, '您有新的结算单等待确认，开始时间：2010-06-01 00:00:00，结束时间：2010-06-30 23:59:59，结算单号：83。', 1493893602, ''),
(1221, 'store_bill_affirm', 2, '您有新的结算单等待确认，开始时间：2010-05-01 00:00:00，结束时间：2010-05-31 23:59:59，结算单号：84。', 1493893603, ''),
(1222, 'store_bill_affirm', 2, '您有新的结算单等待确认，开始时间：2010-04-01 00:00:00，结束时间：2010-04-30 23:59:59，结算单号：85。', 1493893603, ''),
(1223, 'store_bill_affirm', 2, '您有新的结算单等待确认，开始时间：2010-03-01 00:00:00，结束时间：2010-03-31 23:59:59，结算单号：86。', 1493893603, ''),
(1224, 'store_bill_affirm', 2, '您有新的结算单等待确认，开始时间：2010-02-01 00:00:00，结束时间：2010-02-28 23:59:59，结算单号：87。', 1493893603, ''),
(1225, 'store_bill_affirm', 2, '您有新的结算单等待确认，开始时间：2010-01-01 00:00:00，结束时间：2010-01-31 23:59:59，结算单号：88。', 1493893603, ''),
(1226, 'store_bill_affirm', 2, '您有新的结算单等待确认，开始时间：2009-12-01 00:00:00，结束时间：2009-12-31 23:59:59，结算单号：89。', 1493893603, ''),
(1227, 'store_bill_affirm', 2, '您有新的结算单等待确认，开始时间：2009-11-01 00:00:00，结束时间：2009-11-30 23:59:59，结算单号：90。', 1493893604, ''),
(1228, 'store_bill_affirm', 2, '您有新的结算单等待确认，开始时间：2009-10-01 00:00:00，结束时间：2009-10-31 23:59:59，结算单号：91。', 1493893604, ''),
(1229, 'store_bill_affirm', 2, '您有新的结算单等待确认，开始时间：2009-09-01 00:00:00，结束时间：2009-09-30 23:59:59，结算单号：92。', 1493893604, ''),
(1230, 'store_bill_affirm', 2, '您有新的结算单等待确认，开始时间：2009-08-01 00:00:00，结束时间：2009-08-31 23:59:59，结算单号：93。', 1493893604, ''),
(1231, 'store_bill_affirm', 2, '您有新的结算单等待确认，开始时间：2009-07-01 00:00:00，结束时间：2009-07-31 23:59:59，结算单号：94。', 1493893604, ''),
(1232, 'store_bill_affirm', 2, '您有新的结算单等待确认，开始时间：2009-06-01 00:00:00，结束时间：2009-06-30 23:59:59，结算单号：95。', 1493893605, ''),
(1233, 'store_bill_affirm', 2, '您有新的结算单等待确认，开始时间：2009-05-01 00:00:00，结束时间：2009-05-31 23:59:59，结算单号：96。', 1493893605, ''),
(1234, 'store_bill_affirm', 2, '您有新的结算单等待确认，开始时间：2009-04-01 00:00:00，结束时间：2009-04-30 23:59:59，结算单号：97。', 1493893605, ''),
(1235, 'store_bill_affirm', 2, '您有新的结算单等待确认，开始时间：2009-03-01 00:00:00，结束时间：2009-03-31 23:59:59，结算单号：98。', 1493893605, ''),
(1236, 'store_bill_affirm', 2, '您有新的结算单等待确认，开始时间：2009-02-01 00:00:00，结束时间：2009-02-28 23:59:59，结算单号：99。', 1493893605, ''),
(1237, 'store_bill_affirm', 2, '您有新的结算单等待确认，开始时间：2009-01-01 00:00:00，结束时间：2009-01-31 23:59:59，结算单号：100。', 1493893605, ''),
(1238, 'store_bill_affirm', 2, '您有新的结算单等待确认，开始时间：2008-12-01 00:00:00，结束时间：2008-12-31 23:59:59，结算单号：101。', 1493893605, ''),
(1239, 'store_bill_affirm', 2, '您有新的结算单等待确认，开始时间：2008-11-01 00:00:00，结束时间：2008-11-30 23:59:59，结算单号：102。', 1493893605, ''),
(1240, 'store_bill_affirm', 2, '您有新的结算单等待确认，开始时间：2008-10-01 00:00:00，结束时间：2008-10-31 23:59:59，结算单号：103。', 1493893606, ''),
(1241, 'store_bill_affirm', 2, '您有新的结算单等待确认，开始时间：2008-09-01 00:00:00，结束时间：2008-09-30 23:59:59，结算单号：104。', 1493893606, ''),
(1242, 'store_bill_affirm', 2, '您有新的结算单等待确认，开始时间：2008-08-01 00:00:00，结束时间：2008-08-31 23:59:59，结算单号：105。', 1493893606, ''),
(1243, 'store_bill_affirm', 2, '您有新的结算单等待确认，开始时间：2008-07-01 00:00:00，结束时间：2008-07-31 23:59:59，结算单号：106。', 1493893606, ''),
(1244, 'store_bill_affirm', 2, '您有新的结算单等待确认，开始时间：2008-06-01 00:00:00，结束时间：2008-06-30 23:59:59，结算单号：107。', 1493893606, ''),
(1245, 'store_bill_affirm', 2, '您有新的结算单等待确认，开始时间：2008-05-01 00:00:00，结束时间：2008-05-31 23:59:59，结算单号：108。', 1493893607, ''),
(1246, 'store_bill_affirm', 2, '您有新的结算单等待确认，开始时间：2008-04-01 00:00:00，结束时间：2008-04-30 23:59:59，结算单号：109。', 1493893607, ''),
(1247, 'store_bill_affirm', 2, '您有新的结算单等待确认，开始时间：2008-03-01 00:00:00，结束时间：2008-03-31 23:59:59，结算单号：110。', 1493893607, ''),
(1248, 'store_bill_affirm', 2, '您有新的结算单等待确认，开始时间：2008-02-01 00:00:00，结束时间：2008-02-29 23:59:59，结算单号：111。', 1493893607, ''),
(1249, 'store_bill_affirm', 2, '您有新的结算单等待确认，开始时间：2008-01-01 00:00:00，结束时间：2008-01-31 23:59:59，结算单号：112。', 1493893607, ''),
(1250, 'store_bill_affirm', 2, '您有新的结算单等待确认，开始时间：2007-12-01 00:00:00，结束时间：2007-12-31 23:59:59，结算单号：113。', 1493893607, ''),
(1251, 'store_bill_affirm', 2, '您有新的结算单等待确认，开始时间：2007-11-01 00:00:00，结束时间：2007-11-30 23:59:59，结算单号：114。', 1493893608, ''),
(1252, 'store_bill_affirm', 2, '您有新的结算单等待确认，开始时间：2007-10-01 00:00:00，结束时间：2007-10-31 23:59:59，结算单号：115。', 1493893608, ''),
(1253, 'store_bill_affirm', 2, '您有新的结算单等待确认，开始时间：2007-09-01 00:00:00，结束时间：2007-09-30 23:59:59，结算单号：116。', 1493893608, ''),
(1254, 'store_bill_affirm', 2, '您有新的结算单等待确认，开始时间：2007-08-01 00:00:00，结束时间：2007-08-31 23:59:59，结算单号：117。', 1493893608, ''),
(1255, 'store_bill_affirm', 2, '您有新的结算单等待确认，开始时间：2007-07-01 00:00:00，结束时间：2007-07-31 23:59:59，结算单号：118。', 1493893608, ''),
(1256, 'store_bill_affirm', 2, '您有新的结算单等待确认，开始时间：2007-06-01 00:00:00，结束时间：2007-06-30 23:59:59，结算单号：119。', 1493893608, ''),
(1257, 'store_bill_affirm', 2, '您有新的结算单等待确认，开始时间：2007-05-01 00:00:00，结束时间：2007-05-31 23:59:59，结算单号：120。', 1493893609, ''),
(1258, 'store_bill_affirm', 2, '您有新的结算单等待确认，开始时间：2007-04-01 00:00:00，结束时间：2007-04-30 23:59:59，结算单号：121。', 1493893609, ''),
(1259, 'store_bill_affirm', 2, '您有新的结算单等待确认，开始时间：2007-03-01 00:00:00，结束时间：2007-03-31 23:59:59，结算单号：122。', 1493893609, ''),
(1260, 'store_bill_affirm', 2, '您有新的结算单等待确认，开始时间：2007-02-01 00:00:00，结束时间：2007-02-28 23:59:59，结算单号：123。', 1493893609, ''),
(1261, 'store_bill_affirm', 2, '您有新的结算单等待确认，开始时间：2007-01-01 00:00:00，结束时间：2007-01-31 23:59:59，结算单号：124。', 1493893609, ''),
(1262, 'store_bill_affirm', 2, '您有新的结算单等待确认，开始时间：2006-12-01 00:00:00，结束时间：2006-12-31 23:59:59，结算单号：125。', 1493893610, ''),
(1263, 'store_bill_affirm', 2, '您有新的结算单等待确认，开始时间：2006-11-01 00:00:00，结束时间：2006-11-30 23:59:59，结算单号：126。', 1493893610, ''),
(1264, 'store_bill_affirm', 2, '您有新的结算单等待确认，开始时间：2006-10-01 00:00:00，结束时间：2006-10-31 23:59:59，结算单号：127。', 1493893610, ''),
(1265, 'store_bill_affirm', 2, '您有新的结算单等待确认，开始时间：2006-09-01 00:00:00，结束时间：2006-09-30 23:59:59，结算单号：128。', 1493893610, ''),
(1266, 'store_bill_affirm', 2, '您有新的结算单等待确认，开始时间：2006-08-01 00:00:00，结束时间：2006-08-31 23:59:59，结算单号：129。', 1493893610, ''),
(1267, 'store_bill_affirm', 2, '您有新的结算单等待确认，开始时间：2006-07-01 00:00:00，结束时间：2006-07-31 23:59:59，结算单号：1。', 1493893611, ''),
(1268, 'store_bill_affirm', 2, '您有新的结算单等待确认，开始时间：2006-06-01 00:00:00，结束时间：2006-06-30 23:59:59，结算单号：2。', 1493893611, ''),
(1269, 'store_bill_affirm', 2, '您有新的结算单等待确认，开始时间：2006-05-01 00:00:00，结束时间：2006-05-31 23:59:59，结算单号：3。', 1493893611, ''),
(1270, 'store_bill_affirm', 2, '您有新的结算单等待确认，开始时间：2006-04-01 00:00:00，结束时间：2006-04-30 23:59:59，结算单号：4。', 1493893611, ''),
(1271, 'store_bill_affirm', 2, '您有新的结算单等待确认，开始时间：2006-03-01 00:00:00，结束时间：2006-03-31 23:59:59，结算单号：5。', 1493893611, ''),
(1272, 'store_bill_affirm', 2, '您有新的结算单等待确认，开始时间：2006-02-01 00:00:00，结束时间：2006-02-28 23:59:59，结算单号：6。', 1493893612, ''),
(1273, 'store_bill_affirm', 2, '您有新的结算单等待确认，开始时间：2006-01-01 00:00:00，结束时间：2006-01-31 23:59:59，结算单号：7。', 1493893612, ''),
(1274, 'store_bill_affirm', 2, '您有新的结算单等待确认，开始时间：2005-12-01 00:00:00，结束时间：2005-12-31 23:59:59，结算单号：8。', 1493893612, ''),
(1275, 'store_bill_affirm', 2, '您有新的结算单等待确认，开始时间：2005-11-01 00:00:00，结束时间：2005-11-30 23:59:59，结算单号：9。', 1493893612, ''),
(1276, 'store_bill_affirm', 2, '您有新的结算单等待确认，开始时间：2005-10-01 00:00:00，结束时间：2005-10-31 23:59:59，结算单号：10。', 1493893612, ''),
(1277, 'store_bill_affirm', 2, '您有新的结算单等待确认，开始时间：2005-09-01 00:00:00，结束时间：2005-09-30 23:59:59，结算单号：11。', 1493893612, ''),
(1278, 'store_bill_affirm', 2, '您有新的结算单等待确认，开始时间：2005-08-01 00:00:00，结束时间：2005-08-31 23:59:59，结算单号：12。', 1493893613, ''),
(1279, 'store_bill_affirm', 2, '您有新的结算单等待确认，开始时间：2005-07-01 00:00:00，结束时间：2005-07-31 23:59:59，结算单号：13。', 1493893613, ''),
(1280, 'store_bill_affirm', 2, '您有新的结算单等待确认，开始时间：2005-06-01 00:00:00，结束时间：2005-06-30 23:59:59，结算单号：14。', 1493893613, ''),
(1281, 'store_bill_affirm', 2, '您有新的结算单等待确认，开始时间：2005-05-01 00:00:00，结束时间：2005-05-31 23:59:59，结算单号：15。', 1493893614, ''),
(1282, 'store_bill_affirm', 2, '您有新的结算单等待确认，开始时间：2005-04-01 00:00:00，结束时间：2005-04-30 23:59:59，结算单号：16。', 1493893614, ''),
(1283, 'store_bill_affirm', 2, '您有新的结算单等待确认，开始时间：2005-03-01 00:00:00，结束时间：2005-03-31 23:59:59，结算单号：17。', 1493893614, ''),
(1284, 'store_bill_affirm', 2, '您有新的结算单等待确认，开始时间：2005-02-01 00:00:00，结束时间：2005-02-28 23:59:59，结算单号：18。', 1493893614, ''),
(1285, 'store_bill_affirm', 2, '您有新的结算单等待确认，开始时间：2005-01-01 00:00:00，结束时间：2005-01-31 23:59:59，结算单号：19。', 1493893614, ''),
(1286, 'store_bill_affirm', 2, '您有新的结算单等待确认，开始时间：2004-12-01 00:00:00，结束时间：2004-12-31 23:59:59，结算单号：20。', 1493893614, ''),
(1287, 'store_bill_affirm', 2, '您有新的结算单等待确认，开始时间：2004-11-01 00:00:00，结束时间：2004-11-30 23:59:59，结算单号：21。', 1493893615, ''),
(1288, 'store_bill_affirm', 2, '您有新的结算单等待确认，开始时间：2004-10-01 00:00:00，结束时间：2004-10-31 23:59:59，结算单号：22。', 1493893615, ''),
(1289, 'store_bill_affirm', 2, '您有新的结算单等待确认，开始时间：2004-09-01 00:00:00，结束时间：2004-09-30 23:59:59，结算单号：23。', 1493893615, ''),
(1290, 'store_bill_affirm', 2, '您有新的结算单等待确认，开始时间：2004-08-01 00:00:00，结束时间：2004-08-31 23:59:59，结算单号：24。', 1493893615, ''),
(1291, 'store_bill_affirm', 2, '您有新的结算单等待确认，开始时间：2004-07-01 00:00:00，结束时间：2004-07-31 23:59:59，结算单号：25。', 1493893615, ''),
(1292, 'store_bill_affirm', 2, '您有新的结算单等待确认，开始时间：2004-06-01 00:00:00，结束时间：2004-06-30 23:59:59，结算单号：26。', 1493893615, ''),
(1293, 'store_bill_affirm', 2, '您有新的结算单等待确认，开始时间：2004-05-01 00:00:00，结束时间：2004-05-31 23:59:59，结算单号：27。', 1493893615, ''),
(1294, 'store_bill_affirm', 2, '您有新的结算单等待确认，开始时间：2004-04-01 00:00:00，结束时间：2004-04-30 23:59:59，结算单号：28。', 1493893616, ''),
(1295, 'store_bill_affirm', 2, '您有新的结算单等待确认，开始时间：2004-03-01 00:00:00，结束时间：2004-03-31 23:59:59，结算单号：29。', 1493893616, ''),
(1296, 'store_bill_affirm', 2, '您有新的结算单等待确认，开始时间：2004-02-01 00:00:00，结束时间：2004-02-29 23:59:59，结算单号：30。', 1493893616, ''),
(1297, 'store_bill_affirm', 2, '您有新的结算单等待确认，开始时间：2004-01-01 00:00:00，结束时间：2004-01-31 23:59:59，结算单号：31。', 1493893616, ''),
(1298, 'store_bill_affirm', 2, '您有新的结算单等待确认，开始时间：2003-12-01 00:00:00，结束时间：2003-12-31 23:59:59，结算单号：32。', 1493893616, ''),
(1299, 'store_bill_affirm', 2, '您有新的结算单等待确认，开始时间：2003-11-01 00:00:00，结束时间：2003-11-30 23:59:59，结算单号：33。', 1493893616, ''),
(1300, 'store_bill_affirm', 2, '您有新的结算单等待确认，开始时间：2003-10-01 00:00:00，结束时间：2003-10-31 23:59:59，结算单号：34。', 1493893616, ''),
(1301, 'store_bill_affirm', 2, '您有新的结算单等待确认，开始时间：2003-09-01 00:00:00，结束时间：2003-09-30 23:59:59，结算单号：35。', 1493893617, ''),
(1302, 'store_bill_affirm', 2, '您有新的结算单等待确认，开始时间：2003-08-01 00:00:00，结束时间：2003-08-31 23:59:59，结算单号：36。', 1493893617, ''),
(1303, 'store_bill_affirm', 2, '您有新的结算单等待确认，开始时间：2003-07-01 00:00:00，结束时间：2003-07-31 23:59:59，结算单号：37。', 1493893617, ''),
(1304, 'store_bill_affirm', 2, '您有新的结算单等待确认，开始时间：2003-06-01 00:00:00，结束时间：2003-06-30 23:59:59，结算单号：38。', 1493893617, ''),
(1305, 'store_bill_affirm', 2, '您有新的结算单等待确认，开始时间：2003-05-01 00:00:00，结束时间：2003-05-31 23:59:59，结算单号：39。', 1493893617, ''),
(1306, 'store_bill_affirm', 2, '您有新的结算单等待确认，开始时间：2003-04-01 00:00:00，结束时间：2003-04-30 23:59:59，结算单号：40。', 1493893617, ''),
(1307, 'store_bill_affirm', 2, '您有新的结算单等待确认，开始时间：2003-03-01 00:00:00，结束时间：2003-03-31 23:59:59，结算单号：41。', 1493893618, ''),
(1308, 'store_bill_affirm', 2, '您有新的结算单等待确认，开始时间：2003-02-01 00:00:00，结束时间：2003-02-28 23:59:59，结算单号：42。', 1493893618, ''),
(1309, 'store_bill_affirm', 2, '您有新的结算单等待确认，开始时间：2003-01-01 00:00:00，结束时间：2003-01-31 23:59:59，结算单号：43。', 1493893618, ''),
(1310, 'store_bill_affirm', 2, '您有新的结算单等待确认，开始时间：2002-12-01 00:00:00，结束时间：2002-12-31 23:59:59，结算单号：44。', 1493893618, ''),
(1311, 'store_bill_affirm', 2, '您有新的结算单等待确认，开始时间：2002-11-01 00:00:00，结束时间：2002-11-30 23:59:59，结算单号：45。', 1493893618, ''),
(1312, 'store_bill_affirm', 2, '您有新的结算单等待确认，开始时间：2002-10-01 00:00:00，结束时间：2002-10-31 23:59:59，结算单号：46。', 1493893618, ''),
(1313, 'store_bill_affirm', 2, '您有新的结算单等待确认，开始时间：2002-09-01 00:00:00，结束时间：2002-09-30 23:59:59，结算单号：47。', 1493893618, ''),
(1314, 'store_bill_affirm', 2, '您有新的结算单等待确认，开始时间：2002-08-01 00:00:00，结束时间：2002-08-31 23:59:59，结算单号：48。', 1493893619, ''),
(1315, 'store_bill_affirm', 2, '您有新的结算单等待确认，开始时间：2002-07-01 00:00:00，结束时间：2002-07-31 23:59:59，结算单号：49。', 1493893619, ''),
(1316, 'store_bill_affirm', 2, '您有新的结算单等待确认，开始时间：2002-06-01 00:00:00，结束时间：2002-06-30 23:59:59，结算单号：50。', 1493893619, ''),
(1317, 'store_bill_affirm', 2, '您有新的结算单等待确认，开始时间：2002-05-01 00:00:00，结束时间：2002-05-31 23:59:59，结算单号：51。', 1493893619, ''),
(1318, 'store_bill_affirm', 2, '您有新的结算单等待确认，开始时间：2002-04-01 00:00:00，结束时间：2002-04-30 23:59:59，结算单号：52。', 1493893619, ''),
(1319, 'store_bill_affirm', 2, '您有新的结算单等待确认，开始时间：2002-03-01 00:00:00，结束时间：2002-03-31 23:59:59，结算单号：53。', 1493893619, ''),
(1320, 'store_bill_affirm', 2, '您有新的结算单等待确认，开始时间：2002-02-01 00:00:00，结束时间：2002-02-28 23:59:59，结算单号：54。', 1493893620, ''),
(1321, 'store_bill_affirm', 2, '您有新的结算单等待确认，开始时间：2002-01-01 00:00:00，结束时间：2002-01-31 23:59:59，结算单号：55。', 1493893620, ''),
(1322, 'store_bill_affirm', 2, '您有新的结算单等待确认，开始时间：2001-12-01 00:00:00，结束时间：2001-12-31 23:59:59，结算单号：56。', 1493893620, ''),
(1323, 'store_bill_affirm', 2, '您有新的结算单等待确认，开始时间：2001-11-01 00:00:00，结束时间：2001-11-30 23:59:59，结算单号：57。', 1493893620, ''),
(1324, 'store_bill_affirm', 2, '您有新的结算单等待确认，开始时间：2001-10-01 00:00:00，结束时间：2001-10-31 23:59:59，结算单号：58。', 1493893621, ''),
(1325, 'store_bill_affirm', 2, '您有新的结算单等待确认，开始时间：2001-09-01 00:00:00，结束时间：2001-09-30 23:59:59，结算单号：59。', 1493893621, ''),
(1326, 'store_bill_affirm', 2, '您有新的结算单等待确认，开始时间：2001-08-01 00:00:00，结束时间：2001-08-31 23:59:59，结算单号：60。', 1493893621, ''),
(1327, 'store_bill_affirm', 2, '您有新的结算单等待确认，开始时间：2001-07-01 00:00:00，结束时间：2001-07-31 23:59:59，结算单号：61。', 1493893621, ''),
(1328, 'store_bill_affirm', 2, '您有新的结算单等待确认，开始时间：2001-06-01 00:00:00，结束时间：2001-06-30 23:59:59，结算单号：62。', 1493893621, ''),
(1329, 'store_bill_affirm', 2, '您有新的结算单等待确认，开始时间：2001-05-01 00:00:00，结束时间：2001-05-31 23:59:59，结算单号：63。', 1493893621, ''),
(1330, 'store_bill_affirm', 2, '您有新的结算单等待确认，开始时间：2001-04-01 00:00:00，结束时间：2001-04-30 23:59:59，结算单号：64。', 1493893622, ''),
(1331, 'store_bill_affirm', 2, '您有新的结算单等待确认，开始时间：2001-03-01 00:00:00，结束时间：2001-03-31 23:59:59，结算单号：65。', 1493893622, ''),
(1332, 'store_bill_affirm', 2, '您有新的结算单等待确认，开始时间：2001-02-01 00:00:00，结束时间：2001-02-28 23:59:59，结算单号：66。', 1493893622, ''),
(1333, 'store_bill_affirm', 2, '您有新的结算单等待确认，开始时间：2001-01-01 00:00:00，结束时间：2001-01-31 23:59:59，结算单号：67。', 1493893622, ''),
(1334, 'store_bill_affirm', 2, '您有新的结算单等待确认，开始时间：2000-12-01 00:00:00，结束时间：2000-12-31 23:59:59，结算单号：68。', 1493893622, ''),
(1335, 'store_bill_affirm', 2, '您有新的结算单等待确认，开始时间：2000-11-01 00:00:00，结束时间：2000-11-30 23:59:59，结算单号：69。', 1493893622, ''),
(1336, 'store_bill_affirm', 2, '您有新的结算单等待确认，开始时间：2000-10-01 00:00:00，结束时间：2000-10-31 23:59:59，结算单号：70。', 1493893623, ''),
(1337, 'store_bill_affirm', 2, '您有新的结算单等待确认，开始时间：2000-09-01 00:00:00，结束时间：2000-09-30 23:59:59，结算单号：71。', 1493893623, ''),
(1338, 'store_bill_affirm', 2, '您有新的结算单等待确认，开始时间：2000-08-01 00:00:00，结束时间：2000-08-31 23:59:59，结算单号：72。', 1493893623, ''),
(1339, 'store_bill_affirm', 2, '您有新的结算单等待确认，开始时间：2000-07-01 00:00:00，结束时间：2000-07-31 23:59:59，结算单号：73。', 1493893623, ''),
(1340, 'store_bill_affirm', 2, '您有新的结算单等待确认，开始时间：2000-06-01 00:00:00，结束时间：2000-06-30 23:59:59，结算单号：74。', 1493893623, ''),
(1341, 'store_bill_affirm', 2, '您有新的结算单等待确认，开始时间：2000-05-01 00:00:00，结束时间：2000-05-31 23:59:59，结算单号：75。', 1493893624, ''),
(1342, 'store_bill_affirm', 2, '您有新的结算单等待确认，开始时间：2000-04-01 00:00:00，结束时间：2000-04-30 23:59:59，结算单号：76。', 1493893624, ''),
(1343, 'store_bill_affirm', 2, '您有新的结算单等待确认，开始时间：2000-03-01 00:00:00，结束时间：2000-03-31 23:59:59，结算单号：77。', 1493893624, ''),
(1344, 'store_bill_affirm', 2, '您有新的结算单等待确认，开始时间：2000-02-01 00:00:00，结束时间：2000-02-29 23:59:59，结算单号：78。', 1493893624, ''),
(1345, 'store_bill_affirm', 2, '您有新的结算单等待确认，开始时间：2000-01-01 00:00:00，结束时间：2000-01-31 23:59:59，结算单号：79。', 1493893624, ''),
(1346, 'store_bill_affirm', 2, '您有新的结算单等待确认，开始时间：1999-12-01 00:00:00，结束时间：1999-12-31 23:59:59，结算单号：80。', 1493893624, ''),
(1347, 'store_bill_affirm', 2, '您有新的结算单等待确认，开始时间：1999-11-01 00:00:00，结束时间：1999-11-30 23:59:59，结算单号：81。', 1493893624, ''),
(1348, 'store_bill_affirm', 2, '您有新的结算单等待确认，开始时间：1999-10-01 00:00:00，结束时间：1999-10-31 23:59:59，结算单号：82。', 1493893625, ''),
(1349, 'store_bill_affirm', 2, '您有新的结算单等待确认，开始时间：1999-09-01 00:00:00，结束时间：1999-09-30 23:59:59，结算单号：83。', 1493893625, ''),
(1350, 'store_bill_affirm', 2, '您有新的结算单等待确认，开始时间：1999-08-01 00:00:00，结束时间：1999-08-31 23:59:59，结算单号：84。', 1493893625, ''),
(1351, 'store_bill_affirm', 2, '您有新的结算单等待确认，开始时间：1999-07-01 00:00:00，结束时间：1999-07-31 23:59:59，结算单号：85。', 1493893625, ''),
(1352, 'store_bill_affirm', 2, '您有新的结算单等待确认，开始时间：1999-06-01 00:00:00，结束时间：1999-06-30 23:59:59，结算单号：86。', 1493893625, ''),
(1353, 'store_bill_affirm', 2, '您有新的结算单等待确认，开始时间：1999-05-01 00:00:00，结束时间：1999-05-31 23:59:59，结算单号：87。', 1493893625, ''),
(1354, 'store_bill_affirm', 2, '您有新的结算单等待确认，开始时间：1999-04-01 00:00:00，结束时间：1999-04-30 23:59:59，结算单号：88。', 1493893626, ''),
(1355, 'store_bill_affirm', 2, '您有新的结算单等待确认，开始时间：1999-03-01 00:00:00，结束时间：1999-03-31 23:59:59，结算单号：89。', 1493893626, ''),
(1356, 'store_bill_affirm', 2, '您有新的结算单等待确认，开始时间：1999-02-01 00:00:00，结束时间：1999-02-28 23:59:59，结算单号：90。', 1493893626, ''),
(1357, 'store_bill_affirm', 2, '您有新的结算单等待确认，开始时间：1999-01-01 00:00:00，结束时间：1999-01-31 23:59:59，结算单号：91。', 1493893626, ''),
(1358, 'store_bill_affirm', 2, '您有新的结算单等待确认，开始时间：1998-12-01 00:00:00，结束时间：1998-12-31 23:59:59，结算单号：92。', 1493893626, ''),
(1359, 'store_bill_affirm', 2, '您有新的结算单等待确认，开始时间：1998-11-01 00:00:00，结束时间：1998-11-30 23:59:59，结算单号：93。', 1493893627, ''),
(1360, 'store_bill_affirm', 2, '您有新的结算单等待确认，开始时间：1998-10-01 00:00:00，结束时间：1998-10-31 23:59:59，结算单号：94。', 1493893627, ''),
(1361, 'store_bill_affirm', 2, '您有新的结算单等待确认，开始时间：1998-09-01 00:00:00，结束时间：1998-09-30 23:59:59，结算单号：95。', 1493893627, ''),
(1362, 'store_bill_affirm', 2, '您有新的结算单等待确认，开始时间：1998-08-01 00:00:00，结束时间：1998-08-31 23:59:59，结算单号：96。', 1493893627, ''),
(1363, 'store_bill_affirm', 2, '您有新的结算单等待确认，开始时间：1998-07-01 00:00:00，结束时间：1998-07-31 23:59:59，结算单号：97。', 1493893627, ''),
(1364, 'store_bill_affirm', 2, '您有新的结算单等待确认，开始时间：1998-06-01 00:00:00，结束时间：1998-06-30 23:59:59，结算单号：98。', 1493893627, ''),
(1365, 'store_bill_affirm', 2, '您有新的结算单等待确认，开始时间：1998-05-01 00:00:00，结束时间：1998-05-31 23:59:59，结算单号：99。', 1493893627, ''),
(1366, 'store_bill_affirm', 2, '您有新的结算单等待确认，开始时间：1998-04-01 00:00:00，结束时间：1998-04-30 23:59:59，结算单号：100。', 1493893628, ''),
(1367, 'store_bill_affirm', 2, '您有新的结算单等待确认，开始时间：1998-03-01 00:00:00，结束时间：1998-03-31 23:59:59，结算单号：101。', 1493893628, ''),
(1368, 'store_bill_affirm', 2, '您有新的结算单等待确认，开始时间：1998-02-01 00:00:00，结束时间：1998-02-28 23:59:59，结算单号：102。', 1493893628, ''),
(1369, 'store_bill_affirm', 2, '您有新的结算单等待确认，开始时间：1998-01-01 00:00:00，结束时间：1998-01-31 23:59:59，结算单号：103。', 1493893628, ''),
(1370, 'store_bill_affirm', 2, '您有新的结算单等待确认，开始时间：1997-12-01 00:00:00，结束时间：1997-12-31 23:59:59，结算单号：104。', 1493893628, ''),
(1371, 'store_bill_affirm', 2, '您有新的结算单等待确认，开始时间：1997-11-01 00:00:00，结束时间：1997-11-30 23:59:59，结算单号：105。', 1493893628, ''),
(1372, 'store_bill_affirm', 2, '您有新的结算单等待确认，开始时间：1997-10-01 00:00:00，结束时间：1997-10-31 23:59:59，结算单号：106。', 1493893629, ''),
(1373, 'store_bill_affirm', 2, '您有新的结算单等待确认，开始时间：1997-09-01 00:00:00，结束时间：1997-09-30 23:59:59，结算单号：107。', 1493893629, ''),
(1374, 'store_bill_affirm', 2, '您有新的结算单等待确认，开始时间：1997-08-01 00:00:00，结束时间：1997-08-31 23:59:59，结算单号：108。', 1493893629, ''),
(1375, 'store_bill_affirm', 2, '您有新的结算单等待确认，开始时间：1997-07-01 00:00:00，结束时间：1997-07-31 23:59:59，结算单号：109。', 1493893629, ''),
(1376, 'store_bill_affirm', 2, '您有新的结算单等待确认，开始时间：1997-06-01 00:00:00，结束时间：1997-06-30 23:59:59，结算单号：110。', 1493893629, ''),
(1377, 'store_bill_affirm', 2, '您有新的结算单等待确认，开始时间：1997-05-01 00:00:00，结束时间：1997-05-31 23:59:59，结算单号：111。', 1493893629, ''),
(1378, 'store_bill_affirm', 2, '您有新的结算单等待确认，开始时间：1997-04-01 00:00:00，结束时间：1997-04-30 23:59:59，结算单号：112。', 1493893630, ''),
(1379, 'store_bill_affirm', 2, '您有新的结算单等待确认，开始时间：1997-03-01 00:00:00，结束时间：1997-03-31 23:59:59，结算单号：113。', 1493893630, ''),
(1380, 'store_bill_affirm', 2, '您有新的结算单等待确认，开始时间：1997-02-01 00:00:00，结束时间：1997-02-28 23:59:59，结算单号：114。', 1493893630, ''),
(1381, 'store_bill_affirm', 2, '您有新的结算单等待确认，开始时间：1997-01-01 00:00:00，结束时间：1997-01-31 23:59:59，结算单号：115。', 1493893630, ''),
(1382, 'store_bill_affirm', 2, '您有新的结算单等待确认，开始时间：1996-12-01 00:00:00，结束时间：1996-12-31 23:59:59，结算单号：116。', 1493893630, ''),
(1383, 'store_bill_affirm', 2, '您有新的结算单等待确认，开始时间：1996-11-01 00:00:00，结束时间：1996-11-30 23:59:59，结算单号：117。', 1493893630, ''),
(1384, 'store_bill_affirm', 2, '您有新的结算单等待确认，开始时间：1996-10-01 00:00:00，结束时间：1996-10-31 23:59:59，结算单号：118。', 1493893630, ''),
(1385, 'store_bill_affirm', 2, '您有新的结算单等待确认，开始时间：1996-09-01 00:00:00，结束时间：1996-09-30 23:59:59，结算单号：119。', 1493893631, ''),
(1386, 'store_bill_affirm', 2, '您有新的结算单等待确认，开始时间：1996-08-01 00:00:00，结束时间：1996-08-31 23:59:59，结算单号：120。', 1493893631, ''),
(1387, 'store_bill_affirm', 2, '您有新的结算单等待确认，开始时间：1996-07-01 00:00:00，结束时间：1996-07-31 23:59:59，结算单号：121。', 1493893631, '');
INSERT INTO `33hao_store_msg` (`sm_id`, `smt_code`, `store_id`, `sm_content`, `sm_addtime`, `sm_readids`) VALUES
(1388, 'store_bill_affirm', 2, '您有新的结算单等待确认，开始时间：1996-06-01 00:00:00，结束时间：1996-06-30 23:59:59，结算单号：122。', 1493893631, ''),
(1389, 'store_bill_affirm', 2, '您有新的结算单等待确认，开始时间：1996-05-01 00:00:00，结束时间：1996-05-31 23:59:59，结算单号：123。', 1493893631, ''),
(1390, 'store_bill_affirm', 2, '您有新的结算单等待确认，开始时间：1996-04-01 00:00:00，结束时间：1996-04-30 23:59:59，结算单号：124。', 1493893631, ''),
(1391, 'store_bill_affirm', 2, '您有新的结算单等待确认，开始时间：1996-03-01 00:00:00，结束时间：1996-03-31 23:59:59，结算单号：125。', 1493893632, ''),
(1392, 'store_bill_affirm', 2, '您有新的结算单等待确认，开始时间：1996-02-01 00:00:00，结束时间：1996-02-29 23:59:59，结算单号：126。', 1493893632, ''),
(1393, 'store_bill_affirm', 2, '您有新的结算单等待确认，开始时间：1996-01-01 00:00:00，结束时间：1996-01-31 23:59:59，结算单号：127。', 1493893632, ''),
(1394, 'store_bill_affirm', 2, '您有新的结算单等待确认，开始时间：1995-12-01 00:00:00，结束时间：1995-12-31 23:59:59，结算单号：128。', 1493893632, ''),
(1395, 'store_bill_affirm', 2, '您有新的结算单等待确认，开始时间：1995-11-01 00:00:00，结束时间：1995-11-30 23:59:59，结算单号：129。', 1493893632, ''),
(1396, 'store_bill_affirm', 2, '您有新的结算单等待确认，开始时间：2017-04-01 00:00:00，结束时间：2017-04-30 23:59:59，结算单号：1。', 1493894095, ''),
(1397, 'store_bill_affirm', 2, '您有新的结算单等待确认，开始时间：2017-04-01 00:00:00，结束时间：2017-04-30 23:59:59，结算单号：1。', 1493894504, ''),
(1398, 'store_bill_affirm', 2, '您有新的结算单等待确认，开始时间：2017-04-28 00:00:00，结束时间：2017-04-17 23:59:59，结算单号：1。', 1493895547, ''),
(1399, 'store_bill_affirm', 2, '您有新的结算单等待确认，开始时间：2017-04-01 00:00:00，结束时间：2017-04-30 23:59:59，结算单号：1。', 1493895648, ''),
(1400, 'store_bill_gathering', 2, '您的结算单平台已付款，请注意查收，结算单编号：1。', 1493895983, ''),
(1401, 'store_bill_affirm', 2, '您有新的结算单等待确认，开始时间：2017-04-01 00:00:00，结束时间：2017-04-30 23:59:59，结算单号：1。', 1493896952, ''),
(1402, 'store_bill_affirm', 2, '您有新的结算单等待确认，开始时间：2017-04-01 00:00:00，结束时间：2017-04-30 23:59:59，结算单号：1。', 1493897167, ''),
(1403, 'store_bill_affirm', 2, '您有新的结算单等待确认，开始时间：2017-04-01 00:00:00，结束时间：2017-04-30 23:59:59，结算单号：1。', 1493898157, ''),
(1404, 'store_bill_affirm', 2, '您有新的结算单等待确认，开始时间：2017-04-01 00:00:00，结束时间：2017-04-30 23:59:59，结算单号：1。', 1493898870, ''),
(1405, 'refund', 2, '您有一个售前退款单需要处理，退款编号：195102170505095547。', 1493949347, ''),
(1406, 'store_bill_affirm', 3, '您有新的结算单等待确认，开始时间：2017-05-02 00:00:00，结束时间：2017-05-02 23:59:59，结算单号：2。', 1493951262, ''),
(1407, 'store_bill_affirm', 3, '您有新的结算单等待确认，开始时间：2017-05-02 00:00:00，结束时间：2017-05-02 23:59:59，结算单号：3。', 1493951879, ''),
(1408, 'store_bill_affirm', 3, '您有新的结算单等待确认，开始时间：2017-05-03 00:00:00，结束时间：2017-05-03 23:59:59，结算单号：4。', 1493952937, ''),
(1409, 'store_bill_affirm', 3, '您有新的结算单等待确认，开始时间：2017-05-04 00:00:00，结束时间：2017-05-04 23:59:59，结算单号：5。', 1493952964, ''),
(1410, 'store_bill_affirm', 3, '您有新的结算单等待确认，开始时间：2017-05-02 00:00:00，结束时间：2017-05-02 23:59:59，结算单号：6。', 1493953109, ''),
(1411, 'store_bill_affirm', 3, '您有新的结算单等待确认，开始时间：2017-05-03 00:00:00，结束时间：2017-05-03 23:59:59，结算单号：7。', 1493953268, ''),
(1412, 'refund', 3, '您有一个售前退款单需要处理，退款编号：490103170505112841。', 1493954921, ''),
(1413, 'refund', 3, '您有一个售前退款单需要处理，退款编号：111103170505135901。', 1493963942, ''),
(1414, 'refund', 3, '您有一个售前退款单需要处理，退款编号：868103170505140204。', 1493964124, ''),
(1415, 'new_order', 3, '您有订单需要处理，订单编号：9000000000002001。', 1493968114, ''),
(1416, 'new_order', 3, '您有订单需要处理，订单编号：9000000000002101。', 1493968450, ''),
(1417, 'new_order', 3, '您有订单需要处理，订单编号：9000000000002101。', 1493968536, ''),
(1418, 'new_order', 3, '您有订单需要处理，订单编号：9000000000002101。', 1493968618, ''),
(1419, 'refund', 3, '您有一个售前退款单需要处理，退款编号：198103170505155247。', 1493970768, ''),
(1420, 'refund', 3, '您有一个售前退款单需要处理，退款编号：931103170505155614。', 1493970974, ''),
(1421, 'new_order', 3, '您有订单需要处理，订单编号：9000000000002201。', 1493971229, ''),
(1422, 'new_order', 3, '您有订单需要处理，订单编号：9000000000002301。', 1493971645, ''),
(1423, 'new_order', 2, '您有订单需要处理，订单编号：9000000000002801。', 1494233854, ''),
(1424, 'store_cost', 2, '您有一条新的店铺消费记录，金额：10，操作人：sina450911，备注：购买抢购。', 1494246678, ''),
(1425, 'new_order', 2, '您有订单需要处理，订单编号：9000000000002402。', 1494322598, ''),
(1426, 'new_order', 3, '您有订单需要处理，订单编号：9000000000002401。', 1494322599, ''),
(1427, 'new_order', 2, '您有订单需要处理，订单编号：9000000000002402。', 1494322618, ''),
(1428, 'new_order', 3, '您有订单需要处理，订单编号：9000000000002401。', 1494322618, ''),
(1429, 'new_order', 2, '您有订单需要处理，订单编号：9000000000002501。', 1494322990, ',2,'),
(1430, 'store_bill_affirm', 2, '您有新的结算单等待确认，开始时间：2017-04-01 00:00:00，结束时间：2017-04-30 23:59:59，结算单号：1。', 1494386952, ''),
(1431, 'new_order', 2, '您有订单需要处理，订单编号：9000000000002601。', 1494646843, ''),
(1432, 'new_order', 2, '您有订单需要处理，订单编号：9000000000002601。', 1494646881, ''),
(1433, 'new_order', 2, '您有订单需要处理，订单编号：9000000000002601。', 1494646897, ''),
(1434, 'new_order', 2, '您有订单需要处理，订单编号：9000000000002701。', 1494655043, ''),
(1435, 'new_order', 2, '您有订单需要处理，订单编号：9000000000003301。', 1494655404, ''),
(1436, 'new_order', 2, '您有订单需要处理，订单编号：9000000000003401。', 1494660060, ''),
(1437, 'new_order', 2, '您有订单需要处理，订单编号：9000000000004201。', 1494660744, ''),
(1438, 'new_order', 2, '您有订单需要处理，订单编号：9000000000003501。', 1494660989, ''),
(1439, 'new_order', 3, '您有订单需要处理，订单编号：9000000000004301。', 1494661215, ''),
(1440, 'new_order', 2, '您有订单需要处理，订单编号：9000000000004302。', 1494661215, ''),
(1441, 'new_order', 3, '您有订单需要处理，订单编号：9000000000004001。', 1494663397, ''),
(1442, 'new_order', 3, '您有订单需要处理，订单编号：9000000000003901。', 1494663716, ''),
(1443, 'new_order', 3, '您有订单需要处理，订单编号：9000000000004101。', 1494663739, ''),
(1444, 'new_order', 3, '您有订单需要处理，订单编号：9000000000003601。', 1494663750, ''),
(1445, 'new_order', 3, '您有订单需要处理，订单编号：9000000000003701。', 1494663768, ''),
(1446, 'new_order', 3, '您有订单需要处理，订单编号：9000000000006701。', 1494670394, ''),
(1447, 'new_order', 3, '您有订单需要处理，订单编号：9000000000006801。', 1494670620, ''),
(1448, 'new_order', 3, '您有订单需要处理，订单编号：9000000000006901。', 1494670850, ''),
(1449, 'new_order', 3, '您有订单需要处理，订单编号：9000000000007001。', 1494671229, ''),
(1450, 'new_order', 2, '您有订单需要处理，订单编号：9000000000007101。', 1494671246, ''),
(1451, 'new_order', 3, '您有订单需要处理，订单编号：9000000000007201。', 1494671261, ''),
(1452, 'new_order', 2, '您有订单需要处理，订单编号：9000000000007301。', 1494671425, ''),
(1453, 'new_order', 3, '您有订单需要处理，订单编号：9000000000006501。', 1494814879, ''),
(1454, 'new_order', 2, '您有订单需要处理，订单编号：9000000000007401。', 1494814922, ''),
(1455, 'new_order', 2, '您有订单需要处理，订单编号：9000000000007501。', 1494816888, ''),
(1456, 'new_order', 2, '您有订单需要处理，订单编号：9000000000007601。', 1494817624, ''),
(1457, 'new_order', 2, '您有订单需要处理，订单编号：9000000000006401。', 1494818828, ''),
(1458, 'new_order', 3, '您有订单需要处理，订单编号：9000000000008001。', 1494818904, ''),
(1459, 'new_order', 3, '您有订单需要处理，订单编号：9000000000008201。', 1494830024, ''),
(1460, 'new_order', 2, '您有订单需要处理，订单编号：9000000000008301。', 1494830038, ''),
(1461, 'new_order', 3, '您有订单需要处理，订单编号：9000000000008601。', 1494830932, ''),
(1462, 'new_order', 2, '您有订单需要处理，订单编号：9000000000008701。', 1494830944, ''),
(1463, 'new_order', 2, '您有订单需要处理，订单编号：9000000000008801。', 1494831030, ''),
(1464, 'new_order', 3, '您有订单需要处理，订单编号：9000000000008901。', 1494831072, ''),
(1465, 'new_order', 3, '您有订单需要处理，订单编号：9000000000009001。', 1494831087, ''),
(1466, 'new_order', 3, '您有订单需要处理，订单编号：9000000000009101。', 1494831310, ''),
(1467, 'new_order', 3, '您有订单需要处理，订单编号：9000000000008401。', 1494831356, ''),
(1468, 'new_order', 2, '您有订单需要处理，订单编号：9000000000007701。', 1494831432, ''),
(1469, 'new_order', 3, '您有订单需要处理，订单编号：9000000000009301。', 1494831600, ''),
(1470, 'new_order', 3, '您有订单需要处理，订单编号：9000000000009801。', 1494835984, ''),
(1471, 'new_order', 3, '您有订单需要处理，订单编号：9000000000009901。', 1494836005, ''),
(1472, 'new_order', 3, '您有订单需要处理，订单编号：9000000000011601。', 1494842270, ''),
(1473, 'new_order', 3, '您有订单需要处理，订单编号：9000000000011701。', 1494842466, ''),
(1474, 'new_order', 3, '您有订单需要处理，订单编号：9000000000011801。', 1494842493, ''),
(1475, 'new_order', 3, '您有订单需要处理，订单编号：9000000000012601。', 1494842863, ''),
(1476, 'new_order', 3, '您有订单需要处理，订单编号：9000000000012701。', 1494842925, ''),
(1477, 'new_order', 3, '您有订单需要处理，订单编号：9000000000012801。', 1494842968, ''),
(1478, 'new_order', 3, '您有订单需要处理，订单编号：9000000000013101。', 1494843090, '');

-- --------------------------------------------------------

--
-- 表的结构 `33hao_store_msg_read`
--

CREATE TABLE IF NOT EXISTS `33hao_store_msg_read` (
  `sm_id` int(11) NOT NULL COMMENT '店铺消息id',
  `seller_id` int(11) NOT NULL COMMENT '卖家id',
  `read_time` int(11) NOT NULL COMMENT '阅读时间',
  PRIMARY KEY (`sm_id`,`seller_id`)
) ENGINE=InnoDB DEFAULT CHARSET=utf8 COMMENT='店铺消息阅读表';

--
-- 转存表中的数据 `33hao_store_msg_read`
--

INSERT INTO `33hao_store_msg_read` (`sm_id`, `seller_id`, `read_time`) VALUES
(1429, 2, 1494387453);

-- --------------------------------------------------------

--
-- 表的结构 `33hao_store_msg_setting`
--

CREATE TABLE IF NOT EXISTS `33hao_store_msg_setting` (
  `smt_code` varchar(100) NOT NULL COMMENT '模板编码',
  `store_id` int(10) unsigned NOT NULL COMMENT '店铺id',
  `sms_message_switch` tinyint(3) unsigned NOT NULL COMMENT '站内信接收开关，0关闭，1开启',
  `sms_short_switch` tinyint(3) unsigned NOT NULL COMMENT '短消息接收开关，0关闭，1开启',
  `sms_mail_switch` tinyint(3) unsigned NOT NULL COMMENT '邮件接收开关，0关闭，1开启',
  `sms_short_number` varchar(11) DEFAULT '' COMMENT '手机号码',
  `sms_mail_number` varchar(100) DEFAULT '' COMMENT '邮箱号码',
  PRIMARY KEY (`smt_code`,`store_id`)
) ENGINE=InnoDB DEFAULT CHARSET=utf8 COMMENT='店铺消息接收设置';

-- --------------------------------------------------------

--
-- 表的结构 `33hao_store_msg_tpl`
--

CREATE TABLE IF NOT EXISTS `33hao_store_msg_tpl` (
  `smt_code` varchar(100) NOT NULL COMMENT '模板编码',
  `smt_name` varchar(100) NOT NULL COMMENT '模板名称',
  `smt_message_switch` tinyint(3) unsigned NOT NULL COMMENT '站内信默认开关，0关，1开',
  `smt_message_content` varchar(255) NOT NULL COMMENT '站内信内容',
  `smt_message_forced` tinyint(3) unsigned NOT NULL COMMENT '站内信强制接收，0否，1是',
  `smt_short_switch` tinyint(3) unsigned NOT NULL COMMENT '短信默认开关，0关，1开',
  `smt_short_content` varchar(255) NOT NULL COMMENT '短信内容',
  `smt_short_forced` tinyint(3) unsigned NOT NULL COMMENT '短信强制接收，0否，1是',
  `smt_mail_switch` tinyint(3) unsigned NOT NULL COMMENT '邮件默认开，0关，1开',
  `smt_mail_subject` varchar(255) NOT NULL COMMENT '邮件标题',
  `smt_mail_content` text NOT NULL COMMENT '邮件内容',
  `smt_mail_forced` tinyint(3) unsigned NOT NULL COMMENT '邮件强制接收，0否，1是',
  PRIMARY KEY (`smt_code`)
) ENGINE=InnoDB DEFAULT CHARSET=utf8 COMMENT='商家消息模板';

--
-- 转存表中的数据 `33hao_store_msg_tpl`
--

INSERT INTO `33hao_store_msg_tpl` (`smt_code`, `smt_name`, `smt_message_switch`, `smt_message_content`, `smt_message_forced`, `smt_short_switch`, `smt_short_content`, `smt_short_forced`, `smt_mail_switch`, `smt_mail_subject`, `smt_mail_content`, `smt_mail_forced`) VALUES
('complain', '商品被投诉提醒', 1, '您售出的商品被投诉，等待商家申诉。投诉单编号：{$complain_id}。', 1, 0, '【{$site_name}】您售出的商品被投诉，等待商家申诉。投诉单编号：{$complain_id}。', 0, 0, '{$site_name}提醒：您售出的商品被投诉，等待商家申诉。投诉单编号：{$complain_id}。', '<p>\r\n  {$site_name}提醒：\r\n</p>\r\n<p>\r\n  您售出的商品被投诉，等待商家申诉。投诉单编号：{$complain_id}。\r\n</p>\r\n<p>\r\n   <br />\r\n</p>\r\n<p>\r\n   <br />\r\n</p>\r\n<p>\r\n   <br />\r\n</p>\r\n<p style="text-align:right;">\r\n {$site_name}\r\n</p>\r\n<p style="text-align:right;">\r\n   {$mail_send_time}\r\n</p>\r\n<p>\r\n    <br />\r\n</p>', 0),
('goods_storage_alarm', '商品库存预警', 1, '您的商品库存不足，请及时补货。SPU：{$common_id}，SKU：{$sku_id}。', 1, 0, '【{$site_name}】您的商品库存不足，请及时补货。SPU：{$common_id}，SKU：{$sku_id}。', 0, 0, '{$site_name}提醒：您的商品库存不足，请及时补货。', '<p>\r\n {$site_name}提醒：\r\n</p>\r\n<p>\r\n  您的商品库存不足，请及时补货。SPU：{$common_id}，SKU：{$sku_id}。\r\n</p>\r\n<p>\r\n  点击下面链接查看商品详细信息\r\n</p>\r\n<p>\r\n   <a href="http://{$shop_site_url}/index.php?act=goods&amp;op=index&amp;goods_id={$sku_id}" target="_blank">http://{$shop_site_url}/index.php?act=goods&amp;op=index&amp;goods_id={$sku_id}</a> \r\n</p>\r\n<p>\r\n   <br />\r\n</p>\r\n<p>\r\n   <br />\r\n</p>\r\n<p>\r\n   <br />\r\n</p>\r\n<p style="text-align:right;">\r\n {$site_name}\r\n</p>\r\n<p style="text-align:right;">\r\n   {$mail_send_time}\r\n</p>\r\n<p>\r\n    <br />\r\n</p>\r\n<br />', 0),
('goods_verify', '商品审核失败提醒', 1, '您的商品没有通过管理员审核，原因：“{$remark}”。SPU：{$common_id}。', 1, 0, '【{$site_name}】您的商品没有通过管理员审核，原因：“{$remark}”。SPU：{$common_id}。', 0, 0, '{$site_name}提醒：您的商品没有通过管理员审核。', '<p>\r\n   {$site_name}提醒：\r\n</p>\r\n<p>\r\n  您的商品没有通过管理员审核，原因：“{$remark}”。SPU：{$common_id}。\r\n </p><p>\r\n     <br />\r\n  </p>\r\n    <p>\r\n     <br />\r\n  </p>\r\n    <p style="text-align:right;">\r\n       {$site_name}\r\n    </p>\r\n    <p style="text-align:right;">\r\n       {$mail_send_time}\r\n   </p>', 0),
('goods_violation', '商品违规被下架', 1, '您的商品被违规下架，原因：“{$remark}”。SPU：{$common_id}。', 1, 0, '【{$site_name}】您的商品被违规下架，原因：“{$remark}”。SPU：{$common_id}。', 0, 0, '{$site_name}提醒：您的商品被违规下架。', '<p>\r\n {$site_name}提醒：\r\n</p>\r\n<p>\r\n  您的商品被违规下架。，原因：“{$remark}”。SPU：{$common_id}。\r\n</p>\r\n<p>\r\n <br />\r\n</p>\r\n<p>\r\n   <br />\r\n</p>\r\n<p style="text-align:right;">\r\n {$site_name}\r\n</p>\r\n<p style="text-align:right;">\r\n   {$mail_send_time}\r\n</p>\r\n<p>\r\n    <br />\r\n</p>', 0),
('new_order', '新订单提醒', 1, '您有订单需要处理，订单编号：{$order_sn}。', 1, 0, '【{$site_name}】您有订单需要处理，订单编号：{$order_sn}。', 0, 0, '{$site_name}提醒：您有订单需要处理。', '<p>\r\n    {$site_name}提醒：\r\n</p>\r\n<p>\r\n  您有订单需要处理，订单编号：{$order_sn}。\r\n</p>\r\n<p>\r\n   <br />\r\n</p>\r\n<p>\r\n   <br />\r\n</p>\r\n<p>\r\n   <br />\r\n</p>\r\n<p style="text-align:right;">\r\n {$site_name}\r\n</p>\r\n<p style="text-align:right;">\r\n   {$mail_send_time}\r\n</p>\r\n<br />', 0),
('refund', '退款提醒', 1, '您有一个{$type}退款单需要处理，退款编号：{$refund_sn}。', 1, 0, '【{$site_name}】您有一个{$type}退款单需要处理，退款编号：{$refund_sn}。', 1, 0, '{$site_name}提醒：您有一个{$type}退款单需要处理，退款编号：{$refund_sn}。', '<p>\r\n  {$site_name}提醒：\r\n</p>\r\n<p>\r\n  您有一个{$type}退款单需要处理，退款编号：{$refund_sn}。\r\n</p>\r\n<p>\r\n    <br />\r\n</p>\r\n<p>\r\n   <br />\r\n</p>\r\n<p>\r\n   <br />\r\n</p>\r\n<p style="text-align:right;">\r\n {$site_name}\r\n</p>\r\n<p style="text-align:right;">\r\n   {$mail_send_time}\r\n</p>\r\n<p>\r\n    <br />\r\n</p>', 1),
('refund_auto_process', '退款自动处理提醒', 1, '您的{$type}退款单超期未处理，已自动同意买家退款申请。退款单编号：{$refund_sn}。', 1, 0, '【{$site_name}】您的{$type}退款单超期未处理，已自动同意买家退款申请。退款单编号：{$refund_sn}。', 0, 0, '{$site_name}提醒：您的{$type}退款单超期未处理，已自动同意买家退款申请。退款单编号：{$refund_sn}。', '<p>\r\n  {$site_name}提醒：\r\n</p>\r\n<p>\r\n   您的{$type}退款单超期未处理，已自动同意买家退款申请。退款单编号：{$refund_sn}。\r\n</p>\r\n<p>\r\n    <br />\r\n</p>\r\n<p>\r\n   <br />\r\n</p>\r\n<p>\r\n   <br />\r\n</p>\r\n<p style="text-align:right;">\r\n {$site_name}\r\n</p>\r\n<p style="text-align:right;">\r\n   {$mail_send_time}\r\n</p>\r\n<p>\r\n    <br />\r\n</p>', 0),
('return', '退货提醒', 1, '您有一个{$type}退货单需要处理。退货编号：{$refund_sn}。', 1, 0, '【{$site_name}】您有一个{$type}退货单需要处理。退货编号：{$refund_sn}。', 0, 0, '{$site_name}提醒：您有一个{$type}退货单需要处理。退货编号：{$refund_sn}。', '<p>\r\n   {$site_name}提醒：\r\n</p>\r\n<p>\r\n  您有一个{$type}退货单需要处理。退货编号：{$refund_sn}。\r\n</p>\r\n<p>\r\n    <br />\r\n</p>\r\n<p>\r\n   <br />\r\n</p>\r\n<p>\r\n   <br />\r\n</p>\r\n<p style="text-align:right;">\r\n {$site_name}\r\n</p>\r\n<p style="text-align:right;">\r\n   {$mail_send_time}\r\n</p>\r\n<p>\r\n    <br />\r\n</p>\r\n<br />', 0),
('return_auto_process', '退货自动处理提醒', 1, '您的{$type}退货单超期未处理，已自动同意买家退货申请（弃货）。退货单编号：{$refund_sn}。', 1, 0, '【{$site_name}】您的{$type}退货单超期未处理，已自动同意买家退货申请（弃货）。退货单编号：{$refund_sn}。', 0, 0, '{$site_name}提醒：您的{$type}退货单超期未处理，已自动同意买家退货申请（弃货）。退货单编号：{$refund_sn}。', '<p>\r\n {$site_name}提醒：\r\n</p>\r\n<p>\r\n  您的{$type}退货单超期未处理，已自动同意买家退货申请（弃货）。退货单编号：{$refund_sn}。\r\n</p>\r\n<p>\r\n    <br />\r\n</p>\r\n<p>\r\n   <br />\r\n</p>\r\n<p>\r\n   <br />\r\n</p>\r\n<p style="text-align:right;">\r\n {$site_name}\r\n</p>\r\n<p style="text-align:right;">\r\n   {$mail_send_time}\r\n</p>', 0),
('return_auto_receipt', '退货未收货自动处理提醒', 1, '您的{$type}退货单不处理收货超期未处理，已自动按弃货处理。退货单编号：{$refund_sn}。', 1, 0, '【{$site_name}】您的{$type}退货单不处理收货超期未处理，已自动按弃货处理。退货单编号：{$refund_sn}。', 0, 0, '{$site_name}提醒：您的{$type}退货单超期未处理，已自动同意买家退货申请（弃货）。退货单编号：{$refund_sn}。', '<p>\r\n  {$site_name}提醒：\r\n</p>\r\n<p>\r\n  您的{$type}退货单超期未处理，已自动同意买家退货申请（弃货）。退货单编号：{$refund_sn}。\r\n</p>\r\n<p>\r\n    <br />\r\n</p>\r\n<p>\r\n   <br />\r\n</p>\r\n<p>\r\n   <br />\r\n</p>\r\n<p style="text-align:right;">\r\n {$site_name}\r\n</p>\r\n<p style="text-align:right;">\r\n   {$mail_send_time}\r\n</p>\r\n<p>\r\n    <br />\r\n</p>', 0),
('store_bill_affirm', '结算单等待确认提醒', 1, '您有新的结算单等待确认，开始时间：{$state_time}，结束时间：{$end_time}，结算单号：{$bill_no}。', 1, 0, '【{$site_name}】您有新的结算单等待确认，开始时间：{$state_time}，结束时间：{$end_time}，结算单号：{$bill_no}。', 0, 0, '{$site_name}提醒：您有新的结算单等待确认。', '<p>\r\n {$site_name}提醒：\r\n</p>\r\n<p>\r\n  您有新的结算单等待确认，起止时间：开始时间：{$state_time}，结束时间：{$end_time}，结算单号：{$bill_no}。\r\n</p>\r\n<p>\r\n    <br />\r\n</p>\r\n<p>\r\n   <br />\r\n</p>\r\n<p>\r\n   <br />\r\n</p>\r\n<p style="text-align:right;">\r\n {$site_name}\r\n</p>\r\n<p style="text-align:right;">\r\n   {$mail_send_time}\r\n</p>\r\n<p>\r\n    <br />\r\n</p>', 0),
('store_bill_gathering', '结算单已经付款提醒', 1, '您的结算单平台已付款，请注意查收，结算单编号：{$bill_no}。', 1, 0, '【{$site_name}】您的结算单平台已付款，请注意查收，结算单编号：{$bill_no}。', 0, 0, '{$site_name}提醒：您的结算单平台已付款，请注意查收。', '<p>\r\n </p><p>\r\n     {$site_name}提醒：\r\n </p>\r\n\r\n<p>\r\n 您的结算单平台已付款，请注意查收，结算单编号：{$bill_no}。\r\n  </p><p>\r\n     <br />\r\n  </p>\r\n    <p>\r\n     <br />\r\n  </p>\r\n    <p>\r\n     <br />\r\n  </p>\r\n    <p style="text-align:right;">\r\n       {$site_name}\r\n    </p>\r\n    <p style="text-align:right;">\r\n       {$mail_send_time}\r\n   </p>\r\n\r\n<br />', 0),
('store_cost', '店铺消费提醒', 1, '您有一条新的店铺消费记录，金额：{$price}，操作人：{$seller_name}，备注：{$remark}。', 1, 0, '【{$site_name}】您有一条新的店铺消费记录，金额：{$price}，操作人：{$seller_name}，备注：{$remark}。', 0, 0, '{$site_name}提醒：您有一条新的店铺消费记录。', '<p>\r\n    {$site_name}提醒：\r\n</p>\r\n<p>\r\n  您有一条新的店铺消费记录，金额：{$price}，操作人：{$seller_name}，备注：{$remark}。\r\n</p>\r\n<p>\r\n    <br />\r\n</p>\r\n<p>\r\n   <br />\r\n</p>\r\n<p>\r\n   <br />\r\n</p>\r\n<p style="text-align:right;">\r\n {$site_name}\r\n</p>\r\n<p style="text-align:right;">\r\n   {$mail_send_time}\r\n</p>', 0),
('store_expire', '店铺到期提醒', 1, '你的店铺即将到期，请及时续期。', 1, 0, '【{$site_name}】你的店铺即将到期，请及时续期。', 0, 0, '{$site_name}提醒：你的店铺即将到期，请及时续期。', '<p>\r\n    {$site_name}提醒：\r\n</p>\r\n<p>\r\n  你的店铺即将到期，请及时续期。\r\n</p>\r\n<p>\r\n  <br />\r\n</p>\r\n<p>\r\n   <br />\r\n</p>\r\n<p>\r\n   <br />\r\n</p>\r\n<p style="text-align:right;">\r\n {$site_name}\r\n</p>\r\n<p style="text-align:right;">\r\n   {$mail_send_time}\r\n</p>\r\n<p>\r\n    <br />\r\n</p>', 0);

-- --------------------------------------------------------

--
-- 表的结构 `33hao_store_navigation`
--

CREATE TABLE IF NOT EXISTS `33hao_store_navigation` (
  `sn_id` int(10) unsigned NOT NULL AUTO_INCREMENT COMMENT '导航ID',
  `sn_title` varchar(50) NOT NULL COMMENT '导航名称',
  `sn_store_id` int(10) unsigned NOT NULL DEFAULT '0' COMMENT '卖家店铺ID',
  `sn_content` text COMMENT '导航内容',
  `sn_sort` tinyint(3) unsigned NOT NULL DEFAULT '0' COMMENT '导航排序',
  `sn_if_show` tinyint(1) NOT NULL DEFAULT '0' COMMENT '导航是否显示',
  `sn_add_time` int(10) NOT NULL COMMENT '导航',
  `sn_url` varchar(255) DEFAULT NULL COMMENT '店铺导航的外链URL',
  `sn_new_open` tinyint(1) unsigned NOT NULL DEFAULT '0' COMMENT '店铺导航外链是否在新窗口打开：0不开新窗口1开新窗口，默认是0',
  PRIMARY KEY (`sn_id`)
) ENGINE=InnoDB DEFAULT CHARSET=utf8 COMMENT='卖家店铺导航信息表' AUTO_INCREMENT=1 ;

-- --------------------------------------------------------

--
-- 表的结构 `33hao_store_plate`
--

CREATE TABLE IF NOT EXISTS `33hao_store_plate` (
  `plate_id` int(10) unsigned NOT NULL AUTO_INCREMENT COMMENT '关联板式id',
  `plate_name` varchar(10) NOT NULL COMMENT '关联板式名称',
  `plate_position` tinyint(3) unsigned NOT NULL COMMENT '关联板式位置 1顶部，0底部',
  `plate_content` text NOT NULL COMMENT '关联板式内容',
  `store_id` int(10) unsigned NOT NULL COMMENT '所属店铺id',
  PRIMARY KEY (`plate_id`)
) ENGINE=InnoDB DEFAULT CHARSET=utf8 COMMENT='关联板式表' AUTO_INCREMENT=1 ;

-- --------------------------------------------------------

--
-- 表的结构 `33hao_store_reopen`
--

CREATE TABLE IF NOT EXISTS `33hao_store_reopen` (
  `re_id` int(10) unsigned NOT NULL AUTO_INCREMENT,
  `re_grade_id` smallint(5) unsigned NOT NULL DEFAULT '0' COMMENT '店铺等级ID',
  `re_grade_name` varchar(30) DEFAULT NULL COMMENT '等级名称',
  `re_grade_price` decimal(10,2) unsigned NOT NULL DEFAULT '0.00' COMMENT '等级收费(元/年)',
  `re_year` tinyint(3) unsigned NOT NULL DEFAULT '0' COMMENT '续签时长(年)',
  `re_pay_amount` decimal(10,2) unsigned NOT NULL DEFAULT '0.00' COMMENT '应付总金额',
  `re_store_name` varchar(50) DEFAULT NULL COMMENT '店铺名字',
  `re_store_id` int(10) unsigned NOT NULL DEFAULT '0' COMMENT '店铺ID',
  `re_state` tinyint(3) unsigned NOT NULL DEFAULT '0' COMMENT '状态0默认，未上传凭证1审核中2审核通过',
  `re_start_time` int(10) unsigned DEFAULT NULL COMMENT '有效期开始时间',
  `re_end_time` int(10) unsigned DEFAULT NULL COMMENT '有效期结束时间',
  `re_create_time` int(10) unsigned NOT NULL DEFAULT '0' COMMENT '记录创建时间',
  `re_pay_cert` varchar(50) DEFAULT NULL COMMENT '付款凭证',
  `re_pay_cert_explain` varchar(200) DEFAULT NULL COMMENT '付款凭证说明',
  PRIMARY KEY (`re_id`)
) ENGINE=InnoDB DEFAULT CHARSET=utf8 COMMENT='续签内容表' AUTO_INCREMENT=1 ;

-- --------------------------------------------------------

--
-- 表的结构 `33hao_store_sb_log`
--

CREATE TABLE IF NOT EXISTS `33hao_store_sb_log` (
  `log_id` int(11) NOT NULL AUTO_INCREMENT,
  `log_store_name` varchar(50) DEFAULT NULL COMMENT '店铺名称',
  `log_store_id` int(10) NOT NULL COMMENT '店铺编号',
  `log_type` varchar(50) NOT NULL COMMENT '类型',
  `log_fee` decimal(10,2) NOT NULL DEFAULT '0.00' COMMENT '金额',
  `log_add_time` int(11) NOT NULL COMMENT '添加时间',
  `log_desc` varchar(150) NOT NULL COMMENT '描述',
  PRIMARY KEY (`log_id`)
) ENGINE=MyISAM  DEFAULT CHARSET=utf8 COMMENT='商家水币记录表' AUTO_INCREMENT=33 ;

--
-- 转存表中的数据 `33hao_store_sb_log`
--

INSERT INTO `33hao_store_sb_log` (`log_id`, `log_store_name`, `log_store_id`, `log_type`, `log_fee`, `log_add_time`, `log_desc`) VALUES
(1, '测试水厂1号', 3, 'sb_back', '-90.00', 1493964376, '确认退水币，订单号: 9000000000001501'),
(3, '测试水厂店铺', 2, 'sb_back', '-0.50', 1493964445, '确认退水币，订单号: 9000000000001001'),
(4, '测试水厂1号', 3, 'sb_back', '-9.00', 1493970795, '确认退水币，订单号: 9000000000001801'),
(5, '测试水厂1号', 3, 'sb_back', '-9.00', 1493970998, '确认退水币，订单号: 9000000000002001'),
(6, '测试水厂1号', 3, 'sb_pay', '0.50', 1493971645, '确认水币购买，订单号: 9000000000002301'),
(7, '测试水厂1号', 3, 'sb_top', '200.00', 1493975387, '确认获得水币，金额：200'),
(8, '测试水厂店铺', 2, 'sb_pay', '1.20', 1494233854, '确认水币购买，订单号: 9000000000002801'),
(9, '测试水厂店铺', 2, 'sb_pay', '0.90', 1494322598, '确认水币购买，订单号: 9000000000002402'),
(10, '测试水厂1号', 3, 'sb_pay', '0.20', 1494322599, '确认水币购买，订单号: 9000000000002401'),
(11, '测试水厂店铺', 2, 'sb_pay', '0.90', 1494322618, '确认水币购买，订单号: 9000000000002402'),
(12, '测试水厂1号', 3, 'sb_pay', '0.20', 1494322618, '确认水币购买，订单号: 9000000000002401'),
(13, '测试水厂店铺', 2, 'sb_pay', '0.01', 1494322990, '确认水币购买，订单号: 9000000000002501'),
(15, '测试水厂店铺', 2, 'sb_rebate', '-0.12', 1494401128, '确认按月返还水币，返还给： sllsll'),
(16, '测试水厂店铺', 2, 'sb_pay', '0.07', 1494646842, '确认水币购买，订单号: 9000000000002601'),
(17, '测试水厂店铺', 2, 'sb_pay', '0.07', 1494646881, '确认水币购买，订单号: 9000000000002601'),
(18, '测试水厂店铺', 2, 'sb_pay', '0.07', 1494646897, '确认水币购买，订单号: 9000000000002601'),
(19, '测试水厂店铺', 2, 'sb_pay', '0.02', 1494655043, '确认水币购买，订单号: 9000000000002701'),
(20, '测试水厂店铺', 2, 'sb_pay', '0.70', 1494660744, '确认水币购买，订单号: 9000000000004201'),
(21, '测试水厂1号', 3, 'sb_pay', '0.01', 1494661215, '确认水币购买，订单号: 9000000000004301'),
(22, '测试水厂店铺', 2, 'sb_pay', '0.02', 1494661215, '确认水币购买，订单号: 9000000000004302'),
(23, '测试水厂1号', 3, 'sb_pay', '0.10', 1494663716, '确认水币购买，订单号: 9000000000003901'),
(24, '测试水厂1号', 3, 'sb_pay', '0.10', 1494663738, '确认水币购买，订单号: 9000000000004101'),
(25, '测试水厂店铺', 2, 'sb_pay', '0.50', 1494814922, '确认水币购买，订单号: 9000000000007401'),
(26, '测试水厂店铺', 2, 'sb_pay', '0.10', 1494818828, '确认水币购买，订单号: 9000000000006401'),
(27, '测试水厂店铺', 2, 'sb_pay', '0.10', 1494830038, '确认水币购买，订单号: 9000000000008301'),
(28, '测试水厂1号', 3, 'sb_pay', '0.10', 1494831310, '确认水币购买，订单号: 9000000000009101'),
(29, '测试水厂店铺', 2, 'sb_pay', '0.40', 1494831432, '确认水币购买，订单号: 9000000000007701'),
(30, '测试水厂1号', 3, 'sb_pay', '0.10', 1494842270, '确认水币购买，订单号: 9000000000011601'),
(31, '测试水厂1号', 3, 'sb_pay', '0.10', 1494842968, '确认水币购买，订单号: 9000000000012801'),
(32, '测试水厂1号', 3, 'sb_pay', '0.10', 1494843090, '确认水币购买，订单号: 9000000000013101');

-- --------------------------------------------------------

--
-- 表的结构 `33hao_store_sns_comment`
--

CREATE TABLE IF NOT EXISTS `33hao_store_sns_comment` (
  `scomm_id` int(11) NOT NULL AUTO_INCREMENT COMMENT '店铺动态评论id',
  `strace_id` int(11) NOT NULL COMMENT '店铺动态id',
  `scomm_content` varchar(150) DEFAULT NULL COMMENT '评论内容',
  `scomm_memberid` int(11) DEFAULT NULL COMMENT '会员id',
  `scomm_membername` varchar(45) DEFAULT NULL COMMENT '会员名称',
  `scomm_memberavatar` varchar(50) DEFAULT NULL COMMENT '会员头像',
  `scomm_time` varchar(11) DEFAULT NULL COMMENT '评论时间',
  `scomm_state` tinyint(1) NOT NULL DEFAULT '1' COMMENT '评论状态 1正常，0屏蔽',
  PRIMARY KEY (`scomm_id`),
  UNIQUE KEY `scomm_id` (`scomm_id`)
) ENGINE=InnoDB DEFAULT CHARSET=utf8 COMMENT='店铺动态评论表' AUTO_INCREMENT=1 ;

-- --------------------------------------------------------

--
-- 表的结构 `33hao_store_sns_setting`
--

CREATE TABLE IF NOT EXISTS `33hao_store_sns_setting` (
  `sauto_storeid` int(11) NOT NULL COMMENT '店铺id',
  `sauto_new` tinyint(4) NOT NULL DEFAULT '1' COMMENT '新品,0为关闭/1为开启',
  `sauto_newtitle` varchar(150) DEFAULT '' COMMENT '新品内容',
  `sauto_coupon` tinyint(4) NOT NULL DEFAULT '1' COMMENT '优惠券,0为关闭/1为开启',
  `sauto_coupontitle` varchar(150) DEFAULT '' COMMENT '优惠券内容',
  `sauto_xianshi` tinyint(4) NOT NULL DEFAULT '1' COMMENT '限时折扣,0为关闭/1为开启',
  `sauto_xianshititle` varchar(150) DEFAULT '' COMMENT '限时折扣内容',
  `sauto_mansong` tinyint(4) NOT NULL DEFAULT '1' COMMENT '满即送,0为关闭/1为开启',
  `sauto_mansongtitle` varchar(150) DEFAULT '' COMMENT '满即送内容',
  `sauto_bundling` tinyint(4) NOT NULL DEFAULT '1' COMMENT '组合销售,0为关闭/1为开启',
  `sauto_bundlingtitle` varchar(150) DEFAULT '' COMMENT '组合销售内容',
  `sauto_groupbuy` tinyint(4) NOT NULL DEFAULT '1' COMMENT '抢购,0为关闭/1为开启',
  `sauto_groupbuytitle` varchar(150) DEFAULT '' COMMENT '抢购内容',
  PRIMARY KEY (`sauto_storeid`)
) ENGINE=InnoDB DEFAULT CHARSET=utf8 COMMENT='店铺自动发布动态设置表';

-- --------------------------------------------------------

--
-- 表的结构 `33hao_store_sns_tracelog`
--

CREATE TABLE IF NOT EXISTS `33hao_store_sns_tracelog` (
  `strace_id` int(11) NOT NULL AUTO_INCREMENT COMMENT '店铺动态id',
  `strace_storeid` int(11) DEFAULT NULL COMMENT '店铺id',
  `strace_storename` varchar(100) DEFAULT NULL COMMENT '店铺名称',
  `strace_storelogo` varchar(255) DEFAULT '' COMMENT '店标',
  `strace_title` varchar(150) DEFAULT NULL COMMENT '动态标题',
  `strace_content` text COMMENT '发表内容',
  `strace_time` varchar(11) DEFAULT NULL COMMENT '发表时间',
  `strace_cool` int(11) DEFAULT '0' COMMENT '赞数量',
  `strace_spread` int(11) DEFAULT '0' COMMENT '转播数量',
  `strace_comment` int(11) DEFAULT '0' COMMENT '评论数量',
  `strace_type` tinyint(4) DEFAULT '1' COMMENT '1=relay,2=normal,3=new,4=coupon,5=xianshi,6=mansong,7=bundling,8=groupbuy,9=recommend,10=hotsell',
  `strace_goodsdata` text COMMENT '商品信息',
  `strace_state` tinyint(1) NOT NULL DEFAULT '1' COMMENT '动态状态 1正常，0屏蔽',
  PRIMARY KEY (`strace_id`)
) ENGINE=InnoDB DEFAULT CHARSET=utf8 COMMENT='店铺动态表' AUTO_INCREMENT=1 ;

-- --------------------------------------------------------

--
-- 表的结构 `33hao_store_supplier`
--

CREATE TABLE IF NOT EXISTS `33hao_store_supplier` (
  `sup_id` int(10) unsigned NOT NULL AUTO_INCREMENT,
  `sup_store_id` int(11) DEFAULT NULL COMMENT '商家ID',
  `sup_store_name` varchar(50) DEFAULT NULL COMMENT '商家名称',
  `sup_name` varchar(50) DEFAULT NULL COMMENT '供货商名称',
  `sup_desc` varchar(200) DEFAULT NULL COMMENT '备注',
  `sup_man` varchar(30) DEFAULT NULL COMMENT '联系人',
  `sup_phone` varchar(30) DEFAULT NULL COMMENT '联系电话',
  PRIMARY KEY (`sup_id`)
) ENGINE=InnoDB DEFAULT CHARSET=utf8 COMMENT='供货商表' AUTO_INCREMENT=1 ;

-- --------------------------------------------------------

--
-- 表的结构 `33hao_store_watermark`
--

CREATE TABLE IF NOT EXISTS `33hao_store_watermark` (
  `wm_id` int(11) NOT NULL AUTO_INCREMENT COMMENT '水印id',
  `jpeg_quality` int(3) NOT NULL DEFAULT '90' COMMENT 'jpeg图片质量',
  `wm_image_name` varchar(255) DEFAULT NULL COMMENT '水印图片的路径以及文件名',
  `wm_image_pos` tinyint(1) NOT NULL DEFAULT '1' COMMENT '水印图片放置的位置',
  `wm_image_transition` int(3) NOT NULL DEFAULT '20' COMMENT '水印图片与原图片的融合度 ',
  `wm_text` text COMMENT '水印文字',
  `wm_text_size` int(3) NOT NULL DEFAULT '20' COMMENT '水印文字大小',
  `wm_text_angle` tinyint(1) NOT NULL DEFAULT '4' COMMENT '水印文字角度',
  `wm_text_pos` tinyint(1) NOT NULL DEFAULT '3' COMMENT '水印文字放置位置',
  `wm_text_font` varchar(50) DEFAULT NULL COMMENT '水印文字的字体',
  `wm_text_color` varchar(7) NOT NULL DEFAULT '#CCCCCC' COMMENT '水印字体的颜色值',
  `wm_is_open` tinyint(1) NOT NULL DEFAULT '0' COMMENT '水印是否开启 0关闭 1开启',
  `store_id` int(11) DEFAULT NULL COMMENT '店铺id',
  PRIMARY KEY (`wm_id`)
) ENGINE=InnoDB DEFAULT CHARSET=utf8 COMMENT='店铺水印图片表' AUTO_INCREMENT=1 ;

-- --------------------------------------------------------

--
-- 表的结构 `33hao_store_waybill`
--

CREATE TABLE IF NOT EXISTS `33hao_store_waybill` (
  `store_waybill_id` int(10) unsigned NOT NULL AUTO_INCREMENT COMMENT '店铺运单模板编号',
  `store_id` int(10) unsigned NOT NULL COMMENT '店铺编号',
  `express_id` int(10) unsigned NOT NULL COMMENT '物流公司编号',
  `waybill_id` int(10) unsigned NOT NULL COMMENT '运单模板编号',
  `waybill_name` varchar(50) NOT NULL COMMENT '运单模板名称',
  `store_waybill_data` varchar(2000) DEFAULT NULL COMMENT '店铺自定义设置',
  `is_default` tinyint(3) unsigned NOT NULL DEFAULT '0' COMMENT '是否默认模板',
  `store_waybill_left` int(11) NOT NULL DEFAULT '0' COMMENT '店铺运单左偏移',
  `store_waybill_top` int(11) NOT NULL DEFAULT '0' COMMENT '店铺运单上偏移',
  PRIMARY KEY (`store_waybill_id`)
) ENGINE=InnoDB DEFAULT CHARSET=utf8 COMMENT='店铺运单模板表' AUTO_INCREMENT=1 ;

-- --------------------------------------------------------

--
-- 表的结构 `33hao_transport`
--

CREATE TABLE IF NOT EXISTS `33hao_transport` (
  `id` mediumint(8) unsigned NOT NULL AUTO_INCREMENT COMMENT '运费模板ID',
  `title` varchar(30) NOT NULL COMMENT '运费模板名称',
  `send_tpl_id` mediumint(8) unsigned DEFAULT NULL COMMENT '发货地区模板ID',
  `store_id` mediumint(8) unsigned NOT NULL COMMENT '店铺ID',
  `update_time` int(10) unsigned DEFAULT '0' COMMENT '最后更新时间',
  PRIMARY KEY (`id`)
) ENGINE=InnoDB DEFAULT CHARSET=utf8 COMMENT='运费模板' AUTO_INCREMENT=1 ;

-- --------------------------------------------------------

--
-- 表的结构 `33hao_transport_extend`
--

CREATE TABLE IF NOT EXISTS `33hao_transport_extend` (
  `id` mediumint(8) unsigned NOT NULL AUTO_INCREMENT COMMENT '运费模板扩展ID',
  `area_id` text COMMENT '市级地区ID组成的串，以，隔开，两端也有，',
  `top_area_id` text COMMENT '省级地区ID组成的串，以，隔开，两端也有，',
  `area_name` text COMMENT '地区name组成的串，以，隔开',
  `sprice` decimal(10,2) DEFAULT '0.00' COMMENT '首件运费',
  `transport_id` mediumint(8) unsigned NOT NULL COMMENT '运费模板ID',
  `transport_title` varchar(60) DEFAULT NULL COMMENT '运费模板',
  PRIMARY KEY (`id`)
) ENGINE=InnoDB DEFAULT CHARSET=utf8 COMMENT='运费模板扩展表' AUTO_INCREMENT=1 ;

-- --------------------------------------------------------

--
-- 表的结构 `33hao_type`
--

CREATE TABLE IF NOT EXISTS `33hao_type` (
  `type_id` int(10) unsigned NOT NULL AUTO_INCREMENT COMMENT '类型id',
  `type_name` varchar(100) NOT NULL COMMENT '类型名称',
  `type_sort` tinyint(1) unsigned NOT NULL COMMENT '排序',
  `class_id` int(10) unsigned DEFAULT '0' COMMENT '所属分类id',
  `class_name` varchar(100) DEFAULT '' COMMENT '所属分类名称',
  PRIMARY KEY (`type_id`)
) ENGINE=InnoDB DEFAULT CHARSET=utf8 COMMENT='商品类型表' AUTO_INCREMENT=1 ;

-- --------------------------------------------------------

--
-- 表的结构 `33hao_type_brand`
--

CREATE TABLE IF NOT EXISTS `33hao_type_brand` (
  `type_id` int(10) unsigned NOT NULL COMMENT '类型id',
  `brand_id` int(10) unsigned NOT NULL COMMENT '品牌id'
) ENGINE=InnoDB DEFAULT CHARSET=utf8 COMMENT='商品类型与品牌对应表';

-- --------------------------------------------------------

--
-- 表的结构 `33hao_type_custom`
--

CREATE TABLE IF NOT EXISTS `33hao_type_custom` (
  `custom_id` int(10) unsigned NOT NULL AUTO_INCREMENT COMMENT '自定义属性id',
  `custom_name` varchar(50) NOT NULL COMMENT '自定义属性名称',
  `type_id` int(10) unsigned NOT NULL COMMENT '类型id',
  PRIMARY KEY (`custom_id`)
) ENGINE=InnoDB DEFAULT CHARSET=utf8 COMMENT='自定义属性表' AUTO_INCREMENT=1 ;

-- --------------------------------------------------------

--
-- 表的结构 `33hao_type_spec`
--

CREATE TABLE IF NOT EXISTS `33hao_type_spec` (
  `type_id` int(10) unsigned NOT NULL COMMENT '类型id',
  `sp_id` int(10) unsigned NOT NULL COMMENT '规格id'
) ENGINE=InnoDB DEFAULT CHARSET=utf8 COMMENT='商品类型与规格对应表';

-- --------------------------------------------------------

--
-- 表的结构 `33hao_upload`
--

CREATE TABLE IF NOT EXISTS `33hao_upload` (
  `upload_id` int(10) unsigned NOT NULL AUTO_INCREMENT COMMENT '索引ID',
  `file_name` varchar(100) DEFAULT NULL COMMENT '文件名',
  `file_thumb` varchar(100) DEFAULT NULL COMMENT '缩微图片',
  `file_size` int(10) unsigned NOT NULL DEFAULT '0' COMMENT '文件大小',
  `upload_type` tinyint(1) NOT NULL DEFAULT '0' COMMENT '文件类别，0为无，1为文章图片，默认为0，2为帮助内容图片，3为店铺幻灯片，4为系统文章图片，5为积分礼品切换图片，6为积分礼品内容图片',
  `upload_time` int(10) unsigned NOT NULL DEFAULT '0' COMMENT '添加时间',
  `item_id` int(11) unsigned NOT NULL DEFAULT '0' COMMENT '信息ID',
  PRIMARY KEY (`upload_id`)
) ENGINE=InnoDB  DEFAULT CHARSET=utf8 COMMENT='上传文件表' AUTO_INCREMENT=181 ;

--
-- 转存表中的数据 `33hao_upload`
--

INSERT INTO `33hao_upload` (`upload_id`, `file_name`, `file_thumb`, `file_size`, `upload_type`, `upload_time`, `item_id`) VALUES
(175, 'help_store_04526250471329237.jpg', NULL, 93814, 2, 1399281047, 97),
(176, 'help_store_04526250486031950.jpg', NULL, 402109, 2, 1399281048, 97),
(177, 'help_store_04526250504192250.jpg', NULL, 248466, 2, 1399281050, 97),
(180, 'help_store_04526254603037325.jpg', NULL, 884442, 2, 1399281460, 99);

-- --------------------------------------------------------

--
-- 表的结构 `33hao_voucher`
--

CREATE TABLE IF NOT EXISTS `33hao_voucher` (
  `voucher_id` int(11) NOT NULL AUTO_INCREMENT COMMENT '代金券编号',
  `voucher_code` varchar(32) NOT NULL COMMENT '代金券编码',
  `voucher_t_id` int(11) NOT NULL COMMENT '代金券模版编号',
  `voucher_title` varchar(50) NOT NULL COMMENT '代金券标题',
  `voucher_desc` varchar(255) NOT NULL COMMENT '代金券描述',
  `voucher_start_date` int(11) NOT NULL COMMENT '代金券有效期开始时间',
  `voucher_end_date` int(11) NOT NULL COMMENT '代金券有效期结束时间',
  `voucher_price` int(11) NOT NULL COMMENT '代金券面额',
  `voucher_limit` decimal(10,2) NOT NULL COMMENT '代金券使用时的订单限额',
  `voucher_store_id` int(11) NOT NULL COMMENT '代金券的店铺id',
  `voucher_state` tinyint(4) NOT NULL COMMENT '代金券状态(1-未用,2-已用,3-过期,4-收回)',
  `voucher_active_date` int(11) NOT NULL COMMENT '代金券发放日期',
  `voucher_type` tinyint(4) DEFAULT '0' COMMENT '代金券类别',
  `voucher_owner_id` int(11) NOT NULL COMMENT '代金券所有者id',
  `voucher_owner_name` varchar(50) NOT NULL COMMENT '代金券所有者名称',
  `voucher_order_id` int(11) DEFAULT NULL COMMENT '使用该代金券的订单编号',
  `voucher_pwd` varchar(100) DEFAULT NULL COMMENT '代金券卡密不可逆',
  `voucher_pwd2` varchar(100) DEFAULT NULL COMMENT '代金券卡密2可逆',
  PRIMARY KEY (`voucher_id`)
) ENGINE=InnoDB DEFAULT CHARSET=utf8 COMMENT='代金券表' AUTO_INCREMENT=1 ;

-- --------------------------------------------------------

--
-- 表的结构 `33hao_voucher_price`
--

CREATE TABLE IF NOT EXISTS `33hao_voucher_price` (
  `voucher_price_id` int(11) NOT NULL AUTO_INCREMENT COMMENT '代金券面值编号',
  `voucher_price_describe` varchar(255) NOT NULL COMMENT '代金券描述',
  `voucher_price` int(11) NOT NULL COMMENT '代金券面值',
  `voucher_defaultpoints` int(11) NOT NULL DEFAULT '0' COMMENT '代金劵默认的兑换所需积分可以为0',
  PRIMARY KEY (`voucher_price_id`)
) ENGINE=InnoDB DEFAULT CHARSET=utf8 COMMENT='代金券面额表' AUTO_INCREMENT=1 ;

-- --------------------------------------------------------

--
-- 表的结构 `33hao_voucher_quota`
--

CREATE TABLE IF NOT EXISTS `33hao_voucher_quota` (
  `quota_id` int(11) NOT NULL AUTO_INCREMENT COMMENT '套餐编号',
  `quota_memberid` int(11) NOT NULL COMMENT '会员编号',
  `quota_membername` varchar(100) NOT NULL COMMENT '会员名称',
  `quota_storeid` int(11) NOT NULL COMMENT '店铺编号',
  `quota_storename` varchar(100) NOT NULL COMMENT '店铺名称',
  `quota_starttime` int(11) NOT NULL COMMENT '开始时间',
  `quota_endtime` int(11) NOT NULL COMMENT '结束时间',
  `quota_state` tinyint(1) NOT NULL DEFAULT '1' COMMENT '状态(1-可用/2-取消/3-结束)',
  PRIMARY KEY (`quota_id`)
) ENGINE=InnoDB DEFAULT CHARSET=utf8 COMMENT='代金券套餐表' AUTO_INCREMENT=1 ;

-- --------------------------------------------------------

--
-- 表的结构 `33hao_voucher_template`
--

CREATE TABLE IF NOT EXISTS `33hao_voucher_template` (
  `voucher_t_id` int(11) NOT NULL AUTO_INCREMENT COMMENT '代金券模版编号',
  `voucher_t_title` varchar(50) NOT NULL COMMENT '代金券模版名称',
  `voucher_t_desc` varchar(255) NOT NULL COMMENT '代金券模版描述',
  `voucher_t_start_date` int(11) NOT NULL COMMENT '代金券模版有效期开始时间',
  `voucher_t_end_date` int(11) NOT NULL COMMENT '代金券模版有效期结束时间',
  `voucher_t_price` int(11) NOT NULL COMMENT '代金券模版面额',
  `voucher_t_limit` decimal(10,2) NOT NULL COMMENT '代金券使用时的订单限额',
  `voucher_t_store_id` int(11) NOT NULL COMMENT '代金券模版的店铺id',
  `voucher_t_storename` varchar(100) DEFAULT NULL COMMENT '店铺名称',
  `voucher_t_sc_id` int(11) NOT NULL DEFAULT '0' COMMENT '所属店铺分类ID',
  `voucher_t_creator_id` int(11) NOT NULL COMMENT '代金券模版的创建者id',
  `voucher_t_state` tinyint(4) NOT NULL COMMENT '代金券模版状态(1-有效,2-失效)',
  `voucher_t_total` int(11) NOT NULL COMMENT '模版可发放的代金券总数',
  `voucher_t_giveout` int(11) NOT NULL COMMENT '模版已发放的代金券数量',
  `voucher_t_used` int(11) NOT NULL COMMENT '模版已经使用过的代金券',
  `voucher_t_add_date` int(11) NOT NULL COMMENT '模版的创建时间',
  `voucher_t_quotaid` int(11) NOT NULL COMMENT '套餐编号',
  `voucher_t_points` int(11) NOT NULL DEFAULT '0' COMMENT '兑换所需积分',
  `voucher_t_eachlimit` int(11) NOT NULL DEFAULT '1' COMMENT '每人限领张数',
  `voucher_t_styleimg` varchar(200) DEFAULT NULL COMMENT '样式模版图片',
  `voucher_t_customimg` varchar(200) DEFAULT NULL COMMENT '自定义代金券模板图片',
  `voucher_t_recommend` tinyint(1) NOT NULL DEFAULT '0' COMMENT '是否推荐 0不推荐 1推荐',
  `voucher_t_gettype` tinyint(1) NOT NULL DEFAULT '1' COMMENT '领取方式 1积分兑换 2卡密兑换 3免费领取',
  `voucher_t_isbuild` tinyint(1) NOT NULL DEFAULT '0' COMMENT '领取方式为卡密兑换是否已经生成下属代金券 0未生成 1已生成',
  `voucher_t_mgradelimit` tinyint(2) NOT NULL DEFAULT '0' COMMENT '领取代金券限制的会员等级',
  PRIMARY KEY (`voucher_t_id`)
) ENGINE=InnoDB DEFAULT CHARSET=utf8 COMMENT='代金券模版表' AUTO_INCREMENT=1 ;

-- --------------------------------------------------------

--
-- 表的结构 `33hao_vr_groupbuy_area`
--

CREATE TABLE IF NOT EXISTS `33hao_vr_groupbuy_area` (
  `area_id` int(11) NOT NULL AUTO_INCREMENT COMMENT '区域id',
  `area_name` varchar(100) NOT NULL COMMENT '域区名称',
  `parent_area_id` int(11) NOT NULL COMMENT '域区id',
  `add_time` int(11) NOT NULL COMMENT '添加时间',
  `first_letter` char(1) NOT NULL COMMENT '首字母',
  `area_number` varchar(10) DEFAULT NULL COMMENT '区号',
  `post` varchar(10) DEFAULT NULL COMMENT '邮编',
  `hot_city` tinyint(3) unsigned NOT NULL DEFAULT '0' COMMENT '0.否 1.是',
  `area_num` int(11) NOT NULL DEFAULT '0' COMMENT '数量',
  PRIMARY KEY (`area_id`)
) ENGINE=InnoDB  DEFAULT CHARSET=utf8 COMMENT='虚拟抢购区域表' AUTO_INCREMENT=382 ;

--
-- 转存表中的数据 `33hao_vr_groupbuy_area`
--

INSERT INTO `33hao_vr_groupbuy_area` (`area_id`, `area_name`, `parent_area_id`, `add_time`, `first_letter`, `area_number`, `post`, `hot_city`, `area_num`) VALUES
(1, '天津', 0, 1395277186, 'T', '022', '30000', 1, 0),
(2, '北京', 0, 1368172202, 'B', '010', '0', 1, 0),
(3, '南开区', 1, 1395277206, 'A', '', '0', 0, 0),
(5, '和平区', 1, 1363832792, 'H', NULL, NULL, 1, 1),
(6, '大悦城', 3, 1395286450, 'D', '', '0', 0, 0),
(7, '鞍山', 0, 1367830248, 'A', NULL, NULL, 0, 0),
(8, '安顺', 0, 1367830274, 'A', NULL, NULL, 0, 0),
(9, '阿坝', 0, 1367830293, 'A', NULL, NULL, 0, 0),
(10, '阿拉善', 0, 1367830301, 'A', NULL, NULL, 0, 0),
(12, '包头', 0, 1367830350, 'B', NULL, NULL, 0, 0),
(13, '保定', 0, 1367830358, 'B', NULL, NULL, 0, 0),
(14, '巴中', 0, 1367830379, 'B', NULL, NULL, 0, 0),
(15, '成都', 0, 1367830392, 'C', NULL, NULL, 0, 0),
(16, '重庆', 0, 1367830411, 'C', NULL, NULL, 1, 0),
(17, '常州', 0, 1367830422, 'C', NULL, NULL, 0, 0),
(18, '长沙', 0, 1367830434, 'C', NULL, NULL, 1, 0),
(19, '长春', 0, 1367830446, 'C', NULL, NULL, 0, 0),
(20, '东莞', 0, 1367830459, 'D', NULL, NULL, 0, 0),
(21, '大连', 0, 1367830469, 'D', NULL, NULL, 1, 0),
(22, '东营', 0, 1367830479, 'C', NULL, NULL, 0, 0),
(23, '大庆', 0, 1367830489, 'C', NULL, NULL, 0, 0),
(24, '大同', 0, 1367830498, 'A', NULL, NULL, 0, 0),
(25, '恩施', 0, 1367830508, 'E', NULL, NULL, 0, 0),
(26, '鄂州', 0, 1367830518, 'E', NULL, NULL, 0, 0),
(27, '鄂尔多斯', 0, 1367830530, 'E', NULL, NULL, 0, 0),
(28, '福州', 0, 1367830542, 'F', NULL, NULL, 0, 0),
(29, '佛山', 0, 1367830555, 'F', NULL, NULL, 0, 0),
(30, '抚顺', 0, 1367830566, 'F', NULL, NULL, 0, 0),
(31, '阜阳', 0, 1367830578, 'F', NULL, NULL, 0, 0),
(32, '抚州', 0, 1367830590, 'F', NULL, NULL, 0, 0),
(33, '广州', 0, 1367830602, 'G', NULL, NULL, 1, 0),
(34, '贵阳', 0, 1367830612, 'G', NULL, NULL, 0, 0),
(35, '桂林', 0, 1367830622, 'G', NULL, NULL, 0, 0),
(36, '赣州', 0, 1367830635, 'G', NULL, NULL, 0, 0),
(37, '广元', 0, 1367830646, 'G', NULL, NULL, 0, 0),
(38, '杭州', 0, 1367830659, 'H', NULL, NULL, 1, 0),
(39, '哈尔滨', 0, 1367830670, 'H', NULL, NULL, 0, 0),
(40, '合肥', 0, 1367830683, 'H', NULL, NULL, 0, 0),
(41, '邯郸', 0, 1367830694, 'H', NULL, NULL, 0, 0),
(42, '惠州', 0, 1367830706, 'H', NULL, NULL, 0, 0),
(43, '济南', 0, 1367830720, 'J', NULL, NULL, 1, 0),
(44, '济宁', 0, 1367830732, 'J', NULL, NULL, 0, 0),
(45, '嘉兴', 0, 1367830769, 'J', NULL, NULL, 0, 0),
(46, '昆明', 0, 1367830783, 'K', NULL, NULL, 0, 0),
(47, '昆山', 0, 1367830792, 'K', NULL, NULL, 0, 0),
(48, '喀什', 0, 1367830803, 'K', NULL, NULL, 0, 0),
(49, '克拉玛依', 0, 1367830814, 'K', NULL, NULL, 0, 0),
(50, '兰州', 0, 1367830827, 'L', NULL, NULL, 0, 0),
(51, '临沂', 0, 1367830836, 'L', NULL, NULL, 0, 0),
(52, '连云港', 0, 1367830846, 'L', NULL, NULL, 0, 0),
(53, '马鞍山', 0, 1367830858, 'M', NULL, NULL, 0, 0),
(54, '绵阳', 0, 1367830867, 'M', NULL, NULL, 0, 0),
(55, '茂名', 0, 1367830878, 'M', NULL, NULL, 0, 0),
(56, '南京', 0, 1367830891, 'N', NULL, NULL, 1, 0),
(57, '宁波', 0, 1367830902, 'N', NULL, NULL, 0, 0),
(58, '南通', 0, 1367830914, 'N', NULL, NULL, 0, 0),
(59, '萍乡', 0, 1367830930, 'P', NULL, NULL, 0, 0),
(60, '平顶山', 0, 1367830940, 'P', NULL, NULL, 0, 0),
(61, '莆田', 0, 1367830951, 'P', NULL, NULL, 0, 0),
(62, '青岛', 0, 1367830963, 'Q', NULL, NULL, 1, 0),
(63, '泉州', 0, 1367830973, 'Q', NULL, NULL, 0, 0),
(64, '秦皇岛', 0, 1367830983, 'Q', NULL, NULL, 0, 0),
(65, '日照', 0, 1367830998, 'R', NULL, NULL, 0, 0),
(66, '日喀则', 0, 1367831009, 'R', NULL, NULL, 0, 0),
(67, '上海', 0, 1367831021, 'S', NULL, NULL, 1, 0),
(68, '深圳', 0, 1367831032, 'S', NULL, NULL, 0, 0),
(69, '沈阳', 0, 1367831042, 'S', NULL, NULL, 0, 0),
(70, '太原', 0, 1367831057, 'T', NULL, NULL, 1, 0),
(71, '泰安', 0, 1367831068, 'T', NULL, NULL, 0, 0),
(72, '武汉', 0, 1367831089, 'W', NULL, NULL, 0, 0),
(73, '无锡', 0, 1367831100, 'W', NULL, NULL, 0, 0),
(74, '温州', 0, 1367831112, 'W', NULL, NULL, 0, 0),
(75, '西安', 0, 1367831123, 'X', NULL, NULL, 0, 0),
(76, '西安', 0, 1367831133, 'X', NULL, NULL, 0, 0),
(77, '徐州', 0, 1367831146, 'X', NULL, NULL, 0, 0),
(78, '扬州', 0, 1367831158, 'Y', NULL, NULL, 0, 0),
(79, '烟台', 0, 1367831168, 'Y', NULL, NULL, 0, 0),
(80, '盐城', 0, 1367831180, 'Y', NULL, NULL, 0, 0),
(81, '郑州', 0, 1367831190, 'Z', NULL, NULL, 0, 0),
(82, '镇江', 0, 1367831200, 'Z', NULL, NULL, 0, 0),
(83, '中山', 0, 1367831213, 'Z', NULL, NULL, 0, 0),
(84, '阿里', 0, 1376357672, 'A', '', '0', 0, 0),
(85, '安康', 0, 1367889614, 'A', NULL, NULL, 0, 0),
(86, '阿克苏', 0, 1367889622, 'A', NULL, NULL, 0, 0),
(87, '安庆', 0, 1367889629, 'A', NULL, NULL, 0, 0),
(88, '阿勒泰', 0, 1367889638, 'A', NULL, NULL, 0, 0),
(89, '安阳', 0, 1367889646, 'A', NULL, NULL, 0, 0),
(90, '澳门', 0, 1367889653, 'A', NULL, NULL, 0, 0),
(91, '巴州', 0, 1367889663, 'B', NULL, NULL, 0, 0),
(92, '亳州', 0, 1367889677, 'B', NULL, NULL, 0, 0),
(93, '滨州', 0, 1367889687, 'B', NULL, NULL, 0, 0),
(94, '博尔塔拉', 0, 1367889697, 'B', NULL, NULL, 0, 0),
(95, '毕节', 0, 1367889707, 'B', NULL, NULL, 0, 0),
(96, '保山', 0, 1367889719, 'B', NULL, NULL, 0, 0),
(97, '本溪', 0, 1367889728, 'B', NULL, NULL, 0, 0),
(98, '百色', 0, 1367889738, 'B', NULL, NULL, 0, 0),
(99, '宝鸡', 0, 1367889748, 'B', NULL, NULL, 0, 0),
(100, '巴彦淖尔', 0, 1367889757, 'B', NULL, NULL, 0, 0),
(101, '北海', 0, 1367889766, 'B', NULL, NULL, 0, 0),
(102, '北海', 0, 1367889775, 'B', NULL, NULL, 0, 0),
(103, '白城', 0, 1367889785, 'B', NULL, NULL, 0, 0),
(104, '白银', 0, 1367889797, 'B', NULL, NULL, 0, 0),
(105, '承德', 0, 1367889808, 'C', NULL, NULL, 0, 0),
(106, '池州', 0, 1367889817, 'C', NULL, NULL, 0, 0),
(107, '昌都', 0, 1367889826, 'C', NULL, NULL, 0, 0),
(108, '朝阳', 0, 1367889834, 'C', NULL, NULL, 0, 0),
(109, '滁州', 0, 1367889845, 'C', NULL, NULL, 0, 0),
(110, '常德', 0, 1367889856, 'C', NULL, NULL, 0, 0),
(111, '郴州', 0, 1367889865, 'C', NULL, NULL, 0, 0),
(112, '沧州', 0, 1367889875, 'C', NULL, NULL, 0, 0),
(113, '昌吉', 0, 1367889885, 'C', NULL, NULL, 0, 0),
(114, '潮州', 0, 1367889895, 'C', NULL, NULL, 0, 0),
(115, '崇左', 0, 1367889906, 'C', NULL, NULL, 0, 0),
(116, '巢湖', 0, 1367889915, 'C', NULL, NULL, 0, 0),
(117, '长治', 0, 1367889924, 'C', NULL, NULL, 0, 0),
(118, '楚雄', 0, 1367889936, 'C', NULL, NULL, 0, 0),
(119, '赤峰', 0, 1367889945, 'C', NULL, NULL, 0, 0),
(120, '定西', 0, 1367889956, 'D', NULL, NULL, 0, 0),
(121, '德宏', 0, 1367889965, 'D', NULL, NULL, 0, 0),
(122, '大兴安岭', 0, 1367889974, 'D', NULL, NULL, 0, 0),
(123, '丹东', 0, 1367889983, 'D', NULL, NULL, 0, 0),
(124, '德州', 0, 1367889992, 'D', NULL, NULL, 0, 0),
(125, '达州', 0, 1367890002, 'D', NULL, NULL, 0, 0),
(126, '迪庆', 0, 1367890012, 'D', NULL, NULL, 0, 0),
(127, '德阳', 0, 1367890022, 'D', NULL, NULL, 0, 0),
(128, '大理', 0, 1367890031, 'D', NULL, NULL, 0, 0),
(129, '阜新', 0, 1367890041, 'E', NULL, NULL, 0, 0),
(130, '防城港', 0, 1367890050, 'E', NULL, NULL, 0, 0),
(131, '抚州', 0, 1367890059, 'E', NULL, NULL, 0, 0),
(132, '阜阳', 0, 1367890088, 'F', NULL, NULL, 0, 0),
(133, '贵港', 0, 1367890101, 'G', NULL, NULL, 0, 0),
(134, '广安', 0, 1367890120, 'G', NULL, NULL, 0, 0),
(135, '甘孜', 0, 1367890130, 'G', NULL, NULL, 0, 0),
(136, '甘南', 0, 1367890139, 'G', NULL, NULL, 0, 0),
(137, '固原', 0, 1367890148, 'G', NULL, NULL, 0, 0),
(138, '果洛', 0, 1367890157, 'G', NULL, NULL, 0, 0),
(139, '广元', 0, 1367890172, 'G', NULL, NULL, 0, 0),
(140, '葫芦岛', 0, 1367890183, 'H', NULL, NULL, 0, 0),
(141, '鹤壁', 0, 1367890192, 'H', NULL, NULL, 0, 0),
(142, '黄石', 0, 1367890203, 'G', NULL, NULL, 0, 0),
(143, '黄冈', 0, 1367890214, 'H', NULL, NULL, 0, 0),
(144, '汉中', 0, 1367890224, 'H', NULL, NULL, 0, 0),
(145, '红河', 0, 1367890233, 'H', NULL, NULL, 0, 0),
(146, '河源', 0, 1367890243, 'H', NULL, NULL, 0, 0),
(147, '衡水', 0, 1367890253, 'H', NULL, NULL, 0, 0),
(148, '呼伦贝尔', 0, 1367890265, 'H', NULL, NULL, 0, 0),
(149, '河池', 0, 1367890275, 'H', NULL, NULL, 0, 0),
(150, '怀化', 0, 1367890284, 'H', NULL, NULL, 0, 0),
(151, '贺州', 0, 1367890294, 'H', NULL, NULL, 0, 0),
(152, '海西', 0, 1367890304, 'H', NULL, NULL, 0, 0),
(153, '黄山', 0, 1367890314, 'H', NULL, NULL, 0, 0),
(154, '淮南', 0, 1367890327, 'H', NULL, NULL, 0, 0),
(155, '淮安', 0, 1367890337, 'H', NULL, NULL, 0, 0),
(156, '哈密', 0, 1367890346, 'H', NULL, NULL, 0, 0),
(157, '和田', 0, 1367890355, 'H', NULL, NULL, 0, 0),
(158, '黑河', 0, 1367890367, 'H', NULL, NULL, 0, 0),
(159, '九江', 0, 1367890378, 'J', NULL, NULL, 0, 0),
(160, '荆门', 0, 1367890386, 'J', NULL, NULL, 0, 0),
(161, '晋中', 0, 1367890396, 'J', NULL, NULL, 0, 0),
(162, '揭阳', 0, 1367890406, 'J', NULL, NULL, 0, 0),
(163, '晋城', 0, 1367890421, 'J', NULL, NULL, 0, 0),
(164, '济源', 0, 1367890431, 'J', NULL, NULL, 0, 0),
(165, '鸡西', 0, 1367890440, 'J', NULL, NULL, 0, 0),
(166, '金昌', 0, 1367890448, 'J', NULL, NULL, 0, 0),
(167, '酒泉', 0, 1367890459, 'J', NULL, NULL, 0, 0),
(168, '佳木斯', 0, 1367890468, 'J', NULL, NULL, 0, 0),
(169, '吉安', 0, 1367890484, 'J', NULL, NULL, 0, 0),
(170, '景德镇', 0, 1367890496, 'J', NULL, NULL, 0, 0),
(171, '江门', 0, 1367890505, 'J', NULL, NULL, 0, 0),
(172, '锦州', 0, 1367890515, 'J', NULL, NULL, 0, 0),
(173, '吉林', 0, 1367890524, 'J', NULL, NULL, 0, 0),
(174, '荆州', 0, 1367890533, 'J', NULL, NULL, 0, 0),
(175, '克州', 0, 1367890545, 'K', NULL, NULL, 0, 0),
(176, '开封', 0, 1367890554, 'K', NULL, NULL, 0, 0),
(177, '乐山', 0, 1367890567, 'L', NULL, NULL, 0, 0),
(178, '泸州', 0, 1367890576, 'L', NULL, NULL, 0, 0),
(179, '来宾', 0, 1367890585, 'L', NULL, NULL, 0, 0),
(180, '娄底', 0, 1367890596, 'L', NULL, NULL, 0, 0),
(181, '林芝', 0, 1367890606, 'L', NULL, NULL, 0, 0),
(182, '临夏', 0, 1367890615, 'L', NULL, NULL, 0, 0),
(183, '丽水', 0, 1367890623, 'L', NULL, NULL, 0, 0),
(184, '吕梁', 0, 1367890633, 'L', NULL, NULL, 0, 0),
(185, '漯河', 0, 1367890642, 'L', NULL, NULL, 0, 0),
(186, '莱芜', 0, 1367890652, 'L', NULL, NULL, 0, 0),
(187, '辽阳', 0, 1367890661, 'L', NULL, NULL, 0, 0),
(188, '辽源', 0, 1367890672, 'L', NULL, NULL, 0, 0),
(189, '拉萨', 0, 1367890681, 'L', NULL, NULL, 0, 0),
(190, '陇南', 0, 1367890693, 'L', NULL, NULL, 0, 0),
(191, '临沧', 0, 1367890701, 'L', NULL, NULL, 0, 0),
(192, '丽江', 0, 1367890712, 'L', NULL, NULL, 0, 0),
(193, '六安', 0, 1367890721, 'L', NULL, NULL, 0, 0),
(194, '凉山', 0, 1367890730, 'L', NULL, NULL, 0, 0),
(195, '六盘水', 0, 1367890739, 'L', NULL, NULL, 0, 0),
(196, '龙岩', 0, 1367890749, 'L', NULL, NULL, 0, 0),
(197, '廊坊', 0, 1367890758, 'L', NULL, NULL, 0, 0),
(198, '眉山', 0, 1367890772, 'M', NULL, NULL, 0, 0),
(199, '梅州', 0, 1367890781, 'M', NULL, NULL, 0, 0),
(200, '牡丹江', 0, 1367890791, 'M', NULL, NULL, 0, 0),
(201, '那曲', 0, 1367890800, 'N', NULL, NULL, 0, 0),
(202, '南阳', 0, 1367890810, 'N', NULL, NULL, 0, 0),
(203, '南平', 0, 1367890819, 'N', NULL, NULL, 0, 0),
(204, '怒江', 0, 1367890828, 'N', NULL, NULL, 0, 0),
(205, '内江', 0, 1367890837, 'N', NULL, NULL, 0, 0),
(206, '宁德', 0, 1367890845, 'N', NULL, NULL, 0, 0),
(207, '南充', 0, 1367890854, 'N', NULL, NULL, 0, 0),
(208, '南昌', 0, 1367890863, 'N', NULL, NULL, 0, 0),
(209, '盘锦', 0, 1367890872, 'P', NULL, NULL, 0, 0),
(210, '普洱', 0, 1367890884, 'P', NULL, NULL, 0, 0),
(211, '平凉', 0, 1367890894, 'P', NULL, NULL, 0, 0),
(212, '攀枝花', 0, 1367890907, 'P', NULL, NULL, 0, 0),
(213, '濮阳', 0, 1367890915, 'P', NULL, NULL, 0, 0),
(214, '清远', 0, 1367890927, 'Q', NULL, NULL, 0, 0),
(215, '七台河', 0, 1367890937, 'Q', NULL, NULL, 0, 0),
(216, '黔东南', 0, 1367890946, 'Q', NULL, NULL, 0, 0),
(217, '曲靖', 0, 1367890960, 'Q', NULL, NULL, 0, 0),
(218, '黔南', 0, 1367890978, 'Q', NULL, NULL, 0, 0),
(219, '钦州', 0, 1367890986, 'Q', NULL, NULL, 0, 0),
(220, '黔西南', 0, 1367890995, 'Q', NULL, NULL, 0, 0),
(221, '衢州', 0, 1367891003, 'Q', NULL, NULL, 0, 0),
(222, '商洛', 0, 1367891022, 'S', NULL, NULL, 0, 0),
(223, '宿州', 0, 1367891034, 'S', NULL, NULL, 0, 0),
(224, '汕头', 0, 1367891044, 'S', NULL, NULL, 0, 0),
(225, '双鸭山', 0, 1367891053, 'S', NULL, NULL, 0, 0),
(226, '石嘴山', 0, 1367891063, 'S', NULL, NULL, 0, 0),
(227, '三明', 0, 1367891071, 'S', NULL, NULL, 0, 0),
(228, '宿迁', 0, 1367891080, 'S', NULL, NULL, 0, 0),
(229, '三峡', 0, 1367891089, 'S', NULL, NULL, 0, 0),
(230, '四平', 0, 1367891098, 'S', NULL, NULL, 0, 0),
(231, '汕尾', 0, 1367891107, 'S', NULL, NULL, 0, 0),
(232, '随州', 0, 1367891116, 'S', NULL, NULL, 0, 0),
(233, '朔州', 0, 1367891125, 'S', NULL, NULL, 0, 0),
(234, '商丘', 0, 1367891135, 'S', NULL, NULL, 0, 0),
(235, '遂宁', 0, 1367891144, 'S', NULL, NULL, 0, 0),
(236, '邵阳', 0, 1367891153, 'S', NULL, NULL, 0, 0),
(237, '山南', 0, 1367891161, 'S', NULL, NULL, 0, 0),
(238, '三门峡', 0, 1367891172, 'S', NULL, NULL, 0, 0),
(239, '十堰', 0, 1367891181, 'S', NULL, NULL, 0, 0),
(240, '上饶', 0, 1367891190, 'S', NULL, NULL, 0, 0),
(241, '松原', 0, 1367891199, 'S', NULL, NULL, 0, 0),
(242, '绥化', 0, 1367891208, 'S', NULL, NULL, 0, 0),
(243, '韶关', 0, 1367891218, 'S', NULL, NULL, 0, 0),
(244, '通化', 0, 1367891228, 'T', NULL, NULL, 0, 0),
(245, '铁岭', 0, 1367891236, 'T', NULL, NULL, 0, 0),
(246, '通辽', 0, 1367891246, 'T', NULL, NULL, 0, 0),
(247, '天水', 0, 1367891255, 'T', NULL, NULL, 0, 0),
(248, '吐鲁番', 0, 1367891264, 'T', NULL, NULL, 0, 0),
(249, '铜仁', 0, 1367891274, 'T', NULL, NULL, 0, 0),
(250, '台北', 0, 1367891282, 'T', NULL, NULL, 0, 0),
(251, '铜川', 0, 1367891291, 'T', NULL, NULL, 0, 0),
(252, '铜陵', 0, 1367891299, 'T', NULL, NULL, 0, 0),
(253, '塔城', 0, 1367891307, 'T', NULL, NULL, 0, 0),
(254, '泰州', 0, 1367891316, 'T', NULL, NULL, 0, 0),
(255, '乌海', 0, 1367891328, 'W', NULL, NULL, 0, 0),
(256, '文山', 0, 1367891345, 'W', NULL, NULL, 0, 0),
(257, '乌兰察布', 0, 1367891352, 'A', NULL, NULL, 0, 0),
(258, '渭南', 0, 1367891361, 'W', NULL, NULL, 0, 0),
(259, '武威', 0, 1367891370, 'W', NULL, NULL, 0, 0),
(260, '吴忠', 0, 1367891380, 'W', NULL, NULL, 0, 0),
(261, '梧州', 0, 1367891389, 'W', NULL, NULL, 0, 0),
(262, '乌鲁木齐', 0, 1367891398, 'W', NULL, NULL, 0, 0),
(263, '潍坊', 0, 1367891407, 'W', NULL, NULL, 0, 0),
(264, '威海', 0, 1367891416, 'W', NULL, NULL, 0, 0),
(265, '芜湖', 0, 1367891426, 'W', NULL, NULL, 0, 0),
(266, '许昌', 0, 1367891436, 'X', NULL, NULL, 0, 0),
(267, '咸宁', 0, 1367891449, 'X', NULL, NULL, 0, 0),
(268, '信阳', 0, 1367891458, 'X', NULL, NULL, 0, 0),
(269, '香港', 0, 1367891466, 'X', NULL, NULL, 0, 0),
(270, '宣城', 0, 1367891475, 'X', NULL, NULL, 0, 0),
(271, '咸阳', 0, 1367891485, 'X', NULL, NULL, 0, 0),
(272, '忻州', 0, 1367891496, 'X', NULL, NULL, 0, 0),
(273, '湘西', 0, 1367891520, 'X', NULL, NULL, 0, 0),
(274, '新乡', 0, 1367891532, 'X', NULL, NULL, 0, 0),
(275, '邢台', 0, 1367891541, 'X', NULL, NULL, 0, 0),
(276, '兴安', 0, 1367891550, 'X', NULL, NULL, 0, 0),
(277, '锡林郭勒', 0, 1367891560, 'X', NULL, NULL, 0, 0),
(278, '湘潭', 0, 1367891568, 'X', NULL, NULL, 0, 0),
(279, '新余', 0, 1367891578, 'X', NULL, NULL, 0, 0),
(280, '西双版纳', 0, 1367891588, 'X', NULL, NULL, 0, 0),
(281, '孝感', 0, 1367891600, 'X', NULL, NULL, 0, 0),
(282, '伊春', 0, 1367891610, 'Y', NULL, NULL, 0, 0),
(283, '阳江', 0, 1367891619, 'Y', NULL, NULL, 0, 0),
(284, '延边', 0, 1367891632, 'Y', NULL, NULL, 0, 0),
(285, '云浮', 0, 1367891643, 'Y', NULL, NULL, 0, 0),
(286, '榆林', 0, 1367891652, 'Y', NULL, NULL, 0, 0),
(287, '延安', 0, 1367891662, 'Y', NULL, NULL, 0, 0),
(288, '阳泉', 0, 1367891672, 'Y', NULL, NULL, 0, 0),
(289, '玉溪', 0, 1367891681, 'Y', NULL, NULL, 0, 0),
(290, '益阳', 0, 1367891690, 'Y', NULL, NULL, 0, 0),
(291, '宜宾', 0, 1367891699, 'Y', NULL, NULL, 0, 0),
(292, '永州', 0, 1367891708, 'Y', NULL, NULL, 0, 0),
(293, '营口', 0, 1367891719, 'Y', NULL, NULL, 0, 0),
(294, '宜春', 0, 1367891733, 'Y', NULL, NULL, 0, 0),
(295, '玉树', 0, 1367891742, 'Y', NULL, NULL, 0, 0),
(296, '伊犁', 0, 1367891752, 'Y', NULL, NULL, 0, 0),
(297, '雅安', 0, 1367891761, 'Y', NULL, NULL, 0, 0),
(298, '鹰潭', 0, 1367891770, 'Y', NULL, NULL, 0, 0),
(299, '银川', 0, 1367891780, 'Y', NULL, NULL, 0, 0),
(300, '枣庄', 0, 1367891790, 'Z', NULL, NULL, 0, 0),
(301, '中卫', 0, 1367891801, 'Z', NULL, NULL, 0, 0),
(302, '资阳', 0, 1367891810, 'Z', NULL, NULL, 0, 0),
(303, '张家口', 0, 1367891821, 'Z', NULL, NULL, 0, 0),
(304, '驻马店', 0, 1367891830, 'Z', NULL, NULL, 0, 0),
(305, '周口', 0, 1367891840, 'Z', NULL, NULL, 0, 0),
(306, '张家界', 0, 1367891849, 'Z', NULL, NULL, 0, 0),
(307, '昭通', 0, 1367891858, 'Z', NULL, NULL, 0, 0),
(308, '张掖', 0, 1367891866, 'Z', NULL, NULL, 0, 0),
(309, '肇庆', 0, 1367891878, 'Z', NULL, NULL, 0, 0),
(310, '湛江', 0, 1367891888, 'Z', NULL, NULL, 0, 0),
(314, '河西区', 1, 1367915137, 'A', NULL, NULL, 0, 0),
(315, '河东区', 1, 1367915221, 'A', NULL, NULL, 0, 0),
(316, '水游城', 3, 1367915892, 'A', NULL, NULL, 0, 0),
(317, '河北区', 1, 1367916777, 'H', NULL, NULL, 0, 0),
(318, '红桥区', 1, 1367916799, 'H', NULL, NULL, 0, 0),
(319, '滨海新区', 1, 1367916834, 'B', NULL, NULL, 0, 0),
(320, '老城厢/大悦城', 3, 1367916878, 'L', NULL, NULL, 0, 0),
(321, '白堤路/风荷园', 3, 1367916904, 'B', NULL, NULL, 0, 0),
(322, '王顶堤/华苑', 3, 1367916922, 'A', NULL, NULL, 0, 0),
(323, '水上/天塔', 3, 1367916942, 'S', NULL, NULL, 0, 0),
(324, '时代奥城', 3, 1367916960, 'A', NULL, NULL, 0, 0),
(325, '长虹公园', 3, 1367916985, 'C', NULL, NULL, 0, 0),
(326, '南开公园', 3, 1367917001, 'A', NULL, NULL, 0, 0),
(327, '南开大学/八里台', 3, 1367917020, 'A', NULL, NULL, 0, 0),
(328, '海光寺/六里台', 3, 1367917047, 'A', NULL, NULL, 0, 0),
(329, '天拖地区', 3, 1367917062, 'A', NULL, NULL, 0, 0),
(330, '鼓楼/七向街', 3, 1367917077, 'A', NULL, NULL, 0, 0),
(331, '鞍山西道', 3, 1367917100, 'A', NULL, NULL, 0, 0),
(332, '东马路/新世界百货', 3, 1367917114, 'A', NULL, NULL, 0, 0),
(333, '滨江道', 5, 1367917139, 'A', NULL, NULL, 0, 1),
(334, '和平路', 5, 1367917155, 'A', NULL, NULL, 0, 0),
(335, '小白楼', 5, 1367917169, 'A', NULL, NULL, 0, 0),
(336, '鞍山道沿线', 5, 1367917185, 'A', NULL, NULL, 0, 0),
(337, '南市', 5, 1367917201, 'A', NULL, NULL, 0, 0),
(338, '五大道', 5, 1367917216, 'A', NULL, NULL, 0, 0),
(339, '西康路沿线', 5, 1367917235, 'A', NULL, NULL, 0, 0),
(340, '津湾广场', 5, 1367917249, 'A', NULL, NULL, 0, 0),
(341, '荣业大街', 5, 1367917267, 'A', NULL, NULL, 0, 0),
(342, '土城', 314, 1367917309, 'A', NULL, NULL, 0, 0),
(343, '小海地', 314, 1367917326, 'A', NULL, NULL, 0, 0),
(344, '体院北', 314, 1367917341, 'A', NULL, NULL, 0, 0),
(345, '图书大厦', 314, 1367917357, 'A', NULL, NULL, 0, 0),
(346, '梅江', 314, 1367917373, 'A', NULL, NULL, 0, 0),
(347, '永安道', 314, 1367917388, 'A', NULL, NULL, 0, 0),
(348, '尖山', 314, 1367917401, 'A', NULL, NULL, 0, 0),
(349, '佟楼', 314, 1367917424, 'A', NULL, NULL, 0, 0),
(350, '乐园道', 314, 1367917440, 'A', NULL, NULL, 0, 0),
(351, '下瓦房', 314, 1367917457, 'A', NULL, NULL, 0, 0),
(352, '南楼', 314, 1367917471, 'A', NULL, NULL, 0, 0),
(353, '越秀路', 314, 1367917485, 'A', NULL, NULL, 0, 0),
(354, '天津站后广场', 315, 1367917503, 'A', NULL, NULL, 0, 0),
(355, '卫国道', 315, 1367917740, 'A', NULL, NULL, 0, 0),
(356, '二宫', 3, 1367917756, 'A', NULL, NULL, 0, 0),
(357, '河东万达广场', 3, 1367917775, 'A', NULL, NULL, 0, 0),
(358, '万新村', 315, 1367917791, 'A', NULL, NULL, 0, 0),
(359, '工业大学', 315, 1367917805, 'A', NULL, NULL, 0, 0),
(360, '大王庄', 315, 1367917819, 'A', NULL, NULL, 0, 0),
(361, '大直沽', 315, 1367917833, 'A', NULL, NULL, 0, 0),
(362, '中山门', 315, 1367917849, 'A', NULL, NULL, 0, 0),
(363, '金钟河大街', 317, 1367917874, 'A', NULL, NULL, 0, 0),
(364, '狮子林大街', 317, 1367917885, 'A', NULL, NULL, 0, 0),
(365, '天泰路/榆关道', 317, 1367917899, 'A', NULL, NULL, 0, 0),
(366, '意大利风情区/火车站', 317, 1367917913, 'A', NULL, NULL, 0, 0),
(367, '中山路', 317, 1367917924, 'A', NULL, NULL, 0, 0),
(368, '王串场/民权门', 317, 1367917939, 'A', NULL, NULL, 0, 0),
(369, '汉沽城区', 319, 1367917968, 'A', NULL, NULL, 0, 0),
(370, '大港城区', 319, 1367917982, 'A', NULL, NULL, 0, 0),
(371, '大港油田', 319, 1367917995, 'A', NULL, NULL, 0, 0),
(372, '经济开发区', 319, 1367918007, 'A', NULL, NULL, 0, 0),
(373, '塘沽城区', 319, 1367918020, 'A', NULL, NULL, 0, 0),
(374, '大胡同', 318, 1367918039, 'A', NULL, NULL, 0, 0),
(375, '天津西站', 318, 1367918053, 'A', NULL, NULL, 0, 0),
(376, '创意街/水木天成', 318, 1367918065, 'A', NULL, NULL, 0, 0),
(377, '凯莱赛', 318, 1367918077, 'A', NULL, NULL, 0, 0),
(378, '本溪路/丁字沽', 318, 1367918094, 'A', NULL, NULL, 0, 0),
(379, '芥园道/水游城', 318, 1367918107, 'A', NULL, NULL, 0, 0),
(380, '东城区', 2, 1367978117, 'A', NULL, NULL, 0, 0),
(381, '西城区', 2, 1367978125, 'A', NULL, NULL, 0, 0);

-- --------------------------------------------------------

--
-- 表的结构 `33hao_vr_groupbuy_class`
--

CREATE TABLE IF NOT EXISTS `33hao_vr_groupbuy_class` (
  `class_id` int(11) NOT NULL AUTO_INCREMENT COMMENT '分类id',
  `class_name` varchar(100) NOT NULL COMMENT '分类名称',
  `parent_class_id` int(11) NOT NULL COMMENT '父类class_id',
  `class_sort` tinyint(3) unsigned DEFAULT NULL COMMENT '分类排序',
  PRIMARY KEY (`class_id`)
) ENGINE=InnoDB  DEFAULT CHARSET=utf8 COMMENT='虚拟抢购分类表' AUTO_INCREMENT=101 ;

--
-- 转存表中的数据 `33hao_vr_groupbuy_class`
--

INSERT INTO `33hao_vr_groupbuy_class` (`class_id`, `class_name`, `parent_class_id`, `class_sort`) VALUES
(2, '餐饮美食', 0, 2),
(3, '休闲娱乐', 0, 2),
(7, '生活服务', 0, 3),
(8, '小吃快餐', 2, 1),
(9, '火锅', 2, 2),
(10, '自助餐', 2, 3),
(12, '川菜', 2, 5),
(13, '甜品饮品', 2, 6),
(14, '日本料理', 2, 7),
(15, '韩国料理', 2, 8),
(16, '主题餐厅', 2, 9),
(17, 'KTV', 3, 1),
(18, '酒吧', 3, 2),
(19, '电影院', 3, 3),
(20, '公园景点', 3, 4),
(21, '足浴按摩', 3, 5),
(22, '运动健身', 3, 6),
(23, '瑜伽馆', 3, 7),
(24, '书店', 3, 8),
(25, '电玩', 3, 9),
(26, '电影演出', 0, 4),
(27, '商场超市', 0, 5),
(29, '婚庆摄像', 7, 1),
(30, '母婴服务', 7, 2),
(31, '银行', 7, 3),
(32, '搬家', 7, 4),
(33, '维修', 7, 5),
(34, '家政保姆', 7, 6),
(35, '开锁', 7, 7),
(36, '宠物服务', 7, 8),
(37, '洗衣店', 7, 9),
(38, '电子通票', 26, 1),
(39, '帮你代购', 26, 2),
(40, '万达院线', 26, 3),
(41, '金逸院线', 26, 4),
(42, '嘉禾院线', 26, 5),
(43, '博纳院线', 26, 6),
(44, 'UME院线', 26, 7),
(45, '中影国际', 26, 8),
(46, '耀莱国际', 26, 9),
(47, '物美超市', 27, 1),
(48, '超市卡', 27, 2),
(49, '商场卡', 27, 3),
(50, '水果券', 27, 4),
(51, '购物券', 27, 5),
(52, '食品券', 27, 6),
(53, '网店优惠券', 27, 7),
(54, '新世界', 27, 8),
(55, '银泰', 27, 9),
(56, '新一佳', 27, 10),
(69, '电子优惠', 0, 6),
(74, '俏江南', 69, 1),
(75, '哈根达斯', 69, 2),
(76, '银泰百货', 69, 3),
(77, '阳澄湖', 69, 4),
(78, '许留山', 69, 5),
(79, '酷圣石', 69, 6),
(80, '克丽缇娜', 69, 7),
(81, '一兆韦德', 69, 8),
(82, '宝岛眼镜', 69, 9),
(83, '金钱豹', 69, 10),
(84, '摄像写真', 0, 7),
(85, '婚纱摄影', 84, 1),
(86, '儿童摄影', 84, 2),
(87, '写真摄影', 84, 3),
(88, '商品摄影', 84, 4),
(89, '个人写真', 84, 5),
(94, '教育培训', 0, 8),
(95, '语言培训', 94, 1),
(96, '中小学教育', 94, 2),
(97, '少儿培训', 94, 3),
(98, '公务员培训', 94, 4),
(99, '学历教育', 94, 5),
(100, '职业资格认证', 94, 6);

-- --------------------------------------------------------

--
-- 表的结构 `33hao_vr_order`
--

CREATE TABLE IF NOT EXISTS `33hao_vr_order` (
  `order_id` int(11) NOT NULL AUTO_INCREMENT COMMENT '虚拟订单索引id',
  `order_sn` bigint(20) unsigned NOT NULL COMMENT '订单编号',
  `store_id` int(11) unsigned NOT NULL COMMENT '卖家店铺id',
  `store_name` varchar(50) NOT NULL COMMENT '卖家店铺名称',
  `buyer_id` int(11) unsigned NOT NULL COMMENT '买家id',
  `buyer_name` varchar(50) NOT NULL COMMENT '买家登录名',
  `buyer_phone` varchar(11) NOT NULL COMMENT '买家手机',
  `add_time` int(10) unsigned NOT NULL COMMENT '订单生成时间',
  `payment_code` char(10) DEFAULT '' COMMENT '支付方式名称代码',
  `payment_time` int(10) unsigned DEFAULT '0' COMMENT '支付(付款)时间',
  `trade_no` varchar(35) DEFAULT NULL COMMENT '第三方平台交易号',
  `close_time` int(10) unsigned DEFAULT '0' COMMENT '关闭时间',
  `close_reason` varchar(50) DEFAULT NULL COMMENT '关闭原因',
  `finnshed_time` int(11) DEFAULT NULL COMMENT '完成时间',
  `order_amount` decimal(10,2) unsigned NOT NULL DEFAULT '0.00' COMMENT '订单总价格(支付金额)',
  `refund_amount` decimal(10,2) DEFAULT '0.00' COMMENT '退款金额',
  `rcb_amount` decimal(10,2) unsigned NOT NULL DEFAULT '0.00' COMMENT '充值卡支付金额',
  `pd_amount` decimal(10,2) unsigned NOT NULL DEFAULT '0.00' COMMENT '预存款支付金额',
  `order_state` tinyint(4) NOT NULL DEFAULT '0' COMMENT '订单状态：0(已取消)10(默认):未付款;20:已付款;40:已完成;',
  `refund_state` tinyint(1) unsigned DEFAULT '0' COMMENT '退款状态:0是无退款,1是部分退款,2是全部退款',
  `buyer_msg` varchar(150) DEFAULT NULL COMMENT '买家留言',
  `delete_state` tinyint(4) NOT NULL DEFAULT '0' COMMENT '删除状态0未删除1放入回收站2彻底删除',
  `goods_id` int(11) NOT NULL COMMENT '商品id',
  `goods_name` varchar(50) NOT NULL COMMENT '商品名称',
  `goods_price` decimal(10,2) NOT NULL COMMENT '商品价格',
  `goods_num` smallint(5) unsigned NOT NULL DEFAULT '1' COMMENT '商品数量',
  `goods_image` varchar(100) DEFAULT NULL COMMENT '商品图片',
  `commis_rate` smallint(5) unsigned NOT NULL DEFAULT '0' COMMENT '佣金比例',
  `gc_id` mediumint(9) DEFAULT '0' COMMENT '商品最底级分类ID',
  `vr_indate` int(11) DEFAULT NULL COMMENT '有效期',
  `vr_send_times` tinyint(4) NOT NULL DEFAULT '0' COMMENT '兑换码发送次数',
  `vr_invalid_refund` tinyint(4) NOT NULL DEFAULT '1' COMMENT '允许过期退款1是0否',
  `order_promotion_type` tinyint(3) unsigned NOT NULL DEFAULT '0' COMMENT '订单参加的促销类型 0无促销1抢购',
  `promotions_id` mediumint(9) DEFAULT '0' COMMENT '促销ID，与order_promotion_type配合使用',
  `order_from` tinyint(4) NOT NULL DEFAULT '1' COMMENT '1WEB2mobile',
  `evaluation_state` tinyint(4) NOT NULL DEFAULT '0' COMMENT '评价状态0默认1已评价2禁止评价',
  `evaluation_time` int(11) NOT NULL DEFAULT '0' COMMENT '评价时间',
  `use_state` tinyint(4) DEFAULT '0' COMMENT '使用状态0默认，未使用1已使用，有一个被使用即为1',
  `api_pay_time` int(10) unsigned DEFAULT '0' COMMENT '在线支付动作时间,只有站内+在线组合支付时记录',
  `goods_contractid` varchar(100) DEFAULT NULL COMMENT '商品开启的消费者保障服务id',
  `goods_spec` varchar(200) DEFAULT NULL COMMENT '规格',
  PRIMARY KEY (`order_id`)
) ENGINE=InnoDB DEFAULT CHARSET=utf8 COMMENT='虚拟订单表' AUTO_INCREMENT=1 ;

-- --------------------------------------------------------

--
-- 表的结构 `33hao_vr_order_bill`
--

CREATE TABLE IF NOT EXISTS `33hao_vr_order_bill` (
  `ob_id` int(10) unsigned NOT NULL AUTO_INCREMENT COMMENT '主键作为结算单号',
  `ob_no` int(11) DEFAULT '0' COMMENT '结算单编号(年月店铺ID)',
  `ob_start_date` int(11) NOT NULL COMMENT '开始日期',
  `ob_end_date` int(11) NOT NULL COMMENT '结束日期',
  `ob_order_totals` decimal(10,2) NOT NULL DEFAULT '0.00' COMMENT '订单金额',
  `ob_commis_totals` decimal(10,2) NOT NULL DEFAULT '0.00' COMMENT '佣金金额',
  `ob_result_totals` decimal(10,2) NOT NULL DEFAULT '0.00' COMMENT '应结金额',
  `ob_create_date` int(11) DEFAULT '0' COMMENT '生成结算单日期',
  `os_month` mediumint(6) unsigned DEFAULT NULL COMMENT '出账单应结时间,ob_end_date+1所在月(年月份)',
  `ob_state` enum('1','2','3','4') DEFAULT '1' COMMENT '1默认2店家已确认3平台已审核4结算完成',
  `ob_pay_date` int(11) DEFAULT '0' COMMENT '付款日期',
  `ob_pay_content` varchar(200) DEFAULT '' COMMENT '支付备注',
  `ob_store_id` int(11) NOT NULL COMMENT '店铺ID',
  `ob_store_name` varchar(50) DEFAULT NULL COMMENT '店铺名',
  PRIMARY KEY (`ob_id`)
) ENGINE=InnoDB DEFAULT CHARSET=utf8 COMMENT='虚拟订单结算表' AUTO_INCREMENT=1 ;

-- --------------------------------------------------------

--
-- 表的结构 `33hao_vr_order_code`
--

CREATE TABLE IF NOT EXISTS `33hao_vr_order_code` (
  `rec_id` int(11) NOT NULL AUTO_INCREMENT COMMENT '兑换码表索引id',
  `order_id` int(11) NOT NULL COMMENT '虚拟订单id',
  `store_id` int(10) unsigned NOT NULL DEFAULT '0' COMMENT '店铺ID',
  `buyer_id` int(10) unsigned NOT NULL DEFAULT '0' COMMENT '买家ID',
  `vr_code` varchar(18) NOT NULL COMMENT '兑换码',
  `vr_state` tinyint(4) NOT NULL DEFAULT '0' COMMENT '使用状态 0:(默认)未使用1:已使用2:已过期',
  `vr_usetime` int(11) DEFAULT NULL COMMENT '使用时间',
  `pay_price` decimal(10,2) NOT NULL DEFAULT '0.00' COMMENT '实际支付金额(结算)',
  `vr_indate` int(11) DEFAULT NULL COMMENT '过期时间',
  `commis_rate` smallint(6) NOT NULL DEFAULT '0' COMMENT '佣金比例',
  `refund_lock` tinyint(1) unsigned DEFAULT '0' COMMENT '退款锁定状态:0为正常,1为锁定,2为同意,默认为0',
  `vr_invalid_refund` tinyint(4) NOT NULL DEFAULT '1' COMMENT '允许过期退款1是0否',
  PRIMARY KEY (`rec_id`),
  KEY `order_id` (`order_id`)
) ENGINE=InnoDB DEFAULT CHARSET=utf8 COMMENT='兑换码表' AUTO_INCREMENT=1 ;

-- --------------------------------------------------------

--
-- 表的结构 `33hao_vr_order_snapshot`
--

CREATE TABLE IF NOT EXISTS `33hao_vr_order_snapshot` (
  `order_id` int(11) NOT NULL COMMENT '主键',
  `goods_id` int(11) NOT NULL COMMENT '商品ID',
  `create_time` int(11) NOT NULL COMMENT '生成时间',
  `goods_attr` text COMMENT '属性',
  `goods_body` text COMMENT '详情',
  `plate_top` text COMMENT '顶部关联版式',
  `plate_bottom` text COMMENT '底部关联版式',
  PRIMARY KEY (`order_id`)
) ENGINE=InnoDB DEFAULT CHARSET=utf8 COMMENT='虚拟订单快照表';

-- --------------------------------------------------------

--
-- 表的结构 `33hao_vr_order_statis`
--

CREATE TABLE IF NOT EXISTS `33hao_vr_order_statis` (
  `os_month` mediumint(9) unsigned NOT NULL DEFAULT '0' COMMENT '统计编号(年月)',
  `os_year` smallint(6) DEFAULT '0' COMMENT '年',
  `os_start_date` int(11) NOT NULL COMMENT '开始日期',
  `os_end_date` int(11) NOT NULL COMMENT '结束日期',
  `os_order_totals` decimal(10,2) NOT NULL DEFAULT '0.00' COMMENT '订单金额',
  `os_commis_totals` decimal(10,2) NOT NULL DEFAULT '0.00' COMMENT '佣金金额',
  `os_result_totals` decimal(10,2) NOT NULL DEFAULT '0.00' COMMENT '本期应结',
  `os_create_date` int(11) DEFAULT NULL COMMENT '创建记录日期',
  PRIMARY KEY (`os_month`)
) ENGINE=InnoDB DEFAULT CHARSET=utf8 COMMENT='虚拟订单月销量统计表';

-- --------------------------------------------------------

--
-- 表的结构 `33hao_vr_refund`
--

CREATE TABLE IF NOT EXISTS `33hao_vr_refund` (
  `refund_id` int(10) unsigned NOT NULL AUTO_INCREMENT COMMENT '记录ID',
  `order_id` int(10) unsigned NOT NULL COMMENT '虚拟订单ID',
  `order_sn` varchar(50) NOT NULL COMMENT '虚拟订单编号',
  `refund_sn` varchar(50) NOT NULL COMMENT '申请编号',
  `store_id` int(10) unsigned NOT NULL COMMENT '店铺ID',
  `store_name` varchar(20) NOT NULL COMMENT '店铺名称',
  `buyer_id` int(10) unsigned NOT NULL COMMENT '买家ID',
  `buyer_name` varchar(50) NOT NULL COMMENT '买家会员名',
  `goods_id` int(10) unsigned NOT NULL COMMENT '商品ID',
  `goods_num` int(10) unsigned DEFAULT '1' COMMENT '退款商品数量',
  `goods_name` varchar(50) NOT NULL COMMENT '商品名称',
  `goods_image` varchar(100) DEFAULT NULL COMMENT '商品图片',
  `code_sn` varchar(300) NOT NULL COMMENT '兑换码编号',
  `refund_amount` decimal(10,2) DEFAULT '0.00' COMMENT '退款金额',
  `admin_state` tinyint(1) unsigned DEFAULT '1' COMMENT '退款状态:1为待审核,2为同意,3为不同意,默认为1',
  `add_time` int(10) unsigned NOT NULL COMMENT '添加时间',
  `admin_time` int(10) unsigned DEFAULT '0' COMMENT '管理员处理时间,默认为0',
  `buyer_message` varchar(300) DEFAULT NULL COMMENT '申请原因',
  `admin_message` varchar(300) DEFAULT NULL COMMENT '管理员备注',
  `commis_rate` smallint(6) DEFAULT '0' COMMENT '佣金比例',
  PRIMARY KEY (`refund_id`)
) ENGINE=InnoDB DEFAULT CHARSET=utf8 COMMENT='虚拟兑码退款表' AUTO_INCREMENT=1 ;

-- --------------------------------------------------------

--
-- 表的结构 `33hao_vr_refund_detail`
--

CREATE TABLE IF NOT EXISTS `33hao_vr_refund_detail` (
  `refund_id` int(10) unsigned NOT NULL COMMENT '记录ID',
  `order_id` int(10) unsigned NOT NULL COMMENT '订单ID',
  `batch_no` varchar(32) NOT NULL COMMENT '批次号',
  `refund_amount` decimal(10,2) DEFAULT '0.00' COMMENT '退款金额',
  `pay_amount` decimal(10,2) DEFAULT '0.00' COMMENT '在线退款金额',
  `pd_amount` decimal(10,2) DEFAULT '0.00' COMMENT '预存款金额',
  `rcb_amount` decimal(10,2) DEFAULT '0.00' COMMENT '充值卡金额',
  `refund_code` char(10) NOT NULL DEFAULT 'predeposit' COMMENT '退款支付代码',
  `refund_state` tinyint(1) unsigned DEFAULT '1' COMMENT '退款状态:1为处理中,2为已完成,默认为1',
  `add_time` int(10) unsigned NOT NULL COMMENT '添加时间',
  `pay_time` int(10) unsigned DEFAULT '0' COMMENT '在线退款完成时间,默认为0',
  PRIMARY KEY (`refund_id`),
  KEY `batch_no` (`batch_no`)
) ENGINE=InnoDB DEFAULT CHARSET=utf8 COMMENT='虚拟兑码退款详细表';

-- --------------------------------------------------------

--
-- 表的结构 `33hao_waybill`
--

CREATE TABLE IF NOT EXISTS `33hao_waybill` (
  `waybill_id` int(10) unsigned NOT NULL AUTO_INCREMENT COMMENT '编号',
  `waybill_name` varchar(50) NOT NULL,
  `waybill_image` varchar(50) NOT NULL,
  `waybill_width` int(10) unsigned NOT NULL COMMENT '宽度',
  `waybill_height` int(10) unsigned NOT NULL COMMENT '高度',
  `waybill_data` varchar(2000) DEFAULT NULL COMMENT '打印位置数据',
  `waybill_usable` tinyint(1) unsigned NOT NULL DEFAULT '0' COMMENT '是否可用',
  `waybill_top` int(11) NOT NULL DEFAULT '0' COMMENT '上偏移量',
  `waybill_left` int(11) NOT NULL DEFAULT '0' COMMENT '左偏移量',
  `express_id` tinyint(1) unsigned NOT NULL COMMENT '快递公司编号',
  `express_name` varchar(50) NOT NULL COMMENT '快递公司名称',
  `store_id` int(11) unsigned NOT NULL DEFAULT '0' COMMENT '店铺编号(0-代表系统模板)',
  PRIMARY KEY (`waybill_id`)
) ENGINE=InnoDB  DEFAULT CHARSET=utf8 COMMENT='快递单打印模板表' AUTO_INCREMENT=5 ;

--
-- 转存表中的数据 `33hao_waybill`
--

INSERT INTO `33hao_waybill` (`waybill_id`, `waybill_name`, `waybill_image`, `waybill_width`, `waybill_height`, `waybill_data`, `waybill_usable`, `waybill_top`, `waybill_left`, `express_id`, `express_name`, `store_id`) VALUES
(1, '百世汇通', '04558238732336424.jpg', 229, 126, 'a:10:{s:10:"buyer_name";a:5:{s:5:"check";s:2:"on";s:4:"left";s:3:"485";s:3:"top";s:2:"97";s:5:"width";s:2:"88";s:6:"height";s:2:"24";}s:10:"buyer_area";a:5:{s:5:"check";s:2:"on";s:4:"left";s:3:"423";s:3:"top";s:3:"173";s:5:"width";s:3:"256";s:6:"height";s:2:"20";}s:13:"buyer_address";a:5:{s:5:"check";s:2:"on";s:4:"left";s:3:"420";s:3:"top";s:3:"201";s:5:"width";s:3:"333";s:6:"height";s:2:"20";}s:12:"buyer_mobile";a:5:{s:5:"check";s:2:"on";s:4:"left";s:3:"473";s:3:"top";s:3:"230";s:5:"width";s:3:"141";s:6:"height";s:2:"20";}s:11:"buyer_phone";a:5:{s:5:"check";s:2:"on";s:4:"left";s:3:"671";s:3:"top";s:3:"227";s:5:"width";s:3:"100";s:6:"height";s:2:"20";}s:11:"seller_name";a:5:{s:5:"check";s:2:"on";s:4:"left";s:3:"126";s:3:"top";s:2:"98";s:5:"width";s:3:"112";s:6:"height";s:2:"16";}s:11:"seller_area";a:5:{s:5:"check";s:2:"on";s:4:"left";s:2:"72";s:3:"top";s:3:"174";s:5:"width";s:3:"227";s:6:"height";s:2:"20";}s:14:"seller_address";a:5:{s:5:"check";s:2:"on";s:4:"left";s:2:"68";s:3:"top";s:3:"204";s:5:"width";s:3:"294";s:6:"height";s:2:"20";}s:12:"seller_phone";a:5:{s:5:"check";s:2:"on";s:4:"left";s:3:"120";s:3:"top";s:3:"231";s:5:"width";s:3:"124";s:6:"height";s:2:"20";}s:14:"seller_company";a:5:{s:5:"check";s:2:"on";s:4:"left";s:3:"116";s:3:"top";s:3:"124";s:5:"width";s:3:"184";s:6:"height";s:2:"20";}}', 1, -3, -5, 16, '汇通快递', 0),
(2, '申通', '04559833067248352.jpg', 229, 127, 'a:10:{s:10:"buyer_name";a:5:{s:5:"check";s:2:"on";s:4:"left";s:3:"497";s:3:"top";s:2:"99";s:5:"width";s:3:"100";s:6:"height";s:2:"20";}s:10:"buyer_area";a:5:{s:5:"check";s:2:"on";s:4:"left";s:3:"492";s:3:"top";s:3:"165";s:5:"width";s:3:"191";s:6:"height";s:2:"20";}s:13:"buyer_address";a:5:{s:5:"check";s:2:"on";s:4:"left";s:3:"426";s:3:"top";s:3:"200";s:5:"width";s:3:"322";s:6:"height";s:2:"20";}s:12:"buyer_mobile";a:5:{s:5:"check";s:2:"on";s:4:"left";s:3:"551";s:3:"top";s:3:"235";s:5:"width";s:3:"122";s:6:"height";s:2:"20";}s:11:"buyer_phone";a:5:{s:5:"check";s:2:"on";s:4:"left";s:3:"688";s:3:"top";s:3:"236";s:5:"width";s:3:"100";s:6:"height";s:2:"20";}s:11:"seller_name";a:5:{s:5:"check";s:2:"on";s:4:"left";s:3:"132";s:3:"top";s:3:"100";s:5:"width";s:3:"100";s:6:"height";s:2:"20";}s:11:"seller_area";a:5:{s:5:"check";s:2:"on";s:4:"left";s:3:"125";s:3:"top";s:3:"169";s:5:"width";s:3:"218";s:6:"height";s:2:"20";}s:14:"seller_address";a:5:{s:5:"check";s:2:"on";s:4:"left";s:2:"68";s:3:"top";s:3:"208";s:5:"width";s:3:"100";s:6:"height";s:2:"20";}s:12:"seller_phone";a:5:{s:5:"check";s:2:"on";s:4:"left";s:3:"171";s:3:"top";s:3:"238";s:5:"width";s:3:"159";s:6:"height";s:2:"20";}s:14:"seller_company";a:5:{s:5:"check";s:2:"on";s:4:"left";s:3:"140";s:3:"top";s:3:"136";s:5:"width";s:3:"217";s:6:"height";s:2:"20";}}', 1, -3, -5, 28, '申通快递', 0),
(3, '顺风', '04559894766651678.jpg', 216, 139, 'a:10:{s:10:"buyer_name";a:5:{s:5:"check";s:2:"on";s:4:"left";s:3:"302";s:3:"top";s:3:"290";s:5:"width";s:3:"100";s:6:"height";s:2:"20";}s:10:"buyer_area";a:5:{s:5:"check";s:2:"on";s:4:"left";s:3:"101";s:3:"top";s:3:"317";s:5:"width";s:3:"100";s:6:"height";s:2:"20";}s:13:"buyer_address";a:4:{s:4:"left";s:1:"0";s:3:"top";s:1:"0";s:5:"width";s:1:"0";s:6:"height";s:1:"0";}s:12:"buyer_mobile";a:4:{s:4:"left";s:1:"0";s:3:"top";s:1:"0";s:5:"width";s:1:"0";s:6:"height";s:1:"0";}s:11:"buyer_phone";a:4:{s:4:"left";s:1:"0";s:3:"top";s:1:"0";s:5:"width";s:1:"0";s:6:"height";s:1:"0";}s:11:"seller_name";a:4:{s:4:"left";s:1:"0";s:3:"top";s:1:"0";s:5:"width";s:1:"0";s:6:"height";s:1:"0";}s:11:"seller_area";a:4:{s:4:"left";s:1:"0";s:3:"top";s:1:"0";s:5:"width";s:1:"0";s:6:"height";s:1:"0";}s:14:"seller_address";a:4:{s:4:"left";s:1:"0";s:3:"top";s:1:"0";s:5:"width";s:1:"0";s:6:"height";s:1:"0";}s:12:"seller_phone";a:4:{s:4:"left";s:1:"0";s:3:"top";s:1:"0";s:5:"width";s:1:"0";s:6:"height";s:1:"0";}s:14:"seller_company";a:4:{s:4:"left";s:1:"0";s:3:"top";s:1:"0";s:5:"width";s:1:"0";s:6:"height";s:1:"0";}}', 1, -4, -5, 29, '顺丰快递', 0),
(4, '圆通速递', '04577145745163834.jpg', 229, 127, 'a:10:{s:10:"buyer_name";a:5:{s:5:"check";s:2:"on";s:4:"left";s:3:"471";s:3:"top";s:3:"105";s:5:"width";s:3:"179";s:6:"height";s:2:"20";}s:10:"buyer_area";a:5:{s:5:"check";s:2:"on";s:4:"left";s:3:"469";s:3:"top";s:3:"144";s:5:"width";s:3:"242";s:6:"height";s:2:"20";}s:13:"buyer_address";a:5:{s:5:"check";s:2:"on";s:4:"left";s:3:"419";s:3:"top";s:3:"173";s:5:"width";s:3:"343";s:6:"height";s:2:"20";}s:12:"buyer_mobile";a:5:{s:5:"check";s:2:"on";s:4:"left";s:3:"507";s:3:"top";s:3:"201";s:5:"width";s:2:"93";s:6:"height";s:2:"20";}s:11:"buyer_phone";a:5:{s:5:"check";s:2:"on";s:4:"left";s:3:"613";s:3:"top";s:3:"198";s:5:"width";s:3:"109";s:6:"height";s:2:"20";}s:11:"seller_name";a:5:{s:5:"check";s:2:"on";s:4:"left";s:3:"116";s:3:"top";s:3:"104";s:5:"width";s:3:"100";s:6:"height";s:2:"20";}s:11:"seller_area";a:5:{s:5:"check";s:2:"on";s:4:"left";s:3:"110";s:3:"top";s:3:"144";s:5:"width";s:3:"148";s:6:"height";s:2:"20";}s:14:"seller_address";a:5:{s:5:"check";s:2:"on";s:4:"left";s:2:"63";s:3:"top";s:3:"169";s:5:"width";s:3:"323";s:6:"height";s:2:"20";}s:12:"seller_phone";a:5:{s:5:"check";s:2:"on";s:4:"left";s:3:"151";s:3:"top";s:3:"195";s:5:"width";s:3:"139";s:6:"height";s:2:"20";}s:14:"seller_company";a:5:{s:5:"check";s:2:"on";s:4:"left";s:3:"109";s:3:"top";s:3:"123";s:5:"width";s:3:"271";s:6:"height";s:2:"12";}}', 1, -3, -5, 40, '圆通快递', 0);

-- --------------------------------------------------------

--
-- 表的结构 `33hao_web`
--

CREATE TABLE IF NOT EXISTS `33hao_web` (
  `web_id` int(10) unsigned NOT NULL AUTO_INCREMENT COMMENT '模块ID',
  `web_name` varchar(20) DEFAULT '' COMMENT '模块名称',
  `style_name` varchar(20) DEFAULT 'orange' COMMENT '风格名称',
  `web_page` varchar(10) DEFAULT 'index' COMMENT '所在页面(暂时只有index)',
  `update_time` int(10) unsigned NOT NULL COMMENT '更新时间',
  `web_sort` tinyint(1) unsigned DEFAULT '9' COMMENT '排序',
  `web_show` tinyint(1) unsigned DEFAULT '1' COMMENT '是否显示，0为否，1为是，默认为1',
  `web_html` text COMMENT '模块html代码',
  PRIMARY KEY (`web_id`)
) ENGINE=InnoDB  DEFAULT CHARSET=utf8 COMMENT='页面模块表' AUTO_INCREMENT=611 ;

--
-- 转存表中的数据 `33hao_web`
--

INSERT INTO `33hao_web` (`web_id`, `web_name`, `style_name`, `web_page`, `update_time`, `web_sort`, `web_show`, `web_html`) VALUES
(1, '红色', 'red', 'index', 1493807855, 1, 1, '\r\n<div class="home-standard-layout wrapper style-red">\r\n  <div class="left-sidebar">\r\n    <div class="title">\r\n            <div class="txt-type">\r\n                <span>1F</span>\r\n                <h2 title="潮流女装">潮流女装</h2>\r\n      </div>\r\n          </div>\r\n    <div class="left-ads">\r\n            <a href="http://www.telaigou.cn/shop" title="" target="_blank"> <img src="http://localhost/Shopnc_b2b2c/data/upload/shop/editor/web-1-13.jpg?343" alt=""> </a>\r\n          </div>\r\n    <div class="recommend-classes">\r\n    <h3>大家还喜欢了</h3>\r\n      <ul>\r\n                        <li><a href="http://localhost/Shopnc_b2b2c/index.php?act=search&op=index&cate_id=1103" title="衬衫" target="_blank">衬衫</a></li>\r\n                <li><a href="http://localhost/Shopnc_b2b2c/index.php?act=search&op=index&cate_id=1104" title="T恤" target="_blank">T恤</a></li>\r\n                <li><a href="http://localhost/Shopnc_b2b2c/index.php?act=search&op=index&cate_id=1106" title="雪纺衫" target="_blank">雪纺衫</a></li>\r\n                <li><a href="http://localhost/Shopnc_b2b2c/index.php?act=search&op=index&cate_id=1524" title="情侣装" target="_blank">情侣装</a></li>\r\n                <li><a href="http://localhost/Shopnc_b2b2c/index.php?act=search&op=index&cate_id=1528" title="大码女装" target="_blank">大码女装</a></li>\r\n                <li><a href="http://localhost/Shopnc_b2b2c/index.php?act=search&op=index&cate_id=1264" title="连衣裙" target="_blank">连衣裙</a></li>\r\n                <li><a href="http://localhost/Shopnc_b2b2c/index.php?act=search&op=index&cate_id=1265" title="半身裙" target="_blank">半身裙</a></li>\r\n                <li><a href="http://localhost/Shopnc_b2b2c/index.php?act=search&op=index&cate_id=1434" title="旗袍" target="_blank">旗袍</a></li>\r\n                <li><a href="http://localhost/Shopnc_b2b2c/index.php?act=search&op=index&cate_id=1253" title="牛仔裤" target="_blank">牛仔裤</a></li>\r\n                <li><a href="http://localhost/Shopnc_b2b2c/index.php?act=search&op=index&cate_id=1254" title="休闲裤" target="_blank">休闲裤</a></li>\r\n                <li><a href="http://localhost/Shopnc_b2b2c/index.php?act=search&op=index&cate_id=1255" title="西装裤" target="_blank">西装裤</a></li>\r\n                <li><a href="http://localhost/Shopnc_b2b2c/index.php?act=search&op=index&cate_id=1443" title="七分裤" target="_blank">七分裤</a></li>\r\n                <li><a href="http://localhost/Shopnc_b2b2c/index.php?act=search&op=index&cate_id=1527" title="短裤" target="_blank">短裤</a></li>\r\n                      </ul>\r\n    </div>\r\n  </div>\r\n  <div class="middle-layout">\r\n \r\n  <ul class="right-brand">\r\n\r\n                                          <li>\r\n          <a href="http://localhost/Shopnc_b2b2c/index.php?act=brand&op=list&brand=106" title="RDK" target="_blank">RDK</a>\r\n        </li>\r\n                          <li>\r\n          <a href="http://localhost/Shopnc_b2b2c/index.php?act=brand&op=list&brand=104" title="esprit" target="_blank">esprit</a>\r\n        </li>\r\n                          <li>\r\n          <a href="http://localhost/Shopnc_b2b2c/index.php?act=brand&op=list&brand=83" title="秀秀美" target="_blank">秀秀美</a>\r\n        </li>\r\n                          <li>\r\n          <a href="http://localhost/Shopnc_b2b2c/index.php?act=brand&op=list&brand=85" title="猫人" target="_blank">猫人</a>\r\n        </li>\r\n                          <li>\r\n          <a href="http://localhost/Shopnc_b2b2c/index.php?act=brand&op=list&brand=87" title="Hanes恒适" target="_blank">Hanes恒适</a>\r\n        </li>\r\n                          <li>\r\n          <a href="http://localhost/Shopnc_b2b2c/index.php?act=brand&op=list&brand=80" title="享爱." target="_blank">享爱.</a>\r\n        </li>\r\n                          <li>\r\n          <a href="http://localhost/Shopnc_b2b2c/index.php?act=brand&op=list&brand=81" title="派丽蒙" target="_blank">派丽蒙</a>\r\n        </li>\r\n                          <li>\r\n          <a href="http://localhost/Shopnc_b2b2c/index.php?act=brand&op=list&brand=82" title="康妮雅" target="_blank">康妮雅</a>\r\n        </li>\r\n                                                       <li>\r\n          <a href="http://localhost/Shopnc_b2b2c/index.php?act=brand&op=index" title="" target="_blank">更多</a>\r\n        </li>\r\n            </ul>\r\n    \r\n    <ul class="tabs-nav">\r\n                  <li class="tabs-selected"><i class="arrow"></i>\r\n        <h3>商品推荐</h3>\r\n      </li>\r\n                </ul>\r\n                <div class="tabs-panel middle-banner-style01 fade-img ">\r\n    \r\n      <div class="right-sidebar">\r\n        <div class="right-side-focus">\r\n          <ul>\r\n                                                <li><a href="http://demo.33hao.com/shop/index.php?act=goods&amp;op=index&amp;goods_id=102126" title="拉夏贝尔 秋新款女装街头人物印花休闲圆领长袖连衣裙 黑色 S" target="_blank"> <img src="http://localhost/Shopnc_b2b2c/data/upload/shop/editor/web-1-18-2.png?254" alt="拉夏贝尔 秋新款女装街头人物印花休闲圆领长袖连衣裙 黑色 S"/></a> </li>\r\n                                                <li><a href="http://demo.33hao.com/shop/index.php?act=search&amp;op=index&amp;cate_id=1100" title="拉夏贝尔套头针织衫 2015冬新款休闲圆领直身裙套装女 拉贝缇 墨绿色 M" target="_blank"> <img src="http://localhost/Shopnc_b2b2c/data/upload/shop/editor/web-1-18-1.png?318" alt="拉夏贝尔套头针织衫 2015冬新款休闲圆领直身裙套装女 拉贝缇 墨绿色 M"/></a> </li>\r\n                                                <li><a href="http://demo.33hao.com/shop/index.php?act=search&amp;op=index&amp;cate_id=1100" title="拉夏贝尔拉贝缇2015冬新款毛织T恤松紧腰直身裙两件套女 灰蓝色 L     拉夏贝尔拉贝缇2015冬新款毛织T恤松紧腰直身裙两件套女 灰蓝色 L     拉夏贝尔拉贝缇2015冬新款毛织T恤松紧腰直身裙两件套女 灰蓝色 L     拉夏贝尔拉贝缇2015冬新款毛织T恤松紧腰直身裙两件套女 灰蓝色 L     拉夏贝尔拉贝缇2015冬新款毛织T恤松紧腰直身裙两件套女 灰蓝色 L  商品编号：1726332280 关注商品 分享 拉夏贝尔拉贝缇2015冬新款毛织T恤松紧腰直身裙两件套女 灰蓝色 L" target="_blank"> <img src="http://localhost/Shopnc_b2b2c/data/upload/shop/editor/web-1-18-3.png?756" alt="拉夏贝尔拉贝缇2015冬新款毛织T恤松紧腰直身裙两件套女 灰蓝色 L     拉夏贝尔拉贝缇2015冬新款毛织T恤松紧腰直身裙两件套女 灰蓝色 L     拉夏贝尔拉贝缇2015冬新款毛织T恤松紧腰直身裙两件套女 灰蓝色 L     拉夏贝尔拉贝缇2015冬新款毛织T恤松紧腰直身裙两件套女 灰蓝色 L     拉夏贝尔拉贝缇2015冬新款毛织T恤松紧腰直身裙两件套女 灰蓝色 L  商品编号：1726332280 关注商品 分享 拉夏贝尔拉贝缇2015冬新款毛织T恤松紧腰直身裙两件套女 灰蓝色 L"/></a> </li>\r\n                                              </ul>\r\n        </div>\r\n      </div>\r\n      \r\n      <div class="middle-banner-list">\r\n        <ul>\r\n          <li>\r\n            <dl>\r\n               \r\n              <dt class="banner-name"><a href="http://demo.33hao.com/shop/index.php?act=search&amp;op=index&amp;cate_id=1100" title="针织格子提花休闲圆领七分袖连衣裙 格子混色 L" target="_blank"> 针织格子提花休闲圆领七分袖连衣裙 格子混色 L</a></dt>\r\n                            <dd class="banner-thumb"> <a href="http://demo.33hao.com/shop/index.php?act=search&amp;op=index&amp;cate_id=1100" title="针织格子提花休闲圆领七分袖连衣裙 格子混色 L" class="a1" target="_blank"> <img src="http://localhost/Shopnc_b2b2c/data/upload/shop/common/loading.gif" alt="针织格子提花休闲圆领七分袖连衣裙 格子混色 L" data-url="http://localhost/Shopnc_b2b2c/data/upload/shop/editor/web-1-15-1-11.jpg?445" rel="lazy" /></a></dd>\r\n            </dl>\r\n          </li>\r\n          <li>\r\n            <dl>\r\n                            <dt class="banner-name"><a href="http://demo.33hao.com/shop/index.php?act=search&amp;op=index&amp;cate_id=1100" title="街头人物印花休闲圆领长袖连衣裙 黑色 S" target="_blank"> 街头人物印花休闲圆领长袖连衣裙 黑色 S</a></dt>\r\n                            <dd class="banner-thumb"> <a href="http://demo.33hao.com/shop/index.php?act=search&amp;op=index&amp;cate_id=1100" title="街头人物印花休闲圆领长袖连衣裙 黑色 S" class="a1" target="_blank"> <img src="http://localhost/Shopnc_b2b2c/data/upload/shop/common/loading.gif" alt="街头人物印花休闲圆领长袖连衣裙 黑色 S" data-url="http://localhost/Shopnc_b2b2c/data/upload/shop/editor/web-1-15-1-12.jpg?299" rel="lazy" /></a></dd>\r\n            </dl>\r\n          </li>\r\n          <li>\r\n            <dl>\r\n                            <dt class="banner-name"><a href="http://demo.33hao.com/shop/index.php?act=search&amp;op=index&amp;cate_id=1100" title="撞色印花提花针织短袖连衣裙 米白 L" target="_blank"> 撞色印花提花针织短袖连衣裙 米白 L</a></dt>\r\n                            <dd class="banner-thumb"> <a href="http://demo.33hao.com/shop/index.php?act=search&amp;op=index&amp;cate_id=1100" title="撞色印花提花针织短袖连衣裙 米白 L" class="a1" target="_blank"> <img src="http://localhost/Shopnc_b2b2c/data/upload/shop/common/loading.gif" alt="撞色印花提花针织短袖连衣裙 米白 L" data-url="http://localhost/Shopnc_b2b2c/data/upload/shop/editor/web-1-15-1-31.jpg?570" rel="lazy" /></a></dd>\r\n            </dl>\r\n          </li>\r\n          <li>\r\n            <dl>\r\n                            <dt class="banner-name"><a href="http://demo.33hao.com/shop/index.php?act=search&amp;op=index&amp;cate_id=1100" title="钉珠蝴蝶结长袖连衣裙套装女 玫红 L" target="_blank"> 钉珠蝴蝶结长袖连衣裙套装女 玫红 L</a></dt>\r\n                            <dd class="banner-thumb"> <a href="http://demo.33hao.com/shop/index.php?act=search&amp;op=index&amp;cate_id=1100" title="钉珠蝴蝶结长袖连衣裙套装女 玫红 L" class="a1" target="_blank"> <img src="http://localhost/Shopnc_b2b2c/data/upload/shop/common/loading.gif" alt="钉珠蝴蝶结长袖连衣裙套装女 玫红 L" data-url="http://localhost/Shopnc_b2b2c/data/upload/shop/editor/web-1-15-1-32.jpg?568" rel="lazy" /></a></dd>\r\n            </dl>\r\n          </li>\r\n          <li>\r\n            <dl>\r\n                            <dt class="banner-name"><a href="http://demo.33hao.com/shop/index.php?act=search&amp;op=index&amp;cate_id=1100" title="钉珠蝴蝶结长袖连衣裙套装女 玫红 L" target="_blank"> 钉珠蝴蝶结长袖连衣裙套装女 玫红 L</a></dt>\r\n                            <dd class="banner-thumb"> <a href="http://demo.33hao.com/shop/index.php?act=search&amp;op=index&amp;cate_id=1100" title="钉珠蝴蝶结长袖连衣裙套装女 玫红 L" class="a1" target="_blank"> <img src="http://localhost/Shopnc_b2b2c/data/upload/shop/common/loading.gif" alt="钉珠蝴蝶结长袖连衣裙套装女 玫红 L" data-url="http://localhost/Shopnc_b2b2c/data/upload/shop/editor/web-1-15-1-33.jpg?633" rel="lazy" /></a></dd>\r\n            </dl>\r\n          </li>\r\n          <li>\r\n            <dl>\r\n                            <dt class="banner-name"><a href="http://demo.33hao.com/shop/index.php?act=search&amp;op=index&amp;cate_id=1100" title="波点绣花两件套毛衣连衣裙女 黑色 M" target="_blank"> 波点绣花两件套毛衣连衣裙女 黑色 M</a></dt>\r\n                            <dd class="banner-thumb"> <a href="http://demo.33hao.com/shop/index.php?act=search&amp;op=index&amp;cate_id=1100" title="波点绣花两件套毛衣连衣裙女 黑色 M" class="a1" target="_blank"> <img alt="波点绣花两件套毛衣连衣裙女 黑色 M" src="http://localhost/Shopnc_b2b2c/data/upload/shop/editor/web-1-15-1-34.jpg?499" rel="lazy" /></a></dd>\r\n            </dl>\r\n          </li>\r\n        </ul>\r\n      </div>\r\n      \r\n       </div>\r\n              </div>\r\n</div>\r\n'),
(2, '粉色', 'pink', 'index', 1493807856, 1, 1, '\r\n<div class="home-standard-layout wrapper style-pink">\r\n  <div class="left-sidebar">\r\n    <div class="title">\r\n            <div class="txt-type">\r\n                <span>2F</span>\r\n                <h2 title="精品男装">精品男装</h2>\r\n      </div>\r\n          </div>\r\n    <div class="left-ads">\r\n            <a href="http://www.telaigou.cn/shop" title="出游服装五折起" target="_blank"> <img src="http://localhost/Shopnc_b2b2c/data/upload/shop/editor/web-2-23.jpg?343" alt="出游服装五折起"> </a>\r\n          </div>\r\n    <div class="recommend-classes">\r\n    <h3>大家还喜欢了</h3>\r\n      <ul>\r\n                        <li><a href="http://localhost/Shopnc_b2b2c/index.php?act=search&op=index&cate_id=1140" title="衬衫" target="_blank">衬衫</a></li>\r\n                <li><a href="http://localhost/Shopnc_b2b2c/index.php?act=search&op=index&cate_id=1141" title="T恤" target="_blank">T恤</a></li>\r\n                <li><a href="http://localhost/Shopnc_b2b2c/index.php?act=search&op=index&cate_id=1142" title="POLO衫" target="_blank">POLO衫</a></li>\r\n                <li><a href="http://localhost/Shopnc_b2b2c/index.php?act=search&op=index&cate_id=1144" title="卫衣" target="_blank">卫衣</a></li>\r\n                <li><a href="http://localhost/Shopnc_b2b2c/index.php?act=search&op=index&cate_id=1530" title="唐装" target="_blank">唐装</a></li>\r\n                <li><a href="http://localhost/Shopnc_b2b2c/index.php?act=search&op=index&cate_id=1150" title="西裤" target="_blank">西裤</a></li>\r\n                <li><a href="http://localhost/Shopnc_b2b2c/index.php?act=search&op=index&cate_id=1151" title="休闲裤" target="_blank">休闲裤</a></li>\r\n                <li><a href="http://localhost/Shopnc_b2b2c/index.php?act=search&op=index&cate_id=1152" title="牛仔裤" target="_blank">牛仔裤</a></li>\r\n                <li><a href="http://localhost/Shopnc_b2b2c/index.php?act=search&op=index&cate_id=1158" title="卫裤" target="_blank">卫裤</a></li>\r\n                <li><a href="http://localhost/Shopnc_b2b2c/index.php?act=search&op=index&cate_id=1373" title="九分裤" target="_blank">九分裤</a></li>\r\n                <li><a href="http://localhost/Shopnc_b2b2c/index.php?act=search&op=index&cate_id=1442" title="短裤" target="_blank">短裤</a></li>\r\n                <li><a href="http://localhost/Shopnc_b2b2c/index.php?act=search&op=index&cate_id=1300" title="T恤/背心" target="_blank">T恤/背心</a></li>\r\n                      </ul>\r\n    </div>\r\n  </div>\r\n  <div class="middle-layout">\r\n \r\n  <ul class="right-brand">\r\n\r\n                                          <li>\r\n          <a href="http://localhost/Shopnc_b2b2c/index.php?act=brand&op=list&brand=104" title="esprit" target="_blank">esprit</a>\r\n        </li>\r\n                          <li>\r\n          <a href="http://localhost/Shopnc_b2b2c/index.php?act=brand&op=list&brand=102" title="她他/tata" target="_blank">她他/tata</a>\r\n        </li>\r\n                          <li>\r\n          <a href="http://localhost/Shopnc_b2b2c/index.php?act=brand&op=list&brand=99" title="梦特娇" target="_blank">梦特娇</a>\r\n        </li>\r\n                          <li>\r\n          <a href="http://localhost/Shopnc_b2b2c/index.php?act=brand&op=list&brand=96" title="佐丹奴" target="_blank">佐丹奴</a>\r\n        </li>\r\n                          <li>\r\n          <a href="http://localhost/Shopnc_b2b2c/index.php?act=brand&op=list&brand=90" title="金利来" target="_blank">金利来</a>\r\n        </li>\r\n                          <li>\r\n          <a href="http://localhost/Shopnc_b2b2c/index.php?act=brand&op=list&brand=84" title="阿迪达斯" target="_blank">阿迪达斯</a>\r\n        </li>\r\n                          <li>\r\n          <a href="http://localhost/Shopnc_b2b2c/index.php?act=brand&op=list&brand=85" title="猫人" target="_blank">猫人</a>\r\n        </li>\r\n                          <li>\r\n          <a href="http://localhost/Shopnc_b2b2c/index.php?act=brand&op=list&brand=95" title="李宁" target="_blank">李宁</a>\r\n        </li>\r\n                                                       <li>\r\n          <a href="http://localhost/Shopnc_b2b2c/index.php?act=brand&op=index" title="" target="_blank">更多</a>\r\n        </li>\r\n            </ul>\r\n    \r\n    <ul class="tabs-nav">\r\n                  <li class="tabs-selected"><i class="arrow"></i>\r\n        <h3>商品推荐</h3>\r\n      </li>\r\n                </ul>\r\n                <div class="tabs-panel middle-banner-style01 fade-img ">\r\n    \r\n      <div class="right-sidebar">\r\n        <div class="right-side-focus">\r\n          <ul>\r\n                                                <li><a href="http://demo.33hao.com/shop/index.php?act=search&amp;op=index&amp;cate_id=1112" title="冬装可拆卸帽可拆卸袖百搭羽绒服" target="_blank"> <img src="http://localhost/Shopnc_b2b2c/data/upload/shop/editor/web-2-28-1.png?688" alt="冬装可拆卸帽可拆卸袖百搭羽绒服"/></a> </li>\r\n                                                <li><a href="http://demo.33hao.com/shop/index.php?act=search&amp;op=index&amp;cate_id=1100" title="冬新品男士羊毛衫圆领套头毛衫蓝色针织衫" target="_blank"> <img src="http://localhost/Shopnc_b2b2c/data/upload/shop/editor/web-2-28-2.png?755" alt="冬新品男士羊毛衫圆领套头毛衫蓝色针织衫"/></a> </li>\r\n                                                <li><a href="http://demo.33hao.com/shop/index.php?act=search&amp;op=index&amp;cate_id=1100" title="冬装新品卡其色翻领男式羊毛呢大衣中长款" target="_blank"> <img src="http://localhost/Shopnc_b2b2c/data/upload/shop/editor/web-2-28-3.png?557" alt="冬装新品卡其色翻领男式羊毛呢大衣中长款"/></a> </li>\r\n                                              </ul>\r\n        </div>\r\n      </div>\r\n      \r\n      <div class="middle-banner-list">\r\n        <ul>\r\n          <li>\r\n            <dl>\r\n                            <dd class="banner-thumb"> <a href="" title="" class="a1" target="_blank"> <img src="http://localhost/Shopnc_b2b2c/data/upload/shop/common/loading.gif" alt="" data-url="http://localhost/Shopnc_b2b2c/data/upload/shop/editor/web-2-25-1-11.jpg?694" rel="lazy" /></a></dd>\r\n            </dl>\r\n          </li>\r\n          <li>\r\n            <dl>\r\n                            <dd class="banner-thumb"> <a href="" title="" class="a1" target="_blank"> <img src="http://localhost/Shopnc_b2b2c/data/upload/shop/common/loading.gif" alt="" data-url="http://localhost/Shopnc_b2b2c/data/upload/shop/editor/web-2-25-1-12.jpg?135" rel="lazy" /></a></dd>\r\n            </dl>\r\n          </li>\r\n          <li>\r\n            <dl>\r\n                            <dd class="banner-thumb"> <a href="" title="" class="a1" target="_blank"> <img src="http://localhost/Shopnc_b2b2c/data/upload/shop/common/loading.gif" alt="" data-url="http://localhost/Shopnc_b2b2c/data/upload/shop/editor/web-2-25-1-31.jpg?959" rel="lazy" /></a></dd>\r\n            </dl>\r\n          </li>\r\n          <li>\r\n            <dl>\r\n                            <dd class="banner-thumb"> <a href="" title="" class="a1" target="_blank"> <img src="http://localhost/Shopnc_b2b2c/data/upload/shop/common/loading.gif" alt="" data-url="http://localhost/Shopnc_b2b2c/data/upload/shop/editor/web-2-25-1-32.jpg?131" rel="lazy" /></a></dd>\r\n            </dl>\r\n          </li>\r\n          <li>\r\n            <dl>\r\n                            <dd class="banner-thumb"> <a href="" title="" class="a1" target="_blank"> <img src="http://localhost/Shopnc_b2b2c/data/upload/shop/common/loading.gif" alt="" data-url="http://localhost/Shopnc_b2b2c/data/upload/shop/editor/web-2-25-1-33.jpg?984" rel="lazy" /></a></dd>\r\n            </dl>\r\n          </li>\r\n          <li>\r\n            <dl>\r\n                            <dd class="banner-thumb"> <a href="" title="" class="a1" target="_blank"> <img alt="" src="http://localhost/Shopnc_b2b2c/data/upload/shop/editor/web-2-25-1-34.jpg?246" rel="lazy" /></a></dd>\r\n            </dl>\r\n          </li>\r\n        </ul>\r\n      </div>\r\n      \r\n       </div>\r\n              </div>\r\n</div>\r\n'),
(3, '橘色', 'orange', 'index', 1493807856, 2, 1, '\r\n<div class="home-standard-layout wrapper style-orange">\r\n  <div class="left-sidebar">\r\n    <div class="title">\r\n            <div class="txt-type">\r\n                <span>3F</span>\r\n                <h2 title="时尚鞋靴">时尚鞋靴</h2>\r\n      </div>\r\n          </div>\r\n    <div class="left-ads">\r\n            <a href="http://www.telaigou.cn/shop" title="" target="_blank"> <img src="http://localhost/Shopnc_b2b2c/data/upload/shop/editor/web-3-33.png?575" alt=""> </a>\r\n          </div>\r\n    <div class="recommend-classes">\r\n    <h3>大家还喜欢了</h3>\r\n      <ul>\r\n                        <li><a href="http://localhost/Shopnc_b2b2c/index.php?act=search&op=index&cate_id=1160" title="单鞋" target="_blank">单鞋</a></li>\r\n                <li><a href="http://localhost/Shopnc_b2b2c/index.php?act=search&op=index&cate_id=1161" title="平底鞋" target="_blank">平底鞋</a></li>\r\n                <li><a href="http://localhost/Shopnc_b2b2c/index.php?act=search&op=index&cate_id=1165" title="帆布鞋" target="_blank">帆布鞋</a></li>\r\n                <li><a href="http://localhost/Shopnc_b2b2c/index.php?act=search&op=index&cate_id=1425" title="内增高" target="_blank">内增高</a></li>\r\n                <li><a href="http://localhost/Shopnc_b2b2c/index.php?act=search&op=index&cate_id=1428" title="凉鞋" target="_blank">凉鞋</a></li>\r\n                <li><a href="http://localhost/Shopnc_b2b2c/index.php?act=search&op=index&cate_id=1472" title="拖鞋" target="_blank">拖鞋</a></li>\r\n                <li><a href="http://localhost/Shopnc_b2b2c/index.php?act=search&op=index&cate_id=1175" title="休闲鞋" target="_blank">休闲鞋</a></li>\r\n                <li><a href="http://localhost/Shopnc_b2b2c/index.php?act=search&op=index&cate_id=1176" title="正装鞋" target="_blank">正装鞋</a></li>\r\n                <li><a href="http://localhost/Shopnc_b2b2c/index.php?act=search&op=index&cate_id=1177" title="商务鞋" target="_blank">商务鞋</a></li>\r\n                <li><a href="http://localhost/Shopnc_b2b2c/index.php?act=search&op=index&cate_id=1182" title="板鞋" target="_blank">板鞋</a></li>\r\n                <li><a href="http://localhost/Shopnc_b2b2c/index.php?act=search&op=index&cate_id=1534" title="短靴" target="_blank">短靴</a></li>\r\n                <li><a href="http://localhost/Shopnc_b2b2c/index.php?act=search&op=index&cate_id=1536" title="马丁靴" target="_blank">马丁靴</a></li>\r\n                <li><a href="http://localhost/Shopnc_b2b2c/index.php?act=search&op=index&cate_id=1549" title="雨靴" target="_blank">雨靴</a></li>\r\n                      </ul>\r\n    </div>\r\n  </div>\r\n  <div class="middle-layout">\r\n \r\n  <ul class="right-brand">\r\n\r\n                                          <li>\r\n          <a href="http://localhost/Shopnc_b2b2c/index.php?act=brand&op=list&brand=105" title="westside" target="_blank">westside</a>\r\n        </li>\r\n                          <li>\r\n          <a href="http://localhost/Shopnc_b2b2c/index.php?act=brand&op=list&brand=104" title="esprit" target="_blank">esprit</a>\r\n        </li>\r\n                          <li>\r\n          <a href="http://localhost/Shopnc_b2b2c/index.php?act=brand&op=list&brand=103" title="ELLE HOME" target="_blank">ELLE HOME</a>\r\n        </li>\r\n                          <li>\r\n          <a href="http://localhost/Shopnc_b2b2c/index.php?act=brand&op=list&brand=102" title="她他/tata" target="_blank">她他/tata</a>\r\n        </li>\r\n                          <li>\r\n          <a href="http://localhost/Shopnc_b2b2c/index.php?act=brand&op=list&brand=101" title="爱帝" target="_blank">爱帝</a>\r\n        </li>\r\n                          <li>\r\n          <a href="http://localhost/Shopnc_b2b2c/index.php?act=brand&op=list&brand=98" title="斯波帝卡" target="_blank">斯波帝卡</a>\r\n        </li>\r\n                          <li>\r\n          <a href="http://localhost/Shopnc_b2b2c/index.php?act=brand&op=list&brand=97" title="百思图" target="_blank">百思图</a>\r\n        </li>\r\n                          <li>\r\n          <a href="http://localhost/Shopnc_b2b2c/index.php?act=brand&op=list&brand=100" title="宝姿" target="_blank">宝姿</a>\r\n        </li>\r\n                                                       <li>\r\n          <a href="http://localhost/Shopnc_b2b2c/index.php?act=brand&op=index" title="" target="_blank">更多</a>\r\n        </li>\r\n            </ul>\r\n    \r\n    <ul class="tabs-nav">\r\n                  <li class="tabs-selected"><i class="arrow"></i>\r\n        <h3>商品推荐</h3>\r\n      </li>\r\n                </ul>\r\n                <div class="tabs-panel middle-banner-style01 fade-img ">\r\n    \r\n      <div class="right-sidebar">\r\n        <div class="right-side-focus">\r\n          <ul>\r\n                                                <li><a href="http://demo.33hao.com/shop/index.php?act=search&amp;op=index&amp;cate_id=1109" title="冬季新款骑士靴棉靴子" target="_blank"> <img src="http://localhost/Shopnc_b2b2c/data/upload/shop/editor/web-3-38-2.png?328" alt="冬季新款骑士靴棉靴子"/></a> </li>\r\n                                                <li><a href="http://demo.33hao.com/shop/index.php?act=search&amp;op=index&amp;cate_id=1109" title="时尚平底铆钉短靴子" target="_blank"> <img src="http://localhost/Shopnc_b2b2c/data/upload/shop/editor/web-3-38-3.png?218" alt="时尚平底铆钉短靴子"/></a> </li>\r\n                                                <li><a href="http://demo.33hao.com/shop/index.php?act=search&amp;op=index&amp;cate_id=1109" title="新款粗跟圆头加绒短靴裸靴" target="_blank"> <img src="http://localhost/Shopnc_b2b2c/data/upload/shop/editor/web-3-38-5.png?708" alt="新款粗跟圆头加绒短靴裸靴"/></a> </li>\r\n                                              </ul>\r\n        </div>\r\n      </div>\r\n      \r\n      <div class="middle-banner-list">\r\n        <ul>\r\n          <li>\r\n            <dl>\r\n                            <dd class="banner-thumb"> <a href="http://demo.33hao.com/shop/index.php?act=search&amp;op=index&amp;cate_id=1109" title="" class="a1" target="_blank"> <img src="http://localhost/Shopnc_b2b2c/data/upload/shop/common/loading.gif" alt="" data-url="http://localhost/Shopnc_b2b2c/data/upload/shop/editor/web-3-35-1-11.jpg?136" rel="lazy" /></a></dd>\r\n            </dl>\r\n          </li>\r\n          <li>\r\n            <dl>\r\n                            <dd class="banner-thumb"> <a href="http://demo.33hao.com/shop/index.php?act=search&amp;op=index&amp;cate_id=1109" title="" class="a1" target="_blank"> <img src="http://localhost/Shopnc_b2b2c/data/upload/shop/common/loading.gif" alt="" data-url="http://localhost/Shopnc_b2b2c/data/upload/shop/editor/web-3-35-1-12.jpg?270" rel="lazy" /></a></dd>\r\n            </dl>\r\n          </li>\r\n          <li>\r\n            <dl>\r\n                            <dd class="banner-thumb"> <a href="http://demo.33hao.com/shop/index.php?act=search&amp;op=index&amp;cate_id=1109" title="" class="a1" target="_blank"> <img src="http://localhost/Shopnc_b2b2c/data/upload/shop/common/loading.gif" alt="" data-url="http://localhost/Shopnc_b2b2c/data/upload/shop/editor/web-3-35-1-31.jpg?822" rel="lazy" /></a></dd>\r\n            </dl>\r\n          </li>\r\n          <li>\r\n            <dl>\r\n                            <dd class="banner-thumb"> <a href="http://demo.33hao.com/shop/index.php?act=search&amp;op=index&amp;cate_id=1109" title="" class="a1" target="_blank"> <img src="http://localhost/Shopnc_b2b2c/data/upload/shop/common/loading.gif" alt="" data-url="http://localhost/Shopnc_b2b2c/data/upload/shop/editor/web-3-35-1-32.jpg?894" rel="lazy" /></a></dd>\r\n            </dl>\r\n          </li>\r\n          <li>\r\n            <dl>\r\n                            <dd class="banner-thumb"> <a href="http://demo.33hao.com/shop/index.php?act=search&amp;op=index&amp;cate_id=1109" title="" class="a1" target="_blank"> <img src="http://localhost/Shopnc_b2b2c/data/upload/shop/common/loading.gif" alt="" data-url="http://localhost/Shopnc_b2b2c/data/upload/shop/editor/web-3-35-1-33.jpg?259" rel="lazy" /></a></dd>\r\n            </dl>\r\n          </li>\r\n          <li>\r\n            <dl>\r\n                            <dd class="banner-thumb"> <a href="http://demo.33hao.com/shop/index.php?act=search&amp;op=index&amp;cate_id=1109" title="" class="a1" target="_blank"> <img alt="" src="http://localhost/Shopnc_b2b2c/data/upload/shop/editor/web-3-35-1-34.jpg?192" rel="lazy" /></a></dd>\r\n            </dl>\r\n          </li>\r\n        </ul>\r\n      </div>\r\n      \r\n       </div>\r\n              </div>\r\n</div>\r\n'),
(4, '绿色', 'green', 'index', 1493807856, 3, 1, '\r\n<div class="home-standard-layout wrapper style-green">\r\n  <div class="left-sidebar">\r\n    <div class="title">\r\n            <div class="txt-type">\r\n                <span>4F</span>\r\n                <h2 title="美妆护肤">美妆护肤</h2>\r\n      </div>\r\n          </div>\r\n    <div class="left-ads">\r\n            <a href="http://www.telaigou.cn/shop" title="" target="_blank"> <img src="http://localhost/Shopnc_b2b2c/data/upload/shop/editor/web-4-43.jpg?581" alt=""> </a>\r\n          </div>\r\n    <div class="recommend-classes">\r\n    <h3>大家还喜欢了</h3>\r\n      <ul>\r\n                        <li><a href="http://localhost/Shopnc_b2b2c/index.php?act=search&op=index&cate_id=1183" title="洁面" target="_blank">洁面</a></li>\r\n                <li><a href="http://localhost/Shopnc_b2b2c/index.php?act=search&op=index&cate_id=1184" title="面膜" target="_blank">面膜</a></li>\r\n                <li><a href="http://localhost/Shopnc_b2b2c/index.php?act=search&op=index&cate_id=1185" title="化妆水" target="_blank">化妆水</a></li>\r\n                <li><a href="http://localhost/Shopnc_b2b2c/index.php?act=search&op=index&cate_id=1186" title="精华" target="_blank">精华</a></li>\r\n                <li><a href="http://localhost/Shopnc_b2b2c/index.php?act=search&op=index&cate_id=1187" title="乳液" target="_blank">乳液</a></li>\r\n                <li><a href="http://localhost/Shopnc_b2b2c/index.php?act=search&op=index&cate_id=1188" title="面霜" target="_blank">面霜</a></li>\r\n                <li><a href="http://localhost/Shopnc_b2b2c/index.php?act=search&op=index&cate_id=1189" title="眼霜" target="_blank">眼霜</a></li>\r\n                <li><a href="http://localhost/Shopnc_b2b2c/index.php?act=search&op=index&cate_id=1498" title="防晒" target="_blank">防晒</a></li>\r\n                <li><a href="http://localhost/Shopnc_b2b2c/index.php?act=search&op=index&cate_id=1501" title="护肤套装" target="_blank">护肤套装</a></li>\r\n                <li><a href="http://localhost/Shopnc_b2b2c/index.php?act=search&op=index&cate_id=1225" title="卸妆" target="_blank">卸妆</a></li>\r\n                <li><a href="http://localhost/Shopnc_b2b2c/index.php?act=search&op=index&cate_id=1227" title="BB霜" target="_blank">BB霜</a></li>\r\n                <li><a href="http://localhost/Shopnc_b2b2c/index.php?act=search&op=index&cate_id=1508" title="彩妆套装" target="_blank">彩妆套装</a></li>\r\n                      </ul>\r\n    </div>\r\n  </div>\r\n  <div class="middle-layout">\r\n \r\n  <ul class="right-brand">\r\n\r\n                                          <li>\r\n          <a href="http://localhost/Shopnc_b2b2c/index.php?act=brand&op=list&brand=102" title="她他/tata" target="_blank">她他/tata</a>\r\n        </li>\r\n                          <li>\r\n          <a href="http://localhost/Shopnc_b2b2c/index.php?act=brand&op=list&brand=104" title="esprit" target="_blank">esprit</a>\r\n        </li>\r\n                          <li>\r\n          <a href="http://localhost/Shopnc_b2b2c/index.php?act=brand&op=list&brand=106" title="RDK" target="_blank">RDK</a>\r\n        </li>\r\n                          <li>\r\n          <a href="http://localhost/Shopnc_b2b2c/index.php?act=brand&op=list&brand=86" title="茵曼（INMAN）" target="_blank">茵曼（INMAN）</a>\r\n        </li>\r\n                          <li>\r\n          <a href="http://localhost/Shopnc_b2b2c/index.php?act=brand&op=list&brand=88" title="缪诗" target="_blank">缪诗</a>\r\n        </li>\r\n                          <li>\r\n          <a href="http://localhost/Shopnc_b2b2c/index.php?act=brand&op=list&brand=85" title="猫人" target="_blank">猫人</a>\r\n        </li>\r\n                          <li>\r\n          <a href="http://localhost/Shopnc_b2b2c/index.php?act=brand&op=list&brand=80" title="享爱." target="_blank">享爱.</a>\r\n        </li>\r\n                                                       <li>\r\n          <a href="http://localhost/Shopnc_b2b2c/index.php?act=brand&op=index" title="" target="_blank">更多</a>\r\n        </li>\r\n            </ul>\r\n    \r\n    <ul class="tabs-nav">\r\n                  <li class="tabs-selected"><i class="arrow"></i>\r\n        <h3>商品推荐</h3>\r\n      </li>\r\n                </ul>\r\n                <div class="tabs-panel middle-banner-style01 fade-img ">\r\n    \r\n      <div class="right-sidebar">\r\n        <div class="right-side-focus">\r\n          <ul>\r\n                                                <li><a href="" title="" target="_blank"> <img src="http://localhost/Shopnc_b2b2c/data/upload/shop/editor/web-4-48-1.jpg?202" alt=""/></a> </li>\r\n                                                <li><a href="" title="" target="_blank"> <img src="http://localhost/Shopnc_b2b2c/data/upload/shop/editor/web-4-48-4.jpg?901" alt=""/></a> </li>\r\n                                                <li><a href="http://demo.33hao.com/shop/index.php?act=search&amp;op=index&amp;cate_id=1111" title="海飞丝洗发露" target="_blank"> <img src="http://localhost/Shopnc_b2b2c/data/upload/shop/editor/web-4-48-2.png?560" alt="海飞丝洗发露"/></a> </li>\r\n                                              </ul>\r\n        </div>\r\n      </div>\r\n      \r\n      <div class="middle-banner-list">\r\n        <ul>\r\n          <li>\r\n            <dl>\r\n                            <dd class="banner-thumb"> <a href="" title="" class="a1" target="_blank"> <img src="http://localhost/Shopnc_b2b2c/data/upload/shop/common/loading.gif" alt="" data-url="http://localhost/Shopnc_b2b2c/data/upload/shop/editor/web-4-45-2-11.jpg?532" rel="lazy" /></a></dd>\r\n            </dl>\r\n          </li>\r\n          <li>\r\n            <dl>\r\n                            <dd class="banner-thumb"> <a href="http://demo.33hao.com/shop/index.php?act=search&amp;op=index&amp;cate_id=1109" title="" class="a1" target="_blank"> <img src="http://localhost/Shopnc_b2b2c/data/upload/shop/common/loading.gif" alt="" data-url="http://localhost/Shopnc_b2b2c/data/upload/shop/editor/web-4-45-2-12.jpg?965" rel="lazy" /></a></dd>\r\n            </dl>\r\n          </li>\r\n          <li>\r\n            <dl>\r\n                            <dd class="banner-thumb"> <a href="" title="" class="a1" target="_blank"> <img src="http://localhost/Shopnc_b2b2c/data/upload/shop/common/loading.gif" alt="" data-url="http://localhost/Shopnc_b2b2c/data/upload/shop/editor/web-4-45-2-31.jpg?561" rel="lazy" /></a></dd>\r\n            </dl>\r\n          </li>\r\n          <li>\r\n            <dl>\r\n                            <dd class="banner-thumb"> <a href="" title="" class="a1" target="_blank"> <img src="http://localhost/Shopnc_b2b2c/data/upload/shop/common/loading.gif" alt="" data-url="http://localhost/Shopnc_b2b2c/data/upload/shop/editor/web-4-45-2-32.jpg?189" rel="lazy" /></a></dd>\r\n            </dl>\r\n          </li>\r\n          <li>\r\n            <dl>\r\n                            <dd class="banner-thumb"> <a href="" title="" class="a1" target="_blank"> <img src="http://localhost/Shopnc_b2b2c/data/upload/shop/common/loading.gif" alt="" data-url="http://localhost/Shopnc_b2b2c/data/upload/shop/editor/web-4-45-2-33.jpg?573" rel="lazy" /></a></dd>\r\n            </dl>\r\n          </li>\r\n          <li>\r\n            <dl>\r\n                            <dd class="banner-thumb"> <a href="" title="" class="a1" target="_blank"> <img alt="" src="http://localhost/Shopnc_b2b2c/data/upload/shop/editor/web-4-45-2-34.jpg?625" rel="lazy" /></a></dd>\r\n            </dl>\r\n          </li>\r\n        </ul>\r\n      </div>\r\n      \r\n       </div>\r\n              </div>\r\n</div>\r\n'),
(5, '蓝色', 'blue', 'index', 1493807856, 4, 1, '\r\n<div class="home-standard-layout wrapper style-blue">\r\n  <div class="left-sidebar">\r\n    <div class="title">\r\n            <div class="txt-type">\r\n                <span>5F</span>\r\n                <h2 title="箱包皮具">箱包皮具</h2>\r\n      </div>\r\n          </div>\r\n    <div class="left-ads">\r\n            <a href="http://demo.33hao.com/shop/index.php?act=search&amp;op=index&amp;cate_id=1110" title="" target="_blank"> <img src="http://localhost/Shopnc_b2b2c/data/upload/shop/editor/web-5-53.png?994" alt=""> </a>\r\n          </div>\r\n    <div class="recommend-classes">\r\n    <h3>大家还喜欢了</h3>\r\n      <ul>\r\n                        <li><a href="http://localhost/Shopnc_b2b2c/index.php?act=search&op=index&cate_id=1195" title="手提包" target="_blank">手提包</a></li>\r\n                <li><a href="http://localhost/Shopnc_b2b2c/index.php?act=search&op=index&cate_id=1196" title="单肩包" target="_blank">单肩包</a></li>\r\n                <li><a href="http://localhost/Shopnc_b2b2c/index.php?act=search&op=index&cate_id=1224" title="双肩包" target="_blank">双肩包</a></li>\r\n                <li><a href="http://localhost/Shopnc_b2b2c/index.php?act=search&op=index&cate_id=1304" title="斜挎包" target="_blank">斜挎包</a></li>\r\n                <li><a href="http://localhost/Shopnc_b2b2c/index.php?act=search&op=index&cate_id=1198" title="商务包" target="_blank">商务包</a></li>\r\n                <li><a href="http://localhost/Shopnc_b2b2c/index.php?act=search&op=index&cate_id=1311" title="休闲包" target="_blank">休闲包</a></li>\r\n                <li><a href="http://localhost/Shopnc_b2b2c/index.php?act=search&op=index&cate_id=1312" title="公文包" target="_blank">公文包</a></li>\r\n                <li><a href="http://localhost/Shopnc_b2b2c/index.php?act=search&op=index&cate_id=1193" title="女士钱包" target="_blank">女士钱包</a></li>\r\n                <li><a href="http://localhost/Shopnc_b2b2c/index.php?act=search&op=index&cate_id=1197" title="男士钱包" target="_blank">男士钱包</a></li>\r\n                <li><a href="http://localhost/Shopnc_b2b2c/index.php?act=search&op=index&cate_id=1568" title="旅行包" target="_blank">旅行包</a></li>\r\n                <li><a href="http://localhost/Shopnc_b2b2c/index.php?act=search&op=index&cate_id=1322" title="行李箱" target="_blank">行李箱</a></li>\r\n                <li><a href="http://localhost/Shopnc_b2b2c/index.php?act=search&op=index&cate_id=1323" title="拉杆箱" target="_blank">拉杆箱</a></li>\r\n                <li><a href="http://localhost/Shopnc_b2b2c/index.php?act=search&op=index&cate_id=1324" title="旅行箱" target="_blank">旅行箱</a></li>\r\n                      </ul>\r\n    </div>\r\n  </div>\r\n  <div class="middle-layout">\r\n \r\n  <ul class="right-brand">\r\n\r\n                                          <li>\r\n          <a href="http://localhost/Shopnc_b2b2c/index.php?act=brand&op=list&brand=366" title="摩伊拉" target="_blank">摩伊拉</a>\r\n        </li>\r\n                          <li>\r\n          <a href="http://localhost/Shopnc_b2b2c/index.php?act=brand&op=list&brand=93" title="百丽" target="_blank">百丽</a>\r\n        </li>\r\n                          <li>\r\n          <a href="http://localhost/Shopnc_b2b2c/index.php?act=brand&op=list&brand=96" title="佐丹奴" target="_blank">佐丹奴</a>\r\n        </li>\r\n                          <li>\r\n          <a href="http://localhost/Shopnc_b2b2c/index.php?act=brand&op=list&brand=91" title="其乐" target="_blank">其乐</a>\r\n        </li>\r\n                          <li>\r\n          <a href="http://localhost/Shopnc_b2b2c/index.php?act=brand&op=list&brand=81" title="派丽蒙" target="_blank">派丽蒙</a>\r\n        </li>\r\n                          <li>\r\n          <a href="http://localhost/Shopnc_b2b2c/index.php?act=brand&op=list&brand=83" title="秀秀美" target="_blank">秀秀美</a>\r\n        </li>\r\n                          <li>\r\n          <a href="http://localhost/Shopnc_b2b2c/index.php?act=brand&op=list&brand=80" title="享爱." target="_blank">享爱.</a>\r\n        </li>\r\n                          <li>\r\n          <a href="http://localhost/Shopnc_b2b2c/index.php?act=brand&op=list&brand=82" title="康妮雅" target="_blank">康妮雅</a>\r\n        </li>\r\n                                                       <li>\r\n          <a href="http://localhost/Shopnc_b2b2c/index.php?act=brand&op=index" title="" target="_blank">更多</a>\r\n        </li>\r\n            </ul>\r\n    \r\n    <ul class="tabs-nav">\r\n                  <li class="tabs-selected"><i class="arrow"></i>\r\n        <h3>商品推荐</h3>\r\n      </li>\r\n                </ul>\r\n                <div class="tabs-panel middle-banner-style01 fade-img ">\r\n    \r\n      <div class="right-sidebar">\r\n        <div class="right-side-focus">\r\n          <ul>\r\n                                                <li><a href="" title="" target="_blank"> <img src="http://localhost/Shopnc_b2b2c/data/upload/shop/editor/web-5-58-1.jpg?965" alt=""/></a> </li>\r\n                                                <li><a href="" title="" target="_blank"> <img src="http://localhost/Shopnc_b2b2c/data/upload/shop/editor/web-5-58-2.jpg?837" alt=""/></a> </li>\r\n                                              </ul>\r\n        </div>\r\n      </div>\r\n      \r\n      <div class="middle-banner-list">\r\n        <ul>\r\n          <li>\r\n            <dl>\r\n                            <dd class="banner-thumb"> <a href="" title="" class="a1" target="_blank"> <img src="http://localhost/Shopnc_b2b2c/data/upload/shop/common/loading.gif" alt="" data-url="http://localhost/Shopnc_b2b2c/data/upload/shop/editor/web-5-55-1-11.jpg?978" rel="lazy" /></a></dd>\r\n            </dl>\r\n          </li>\r\n          <li>\r\n            <dl>\r\n                            <dd class="banner-thumb"> <a href="" title="" class="a1" target="_blank"> <img src="http://localhost/Shopnc_b2b2c/data/upload/shop/common/loading.gif" alt="" data-url="http://localhost/Shopnc_b2b2c/data/upload/shop/editor/web-5-55-1-12.jpg?770" rel="lazy" /></a></dd>\r\n            </dl>\r\n          </li>\r\n          <li>\r\n            <dl>\r\n                            <dd class="banner-thumb"> <a href="" title="" class="a1" target="_blank"> <img src="http://localhost/Shopnc_b2b2c/data/upload/shop/common/loading.gif" alt="" data-url="http://localhost/Shopnc_b2b2c/data/upload/shop/editor/web-5-55-1-31.jpg?165" rel="lazy" /></a></dd>\r\n            </dl>\r\n          </li>\r\n          <li>\r\n            <dl>\r\n                            <dd class="banner-thumb"> <a href="" title="" class="a1" target="_blank"> <img src="http://localhost/Shopnc_b2b2c/data/upload/shop/common/loading.gif" alt="" data-url="http://localhost/Shopnc_b2b2c/data/upload/shop/editor/web-5-55-1-32.jpg?495" rel="lazy" /></a></dd>\r\n            </dl>\r\n          </li>\r\n          <li>\r\n            <dl>\r\n                            <dd class="banner-thumb"> <a href="" title="" class="a1" target="_blank"> <img src="http://localhost/Shopnc_b2b2c/data/upload/shop/common/loading.gif" alt="" data-url="http://localhost/Shopnc_b2b2c/data/upload/shop/editor/web-5-55-1-33.jpg?687" rel="lazy" /></a></dd>\r\n            </dl>\r\n          </li>\r\n          <li>\r\n            <dl>\r\n                            <dd class="banner-thumb"> <a href="" title="" class="a1" target="_blank"> <img alt="" src="http://localhost/Shopnc_b2b2c/data/upload/shop/editor/web-5-55-1-34.jpg?363" rel="lazy" /></a></dd>\r\n            </dl>\r\n          </li>\r\n        </ul>\r\n      </div>\r\n      \r\n       </div>\r\n              </div>\r\n</div>\r\n');
INSERT INTO `33hao_web` (`web_id`, `web_name`, `style_name`, `web_page`, `update_time`, `web_sort`, `web_show`, `web_html`) VALUES
(6, '紫色', 'purple', 'index', 1493807856, 6, 1, '\r\n<div class="home-standard-layout wrapper style-purple">\r\n  <div class="left-sidebar">\r\n    <div class="title">\r\n            <div class="txt-type">\r\n                <span>6F</span>\r\n                <h2 title="运动户外">运动户外</h2>\r\n      </div>\r\n          </div>\r\n    <div class="left-ads">\r\n            <a href="http://demo.33hao.com/shop" title="" target="_blank"> <img src="http://localhost/Shopnc_b2b2c/data/upload/shop/editor/web-6-63.png?949" alt=""> </a>\r\n          </div>\r\n    <div class="recommend-classes">\r\n    <h3>大家还喜欢了</h3>\r\n      <ul>\r\n                        <li><a href="http://localhost/Shopnc_b2b2c/index.php?act=search&op=index&cate_id=1124" title="运动鞋" target="_blank">运动鞋</a></li>\r\n                <li><a href="http://localhost/Shopnc_b2b2c/index.php?act=search&op=index&cate_id=1125" title="运动服" target="_blank">运动服</a></li>\r\n                <li><a href="http://localhost/Shopnc_b2b2c/index.php?act=search&op=index&cate_id=1408" title="户外鞋" target="_blank">户外鞋</a></li>\r\n                <li><a href="http://localhost/Shopnc_b2b2c/index.php?act=search&op=index&cate_id=1474" title="户外服" target="_blank">户外服</a></li>\r\n                <li><a href="http://localhost/Shopnc_b2b2c/index.php?act=search&op=index&cate_id=1475" title="冲锋衣裤" target="_blank">冲锋衣裤</a></li>\r\n                <li><a href="http://localhost/Shopnc_b2b2c/index.php?act=search&op=index&cate_id=1476" title="速干衣裤" target="_blank">速干衣裤</a></li>\r\n                <li><a href="http://localhost/Shopnc_b2b2c/index.php?act=search&op=index&cate_id=1477" title="抓绒衣裤" target="_blank">抓绒衣裤</a></li>\r\n                <li><a href="http://localhost/Shopnc_b2b2c/index.php?act=search&op=index&cate_id=1478" title="软壳衣裤" target="_blank">软壳衣裤</a></li>\r\n                <li><a href="http://localhost/Shopnc_b2b2c/index.php?act=search&op=index&cate_id=1479" title="T恤" target="_blank">T恤</a></li>\r\n                <li><a href="http://localhost/Shopnc_b2b2c/index.php?act=search&op=index&cate_id=1481" title="滑雪服" target="_blank">滑雪服</a></li>\r\n                <li><a href="http://localhost/Shopnc_b2b2c/index.php?act=search&op=index&cate_id=1482" title="功能内衣" target="_blank">功能内衣</a></li>\r\n                <li><a href="http://localhost/Shopnc_b2b2c/index.php?act=search&op=index&cate_id=1220" title="T恤" target="_blank">T恤</a></li>\r\n                <li><a href="http://localhost/Shopnc_b2b2c/index.php?act=search&op=index&cate_id=1221" title="卫衣" target="_blank">卫衣</a></li>\r\n                <li><a href="http://localhost/Shopnc_b2b2c/index.php?act=search&op=index&cate_id=1222" title="运动裤" target="_blank">运动裤</a></li>\r\n                <li><a href="http://localhost/Shopnc_b2b2c/index.php?act=search&op=index&cate_id=1223" title="运动套装" target="_blank">运动套装</a></li>\r\n                <li><a href="http://localhost/Shopnc_b2b2c/index.php?act=search&op=index&cate_id=1331" title="足球服" target="_blank">足球服</a></li>\r\n                <li><a href="http://localhost/Shopnc_b2b2c/index.php?act=search&op=index&cate_id=1332" title="篮球服" target="_blank">篮球服</a></li>\r\n                <li><a href="http://localhost/Shopnc_b2b2c/index.php?act=search&op=index&cate_id=1333" title="风衣夹克" target="_blank">风衣夹克</a></li>\r\n                <li><a href="http://localhost/Shopnc_b2b2c/index.php?act=search&op=index&cate_id=1334" title="网羽服" target="_blank">网羽服</a></li>\r\n                <li><a href="http://localhost/Shopnc_b2b2c/index.php?act=search&op=index&cate_id=1335" title="棒球服" target="_blank">棒球服</a></li>\r\n                <li><a href="http://localhost/Shopnc_b2b2c/index.php?act=search&op=index&cate_id=1415" title="训练服" target="_blank">训练服</a></li>\r\n                <li><a href="http://localhost/Shopnc_b2b2c/index.php?act=search&op=index&cate_id=1416" title="运动帽" target="_blank">运动帽</a></li>\r\n                <li><a href="http://localhost/Shopnc_b2b2c/index.php?act=search&op=index&cate_id=1563" title="运动手套" target="_blank">运动手套</a></li>\r\n                <li><a href="http://localhost/Shopnc_b2b2c/index.php?act=search&op=index&cate_id=1564" title="运动袜" target="_blank">运动袜</a></li>\r\n                      </ul>\r\n    </div>\r\n  </div>\r\n  <div class="middle-layout">\r\n \r\n  <ul class="right-brand">\r\n\r\n                                          <li>\r\n          <a href="http://localhost/Shopnc_b2b2c/index.php?act=brand&op=list&brand=106" title="RDK" target="_blank">RDK</a>\r\n        </li>\r\n                          <li>\r\n          <a href="http://localhost/Shopnc_b2b2c/index.php?act=brand&op=list&brand=105" title="westside" target="_blank">westside</a>\r\n        </li>\r\n                          <li>\r\n          <a href="http://localhost/Shopnc_b2b2c/index.php?act=brand&op=list&brand=104" title="esprit" target="_blank">esprit</a>\r\n        </li>\r\n                          <li>\r\n          <a href="http://localhost/Shopnc_b2b2c/index.php?act=brand&op=list&brand=103" title="ELLE HOME" target="_blank">ELLE HOME</a>\r\n        </li>\r\n                          <li>\r\n          <a href="http://localhost/Shopnc_b2b2c/index.php?act=brand&op=list&brand=100" title="宝姿" target="_blank">宝姿</a>\r\n        </li>\r\n                          <li>\r\n          <a href="http://localhost/Shopnc_b2b2c/index.php?act=brand&op=list&brand=98" title="斯波帝卡" target="_blank">斯波帝卡</a>\r\n        </li>\r\n                          <li>\r\n          <a href="http://localhost/Shopnc_b2b2c/index.php?act=brand&op=list&brand=81" title="派丽蒙" target="_blank">派丽蒙</a>\r\n        </li>\r\n                                                       <li>\r\n          <a href="http://localhost/Shopnc_b2b2c/index.php?act=brand&op=index" title="" target="_blank">更多</a>\r\n        </li>\r\n            </ul>\r\n    \r\n    <ul class="tabs-nav">\r\n                  <li class="tabs-selected"><i class="arrow"></i>\r\n        <h3>商品推荐</h3>\r\n      </li>\r\n                </ul>\r\n                <div class="tabs-panel middle-banner-style01 fade-img ">\r\n    \r\n      <div class="right-sidebar">\r\n        <div class="right-side-focus">\r\n          <ul>\r\n                                                <li><a href="http://demo.33hao.com/shop/index.php?act=search&amp;op=index" title="" target="_blank"> <img src="http://localhost/Shopnc_b2b2c/data/upload/shop/editor/web-6-68-1.png?180" alt=""/></a> </li>\r\n                                                <li><a href="http://demo.33hao.com/shop/index.php?act=search&amp;op=index&amp;cate_id=1100" title="" target="_blank"> <img src="http://localhost/Shopnc_b2b2c/data/upload/shop/editor/web-6-68-2.png?492" alt=""/></a> </li>\r\n                                              </ul>\r\n        </div>\r\n      </div>\r\n      \r\n      <div class="middle-banner-list">\r\n        <ul>\r\n          <li>\r\n            <dl>\r\n                            <dd class="banner-thumb"> <a href="" title="" class="a1" target="_blank"> <img src="http://localhost/Shopnc_b2b2c/data/upload/shop/common/loading.gif" alt="" data-url="http://localhost/Shopnc_b2b2c/data/upload/shop/editor/web-6-65-1-11.jpg?387" rel="lazy" /></a></dd>\r\n            </dl>\r\n          </li>\r\n          <li>\r\n            <dl>\r\n                            <dd class="banner-thumb"> <a href="" title="" class="a1" target="_blank"> <img src="http://localhost/Shopnc_b2b2c/data/upload/shop/common/loading.gif" alt="" data-url="http://localhost/Shopnc_b2b2c/data/upload/shop/editor/web-6-65-1-12.jpg?513" rel="lazy" /></a></dd>\r\n            </dl>\r\n          </li>\r\n          <li>\r\n            <dl>\r\n                            <dd class="banner-thumb"> <a href="" title="" class="a1" target="_blank"> <img src="http://localhost/Shopnc_b2b2c/data/upload/shop/common/loading.gif" alt="" data-url="http://localhost/Shopnc_b2b2c/data/upload/shop/editor/web-6-65-1-31.png?563" rel="lazy" /></a></dd>\r\n            </dl>\r\n          </li>\r\n          <li>\r\n            <dl>\r\n                            <dd class="banner-thumb"> <a href="" title="" class="a1" target="_blank"> <img src="http://localhost/Shopnc_b2b2c/data/upload/shop/common/loading.gif" alt="" data-url="http://localhost/Shopnc_b2b2c/data/upload/shop/editor/web-6-65-1-32.png?804" rel="lazy" /></a></dd>\r\n            </dl>\r\n          </li>\r\n          <li>\r\n            <dl>\r\n                            <dd class="banner-thumb"> <a href="" title="" class="a1" target="_blank"> <img src="http://localhost/Shopnc_b2b2c/data/upload/shop/common/loading.gif" alt="" data-url="http://localhost/Shopnc_b2b2c/data/upload/shop/editor/web-6-65-1-33.jpg?841" rel="lazy" /></a></dd>\r\n            </dl>\r\n          </li>\r\n          <li>\r\n            <dl>\r\n                            <dd class="banner-thumb"> <a href="" title="" class="a1" target="_blank"> <img alt="" src="http://localhost/Shopnc_b2b2c/data/upload/shop/editor/web-6-65-1-34.jpg?793" rel="lazy" /></a></dd>\r\n            </dl>\r\n          </li>\r\n        </ul>\r\n      </div>\r\n      \r\n       </div>\r\n              </div>\r\n</div>\r\n'),
(7, '褐色', 'brown', 'index', 1493807856, 7, 1, '\r\n<div class="home-standard-layout wrapper style-brown">\r\n  <div class="left-sidebar">\r\n    <div class="title">\r\n            <div class="txt-type">\r\n                <span>7F</span>\r\n                <h2 title="礼品配饰">礼品配饰</h2>\r\n      </div>\r\n          </div>\r\n    <div class="left-ads">\r\n            <a href="http://demo.33hao.com/shop/index.php?act=search&amp;op=index&amp;cate_id=1114" title="" target="_blank"> <img src="http://localhost/Shopnc_b2b2c/data/upload/shop/editor/web-7-73.png?848" alt=""> </a>\r\n          </div>\r\n    <div class="recommend-classes">\r\n    <h3>大家还喜欢了</h3>\r\n      <ul>\r\n                        <li><a href="http://localhost/Shopnc_b2b2c/index.php?act=search&op=index&cate_id=1203" title="项链" target="_blank">项链</a></li>\r\n                <li><a href="http://localhost/Shopnc_b2b2c/index.php?act=search&op=index&cate_id=1204" title="戒指" target="_blank">戒指</a></li>\r\n                <li><a href="http://localhost/Shopnc_b2b2c/index.php?act=search&op=index&cate_id=1205" title="手镯" target="_blank">手镯</a></li>\r\n                <li><a href="http://localhost/Shopnc_b2b2c/index.php?act=search&op=index&cate_id=1206" title="耳饰" target="_blank">耳饰</a></li>\r\n                <li><a href="http://localhost/Shopnc_b2b2c/index.php?act=search&op=index&cate_id=1207" title="发饰" target="_blank">发饰</a></li>\r\n                <li><a href="http://localhost/Shopnc_b2b2c/index.php?act=search&op=index&cate_id=1208" title="手链" target="_blank">手链</a></li>\r\n                <li><a href="http://localhost/Shopnc_b2b2c/index.php?act=search&op=index&cate_id=1209" title="锁骨链" target="_blank">锁骨链</a></li>\r\n                <li><a href="http://localhost/Shopnc_b2b2c/index.php?act=search&op=index&cate_id=1210" title="佛珠" target="_blank">佛珠</a></li>\r\n                <li><a href="http://localhost/Shopnc_b2b2c/index.php?act=search&op=index&cate_id=1211" title="转运珠" target="_blank">转运珠</a></li>\r\n                <li><a href="http://localhost/Shopnc_b2b2c/index.php?act=search&op=index&cate_id=1212" title="太阳镜" target="_blank">太阳镜</a></li>\r\n                <li><a href="http://localhost/Shopnc_b2b2c/index.php?act=search&op=index&cate_id=1422" title="护目镜" target="_blank">护目镜</a></li>\r\n                <li><a href="http://localhost/Shopnc_b2b2c/index.php?act=search&op=index&cate_id=1999" title="情侣饰品" target="_blank">情侣饰品</a></li>\r\n                <li><a href="http://localhost/Shopnc_b2b2c/index.php?act=search&op=index&cate_id=1213" title="机械表" target="_blank">机械表</a></li>\r\n                <li><a href="http://localhost/Shopnc_b2b2c/index.php?act=search&op=index&cate_id=1214" title="电子表" target="_blank">电子表</a></li>\r\n                <li><a href="http://localhost/Shopnc_b2b2c/index.php?act=search&op=index&cate_id=1215" title="石英表" target="_blank">石英表</a></li>\r\n                <li><a href="http://localhost/Shopnc_b2b2c/index.php?act=search&op=index&cate_id=1336" title="时装表" target="_blank">时装表</a></li>\r\n                <li><a href="http://localhost/Shopnc_b2b2c/index.php?act=search&op=index&cate_id=1337" title="学生表" target="_blank">学生表</a></li>\r\n                <li><a href="http://localhost/Shopnc_b2b2c/index.php?act=search&op=index&cate_id=1338" title="运动表" target="_blank">运动表</a></li>\r\n                <li><a href="http://localhost/Shopnc_b2b2c/index.php?act=search&op=index&cate_id=1339" title="儿童表" target="_blank">儿童表</a></li>\r\n                <li><a href="http://localhost/Shopnc_b2b2c/index.php?act=search&op=index&cate_id=1340" title="防水表" target="_blank">防水表</a></li>\r\n                <li><a href="http://localhost/Shopnc_b2b2c/index.php?act=search&op=index&cate_id=1341" title="情侣表" target="_blank">情侣表</a></li>\r\n                      </ul>\r\n    </div>\r\n  </div>\r\n  <div class="middle-layout">\r\n \r\n  <ul class="right-brand">\r\n\r\n                                          <li>\r\n          <a href="http://localhost/Shopnc_b2b2c/index.php?act=brand&op=list&brand=106" title="RDK" target="_blank">RDK</a>\r\n        </li>\r\n                          <li>\r\n          <a href="http://localhost/Shopnc_b2b2c/index.php?act=brand&op=list&brand=105" title="westside" target="_blank">westside</a>\r\n        </li>\r\n                          <li>\r\n          <a href="http://localhost/Shopnc_b2b2c/index.php?act=brand&op=list&brand=365" title="柒牌" target="_blank">柒牌</a>\r\n        </li>\r\n                          <li>\r\n          <a href="http://localhost/Shopnc_b2b2c/index.php?act=brand&op=list&brand=87" title="Hanes恒适" target="_blank">Hanes恒适</a>\r\n        </li>\r\n                          <li>\r\n          <a href="http://localhost/Shopnc_b2b2c/index.php?act=brand&op=list&brand=88" title="缪诗" target="_blank">缪诗</a>\r\n        </li>\r\n                          <li>\r\n          <a href="http://localhost/Shopnc_b2b2c/index.php?act=brand&op=list&brand=90" title="金利来" target="_blank">金利来</a>\r\n        </li>\r\n                                                       <li>\r\n          <a href="http://localhost/Shopnc_b2b2c/index.php?act=brand&op=index" title="" target="_blank">更多</a>\r\n        </li>\r\n            </ul>\r\n    \r\n    <ul class="tabs-nav">\r\n                  <li class="tabs-selected"><i class="arrow"></i>\r\n        <h3>商品推荐</h3>\r\n      </li>\r\n                </ul>\r\n                <div class="tabs-panel middle-banner-style01 fade-img ">\r\n    \r\n      <div class="right-sidebar">\r\n        <div class="right-side-focus">\r\n          <ul>\r\n                                                <li><a href="http://demo.33hao.com/shop/index.php?act=search&amp;op=index" title="七度银饰专场" target="_blank"> <img src="http://localhost/Shopnc_b2b2c/data/upload/shop/editor/web-7-78-1.jpg?446" alt="七度银饰专场"/></a> </li>\r\n                                                <li><a href="http://demo.33hao.com/shop/index.php?act=goods&amp;op=index&amp;goods_id=102126" title="七度银饰专场" target="_blank"> <img src="http://localhost/Shopnc_b2b2c/data/upload/shop/editor/web-7-78-2.png?182" alt="七度银饰专场"/></a> </li>\r\n                                              </ul>\r\n        </div>\r\n      </div>\r\n      \r\n      <div class="middle-banner-list">\r\n        <ul>\r\n          <li>\r\n            <dl>\r\n                            <dd class="banner-thumb"> <a href="" title="" class="a1" target="_blank"> <img src="http://localhost/Shopnc_b2b2c/data/upload/shop/common/loading.gif" alt="" data-url="http://localhost/Shopnc_b2b2c/data/upload/shop/editor/web-7-75-1-11.jpg?585" rel="lazy" /></a></dd>\r\n            </dl>\r\n          </li>\r\n          <li>\r\n            <dl>\r\n                            <dd class="banner-thumb"> <a href="" title="" class="a1" target="_blank"> <img src="http://localhost/Shopnc_b2b2c/data/upload/shop/common/loading.gif" alt="" data-url="http://localhost/Shopnc_b2b2c/data/upload/shop/editor/web-7-75-1-12.jpg?181" rel="lazy" /></a></dd>\r\n            </dl>\r\n          </li>\r\n          <li>\r\n            <dl>\r\n                            <dd class="banner-thumb"> <a href="" title="" class="a1" target="_blank"> <img src="http://localhost/Shopnc_b2b2c/data/upload/shop/common/loading.gif" alt="" data-url="http://localhost/Shopnc_b2b2c/data/upload/shop/editor/web-7-75-1-31.png?392" rel="lazy" /></a></dd>\r\n            </dl>\r\n          </li>\r\n          <li>\r\n            <dl>\r\n                            <dd class="banner-thumb"> <a href="" title="" class="a1" target="_blank"> <img src="http://localhost/Shopnc_b2b2c/data/upload/shop/common/loading.gif" alt="" data-url="http://localhost/Shopnc_b2b2c/data/upload/shop/editor/web-7-75-1-32.jpg?806" rel="lazy" /></a></dd>\r\n            </dl>\r\n          </li>\r\n          <li>\r\n            <dl>\r\n                            <dd class="banner-thumb"> <a href="" title="" class="a1" target="_blank"> <img src="http://localhost/Shopnc_b2b2c/data/upload/shop/common/loading.gif" alt="" data-url="http://localhost/Shopnc_b2b2c/data/upload/shop/editor/web-7-75-1-33.png?752" rel="lazy" /></a></dd>\r\n            </dl>\r\n          </li>\r\n          <li>\r\n            <dl>\r\n                            <dd class="banner-thumb"> <a href="" title="" class="a1" target="_blank"> <img alt="" src="http://localhost/Shopnc_b2b2c/data/upload/shop/editor/web-7-75-1-34.jpg?541" rel="lazy" /></a></dd>\r\n            </dl>\r\n          </li>\r\n        </ul>\r\n      </div>\r\n      \r\n       </div>\r\n              </div>\r\n</div>\r\n'),
(8, '默认', 'default', 'index', 1493807856, 8, 1, '\r\n<div class="home-standard-layout wrapper style-default">\r\n  <div class="left-sidebar">\r\n    <div class="title">\r\n            <div class="txt-type">\r\n                <span>8F</span>\r\n                <h2 title="生活家居">生活家居</h2>\r\n      </div>\r\n          </div>\r\n    <div class="left-ads">\r\n            <a href="http://demo.33hao.com/shop/index.php?act=search&amp;op=index&amp;cate_id=1231" title="" target="_blank"> <img src="http://localhost/Shopnc_b2b2c/data/upload/shop/editor/web-8-83.png?171" alt=""> </a>\r\n          </div>\r\n    <div class="recommend-classes">\r\n    <h3>大家还喜欢了</h3>\r\n      <ul>\r\n                        <li><a href="http://localhost/Shopnc_b2b2c/index.php?act=search&op=index&cate_id=1234" title="四件套" target="_blank">四件套</a></li>\r\n                <li><a href="http://localhost/Shopnc_b2b2c/index.php?act=search&op=index&cate_id=1235" title="被子/被套" target="_blank">被子/被套</a></li>\r\n                <li><a href="http://localhost/Shopnc_b2b2c/index.php?act=search&op=index&cate_id=1236" title="枕头/枕套" target="_blank">枕头/枕套</a></li>\r\n                <li><a href="http://localhost/Shopnc_b2b2c/index.php?act=search&op=index&cate_id=1419" title="公仔" target="_blank">公仔</a></li>\r\n                <li><a href="http://localhost/Shopnc_b2b2c/index.php?act=search&op=index&cate_id=1421" title="凉席/凉枕" target="_blank">凉席/凉枕</a></li>\r\n                <li><a href="http://localhost/Shopnc_b2b2c/index.php?act=search&op=index&cate_id=1858" title="手工/十字绣" target="_blank">手工/十字绣</a></li>\r\n                <li><a href="http://localhost/Shopnc_b2b2c/index.php?act=search&op=index&cate_id=1240" title="工艺摆件" target="_blank">工艺摆件</a></li>\r\n                <li><a href="http://localhost/Shopnc_b2b2c/index.php?act=search&op=index&cate_id=1241" title="花瓶/花器" target="_blank">花瓶/花器</a></li>\r\n                <li><a href="http://localhost/Shopnc_b2b2c/index.php?act=search&op=index&cate_id=1242" title="仿真花卉" target="_blank">仿真花卉</a></li>\r\n                <li><a href="http://localhost/Shopnc_b2b2c/index.php?act=search&op=index&cate_id=1243" title="装饰画" target="_blank">装饰画</a></li>\r\n                <li><a href="http://localhost/Shopnc_b2b2c/index.php?act=search&op=index&cate_id=1352" title="相架/画框" target="_blank">相架/画框</a></li>\r\n                <li><a href="http://localhost/Shopnc_b2b2c/index.php?act=search&op=index&cate_id=1353" title="闹钟/挂钟" target="_blank">闹钟/挂钟</a></li>\r\n                <li><a href="http://localhost/Shopnc_b2b2c/index.php?act=search&op=index&cate_id=1354" title="香薰/蜡烛" target="_blank">香薰/蜡烛</a></li>\r\n                <li><a href="http://localhost/Shopnc_b2b2c/index.php?act=search&op=index&cate_id=1355" title="创意家居" target="_blank">创意家居</a></li>\r\n                <li><a href="http://localhost/Shopnc_b2b2c/index.php?act=search&op=index&cate_id=1356" title="办公用品" target="_blank">办公用品</a></li>\r\n                      </ul>\r\n    </div>\r\n  </div>\r\n  <div class="middle-layout">\r\n \r\n  <ul class="right-brand">\r\n\r\n                                          <li>\r\n          <a href="http://localhost/Shopnc_b2b2c/index.php?act=brand&op=list&brand=104" title="esprit" target="_blank">esprit</a>\r\n        </li>\r\n                          <li>\r\n          <a href="http://localhost/Shopnc_b2b2c/index.php?act=brand&op=list&brand=103" title="ELLE HOME" target="_blank">ELLE HOME</a>\r\n        </li>\r\n                          <li>\r\n          <a href="http://localhost/Shopnc_b2b2c/index.php?act=brand&op=list&brand=105" title="westside" target="_blank">westside</a>\r\n        </li>\r\n                          <li>\r\n          <a href="http://localhost/Shopnc_b2b2c/index.php?act=brand&op=list&brand=106" title="RDK" target="_blank">RDK</a>\r\n        </li>\r\n                          <li>\r\n          <a href="http://localhost/Shopnc_b2b2c/index.php?act=brand&op=list&brand=92" title="Newbalance" target="_blank">Newbalance</a>\r\n        </li>\r\n                          <li>\r\n          <a href="http://localhost/Shopnc_b2b2c/index.php?act=brand&op=list&brand=91" title="其乐" target="_blank">其乐</a>\r\n        </li>\r\n                          <li>\r\n          <a href="http://localhost/Shopnc_b2b2c/index.php?act=brand&op=list&brand=85" title="猫人" target="_blank">猫人</a>\r\n        </li>\r\n                          <li>\r\n          <a href="http://localhost/Shopnc_b2b2c/index.php?act=brand&op=list&brand=93" title="百丽" target="_blank">百丽</a>\r\n        </li>\r\n                                                       <li>\r\n          <a href="http://localhost/Shopnc_b2b2c/index.php?act=brand&op=index" title="" target="_blank">更多</a>\r\n        </li>\r\n            </ul>\r\n    \r\n    <ul class="tabs-nav">\r\n                  <li class="tabs-selected"><i class="arrow"></i>\r\n        <h3>商品推荐</h3>\r\n      </li>\r\n                </ul>\r\n                <div class="tabs-panel middle-banner-style01 fade-img ">\r\n    \r\n      <div class="right-sidebar">\r\n        <div class="right-side-focus">\r\n          <ul>\r\n                                                <li><a href="http://demo.33hao.com/shop/index.php?act=search&amp;op=index&amp;cate_id=1109" title="" target="_blank"> <img src="http://localhost/Shopnc_b2b2c/data/upload/shop/editor/web-8-88-2.jpg?934" alt=""/></a> </li>\r\n                                                <li><a href="http://demo.33hao.com/shop/index.php?act=goods&amp;op=index&amp;goods_id=102126" title="拉夏贝尔 秋新款女装街头人物印花休闲圆领长袖连衣裙 黑色 S" target="_blank"> <img src="http://localhost/Shopnc_b2b2c/data/upload/shop/editor/web-8-88-3.jpg?885" alt="拉夏贝尔 秋新款女装街头人物印花休闲圆领长袖连衣裙 黑色 S"/></a> </li>\r\n                                              </ul>\r\n        </div>\r\n      </div>\r\n      \r\n      <div class="middle-banner-list">\r\n        <ul>\r\n          <li>\r\n            <dl>\r\n                            <dd class="banner-thumb"> <a href="" title="" class="a1" target="_blank"> <img src="http://localhost/Shopnc_b2b2c/data/upload/shop/common/loading.gif" alt="" data-url="http://localhost/Shopnc_b2b2c/data/upload/shop/editor/web-8-85-1-11.jpg?195" rel="lazy" /></a></dd>\r\n            </dl>\r\n          </li>\r\n          <li>\r\n            <dl>\r\n                            <dd class="banner-thumb"> <a href="" title="" class="a1" target="_blank"> <img src="http://localhost/Shopnc_b2b2c/data/upload/shop/common/loading.gif" alt="" data-url="http://localhost/Shopnc_b2b2c/data/upload/shop/editor/web-8-85-1-12.jpg?235" rel="lazy" /></a></dd>\r\n            </dl>\r\n          </li>\r\n          <li>\r\n            <dl>\r\n                            <dd class="banner-thumb"> <a href="" title="" class="a1" target="_blank"> <img src="http://localhost/Shopnc_b2b2c/data/upload/shop/common/loading.gif" alt="" data-url="http://localhost/Shopnc_b2b2c/data/upload/shop/editor/web-8-85-1-31.jpg?634" rel="lazy" /></a></dd>\r\n            </dl>\r\n          </li>\r\n          <li>\r\n            <dl>\r\n                            <dd class="banner-thumb"> <a href="" title="" class="a1" target="_blank"> <img src="http://localhost/Shopnc_b2b2c/data/upload/shop/common/loading.gif" alt="" data-url="http://localhost/Shopnc_b2b2c/data/upload/shop/editor/web-8-85-1-32.jpg?454" rel="lazy" /></a></dd>\r\n            </dl>\r\n          </li>\r\n          <li>\r\n            <dl>\r\n                            <dd class="banner-thumb"> <a href="" title="" class="a1" target="_blank"> <img src="http://localhost/Shopnc_b2b2c/data/upload/shop/common/loading.gif" alt="" data-url="http://localhost/Shopnc_b2b2c/data/upload/shop/editor/web-8-85-1-33.jpg?689" rel="lazy" /></a></dd>\r\n            </dl>\r\n          </li>\r\n          <li>\r\n            <dl>\r\n                            <dd class="banner-thumb"> <a href="" title="" class="a1" target="_blank"> <img alt="" src="http://localhost/Shopnc_b2b2c/data/upload/shop/editor/web-8-85-1-34.jpg?772" rel="lazy" /></a></dd>\r\n            </dl>\r\n          </li>\r\n        </ul>\r\n      </div>\r\n      \r\n       </div>\r\n              </div>\r\n</div>\r\n'),
(101, '首页头部焦点图片', 'orange', 'index_pic', 1493807856, 100, 1, '\r\n  <ul id="fullScreenSlides" class="full-screen-slides">\r\n                                        <li style="background: #EDD9C0 url(''http://localhost/Shopnc_b2b2c/data/upload/shop/editor/web-101-101-1.png?177'') no-repeat center top">\r\n            <a href="http://demo.33hao.com/shop/index.php?act=search&amp;op=index&amp;cate_id=1100" target="_blank" title="好商城">&nbsp;</a></li>\r\n                                        <li style="background: #200772 url(''http://localhost/Shopnc_b2b2c/data/upload/shop/editor/web-101-101-2.png?442'') no-repeat center top">\r\n            <a href="http://demo.33hao.com/shop/index.php?act=show_groupbuy&amp;op=index" target="_blank" title="好商城">&nbsp;</a></li>\r\n                                        <li style="background: #EFE6DD url(''http://localhost/Shopnc_b2b2c/data/upload/shop/editor/web-101-101-3.png?983'') no-repeat center top">\r\n            <a href="http://demo.33hao.com/shop/index.php?act=show_groupbuy&amp;op=index" target="_blank" title="好商城">&nbsp;</a></li>\r\n                                        <li style="background: #760907 url(''http://localhost/Shopnc_b2b2c/data/upload/shop/editor/web-101-101-4.png?779'') no-repeat center top">\r\n            <a href="http://demo.33hao.com/shop/index.php?act=search&amp;op=index&amp;cate_id=1100" target="_blank" title="好商城">&nbsp;</a></li>\r\n                              \r\n  </ul>\r\n  <div class="jfocus-trigeminybox">\r\n  <a class="limited_time" title="限时打折" href="http://localhost/Shopnc_b2b2c/index.php?act=promotion&op=index">\r\n        <div class="clock-wrap">\r\n          <div class="clock">\r\n            <div class="clock-h" id="ClockHours" style="-webkit-transform: rotate(93deg);"></div>\r\n            <div class="clock-m"></div>\r\n            <div class="clock-s"></div>\r\n          </div>\r\n    </div>\r\n    </a>\r\n  <div class="jfocus-trigeminy"> \r\n    <ul>\r\n                              <li>\r\n                                        <a href="http://demo.33hao.com/shop/index.php?act=search&amp;op=index" target="_blank" title="测试">\r\n                <img src="http://localhost/Shopnc_b2b2c/data/upload/shop/editor/web-101-102-1-1.jpg?306" alt="测试"></a>\r\n                          <a href="http://demo.33hao.com/shop/index.php?act=search&amp;op=index" target="_blank" title="测试">\r\n                <img src="http://localhost/Shopnc_b2b2c/data/upload/shop/editor/web-101-102-1-2.jpg?220" alt="测试"></a>\r\n                          <a href="http://demo.33hao.com/shop/index.php?act=search&amp;op=index" target="_blank" title="测试">\r\n                <img src="http://localhost/Shopnc_b2b2c/data/upload/shop/editor/web-101-102-1-3.jpg?296" alt="测试"></a>\r\n                          <a href="http://demo.33hao.com/shop/index.php?act=search&amp;op=index" target="_blank" title="测试">\r\n                <img src="http://localhost/Shopnc_b2b2c/data/upload/shop/editor/web-101-102-1-4.jpg?752" alt="测试"></a>\r\n                                      </li>\r\n                    <li>\r\n                                        <a href="http://demo.33hao.com/shop/index.php?act=search&amp;op=index" target="_blank" title="测试">\r\n                <img src="http://localhost/Shopnc_b2b2c/data/upload/shop/editor/web-101-102-2-1.jpg?718" alt="测试"></a>\r\n                          <a href="http://demo.33hao.com/shop/index.php?act=search&amp;op=index" target="_blank" title="测试">\r\n                <img src="http://localhost/Shopnc_b2b2c/data/upload/shop/editor/web-101-102-2-2.jpg?967" alt="测试"></a>\r\n                          <a href="http://demo.33hao.com/shop/index.php?act=search&amp;op=index" target="_blank" title="测试">\r\n                <img src="http://localhost/Shopnc_b2b2c/data/upload/shop/editor/web-101-102-2-3.jpg?477" alt="测试"></a>\r\n                          <a href="http://demo.33hao.com/shop/index.php?act=search&amp;op=index" target="_blank" title="测试">\r\n                <img src="http://localhost/Shopnc_b2b2c/data/upload/shop/editor/web-101-102-2-4.jpg?643" alt="测试"></a>\r\n                                      </li>\r\n                    <li>\r\n                                        <a href="http://demo.33hao.com/shop/index.php?act=search&amp;op=index" target="_blank" title="测试">\r\n                <img src="http://localhost/Shopnc_b2b2c/data/upload/shop/editor/web-101-102-3-1.jpg?970" alt="测试"></a>\r\n                          <a href="http://demo.33hao.com/shop/index.php?act=search&amp;op=index" target="_blank" title="测试">\r\n                <img src="http://localhost/Shopnc_b2b2c/data/upload/shop/editor/web-101-102-3-2.jpg?341" alt="测试"></a>\r\n                          <a href="http://demo.33hao.com/shop/index.php?act=search&amp;op=index" target="_blank" title="测试">\r\n                <img src="http://localhost/Shopnc_b2b2c/data/upload/shop/editor/web-101-102-3-3.jpg?480" alt="测试"></a>\r\n                          <a href="http://demo.33hao.com/shop/index.php?act=search&amp;op=index" target="_blank" title="测试">\r\n                <img src="http://localhost/Shopnc_b2b2c/data/upload/shop/editor/web-101-102-3-4.jpg?162" alt="测试"></a>\r\n                                      </li>\r\n                        </ul>\r\n  </div>\r\n  </div>\r\n<script type="text/javascript">\r\n	update_screen_focus();\r\n</script>');
INSERT INTO `33hao_web` (`web_id`, `web_name`, `style_name`, `web_page`, `update_time`, `web_sort`, `web_show`, `web_html`) VALUES
(121, '首页促销区', 'orange', 'index_sale', 1493807856, 120, 1, '\r\n    <ul class="tabs-nav">\r\n                                            <li class="tabs-selected"><h3>新品上架</h3></li>\r\n                          <li class=""><h3>热卖商品</h3></li>\r\n                          <li class=""><h3>疯狂抢购</h3></li>\r\n                          <li class=""><h3>猜您喜欢</h3></li>\r\n                          <li class=""><h3>热评商品</h3></li>\r\n                                        </ul>\r\n                                                                                                <div class="tabs-panel sale-goods-list ">\r\n                                    <ul>\r\n                                                                          <li>\r\n                                        <dl>\r\n                                          <dt class="goods-name"><a target="_blank" href="http://localhost/Shopnc_b2b2c/index.php?act=goods&op=index&goods_id=102592" title="爵爷商务皮鞋 秋款男士正装 前系带 金属尖头低帮单鞋 黑色 38">\r\n                                          	爵爷商务皮鞋 秋款男士正装 前系带 金属尖头低帮单鞋 黑色 38</a></dt>\r\n                                          <dd class="goods-thumb">\r\n                                          	<a target="_blank" href="http://localhost/Shopnc_b2b2c/index.php?act=goods&op=index&goods_id=102592">\r\n                                          	<img src="http://localhost/Shopnc_b2b2c/data/upload/shop/store/goods/16/16_05000683915287946_240.jpg" alt="爵爷商务皮鞋 秋款男士正装 前系带 金属尖头低帮单鞋 黑色 38" />\r\n                                          	</a></dd>\r\n                                          <dd class="goods-price">商城价：<em>&yen;108.00</em></dd>\r\n                                        </dl>\r\n                                      </li>\r\n                                                                          <li>\r\n                                        <dl>\r\n                                          <dt class="goods-name"><a target="_blank" href="http://localhost/Shopnc_b2b2c/index.php?act=goods&op=index&goods_id=102700" title="纯色透气圆头单鞋男真皮方跟低帮鞋前系带男士皮鞋 棕色 38">\r\n                                          	纯色透气圆头单鞋男真皮方跟低帮鞋前系带男士皮鞋 棕色 38</a></dt>\r\n                                          <dd class="goods-thumb">\r\n                                          	<a target="_blank" href="http://localhost/Shopnc_b2b2c/index.php?act=goods&op=index&goods_id=102700">\r\n                                          	<img src="http://localhost/Shopnc_b2b2c/data/upload/shop/store/goods/16/16_05003068354931461_240.jpg" alt="纯色透气圆头单鞋男真皮方跟低帮鞋前系带男士皮鞋 棕色 38" />\r\n                                          	</a></dd>\r\n                                          <dd class="goods-price">商城价：<em>&yen;88.00</em></dd>\r\n                                        </dl>\r\n                                      </li>\r\n                                                                          <li>\r\n                                        <dl>\r\n                                          <dt class="goods-name"><a target="_blank" href="http://localhost/Shopnc_b2b2c/index.php?act=goods&op=index&goods_id=102649" title="优质超纤皮男鞋纯色前系带尖头低帮皮鞋 棕色 38">\r\n                                          	优质超纤皮男鞋纯色前系带尖头低帮皮鞋 棕色 38</a></dt>\r\n                                          <dd class="goods-thumb">\r\n                                          	<a target="_blank" href="http://localhost/Shopnc_b2b2c/index.php?act=goods&op=index&goods_id=102649">\r\n                                          	<img src="http://localhost/Shopnc_b2b2c/data/upload/shop/store/goods/16/16_05002911543965426_240.jpg" alt="优质超纤皮男鞋纯色前系带尖头低帮皮鞋 棕色 38" />\r\n                                          	</a></dd>\r\n                                          <dd class="goods-price">商城价：<em>&yen;108.00</em></dd>\r\n                                        </dl>\r\n                                      </li>\r\n                                                                          <li>\r\n                                        <dl>\r\n                                          <dt class="goods-name"><a target="_blank" href="http://localhost/Shopnc_b2b2c/index.php?act=goods&op=index&goods_id=102688" title="爵爷2015春秋商务正装男士皮鞋透气超纤皮男鞋 黑色 38">\r\n                                          	爵爷2015春秋商务正装男士皮鞋透气超纤皮男鞋 黑色 38</a></dt>\r\n                                          <dd class="goods-thumb">\r\n                                          	<a target="_blank" href="http://localhost/Shopnc_b2b2c/index.php?act=goods&op=index&goods_id=102688">\r\n                                          	<img src="http://localhost/Shopnc_b2b2c/data/upload/shop/store/goods/16/16_05003062100708546_240.jpg" alt="爵爷2015春秋商务正装男士皮鞋透气超纤皮男鞋 黑色 38" />\r\n                                          	</a></dd>\r\n                                          <dd class="goods-price">商城价：<em>&yen;108.00</em></dd>\r\n                                        </dl>\r\n                                      </li>\r\n                                                                          <li>\r\n                                        <dl>\r\n                                          <dt class="goods-name"><a target="_blank" href="http://localhost/Shopnc_b2b2c/index.php?act=goods&op=index&goods_id=102604" title="日常休闲鞋男士豆豆鞋驾车真皮男鞋英伦皮鞋 黄色 38">\r\n                                          	日常休闲鞋男士豆豆鞋驾车真皮男鞋英伦皮鞋 黄色 38</a></dt>\r\n                                          <dd class="goods-thumb">\r\n                                          	<a target="_blank" href="http://localhost/Shopnc_b2b2c/index.php?act=goods&op=index&goods_id=102604">\r\n                                          	<img src="http://localhost/Shopnc_b2b2c/data/upload/shop/store/goods/16/16_05001210537684207_240.jpg" alt="日常休闲鞋男士豆豆鞋驾车真皮男鞋英伦皮鞋 黄色 38" />\r\n                                          	</a></dd>\r\n                                          <dd class="goods-price">商城价：<em>&yen;108.00</em></dd>\r\n                                        </dl>\r\n                                      </li>\r\n                                                                        </ul>\r\n                                  </div>\r\n                                                                                                        <div class="tabs-panel sale-goods-list tabs-hide">\r\n                                    <ul>\r\n                                                                          <li>\r\n                                        <dl>\r\n                                          <dt class="goods-name"><a target="_blank" href="http://localhost/Shopnc_b2b2c/index.php?act=goods&op=index&goods_id=102020" title="冬装男装立领 男式纯棉T恤男士加厚加绒保暖打底衫 白色 M">\r\n                                          	冬装男装立领 男式纯棉T恤男士加厚加绒保暖打底衫 白色 M</a></dt>\r\n                                          <dd class="goods-thumb">\r\n                                          	<a target="_blank" href="http://localhost/Shopnc_b2b2c/index.php?act=goods&op=index&goods_id=102020">\r\n                                          	<img src="http://localhost/Shopnc_b2b2c/data/upload/shop/store/goods/15/15_04999727187217105_240.png" alt="冬装男装立领 男式纯棉T恤男士加厚加绒保暖打底衫 白色 M" />\r\n                                          	</a></dd>\r\n                                          <dd class="goods-price">商城价：<em>&yen;73.00</em></dd>\r\n                                        </dl>\r\n                                      </li>\r\n                                                                          <li>\r\n                                        <dl>\r\n                                          <dt class="goods-name"><a target="_blank" href="http://localhost/Shopnc_b2b2c/index.php?act=goods&op=index&goods_id=102165" title="2015秋新款男装男式牛仔裤男休闲商务长裤子韩版修身直筒 图片色 28">\r\n                                          	2015秋新款男装男式牛仔裤男休闲商务长裤子韩版修身直筒 图片色 28</a></dt>\r\n                                          <dd class="goods-thumb">\r\n                                          	<a target="_blank" href="http://localhost/Shopnc_b2b2c/index.php?act=goods&op=index&goods_id=102165">\r\n                                          	<img src="http://localhost/Shopnc_b2b2c/data/upload/shop/store/goods/15/15_04999963827312369_240.jpg" alt="2015秋新款男装男式牛仔裤男休闲商务长裤子韩版修身直筒 图片色 28" />\r\n                                          	</a></dd>\r\n                                          <dd class="goods-price">商城价：<em>&yen;81.00</em></dd>\r\n                                        </dl>\r\n                                      </li>\r\n                                                                          <li>\r\n                                        <dl>\r\n                                          <dt class="goods-name"><a target="_blank" href="http://localhost/Shopnc_b2b2c/index.php?act=goods&op=index&goods_id=102126" title="2015秋冬新款韩版女羽绒棉服女立领修身显瘦棉衣短款棉服外套 红色 L">\r\n                                          	2015秋冬新款韩版女羽绒棉服女立领修身显瘦棉衣短款棉服外套 红色 L</a></dt>\r\n                                          <dd class="goods-thumb">\r\n                                          	<a target="_blank" href="http://localhost/Shopnc_b2b2c/index.php?act=goods&op=index&goods_id=102126">\r\n                                          	<img src="http://localhost/Shopnc_b2b2c/data/upload/shop/store/goods/12/12_04999931964380007_240.jpg" alt="2015秋冬新款韩版女羽绒棉服女立领修身显瘦棉衣短款棉服外套 红色 L" />\r\n                                          	</a></dd>\r\n                                          <dd class="goods-price">商城价：<em>&yen;103.00</em></dd>\r\n                                        </dl>\r\n                                      </li>\r\n                                                                          <li>\r\n                                        <dl>\r\n                                          <dt class="goods-name"><a target="_blank" href="http://localhost/Shopnc_b2b2c/index.php?act=goods&op=index&goods_id=102070" title="新款女装韩版修身A字斗篷棉衣加厚保暖短外套大毛领连帽羽绒棉服 蓝色 M">\r\n                                          	新款女装韩版修身A字斗篷棉衣加厚保暖短外套大毛领连帽羽绒棉服 蓝色 M</a></dt>\r\n                                          <dd class="goods-thumb">\r\n                                          	<a target="_blank" href="http://localhost/Shopnc_b2b2c/index.php?act=goods&op=index&goods_id=102070">\r\n                                          	<img src="http://localhost/Shopnc_b2b2c/data/upload/shop/store/goods/12/12_04999920485539383_240.jpg" alt="新款女装韩版修身A字斗篷棉衣加厚保暖短外套大毛领连帽羽绒棉服 蓝色 M" />\r\n                                          	</a></dd>\r\n                                          <dd class="goods-price">商城价：<em>&yen;118.00</em></dd>\r\n                                        </dl>\r\n                                      </li>\r\n                                                                          <li>\r\n                                        <dl>\r\n                                          <dt class="goods-name"><a target="_blank" href="http://localhost/Shopnc_b2b2c/index.php?act=goods&op=index&goods_id=101680" title="2015秋冬新款女装女式韩版修身短款棉衣棉服羽绒棉衣女 粉色 M">\r\n                                          	2015秋冬新款女装女式韩版修身短款棉衣棉服羽绒棉衣女 粉色 M</a></dt>\r\n                                          <dd class="goods-thumb">\r\n                                          	<a target="_blank" href="http://localhost/Shopnc_b2b2c/index.php?act=goods&op=index&goods_id=101680">\r\n                                          	<img src="http://localhost/Shopnc_b2b2c/data/upload/shop/store/goods/12/12_04999938698283696_240.png" alt="2015秋冬新款女装女式韩版修身短款棉衣棉服羽绒棉衣女 粉色 M" />\r\n                                          	</a></dd>\r\n                                          <dd class="goods-price">商城价：<em>&yen;112.00</em></dd>\r\n                                        </dl>\r\n                                      </li>\r\n                                                                        </ul>\r\n                                  </div>\r\n                                                                                                        <div class="tabs-panel sale-goods-list tabs-hide">\r\n                                    <ul>\r\n                                                                          <li>\r\n                                        <dl>\r\n                                          <dt class="goods-name"><a target="_blank" href="http://localhost/Shopnc_b2b2c/index.php?act=goods&op=index&goods_id=101559" title="2015冬季新款棉衣女修身大码羽绒棉服女士短款韩版连帽冬季防寒服 蓝色 M">\r\n                                          	2015冬季新款棉衣女修身大码羽绒棉服女士短款韩版连帽冬季防寒服 蓝色 M</a></dt>\r\n                                          <dd class="goods-thumb">\r\n                                          	<a target="_blank" href="http://localhost/Shopnc_b2b2c/index.php?act=goods&op=index&goods_id=101559">\r\n                                          	<img src="http://localhost/Shopnc_b2b2c/data/upload/shop/store/goods/12/12_039f2d0f136e6927e9cfa6fff35e077_240.jpg" alt="2015冬季新款棉衣女修身大码羽绒棉服女士短款韩版连帽冬季防寒服 蓝色 M" />\r\n                                          	</a></dd>\r\n                                          <dd class="goods-price">商城价：<em>&yen;88.00</em></dd>\r\n                                        </dl>\r\n                                      </li>\r\n                                                                          <li>\r\n                                        <dl>\r\n                                          <dt class="goods-name"><a target="_blank" href="http://localhost/Shopnc_b2b2c/index.php?act=goods&op=index&goods_id=101598" title="2015新款冬装棉衣外套女中长款大码加厚毛领羽绒棉服韩版修身棉袄 粉色 M">\r\n                                          	2015新款冬装棉衣外套女中长款大码加厚毛领羽绒棉服韩版修身棉袄 粉色 M</a></dt>\r\n                                          <dd class="goods-thumb">\r\n                                          	<a target="_blank" href="http://localhost/Shopnc_b2b2c/index.php?act=goods&op=index&goods_id=101598">\r\n                                          	<img src="http://localhost/Shopnc_b2b2c/data/upload/shop/store/goods/12/12_cc322b39c176a5ae261b62795d46258_240.jpg" alt="2015新款冬装棉衣外套女中长款大码加厚毛领羽绒棉服韩版修身棉袄 粉色 M" />\r\n                                          	</a></dd>\r\n                                          <dd class="goods-price">商城价：<em>&yen;119.00</em></dd>\r\n                                        </dl>\r\n                                      </li>\r\n                                                                          <li>\r\n                                        <dl>\r\n                                          <dt class="goods-name"><a target="_blank" href="http://localhost/Shopnc_b2b2c/index.php?act=goods&op=index&goods_id=101429" title="2015夏季新款鱼嘴凉鞋超高跟防水台夜店鞋透气网纱粗跟女鞋 粉色 34">\r\n                                          	2015夏季新款鱼嘴凉鞋超高跟防水台夜店鞋透气网纱粗跟女鞋 粉色 34</a></dt>\r\n                                          <dd class="goods-thumb">\r\n                                          	<a target="_blank" href="http://localhost/Shopnc_b2b2c/index.php?act=goods&op=index&goods_id=101429">\r\n                                          	<img src="http://localhost/Shopnc_b2b2c/data/upload/shop/store/goods/6/6_04847714326505496_240.jpg" alt="2015夏季新款鱼嘴凉鞋超高跟防水台夜店鞋透气网纱粗跟女鞋 粉色 34" />\r\n                                          	</a></dd>\r\n                                          <dd class="goods-price">商城价：<em>&yen;108.00</em></dd>\r\n                                        </dl>\r\n                                      </li>\r\n                                                                          <li>\r\n                                        <dl>\r\n                                          <dt class="goods-name"><a target="_blank" href="http://localhost/Shopnc_b2b2c/index.php?act=goods&op=index&goods_id=102433" title="秋冬季时尚单鞋 糖果色亮面浅口细跟职业女鞋 漆皮镜面尖头高跟鞋 白色 34">\r\n                                          	秋冬季时尚单鞋 糖果色亮面浅口细跟职业女鞋 漆皮镜面尖头高跟鞋 白色 34</a></dt>\r\n                                          <dd class="goods-thumb">\r\n                                          	<a target="_blank" href="http://localhost/Shopnc_b2b2c/index.php?act=goods&op=index&goods_id=102433">\r\n                                          	<img src="http://localhost/Shopnc_b2b2c/data/upload/shop/store/goods/17/17_05000574018138552_240.jpg" alt="秋冬季时尚单鞋 糖果色亮面浅口细跟职业女鞋 漆皮镜面尖头高跟鞋 白色 34" />\r\n                                          	</a></dd>\r\n                                          <dd class="goods-price">商城价：<em>&yen;119.00</em></dd>\r\n                                        </dl>\r\n                                      </li>\r\n                                                                          <li>\r\n                                        <dl>\r\n                                          <dt class="goods-name"><a target="_blank" href="http://localhost/Shopnc_b2b2c/index.php?act=goods&op=index&goods_id=102265" title="秋季新款糖果色细跟单鞋 浅口真皮尖头高跟鞋 杏色 34">\r\n                                          	秋季新款糖果色细跟单鞋 浅口真皮尖头高跟鞋 杏色 34</a></dt>\r\n                                          <dd class="goods-thumb">\r\n                                          	<a target="_blank" href="http://localhost/Shopnc_b2b2c/index.php?act=goods&op=index&goods_id=102265">\r\n                                          	<img src="http://localhost/Shopnc_b2b2c/data/upload/shop/store/goods/17/17_05000548082598798_240.jpg" alt="秋季新款糖果色细跟单鞋 浅口真皮尖头高跟鞋 杏色 34" />\r\n                                          	</a></dd>\r\n                                          <dd class="goods-price">商城价：<em>&yen;119.00</em></dd>\r\n                                        </dl>\r\n                                      </li>\r\n                                                                        </ul>\r\n                                  </div>\r\n                                                                                                        <div class="tabs-panel sale-goods-list tabs-hide">\r\n                                    <ul>\r\n                                                                          <li>\r\n                                        <dl>\r\n                                          <dt class="goods-name"><a target="_blank" href="http://localhost/Shopnc_b2b2c/index.php?act=goods&op=index&goods_id=102865" title="酷迪璐新品男式夹克外套男士pu皮衣韩版休闲绒布接男装 蓝色 M">\r\n                                          	酷迪璐新品男式夹克外套男士pu皮衣韩版休闲绒布接男装 蓝色 M</a></dt>\r\n                                          <dd class="goods-thumb">\r\n                                          	<a target="_blank" href="http://localhost/Shopnc_b2b2c/index.php?act=goods&op=index&goods_id=102865">\r\n                                          	<img src="http://localhost/Shopnc_b2b2c/data/upload/shop/store/goods/18/18_05011806114146918_240.jpg" alt="酷迪璐新品男式夹克外套男士pu皮衣韩版休闲绒布接男装 蓝色 M" />\r\n                                          	</a></dd>\r\n                                          <dd class="goods-price">商城价：<em>&yen;128.00</em></dd>\r\n                                        </dl>\r\n                                      </li>\r\n                                                                          <li>\r\n                                        <dl>\r\n                                          <dt class="goods-name"><a target="_blank" href="http://localhost/Shopnc_b2b2c/index.php?act=goods&op=index&goods_id=102835" title="2015新款保暖加绒修身衬衫 白色 M">\r\n                                          	2015新款保暖加绒修身衬衫 白色 M</a></dt>\r\n                                          <dd class="goods-thumb">\r\n                                          	<a target="_blank" href="http://localhost/Shopnc_b2b2c/index.php?act=goods&op=index&goods_id=102835">\r\n                                          	<img src="http://localhost/Shopnc_b2b2c/data/upload/shop/store/goods/18/18_05011800162520471_240.jpg" alt="2015新款保暖加绒修身衬衫 白色 M" />\r\n                                          	</a></dd>\r\n                                          <dd class="goods-price">商城价：<em>&yen;98.00</em></dd>\r\n                                        </dl>\r\n                                      </li>\r\n                                                                          <li>\r\n                                        <dl>\r\n                                          <dt class="goods-name"><a target="_blank" href="http://localhost/Shopnc_b2b2c/index.php?act=goods&op=index&goods_id=102805" title="酷迪璐冬装男士加棉加厚长袖衬衫格子夹克衬衫 灰色 M">\r\n                                          	酷迪璐冬装男士加棉加厚长袖衬衫格子夹克衬衫 灰色 M</a></dt>\r\n                                          <dd class="goods-thumb">\r\n                                          	<a target="_blank" href="http://localhost/Shopnc_b2b2c/index.php?act=goods&op=index&goods_id=102805">\r\n                                          	<img src="http://localhost/Shopnc_b2b2c/data/upload/shop/store/goods/18/18_05011789584196803_240.jpg" alt="酷迪璐冬装男士加棉加厚长袖衬衫格子夹克衬衫 灰色 M" />\r\n                                          	</a></dd>\r\n                                          <dd class="goods-price">商城价：<em>&yen;108.00</em></dd>\r\n                                        </dl>\r\n                                      </li>\r\n                                                                          <li>\r\n                                        <dl>\r\n                                          <dt class="goods-name"><a target="_blank" href="http://localhost/Shopnc_b2b2c/index.php?act=goods&op=index&goods_id=102751" title="2015新款秋冬男式PU皮夹克外贸 海宁男士立领休闲修身外套 黑色 M">\r\n                                          	2015新款秋冬男式PU皮夹克外贸 海宁男士立领休闲修身外套 黑色 M</a></dt>\r\n                                          <dd class="goods-thumb">\r\n                                          	<a target="_blank" href="http://localhost/Shopnc_b2b2c/index.php?act=goods&op=index&goods_id=102751">\r\n                                          	<img src="http://localhost/Shopnc_b2b2c/data/upload/shop/store/goods/18/18_05011764627052815_240.jpg" alt="2015新款秋冬男式PU皮夹克外贸 海宁男士立领休闲修身外套 黑色 M" />\r\n                                          	</a></dd>\r\n                                          <dd class="goods-price">商城价：<em>&yen;158.00</em></dd>\r\n                                        </dl>\r\n                                      </li>\r\n                                                                          <li>\r\n                                        <dl>\r\n                                          <dt class="goods-name"><a target="_blank" href="http://localhost/Shopnc_b2b2c/index.php?act=goods&op=index&goods_id=102633" title="2015秋冬新款 全棉男式牛仔裤直筒型 图片色 28">\r\n                                          	2015秋冬新款 全棉男式牛仔裤直筒型 图片色 28</a></dt>\r\n                                          <dd class="goods-thumb">\r\n                                          	<a target="_blank" href="http://localhost/Shopnc_b2b2c/index.php?act=goods&op=index&goods_id=102633">\r\n                                          	<img src="http://localhost/Shopnc_b2b2c/data/upload/shop/store/goods/15/15_05002060806639307_240.jpg" alt="2015秋冬新款 全棉男式牛仔裤直筒型 图片色 28" />\r\n                                          	</a></dd>\r\n                                          <dd class="goods-price">商城价：<em>&yen;89.00</em></dd>\r\n                                        </dl>\r\n                                      </li>\r\n                                                                        </ul>\r\n                                  </div>\r\n                                                                                                        <div class="tabs-panel sale-goods-list tabs-hide">\r\n                                    <ul>\r\n                                                                          <li>\r\n                                        <dl>\r\n                                          <dt class="goods-name"><a target="_blank" href="http://localhost/Shopnc_b2b2c/index.php?act=goods&op=index&goods_id=102150" title="韩版品牌直筒修身牛仔裤 秋冬男士长裤休闲牛仔裤 图片色 28">\r\n                                          	韩版品牌直筒修身牛仔裤 秋冬男士长裤休闲牛仔裤 图片色 28</a></dt>\r\n                                          <dd class="goods-thumb">\r\n                                          	<a target="_blank" href="http://localhost/Shopnc_b2b2c/index.php?act=goods&op=index&goods_id=102150">\r\n                                          	<img src="http://localhost/Shopnc_b2b2c/data/upload/shop/store/goods/15/15_04999958412070501_240.jpg" alt="韩版品牌直筒修身牛仔裤 秋冬男士长裤休闲牛仔裤 图片色 28" />\r\n                                          	</a></dd>\r\n                                          <dd class="goods-price">商城价：<em>&yen;82.00</em></dd>\r\n                                        </dl>\r\n                                      </li>\r\n                                                                          <li>\r\n                                        <dl>\r\n                                          <dt class="goods-name"><a target="_blank" href="http://localhost/Shopnc_b2b2c/index.php?act=goods&op=index&goods_id=102005" title="冬装男装爆款 男式纯棉T恤男士加厚加绒保暖打底衫 黑色 M">\r\n                                          	冬装男装爆款 男式纯棉T恤男士加厚加绒保暖打底衫 黑色 M</a></dt>\r\n                                          <dd class="goods-thumb">\r\n                                          	<a target="_blank" href="http://localhost/Shopnc_b2b2c/index.php?act=goods&op=index&goods_id=102005">\r\n                                          	<img src="http://localhost/Shopnc_b2b2c/data/upload/shop/store/goods/15/15_04999724012252809_240.jpg" alt="冬装男装爆款 男式纯棉T恤男士加厚加绒保暖打底衫 黑色 M" />\r\n                                          	</a></dd>\r\n                                          <dd class="goods-price">商城价：<em>&yen;69.00</em></dd>\r\n                                        </dl>\r\n                                      </li>\r\n                                                                          <li>\r\n                                        <dl>\r\n                                          <dt class="goods-name"><a target="_blank" href="http://localhost/Shopnc_b2b2c/index.php?act=goods&op=index&goods_id=101930" title="2015冬款新品 男式拼接长袖加厚加绒保暖V领T恤男装不倒绒 酒红 M">\r\n                                          	2015冬款新品 男式拼接长袖加厚加绒保暖V领T恤男装不倒绒 酒红 M</a></dt>\r\n                                          <dd class="goods-thumb">\r\n                                          	<a target="_blank" href="http://localhost/Shopnc_b2b2c/index.php?act=goods&op=index&goods_id=101930">\r\n                                          	<img src="http://localhost/Shopnc_b2b2c/data/upload/shop/store/goods/15/15_04999707884947293_240.jpg" alt="2015冬款新品 男式拼接长袖加厚加绒保暖V领T恤男装不倒绒 酒红 M" />\r\n                                          	</a></dd>\r\n                                          <dd class="goods-price">商城价：<em>&yen;65.00</em></dd>\r\n                                        </dl>\r\n                                      </li>\r\n                                                                          <li>\r\n                                        <dl>\r\n                                          <dt class="goods-name"><a target="_blank" href="http://localhost/Shopnc_b2b2c/index.php?act=goods&op=index&goods_id=101807" title="2015秋季新款男士长袖t恤潮纯棉秋长袖修身韩版青年体恤运动小衫 白拼枣红 M">\r\n                                          	2015秋季新款男士长袖t恤潮纯棉秋长袖修身韩版青年体恤运动小衫 白拼枣红 M</a></dt>\r\n                                          <dd class="goods-thumb">\r\n                                          	<a target="_blank" href="http://localhost/Shopnc_b2b2c/index.php?act=goods&op=index&goods_id=101807">\r\n                                          	<img src="http://localhost/Shopnc_b2b2c/data/upload/shop/store/goods/15/15_04999618551849829_240.jpg" alt="2015秋季新款男士长袖t恤潮纯棉秋长袖修身韩版青年体恤运动小衫 白拼枣红 M" />\r\n                                          	</a></dd>\r\n                                          <dd class="goods-price">商城价：<em>&yen;65.00</em></dd>\r\n                                        </dl>\r\n                                      </li>\r\n                                                                          <li>\r\n                                        <dl>\r\n                                          <dt class="goods-name"><a target="_blank" href="http://localhost/Shopnc_b2b2c/index.php?act=goods&op=index&goods_id=102157" title="品牌男装牛仔裤纯棉商务男裤男式牛仔裤 图片色 28">\r\n                                          	品牌男装牛仔裤纯棉商务男裤男式牛仔裤 图片色 28</a></dt>\r\n                                          <dd class="goods-thumb">\r\n                                          	<a target="_blank" href="http://localhost/Shopnc_b2b2c/index.php?act=goods&op=index&goods_id=102157">\r\n                                          	<img src="http://localhost/Shopnc_b2b2c/data/upload/shop/store/goods/15/15_04999961053663021_240.jpg" alt="品牌男装牛仔裤纯棉商务男裤男式牛仔裤 图片色 28" />\r\n                                          	</a></dd>\r\n                                          <dd class="goods-price">商城价：<em>&yen;89.00</em></dd>\r\n                                        </dl>\r\n                                      </li>\r\n                                                                        </ul>\r\n                                  </div>\r\n                                                              '),
(601, '演示频道--顶部', 'default', 'channel_tp', 1415167487, 255, 1, ''),
(610, '演示频道--中部', 'default', 'channel_fl', 1415167497, 255, 1, '');

-- --------------------------------------------------------

--
-- 表的结构 `33hao_web_channel`
--

CREATE TABLE IF NOT EXISTS `33hao_web_channel` (
  `channel_id` int(10) unsigned NOT NULL AUTO_INCREMENT COMMENT '频道ID',
  `channel_name` varchar(50) DEFAULT '' COMMENT '频道名称',
  `channel_style` varchar(20) DEFAULT '' COMMENT '颜色风格',
  `gc_id` int(10) unsigned DEFAULT '0' COMMENT '绑定分类ID',
  `gc_name` varchar(50) DEFAULT '' COMMENT '分类名称',
  `keywords` varchar(255) DEFAULT '' COMMENT '关键词',
  `description` varchar(255) DEFAULT '' COMMENT '描述',
  `top_id` int(10) unsigned DEFAULT '0' COMMENT '顶部楼层编号',
  `floor_ids` varchar(100) DEFAULT '' COMMENT '中部楼层编号',
  `update_time` int(10) unsigned NOT NULL COMMENT '更新时间',
  `channel_show` tinyint(1) unsigned NOT NULL DEFAULT '1' COMMENT '启用状态，0为否，1为是，默认为1',
  PRIMARY KEY (`channel_id`),
  KEY `gc_id` (`gc_id`)
) ENGINE=InnoDB  DEFAULT CHARSET=utf8 COMMENT='商城频道表' AUTO_INCREMENT=602 ;

--
-- 转存表中的数据 `33hao_web_channel`
--

INSERT INTO `33hao_web_channel` (`channel_id`, `channel_name`, `channel_style`, `gc_id`, `gc_name`, `keywords`, `description`, `top_id`, `floor_ids`, `update_time`, `channel_show`) VALUES
(601, '演示频道', 'red', 0, '', '演示频道', '演示频道', 0, '', 1415167606, 1);

-- --------------------------------------------------------

--
-- 表的结构 `33hao_web_code`
--

CREATE TABLE IF NOT EXISTS `33hao_web_code` (
  `code_id` int(10) unsigned NOT NULL AUTO_INCREMENT COMMENT '内容ID',
  `web_id` int(10) unsigned NOT NULL COMMENT '模块ID',
  `code_type` varchar(10) NOT NULL DEFAULT 'array' COMMENT '数据类型:array,html,json',
  `var_name` varchar(20) NOT NULL COMMENT '变量名称',
  `code_info` text COMMENT '内容数据',
  `show_name` varchar(20) DEFAULT '' COMMENT '页面名称',
  PRIMARY KEY (`code_id`),
  KEY `web_id` (`web_id`)
) ENGINE=InnoDB  DEFAULT CHARSET=utf8 COMMENT='模块内容表' AUTO_INCREMENT=161 ;

--
-- 转存表中的数据 `33hao_web_code`
--

INSERT INTO `33hao_web_code` (`code_id`, `web_id`, `code_type`, `var_name`, `code_info`, `show_name`) VALUES
(11, 1, 'array', 'tit', 'a:5:{s:3:"pic";s:28:"shop/editor/web-1-11.png?926";s:3:"url";s:0:"";s:4:"type";s:3:"txt";s:5:"floor";s:2:"1F";s:5:"title";s:12:"潮流女装";}', '标题图片'),
(12, 1, 'array', 'category_list', 'a:1:{s:11:"goods_class";a:13:{i:1103;a:2:{s:5:"gc_id";s:4:"1103";s:7:"gc_name";s:6:"衬衫";}i:1104;a:2:{s:5:"gc_id";s:4:"1104";s:7:"gc_name";s:4:"T恤";}i:1106;a:2:{s:5:"gc_id";s:4:"1106";s:7:"gc_name";s:9:"雪纺衫";}i:1524;a:2:{s:5:"gc_id";s:4:"1524";s:7:"gc_name";s:9:"情侣装";}i:1528;a:2:{s:5:"gc_id";s:4:"1528";s:7:"gc_name";s:12:"大码女装";}i:1264;a:2:{s:5:"gc_id";s:4:"1264";s:7:"gc_name";s:9:"连衣裙";}i:1265;a:2:{s:5:"gc_id";s:4:"1265";s:7:"gc_name";s:9:"半身裙";}i:1434;a:2:{s:5:"gc_id";s:4:"1434";s:7:"gc_name";s:6:"旗袍";}i:1253;a:2:{s:5:"gc_id";s:4:"1253";s:7:"gc_name";s:9:"牛仔裤";}i:1254;a:2:{s:5:"gc_id";s:4:"1254";s:7:"gc_name";s:9:"休闲裤";}i:1255;a:2:{s:5:"gc_id";s:4:"1255";s:7:"gc_name";s:9:"西装裤";}i:1443;a:2:{s:5:"gc_id";s:4:"1443";s:7:"gc_name";s:9:"七分裤";}i:1527;a:2:{s:5:"gc_id";s:4:"1527";s:7:"gc_name";s:6:"短裤";}}}', '推荐分类'),
(13, 1, 'array', 'act', 'a:4:{s:3:"pic";s:28:"shop/editor/web-1-13.jpg?343";s:4:"type";s:3:"pic";s:5:"title";s:0:"";s:3:"url";s:27:"http://www.telaigou.cn/shop";}', '活动图片'),
(15, 1, 'array', 'recommend_list', 'a:1:{i:1;a:2:{s:9:"recommend";a:1:{s:4:"name";s:12:"商品推荐";}s:8:"pic_list";a:9:{i:14;a:4:{s:6:"pic_id";s:2:"14";s:8:"pic_name";s:0:"";s:7:"pic_url";s:0:"";s:7:"pic_img";s:33:"shop/editor/web-1-15-1-14.jpg?393";}i:11;a:4:{s:6:"pic_id";s:2:"11";s:8:"pic_name";s:63:"针织格子提花休闲圆领七分袖连衣裙 格子混色 L";s:7:"pic_url";s:77:"http://demo.33hao.com/shop/index.php?act=search&amp;op=index&amp;cate_id=1100";s:7:"pic_img";s:33:"shop/editor/web-1-15-1-11.jpg?445";}i:21;a:4:{s:6:"pic_id";s:2:"21";s:8:"pic_name";s:0:"";s:7:"pic_url";s:0:"";s:7:"pic_img";s:33:"shop/editor/web-1-15-1-21.jpg?368";}i:12;a:4:{s:6:"pic_id";s:2:"12";s:8:"pic_name";s:54:"街头人物印花休闲圆领长袖连衣裙 黑色 S";s:7:"pic_url";s:77:"http://demo.33hao.com/shop/index.php?act=search&amp;op=index&amp;cate_id=1100";s:7:"pic_img";s:33:"shop/editor/web-1-15-1-12.jpg?299";}i:24;a:4:{s:6:"pic_id";s:2:"24";s:8:"pic_name";s:0:"";s:7:"pic_url";s:0:"";s:7:"pic_img";s:33:"shop/editor/web-1-15-1-24.jpg?466";}i:31;a:4:{s:6:"pic_id";s:2:"31";s:8:"pic_name";s:48:"撞色印花提花针织短袖连衣裙 米白 L";s:7:"pic_url";s:77:"http://demo.33hao.com/shop/index.php?act=search&amp;op=index&amp;cate_id=1100";s:7:"pic_img";s:33:"shop/editor/web-1-15-1-31.jpg?570";}i:32;a:4:{s:6:"pic_id";s:2:"32";s:8:"pic_name";s:48:"钉珠蝴蝶结长袖连衣裙套装女 玫红 L";s:7:"pic_url";s:77:"http://demo.33hao.com/shop/index.php?act=search&amp;op=index&amp;cate_id=1100";s:7:"pic_img";s:33:"shop/editor/web-1-15-1-32.jpg?568";}i:33;a:4:{s:6:"pic_id";s:2:"33";s:8:"pic_name";s:48:"钉珠蝴蝶结长袖连衣裙套装女 玫红 L";s:7:"pic_url";s:77:"http://demo.33hao.com/shop/index.php?act=search&amp;op=index&amp;cate_id=1100";s:7:"pic_img";s:33:"shop/editor/web-1-15-1-33.jpg?633";}i:34;a:4:{s:6:"pic_id";s:2:"34";s:8:"pic_name";s:48:"波点绣花两件套毛衣连衣裙女 黑色 M";s:7:"pic_url";s:77:"http://demo.33hao.com/shop/index.php?act=search&amp;op=index&amp;cate_id=1100";s:7:"pic_img";s:33:"shop/editor/web-1-15-1-34.jpg?499";}}}}', '商品推荐'),
(18, 1, 'array', 'adv', 'a:3:{i:2;a:4:{s:6:"pic_id";s:1:"2";s:8:"pic_name";s:82:"拉夏贝尔 秋新款女装街头人物印花休闲圆领长袖连衣裙 黑色 S";s:7:"pic_url";s:79:"http://demo.33hao.com/shop/index.php?act=goods&amp;op=index&amp;goods_id=102126";s:7:"pic_img";s:30:"shop/editor/web-1-18-2.png?254";}i:1;a:4:{s:6:"pic_id";s:1:"1";s:8:"pic_name";s:93:"拉夏贝尔套头针织衫 2015冬新款休闲圆领直身裙套装女 拉贝缇 墨绿色 M";s:7:"pic_url";s:77:"http://demo.33hao.com/shop/index.php?act=search&amp;op=index&amp;cate_id=1100";s:7:"pic_img";s:30:"shop/editor/web-1-18-1.png?318";}i:3;a:4:{s:6:"pic_id";s:1:"3";s:8:"pic_name";s:584:"拉夏贝尔拉贝缇2015冬新款毛织T恤松紧腰直身裙两件套女 灰蓝色 L     拉夏贝尔拉贝缇2015冬新款毛织T恤松紧腰直身裙两件套女 灰蓝色 L     拉夏贝尔拉贝缇2015冬新款毛织T恤松紧腰直身裙两件套女 灰蓝色 L     拉夏贝尔拉贝缇2015冬新款毛织T恤松紧腰直身裙两件套女 灰蓝色 L     拉夏贝尔拉贝缇2015冬新款毛织T恤松紧腰直身裙两件套女 灰蓝色 L  商品编号：1726332280 关注商品 分享 拉夏贝尔拉贝缇2015冬新款毛织T恤松紧腰直身裙两件套女 灰蓝色 L";s:7:"pic_url";s:77:"http://demo.33hao.com/shop/index.php?act=search&amp;op=index&amp;cate_id=1100";s:7:"pic_img";s:30:"shop/editor/web-1-18-3.png?756";}}', '广告图片'),
(19, 1, 'array', 'brand_list', 'a:8:{i:106;a:3:{s:8:"brand_id";s:3:"106";s:10:"brand_name";s:3:"RDK";s:9:"brand_pic";s:35:"shop/brand/04398091763582415_sm.jpg";}i:104;a:3:{s:8:"brand_id";s:3:"104";s:10:"brand_name";s:6:"esprit";s:9:"brand_pic";s:35:"shop/brand/04398090828687339_sm.jpg";}i:83;a:3:{s:8:"brand_id";s:2:"83";s:10:"brand_name";s:9:"秀秀美";s:9:"brand_pic";s:35:"shop/brand/04397471716977022_sm.jpg";}i:85;a:3:{s:8:"brand_id";s:2:"85";s:10:"brand_name";s:6:"猫人";s:9:"brand_pic";s:35:"shop/brand/04397472152849925_sm.jpg";}i:87;a:3:{s:8:"brand_id";s:2:"87";s:10:"brand_name";s:11:"Hanes恒适";s:9:"brand_pic";s:35:"shop/brand/04397472577467506_sm.jpg";}i:80;a:3:{s:8:"brand_id";s:2:"80";s:10:"brand_name";s:7:"享爱.";s:9:"brand_pic";s:35:"shop/brand/04397468934349942_sm.jpg";}i:81;a:3:{s:8:"brand_id";s:2:"81";s:10:"brand_name";s:9:"派丽蒙";s:9:"brand_pic";s:35:"shop/brand/04397469152627878_sm.jpg";}i:82;a:3:{s:8:"brand_id";s:2:"82";s:10:"brand_name";s:9:"康妮雅";s:9:"brand_pic";s:35:"shop/brand/04397471448679692_sm.jpg";}}', '品牌推荐'),
(21, 2, 'array', 'tit', 'a:5:{s:3:"pic";s:28:"shop/editor/web-2-21.png?920";s:3:"url";s:0:"";s:4:"type";s:3:"txt";s:5:"floor";s:2:"2F";s:5:"title";s:12:"精品男装";}', '标题图片'),
(22, 2, 'array', 'category_list', 'a:1:{s:11:"goods_class";a:12:{i:1140;a:2:{s:5:"gc_id";s:4:"1140";s:7:"gc_name";s:6:"衬衫";}i:1141;a:2:{s:5:"gc_id";s:4:"1141";s:7:"gc_name";s:4:"T恤";}i:1142;a:2:{s:5:"gc_id";s:4:"1142";s:7:"gc_name";s:7:"POLO衫";}i:1144;a:2:{s:5:"gc_id";s:4:"1144";s:7:"gc_name";s:6:"卫衣";}i:1530;a:2:{s:5:"gc_id";s:4:"1530";s:7:"gc_name";s:6:"唐装";}i:1150;a:2:{s:5:"gc_id";s:4:"1150";s:7:"gc_name";s:6:"西裤";}i:1151;a:2:{s:5:"gc_id";s:4:"1151";s:7:"gc_name";s:9:"休闲裤";}i:1152;a:2:{s:5:"gc_id";s:4:"1152";s:7:"gc_name";s:9:"牛仔裤";}i:1158;a:2:{s:5:"gc_id";s:4:"1158";s:7:"gc_name";s:6:"卫裤";}i:1373;a:2:{s:5:"gc_id";s:4:"1373";s:7:"gc_name";s:9:"九分裤";}i:1442;a:2:{s:5:"gc_id";s:4:"1442";s:7:"gc_name";s:6:"短裤";}i:1300;a:2:{s:5:"gc_id";s:4:"1300";s:7:"gc_name";s:11:"T恤/背心";}}}', '推荐分类'),
(23, 2, 'array', 'act', 'a:4:{s:3:"pic";s:28:"shop/editor/web-2-23.jpg?343";s:4:"type";s:3:"pic";s:5:"title";s:21:"出游服装五折起";s:3:"url";s:27:"http://www.telaigou.cn/shop";}', '活动图片'),
(25, 2, 'array', 'recommend_list', 'a:1:{i:1;a:2:{s:9:"recommend";a:1:{s:4:"name";s:12:"商品推荐";}s:8:"pic_list";a:9:{i:31;a:4:{s:6:"pic_id";s:2:"31";s:8:"pic_name";s:0:"";s:7:"pic_url";s:0:"";s:7:"pic_img";s:33:"shop/editor/web-2-25-1-31.jpg?959";}i:32;a:4:{s:6:"pic_id";s:2:"32";s:8:"pic_name";s:0:"";s:7:"pic_url";s:0:"";s:7:"pic_img";s:33:"shop/editor/web-2-25-1-32.jpg?131";}i:33;a:4:{s:6:"pic_id";s:2:"33";s:8:"pic_name";s:0:"";s:7:"pic_url";s:0:"";s:7:"pic_img";s:33:"shop/editor/web-2-25-1-33.jpg?984";}i:34;a:4:{s:6:"pic_id";s:2:"34";s:8:"pic_name";s:0:"";s:7:"pic_url";s:0:"";s:7:"pic_img";s:33:"shop/editor/web-2-25-1-34.jpg?246";}i:11;a:4:{s:6:"pic_id";s:2:"11";s:8:"pic_name";s:0:"";s:7:"pic_url";s:0:"";s:7:"pic_img";s:33:"shop/editor/web-2-25-1-11.jpg?694";}i:12;a:4:{s:6:"pic_id";s:2:"12";s:8:"pic_name";s:0:"";s:7:"pic_url";s:0:"";s:7:"pic_img";s:33:"shop/editor/web-2-25-1-12.jpg?135";}i:21;a:4:{s:6:"pic_id";s:2:"21";s:8:"pic_name";s:0:"";s:7:"pic_url";s:0:"";s:7:"pic_img";s:33:"shop/editor/web-2-25-1-21.jpg?852";}i:24;a:4:{s:6:"pic_id";s:2:"24";s:8:"pic_name";s:0:"";s:7:"pic_url";s:0:"";s:7:"pic_img";s:33:"shop/editor/web-2-25-1-24.jpg?645";}i:14;a:4:{s:6:"pic_id";s:2:"14";s:8:"pic_name";s:0:"";s:7:"pic_url";s:0:"";s:7:"pic_img";s:33:"shop/editor/web-2-25-1-14.jpg?588";}}}}', '商品推荐'),
(28, 2, 'array', 'adv', 'a:3:{i:1;a:4:{s:6:"pic_id";s:1:"1";s:8:"pic_name";s:45:"冬装可拆卸帽可拆卸袖百搭羽绒服";s:7:"pic_url";s:77:"http://demo.33hao.com/shop/index.php?act=search&amp;op=index&amp;cate_id=1112";s:7:"pic_img";s:30:"shop/editor/web-2-28-1.png?688";}i:2;a:4:{s:6:"pic_id";s:1:"2";s:8:"pic_name";s:57:"冬新品男士羊毛衫圆领套头毛衫蓝色针织衫";s:7:"pic_url";s:77:"http://demo.33hao.com/shop/index.php?act=search&amp;op=index&amp;cate_id=1100";s:7:"pic_img";s:30:"shop/editor/web-2-28-2.png?755";}i:3;a:4:{s:8:"pic_name";s:57:"冬装新品卡其色翻领男式羊毛呢大衣中长款";s:7:"pic_url";s:77:"http://demo.33hao.com/shop/index.php?act=search&amp;op=index&amp;cate_id=1100";s:6:"pic_id";s:1:"3";s:7:"pic_img";s:30:"shop/editor/web-2-28-3.png?557";}}', '广告图片'),
(29, 2, 'array', 'brand_list', 'a:8:{i:104;a:3:{s:8:"brand_id";s:3:"104";s:10:"brand_name";s:6:"esprit";s:9:"brand_pic";s:35:"shop/brand/04398090828687339_sm.jpg";}i:102;a:3:{s:8:"brand_id";s:3:"102";s:10:"brand_name";s:11:"她他/tata";s:9:"brand_pic";s:35:"shop/brand/04398090459092275_sm.jpg";}i:99;a:3:{s:8:"brand_id";s:2:"99";s:10:"brand_name";s:9:"梦特娇";s:9:"brand_pic";s:35:"shop/brand/04398089942879365_sm.jpg";}i:96;a:3:{s:8:"brand_id";s:2:"96";s:10:"brand_name";s:9:"佐丹奴";s:9:"brand_pic";s:35:"shop/brand/04398089412399747_sm.jpg";}i:90;a:3:{s:8:"brand_id";s:2:"90";s:10:"brand_name";s:9:"金利来";s:9:"brand_pic";s:35:"shop/brand/04397473042647991_sm.jpg";}i:84;a:3:{s:8:"brand_id";s:2:"84";s:10:"brand_name";s:12:"阿迪达斯";s:9:"brand_pic";s:35:"shop/brand/04397471910652190_sm.jpg";}i:85;a:3:{s:8:"brand_id";s:2:"85";s:10:"brand_name";s:6:"猫人";s:9:"brand_pic";s:35:"shop/brand/04397472152849925_sm.jpg";}i:95;a:3:{s:8:"brand_id";s:2:"95";s:10:"brand_name";s:6:"李宁";s:9:"brand_pic";s:35:"shop/brand/04398089270610035_sm.jpg";}}', '品牌推荐'),
(31, 3, 'array', 'tit', 'a:5:{s:3:"pic";s:0:"";s:3:"url";s:0:"";s:4:"type";s:3:"txt";s:5:"floor";s:2:"3F";s:5:"title";s:12:"时尚鞋靴";}', '标题图片'),
(32, 3, 'array', 'category_list', 'a:1:{s:11:"goods_class";a:13:{i:1160;a:2:{s:5:"gc_id";s:4:"1160";s:7:"gc_name";s:6:"单鞋";}i:1161;a:2:{s:5:"gc_id";s:4:"1161";s:7:"gc_name";s:9:"平底鞋";}i:1165;a:2:{s:5:"gc_id";s:4:"1165";s:7:"gc_name";s:9:"帆布鞋";}i:1425;a:2:{s:5:"gc_id";s:4:"1425";s:7:"gc_name";s:9:"内增高";}i:1428;a:2:{s:5:"gc_id";s:4:"1428";s:7:"gc_name";s:6:"凉鞋";}i:1472;a:2:{s:5:"gc_id";s:4:"1472";s:7:"gc_name";s:6:"拖鞋";}i:1175;a:2:{s:5:"gc_id";s:4:"1175";s:7:"gc_name";s:9:"休闲鞋";}i:1176;a:2:{s:5:"gc_id";s:4:"1176";s:7:"gc_name";s:9:"正装鞋";}i:1177;a:2:{s:5:"gc_id";s:4:"1177";s:7:"gc_name";s:9:"商务鞋";}i:1182;a:2:{s:5:"gc_id";s:4:"1182";s:7:"gc_name";s:6:"板鞋";}i:1534;a:2:{s:5:"gc_id";s:4:"1534";s:7:"gc_name";s:6:"短靴";}i:1536;a:2:{s:5:"gc_id";s:4:"1536";s:7:"gc_name";s:9:"马丁靴";}i:1549;a:2:{s:5:"gc_id";s:4:"1549";s:7:"gc_name";s:6:"雨靴";}}}', '推荐分类'),
(33, 3, 'array', 'act', 'a:4:{s:3:"pic";s:28:"shop/editor/web-3-33.png?575";s:4:"type";s:3:"pic";s:5:"title";s:0:"";s:3:"url";s:27:"http://www.telaigou.cn/shop";}', '活动图片'),
(35, 3, 'array', 'recommend_list', 'a:1:{i:1;a:2:{s:9:"recommend";a:1:{s:4:"name";s:12:"商品推荐";}s:8:"pic_list";a:9:{i:11;a:4:{s:6:"pic_id";s:2:"11";s:8:"pic_name";s:0:"";s:7:"pic_url";s:77:"http://demo.33hao.com/shop/index.php?act=search&amp;op=index&amp;cate_id=1109";s:7:"pic_img";s:33:"shop/editor/web-3-35-1-11.jpg?136";}i:12;a:4:{s:6:"pic_id";s:2:"12";s:8:"pic_name";s:0:"";s:7:"pic_url";s:77:"http://demo.33hao.com/shop/index.php?act=search&amp;op=index&amp;cate_id=1109";s:7:"pic_img";s:33:"shop/editor/web-3-35-1-12.jpg?270";}i:21;a:4:{s:6:"pic_id";s:2:"21";s:8:"pic_name";s:0:"";s:7:"pic_url";s:0:"";s:7:"pic_img";s:33:"shop/editor/web-3-35-1-21.jpg?361";}i:24;a:4:{s:6:"pic_id";s:2:"24";s:8:"pic_name";s:0:"";s:7:"pic_url";s:0:"";s:7:"pic_img";s:33:"shop/editor/web-3-35-1-24.jpg?112";}i:14;a:4:{s:6:"pic_id";s:2:"14";s:8:"pic_name";s:0:"";s:7:"pic_url";s:0:"";s:7:"pic_img";s:33:"shop/editor/web-3-35-1-14.jpg?395";}i:31;a:4:{s:6:"pic_id";s:2:"31";s:8:"pic_name";s:0:"";s:7:"pic_url";s:77:"http://demo.33hao.com/shop/index.php?act=search&amp;op=index&amp;cate_id=1109";s:7:"pic_img";s:33:"shop/editor/web-3-35-1-31.jpg?822";}i:32;a:4:{s:6:"pic_id";s:2:"32";s:8:"pic_name";s:0:"";s:7:"pic_url";s:77:"http://demo.33hao.com/shop/index.php?act=search&amp;op=index&amp;cate_id=1109";s:7:"pic_img";s:33:"shop/editor/web-3-35-1-32.jpg?894";}i:33;a:4:{s:6:"pic_id";s:2:"33";s:8:"pic_name";s:0:"";s:7:"pic_url";s:77:"http://demo.33hao.com/shop/index.php?act=search&amp;op=index&amp;cate_id=1109";s:7:"pic_img";s:33:"shop/editor/web-3-35-1-33.jpg?259";}i:34;a:4:{s:6:"pic_id";s:2:"34";s:8:"pic_name";s:0:"";s:7:"pic_url";s:77:"http://demo.33hao.com/shop/index.php?act=search&amp;op=index&amp;cate_id=1109";s:7:"pic_img";s:33:"shop/editor/web-3-35-1-34.jpg?192";}}}}', '商品推荐'),
(38, 3, 'array', 'adv', 'a:3:{i:2;a:4:{s:6:"pic_id";s:1:"2";s:8:"pic_name";s:30:"冬季新款骑士靴棉靴子";s:7:"pic_url";s:77:"http://demo.33hao.com/shop/index.php?act=search&amp;op=index&amp;cate_id=1109";s:7:"pic_img";s:30:"shop/editor/web-3-38-2.png?328";}i:3;a:4:{s:6:"pic_id";s:1:"3";s:8:"pic_name";s:27:"时尚平底铆钉短靴子";s:7:"pic_url";s:77:"http://demo.33hao.com/shop/index.php?act=search&amp;op=index&amp;cate_id=1109";s:7:"pic_img";s:30:"shop/editor/web-3-38-3.png?218";}i:5;a:4:{s:8:"pic_name";s:36:"新款粗跟圆头加绒短靴裸靴";s:7:"pic_url";s:77:"http://demo.33hao.com/shop/index.php?act=search&amp;op=index&amp;cate_id=1109";s:6:"pic_id";s:1:"5";s:7:"pic_img";s:30:"shop/editor/web-3-38-5.png?708";}}', '广告图片'),
(39, 3, 'array', 'brand_list', 'a:8:{i:105;a:3:{s:8:"brand_id";s:3:"105";s:10:"brand_name";s:8:"westside";s:9:"brand_pic";s:35:"shop/brand/04398090975832253_sm.jpg";}i:104;a:3:{s:8:"brand_id";s:3:"104";s:10:"brand_name";s:6:"esprit";s:9:"brand_pic";s:35:"shop/brand/04398090828687339_sm.jpg";}i:103;a:3:{s:8:"brand_id";s:3:"103";s:10:"brand_name";s:9:"ELLE HOME";s:9:"brand_pic";s:35:"shop/brand/04398090611386532_sm.jpg";}i:102;a:3:{s:8:"brand_id";s:3:"102";s:10:"brand_name";s:11:"她他/tata";s:9:"brand_pic";s:35:"shop/brand/04398090459092275_sm.jpg";}i:101;a:3:{s:8:"brand_id";s:3:"101";s:10:"brand_name";s:6:"爱帝";s:9:"brand_pic";s:35:"shop/brand/04398090218578648_sm.jpg";}i:98;a:3:{s:8:"brand_id";s:2:"98";s:10:"brand_name";s:12:"斯波帝卡";s:9:"brand_pic";s:35:"shop/brand/04398089726299223_sm.jpg";}i:97;a:3:{s:8:"brand_id";s:2:"97";s:10:"brand_name";s:9:"百思图";s:9:"brand_pic";s:35:"shop/brand/04398089574801901_sm.jpg";}i:100;a:3:{s:8:"brand_id";s:3:"100";s:10:"brand_name";s:6:"宝姿";s:9:"brand_pic";s:35:"shop/brand/04398090061006740_sm.jpg";}}', '品牌推荐'),
(41, 4, 'array', 'tit', 'a:5:{s:3:"pic";s:0:"";s:3:"url";s:0:"";s:4:"type";s:3:"txt";s:5:"floor";s:2:"4F";s:5:"title";s:12:"美妆护肤";}', '标题图片'),
(42, 4, 'array', 'category_list', 'a:1:{s:11:"goods_class";a:12:{i:1183;a:2:{s:5:"gc_id";s:4:"1183";s:7:"gc_name";s:6:"洁面";}i:1184;a:2:{s:5:"gc_id";s:4:"1184";s:7:"gc_name";s:6:"面膜";}i:1185;a:2:{s:5:"gc_id";s:4:"1185";s:7:"gc_name";s:9:"化妆水";}i:1186;a:2:{s:5:"gc_id";s:4:"1186";s:7:"gc_name";s:6:"精华";}i:1187;a:2:{s:5:"gc_id";s:4:"1187";s:7:"gc_name";s:6:"乳液";}i:1188;a:2:{s:5:"gc_id";s:4:"1188";s:7:"gc_name";s:6:"面霜";}i:1189;a:2:{s:5:"gc_id";s:4:"1189";s:7:"gc_name";s:6:"眼霜";}i:1498;a:2:{s:5:"gc_id";s:4:"1498";s:7:"gc_name";s:6:"防晒";}i:1501;a:2:{s:5:"gc_id";s:4:"1501";s:7:"gc_name";s:12:"护肤套装";}i:1225;a:2:{s:5:"gc_id";s:4:"1225";s:7:"gc_name";s:6:"卸妆";}i:1227;a:2:{s:5:"gc_id";s:4:"1227";s:7:"gc_name";s:5:"BB霜";}i:1508;a:2:{s:5:"gc_id";s:4:"1508";s:7:"gc_name";s:12:"彩妆套装";}}}', '推荐分类'),
(43, 4, 'array', 'act', 'a:4:{s:3:"pic";s:28:"shop/editor/web-4-43.jpg?581";s:4:"type";s:3:"pic";s:5:"title";s:0:"";s:3:"url";s:27:"http://www.telaigou.cn/shop";}', '活动图片'),
(45, 4, 'array', 'recommend_list', 'a:1:{i:2;a:2:{s:9:"recommend";a:1:{s:4:"name";s:12:"商品推荐";}s:8:"pic_list";a:9:{i:14;a:4:{s:8:"pic_name";s:0:"";s:7:"pic_url";s:0:"";s:6:"pic_id";s:2:"14";s:7:"pic_img";s:33:"shop/editor/web-4-45-2-14.png?467";}i:11;a:4:{s:8:"pic_name";s:0:"";s:7:"pic_url";s:0:"";s:6:"pic_id";s:2:"11";s:7:"pic_img";s:33:"shop/editor/web-4-45-2-11.jpg?532";}i:12;a:4:{s:8:"pic_name";s:0:"";s:7:"pic_url";s:77:"http://demo.33hao.com/shop/index.php?act=search&amp;op=index&amp;cate_id=1109";s:6:"pic_id";s:2:"12";s:7:"pic_img";s:33:"shop/editor/web-4-45-2-12.jpg?965";}i:21;a:4:{s:8:"pic_name";s:0:"";s:7:"pic_url";s:0:"";s:6:"pic_id";s:2:"21";s:7:"pic_img";s:33:"shop/editor/web-4-45-2-21.jpg?449";}i:24;a:4:{s:8:"pic_name";s:0:"";s:7:"pic_url";s:0:"";s:6:"pic_id";s:2:"24";s:7:"pic_img";s:33:"shop/editor/web-4-45-2-24.jpg?629";}i:31;a:4:{s:8:"pic_name";s:0:"";s:7:"pic_url";s:0:"";s:6:"pic_id";s:2:"31";s:7:"pic_img";s:33:"shop/editor/web-4-45-2-31.jpg?561";}i:33;a:4:{s:8:"pic_name";s:0:"";s:7:"pic_url";s:0:"";s:6:"pic_id";s:2:"33";s:7:"pic_img";s:33:"shop/editor/web-4-45-2-33.jpg?573";}i:34;a:4:{s:8:"pic_name";s:0:"";s:7:"pic_url";s:0:"";s:6:"pic_id";s:2:"34";s:7:"pic_img";s:33:"shop/editor/web-4-45-2-34.jpg?625";}i:32;a:4:{s:8:"pic_name";s:0:"";s:7:"pic_url";s:0:"";s:6:"pic_id";s:2:"32";s:7:"pic_img";s:33:"shop/editor/web-4-45-2-32.jpg?189";}}}}', '商品推荐'),
(48, 4, 'array', 'adv', 'a:3:{i:1;a:4:{s:6:"pic_id";s:1:"1";s:8:"pic_name";s:0:"";s:7:"pic_url";s:0:"";s:7:"pic_img";s:30:"shop/editor/web-4-48-1.jpg?202";}i:4;a:4:{s:6:"pic_id";s:1:"4";s:8:"pic_name";s:0:"";s:7:"pic_url";s:0:"";s:7:"pic_img";s:30:"shop/editor/web-4-48-4.jpg?901";}i:2;a:4:{s:8:"pic_name";s:18:"海飞丝洗发露";s:7:"pic_url";s:77:"http://demo.33hao.com/shop/index.php?act=search&amp;op=index&amp;cate_id=1111";s:6:"pic_id";s:1:"2";s:7:"pic_img";s:30:"shop/editor/web-4-48-2.png?560";}}', '广告图片'),
(49, 4, 'array', 'brand_list', 'a:7:{i:102;a:3:{s:8:"brand_id";s:3:"102";s:10:"brand_name";s:11:"她他/tata";s:9:"brand_pic";s:35:"shop/brand/04398090459092275_sm.jpg";}i:104;a:3:{s:8:"brand_id";s:3:"104";s:10:"brand_name";s:6:"esprit";s:9:"brand_pic";s:35:"shop/brand/04398090828687339_sm.jpg";}i:106;a:3:{s:8:"brand_id";s:3:"106";s:10:"brand_name";s:3:"RDK";s:9:"brand_pic";s:35:"shop/brand/04398091763582415_sm.jpg";}i:86;a:3:{s:8:"brand_id";s:2:"86";s:10:"brand_name";s:17:"茵曼（INMAN）";s:9:"brand_pic";s:35:"shop/brand/04397472336312422_sm.jpg";}i:88;a:3:{s:8:"brand_id";s:2:"88";s:10:"brand_name";s:6:"缪诗";s:9:"brand_pic";s:35:"shop/brand/04397472716852803_sm.jpg";}i:85;a:3:{s:8:"brand_id";s:2:"85";s:10:"brand_name";s:6:"猫人";s:9:"brand_pic";s:35:"shop/brand/04397472152849925_sm.jpg";}i:80;a:3:{s:8:"brand_id";s:2:"80";s:10:"brand_name";s:7:"享爱.";s:9:"brand_pic";s:35:"shop/brand/04397468934349942_sm.jpg";}}', '品牌推荐'),
(51, 5, 'array', 'tit', 'a:5:{s:3:"pic";s:0:"";s:3:"url";s:0:"";s:4:"type";s:3:"txt";s:5:"floor";s:2:"5F";s:5:"title";s:12:"箱包皮具";}', '标题图片'),
(52, 5, 'array', 'category_list', 'a:1:{s:11:"goods_class";a:13:{i:1195;a:2:{s:5:"gc_id";s:4:"1195";s:7:"gc_name";s:9:"手提包";}i:1196;a:2:{s:5:"gc_id";s:4:"1196";s:7:"gc_name";s:9:"单肩包";}i:1224;a:2:{s:5:"gc_id";s:4:"1224";s:7:"gc_name";s:9:"双肩包";}i:1304;a:2:{s:5:"gc_id";s:4:"1304";s:7:"gc_name";s:9:"斜挎包";}i:1198;a:2:{s:5:"gc_id";s:4:"1198";s:7:"gc_name";s:9:"商务包";}i:1311;a:2:{s:5:"gc_id";s:4:"1311";s:7:"gc_name";s:9:"休闲包";}i:1312;a:2:{s:5:"gc_id";s:4:"1312";s:7:"gc_name";s:9:"公文包";}i:1193;a:2:{s:5:"gc_id";s:4:"1193";s:7:"gc_name";s:12:"女士钱包";}i:1197;a:2:{s:5:"gc_id";s:4:"1197";s:7:"gc_name";s:12:"男士钱包";}i:1568;a:2:{s:5:"gc_id";s:4:"1568";s:7:"gc_name";s:9:"旅行包";}i:1322;a:2:{s:5:"gc_id";s:4:"1322";s:7:"gc_name";s:9:"行李箱";}i:1323;a:2:{s:5:"gc_id";s:4:"1323";s:7:"gc_name";s:9:"拉杆箱";}i:1324;a:2:{s:5:"gc_id";s:4:"1324";s:7:"gc_name";s:9:"旅行箱";}}}', '推荐分类'),
(53, 5, 'array', 'act', 'a:4:{s:3:"pic";s:28:"shop/editor/web-5-53.png?994";s:4:"type";s:3:"pic";s:5:"title";s:0:"";s:3:"url";s:77:"http://demo.33hao.com/shop/index.php?act=search&amp;op=index&amp;cate_id=1110";}', '活动图片'),
(55, 5, 'array', 'recommend_list', 'a:1:{i:1;a:2:{s:9:"recommend";a:1:{s:4:"name";s:12:"商品推荐";}s:8:"pic_list";a:9:{i:14;a:4:{s:8:"pic_name";s:0:"";s:7:"pic_url";s:0:"";s:6:"pic_id";s:2:"14";s:7:"pic_img";s:33:"shop/editor/web-5-55-1-14.jpg?296";}i:11;a:4:{s:8:"pic_name";s:0:"";s:7:"pic_url";s:0:"";s:6:"pic_id";s:2:"11";s:7:"pic_img";s:33:"shop/editor/web-5-55-1-11.jpg?978";}i:12;a:4:{s:8:"pic_name";s:0:"";s:7:"pic_url";s:0:"";s:6:"pic_id";s:2:"12";s:7:"pic_img";s:33:"shop/editor/web-5-55-1-12.jpg?770";}i:21;a:4:{s:8:"pic_name";s:0:"";s:7:"pic_url";s:0:"";s:6:"pic_id";s:2:"21";s:7:"pic_img";s:33:"shop/editor/web-5-55-1-21.jpg?364";}i:24;a:4:{s:8:"pic_name";s:0:"";s:7:"pic_url";s:0:"";s:6:"pic_id";s:2:"24";s:7:"pic_img";s:33:"shop/editor/web-5-55-1-24.jpg?393";}i:31;a:4:{s:8:"pic_name";s:0:"";s:7:"pic_url";s:0:"";s:6:"pic_id";s:2:"31";s:7:"pic_img";s:33:"shop/editor/web-5-55-1-31.jpg?165";}i:32;a:4:{s:8:"pic_name";s:0:"";s:7:"pic_url";s:0:"";s:6:"pic_id";s:2:"32";s:7:"pic_img";s:33:"shop/editor/web-5-55-1-32.jpg?495";}i:33;a:4:{s:8:"pic_name";s:0:"";s:7:"pic_url";s:0:"";s:6:"pic_id";s:2:"33";s:7:"pic_img";s:33:"shop/editor/web-5-55-1-33.jpg?687";}i:34;a:4:{s:8:"pic_name";s:0:"";s:7:"pic_url";s:0:"";s:6:"pic_id";s:2:"34";s:7:"pic_img";s:33:"shop/editor/web-5-55-1-34.jpg?363";}}}}', '商品推荐'),
(58, 5, 'array', 'adv', 'a:2:{i:1;a:4:{s:6:"pic_id";s:1:"1";s:8:"pic_name";s:0:"";s:7:"pic_url";s:0:"";s:7:"pic_img";s:30:"shop/editor/web-5-58-1.jpg?965";}i:2;a:4:{s:6:"pic_id";s:1:"2";s:8:"pic_name";s:0:"";s:7:"pic_url";s:0:"";s:7:"pic_img";s:30:"shop/editor/web-5-58-2.jpg?837";}}', '广告图片'),
(59, 5, 'array', 'brand_list', 'a:8:{i:366;a:3:{s:8:"brand_id";s:3:"366";s:10:"brand_name";s:9:"摩伊拉";s:9:"brand_pic";s:38:"shop/brand/04847455077997907_small.png";}i:93;a:3:{s:8:"brand_id";s:2:"93";s:10:"brand_name";s:6:"百丽";s:9:"brand_pic";s:35:"shop/brand/04398088925179484_sm.png";}i:96;a:3:{s:8:"brand_id";s:2:"96";s:10:"brand_name";s:9:"佐丹奴";s:9:"brand_pic";s:35:"shop/brand/04398089412399747_sm.jpg";}i:91;a:3:{s:8:"brand_id";s:2:"91";s:10:"brand_name";s:6:"其乐";s:9:"brand_pic";s:35:"shop/brand/04397473331842699_sm.jpg";}i:81;a:3:{s:8:"brand_id";s:2:"81";s:10:"brand_name";s:9:"派丽蒙";s:9:"brand_pic";s:35:"shop/brand/04397469152627878_sm.jpg";}i:83;a:3:{s:8:"brand_id";s:2:"83";s:10:"brand_name";s:9:"秀秀美";s:9:"brand_pic";s:35:"shop/brand/04397471716977022_sm.jpg";}i:80;a:3:{s:8:"brand_id";s:2:"80";s:10:"brand_name";s:7:"享爱.";s:9:"brand_pic";s:35:"shop/brand/04397468934349942_sm.jpg";}i:82;a:3:{s:8:"brand_id";s:2:"82";s:10:"brand_name";s:9:"康妮雅";s:9:"brand_pic";s:35:"shop/brand/04397471448679692_sm.jpg";}}', '品牌推荐'),
(61, 6, 'array', 'tit', 'a:5:{s:3:"pic";s:0:"";s:3:"url";s:0:"";s:4:"type";s:3:"txt";s:5:"floor";s:2:"6F";s:5:"title";s:12:"运动户外";}', '标题图片'),
(62, 6, 'array', 'category_list', 'a:1:{s:11:"goods_class";a:24:{i:1124;a:2:{s:5:"gc_id";s:4:"1124";s:7:"gc_name";s:9:"运动鞋";}i:1125;a:2:{s:5:"gc_id";s:4:"1125";s:7:"gc_name";s:9:"运动服";}i:1408;a:2:{s:5:"gc_id";s:4:"1408";s:7:"gc_name";s:9:"户外鞋";}i:1474;a:2:{s:5:"gc_id";s:4:"1474";s:7:"gc_name";s:9:"户外服";}i:1475;a:2:{s:5:"gc_id";s:4:"1475";s:7:"gc_name";s:12:"冲锋衣裤";}i:1476;a:2:{s:5:"gc_id";s:4:"1476";s:7:"gc_name";s:12:"速干衣裤";}i:1477;a:2:{s:5:"gc_id";s:4:"1477";s:7:"gc_name";s:12:"抓绒衣裤";}i:1478;a:2:{s:5:"gc_id";s:4:"1478";s:7:"gc_name";s:12:"软壳衣裤";}i:1479;a:2:{s:5:"gc_id";s:4:"1479";s:7:"gc_name";s:4:"T恤";}i:1481;a:2:{s:5:"gc_id";s:4:"1481";s:7:"gc_name";s:9:"滑雪服";}i:1482;a:2:{s:5:"gc_id";s:4:"1482";s:7:"gc_name";s:12:"功能内衣";}i:1220;a:2:{s:5:"gc_id";s:4:"1220";s:7:"gc_name";s:4:"T恤";}i:1221;a:2:{s:5:"gc_id";s:4:"1221";s:7:"gc_name";s:6:"卫衣";}i:1222;a:2:{s:5:"gc_id";s:4:"1222";s:7:"gc_name";s:9:"运动裤";}i:1223;a:2:{s:5:"gc_id";s:4:"1223";s:7:"gc_name";s:12:"运动套装";}i:1331;a:2:{s:5:"gc_id";s:4:"1331";s:7:"gc_name";s:9:"足球服";}i:1332;a:2:{s:5:"gc_id";s:4:"1332";s:7:"gc_name";s:9:"篮球服";}i:1333;a:2:{s:5:"gc_id";s:4:"1333";s:7:"gc_name";s:12:"风衣夹克";}i:1334;a:2:{s:5:"gc_id";s:4:"1334";s:7:"gc_name";s:9:"网羽服";}i:1335;a:2:{s:5:"gc_id";s:4:"1335";s:7:"gc_name";s:9:"棒球服";}i:1415;a:2:{s:5:"gc_id";s:4:"1415";s:7:"gc_name";s:9:"训练服";}i:1416;a:2:{s:5:"gc_id";s:4:"1416";s:7:"gc_name";s:9:"运动帽";}i:1563;a:2:{s:5:"gc_id";s:4:"1563";s:7:"gc_name";s:12:"运动手套";}i:1564;a:2:{s:5:"gc_id";s:4:"1564";s:7:"gc_name";s:9:"运动袜";}}}', '活动图片'),
(63, 6, 'array', 'act', 'a:4:{s:3:"pic";s:28:"shop/editor/web-6-63.png?949";s:4:"type";s:3:"pic";s:5:"title";s:0:"";s:3:"url";s:26:"http://demo.33hao.com/shop";}', '活动图片'),
(65, 6, 'array', 'recommend_list', 'a:1:{i:1;a:2:{s:9:"recommend";a:1:{s:4:"name";s:12:"商品推荐";}s:8:"pic_list";a:9:{i:14;a:4:{s:8:"pic_name";s:0:"";s:7:"pic_url";s:0:"";s:6:"pic_id";s:2:"14";s:7:"pic_img";s:33:"shop/editor/web-6-65-1-14.jpg?840";}i:11;a:4:{s:8:"pic_name";s:0:"";s:7:"pic_url";s:0:"";s:6:"pic_id";s:2:"11";s:7:"pic_img";s:33:"shop/editor/web-6-65-1-11.jpg?387";}i:12;a:4:{s:8:"pic_name";s:0:"";s:7:"pic_url";s:0:"";s:6:"pic_id";s:2:"12";s:7:"pic_img";s:33:"shop/editor/web-6-65-1-12.jpg?513";}i:21;a:4:{s:8:"pic_name";s:0:"";s:7:"pic_url";s:0:"";s:6:"pic_id";s:2:"21";s:7:"pic_img";s:33:"shop/editor/web-6-65-1-21.jpg?996";}i:24;a:4:{s:8:"pic_name";s:0:"";s:7:"pic_url";s:0:"";s:6:"pic_id";s:2:"24";s:7:"pic_img";s:33:"shop/editor/web-6-65-1-24.jpg?314";}i:31;a:4:{s:8:"pic_name";s:0:"";s:7:"pic_url";s:0:"";s:6:"pic_id";s:2:"31";s:7:"pic_img";s:33:"shop/editor/web-6-65-1-31.png?563";}i:34;a:4:{s:8:"pic_name";s:0:"";s:7:"pic_url";s:0:"";s:6:"pic_id";s:2:"34";s:7:"pic_img";s:33:"shop/editor/web-6-65-1-34.jpg?793";}i:33;a:4:{s:8:"pic_name";s:0:"";s:7:"pic_url";s:0:"";s:6:"pic_id";s:2:"33";s:7:"pic_img";s:33:"shop/editor/web-6-65-1-33.jpg?841";}i:32;a:4:{s:8:"pic_name";s:0:"";s:7:"pic_url";s:0:"";s:6:"pic_id";s:2:"32";s:7:"pic_img";s:33:"shop/editor/web-6-65-1-32.png?804";}}}}', '商品推荐'),
(68, 6, 'array', 'adv', 'a:2:{i:1;a:4:{s:6:"pic_id";s:1:"1";s:8:"pic_name";s:0:"";s:7:"pic_url";s:60:"http://demo.33hao.com/shop/index.php?act=search&amp;op=index";s:7:"pic_img";s:30:"shop/editor/web-6-68-1.png?180";}i:2;a:4:{s:8:"pic_name";s:0:"";s:7:"pic_url";s:77:"http://demo.33hao.com/shop/index.php?act=search&amp;op=index&amp;cate_id=1100";s:6:"pic_id";s:1:"2";s:7:"pic_img";s:30:"shop/editor/web-6-68-2.png?492";}}', '广告图片'),
(69, 6, 'array', 'brand_list', 'a:7:{i:106;a:3:{s:8:"brand_id";s:3:"106";s:10:"brand_name";s:3:"RDK";s:9:"brand_pic";s:35:"shop/brand/04398091763582415_sm.jpg";}i:105;a:3:{s:8:"brand_id";s:3:"105";s:10:"brand_name";s:8:"westside";s:9:"brand_pic";s:35:"shop/brand/04398090975832253_sm.jpg";}i:104;a:3:{s:8:"brand_id";s:3:"104";s:10:"brand_name";s:6:"esprit";s:9:"brand_pic";s:35:"shop/brand/04398090828687339_sm.jpg";}i:103;a:3:{s:8:"brand_id";s:3:"103";s:10:"brand_name";s:9:"ELLE HOME";s:9:"brand_pic";s:35:"shop/brand/04398090611386532_sm.jpg";}i:100;a:3:{s:8:"brand_id";s:3:"100";s:10:"brand_name";s:6:"宝姿";s:9:"brand_pic";s:35:"shop/brand/04398090061006740_sm.jpg";}i:98;a:3:{s:8:"brand_id";s:2:"98";s:10:"brand_name";s:12:"斯波帝卡";s:9:"brand_pic";s:35:"shop/brand/04398089726299223_sm.jpg";}i:81;a:3:{s:8:"brand_id";s:2:"81";s:10:"brand_name";s:9:"派丽蒙";s:9:"brand_pic";s:35:"shop/brand/04397469152627878_sm.jpg";}}', '品牌推荐'),
(71, 7, 'array', 'tit', 'a:5:{s:3:"pic";s:0:"";s:3:"url";s:0:"";s:4:"type";s:3:"txt";s:5:"floor";s:2:"7F";s:5:"title";s:12:"礼品配饰";}', '标题图片'),
(72, 7, 'array', 'category_list', 'a:1:{s:11:"goods_class";a:21:{i:1203;a:2:{s:5:"gc_id";s:4:"1203";s:7:"gc_name";s:6:"项链";}i:1204;a:2:{s:5:"gc_id";s:4:"1204";s:7:"gc_name";s:6:"戒指";}i:1205;a:2:{s:5:"gc_id";s:4:"1205";s:7:"gc_name";s:6:"手镯";}i:1206;a:2:{s:5:"gc_id";s:4:"1206";s:7:"gc_name";s:6:"耳饰";}i:1207;a:2:{s:5:"gc_id";s:4:"1207";s:7:"gc_name";s:6:"发饰";}i:1208;a:2:{s:5:"gc_id";s:4:"1208";s:7:"gc_name";s:6:"手链";}i:1209;a:2:{s:5:"gc_id";s:4:"1209";s:7:"gc_name";s:9:"锁骨链";}i:1210;a:2:{s:5:"gc_id";s:4:"1210";s:7:"gc_name";s:6:"佛珠";}i:1211;a:2:{s:5:"gc_id";s:4:"1211";s:7:"gc_name";s:9:"转运珠";}i:1212;a:2:{s:5:"gc_id";s:4:"1212";s:7:"gc_name";s:9:"太阳镜";}i:1422;a:2:{s:5:"gc_id";s:4:"1422";s:7:"gc_name";s:9:"护目镜";}i:1999;a:2:{s:5:"gc_id";s:4:"1999";s:7:"gc_name";s:12:"情侣饰品";}i:1213;a:2:{s:5:"gc_id";s:4:"1213";s:7:"gc_name";s:9:"机械表";}i:1214;a:2:{s:5:"gc_id";s:4:"1214";s:7:"gc_name";s:9:"电子表";}i:1215;a:2:{s:5:"gc_id";s:4:"1215";s:7:"gc_name";s:9:"石英表";}i:1336;a:2:{s:5:"gc_id";s:4:"1336";s:7:"gc_name";s:9:"时装表";}i:1337;a:2:{s:5:"gc_id";s:4:"1337";s:7:"gc_name";s:9:"学生表";}i:1338;a:2:{s:5:"gc_id";s:4:"1338";s:7:"gc_name";s:9:"运动表";}i:1339;a:2:{s:5:"gc_id";s:4:"1339";s:7:"gc_name";s:9:"儿童表";}i:1340;a:2:{s:5:"gc_id";s:4:"1340";s:7:"gc_name";s:9:"防水表";}i:1341;a:2:{s:5:"gc_id";s:4:"1341";s:7:"gc_name";s:9:"情侣表";}}}', '推荐分类'),
(73, 7, 'array', 'act', 'a:4:{s:3:"pic";s:28:"shop/editor/web-7-73.png?848";s:4:"type";s:3:"pic";s:5:"title";s:0:"";s:3:"url";s:77:"http://demo.33hao.com/shop/index.php?act=search&amp;op=index&amp;cate_id=1114";}', '活动图片'),
(75, 7, 'array', 'recommend_list', 'a:1:{i:1;a:2:{s:9:"recommend";a:1:{s:4:"name";s:12:"商品推荐";}s:8:"pic_list";a:9:{i:14;a:4:{s:8:"pic_name";s:0:"";s:7:"pic_url";s:0:"";s:6:"pic_id";s:2:"14";s:7:"pic_img";s:33:"shop/editor/web-7-75-1-14.jpg?249";}i:11;a:4:{s:8:"pic_name";s:0:"";s:7:"pic_url";s:0:"";s:6:"pic_id";s:2:"11";s:7:"pic_img";s:33:"shop/editor/web-7-75-1-11.jpg?585";}i:21;a:4:{s:8:"pic_name";s:0:"";s:7:"pic_url";s:0:"";s:6:"pic_id";s:2:"21";s:7:"pic_img";s:33:"shop/editor/web-7-75-1-21.jpg?331";}i:24;a:4:{s:8:"pic_name";s:0:"";s:7:"pic_url";s:0:"";s:6:"pic_id";s:2:"24";s:7:"pic_img";s:33:"shop/editor/web-7-75-1-24.jpg?551";}i:12;a:4:{s:8:"pic_name";s:0:"";s:7:"pic_url";s:0:"";s:6:"pic_id";s:2:"12";s:7:"pic_img";s:33:"shop/editor/web-7-75-1-12.jpg?181";}i:31;a:4:{s:8:"pic_name";s:0:"";s:7:"pic_url";s:0:"";s:6:"pic_id";s:2:"31";s:7:"pic_img";s:33:"shop/editor/web-7-75-1-31.png?392";}i:32;a:4:{s:8:"pic_name";s:0:"";s:7:"pic_url";s:0:"";s:6:"pic_id";s:2:"32";s:7:"pic_img";s:33:"shop/editor/web-7-75-1-32.jpg?806";}i:33;a:4:{s:8:"pic_name";s:0:"";s:7:"pic_url";s:0:"";s:6:"pic_id";s:2:"33";s:7:"pic_img";s:33:"shop/editor/web-7-75-1-33.png?752";}i:34;a:4:{s:8:"pic_name";s:0:"";s:7:"pic_url";s:0:"";s:6:"pic_id";s:2:"34";s:7:"pic_img";s:33:"shop/editor/web-7-75-1-34.jpg?541";}}}}', '商品推荐'),
(78, 7, 'array', 'adv', 'a:2:{i:1;a:4:{s:8:"pic_name";s:18:"七度银饰专场";s:7:"pic_url";s:60:"http://demo.33hao.com/shop/index.php?act=search&amp;op=index";s:6:"pic_id";s:1:"1";s:7:"pic_img";s:30:"shop/editor/web-7-78-1.jpg?446";}i:2;a:4:{s:6:"pic_id";s:1:"2";s:8:"pic_name";s:18:"七度银饰专场";s:7:"pic_url";s:79:"http://demo.33hao.com/shop/index.php?act=goods&amp;op=index&amp;goods_id=102126";s:7:"pic_img";s:30:"shop/editor/web-7-78-2.png?182";}}', '广告图片'),
(79, 7, 'array', 'brand_list', 'a:6:{i:106;a:3:{s:8:"brand_id";s:3:"106";s:10:"brand_name";s:3:"RDK";s:9:"brand_pic";s:35:"shop/brand/04398091763582415_sm.jpg";}i:105;a:3:{s:8:"brand_id";s:3:"105";s:10:"brand_name";s:8:"westside";s:9:"brand_pic";s:35:"shop/brand/04398090975832253_sm.jpg";}i:365;a:3:{s:8:"brand_id";s:3:"365";s:10:"brand_name";s:6:"柒牌";s:9:"brand_pic";s:38:"shop/brand/04820158988380844_small.png";}i:87;a:3:{s:8:"brand_id";s:2:"87";s:10:"brand_name";s:11:"Hanes恒适";s:9:"brand_pic";s:35:"shop/brand/04397472577467506_sm.jpg";}i:88;a:3:{s:8:"brand_id";s:2:"88";s:10:"brand_name";s:6:"缪诗";s:9:"brand_pic";s:35:"shop/brand/04397472716852803_sm.jpg";}i:90;a:3:{s:8:"brand_id";s:2:"90";s:10:"brand_name";s:9:"金利来";s:9:"brand_pic";s:35:"shop/brand/04397473042647991_sm.jpg";}}', '品牌推荐'),
(81, 8, 'array', 'tit', 'a:5:{s:3:"pic";s:0:"";s:3:"url";s:0:"";s:4:"type";s:3:"txt";s:5:"floor";s:2:"8F";s:5:"title";s:12:"生活家居";}', '标题图片'),
(82, 8, 'array', 'category_list', 'a:1:{s:11:"goods_class";a:15:{i:1234;a:2:{s:5:"gc_id";s:4:"1234";s:7:"gc_name";s:9:"四件套";}i:1235;a:2:{s:5:"gc_id";s:4:"1235";s:7:"gc_name";s:13:"被子/被套";}i:1236;a:2:{s:5:"gc_id";s:4:"1236";s:7:"gc_name";s:13:"枕头/枕套";}i:1419;a:2:{s:5:"gc_id";s:4:"1419";s:7:"gc_name";s:6:"公仔";}i:1421;a:2:{s:5:"gc_id";s:4:"1421";s:7:"gc_name";s:13:"凉席/凉枕";}i:1858;a:2:{s:5:"gc_id";s:4:"1858";s:7:"gc_name";s:16:"手工/十字绣";}i:1240;a:2:{s:5:"gc_id";s:4:"1240";s:7:"gc_name";s:12:"工艺摆件";}i:1241;a:2:{s:5:"gc_id";s:4:"1241";s:7:"gc_name";s:13:"花瓶/花器";}i:1242;a:2:{s:5:"gc_id";s:4:"1242";s:7:"gc_name";s:12:"仿真花卉";}i:1243;a:2:{s:5:"gc_id";s:4:"1243";s:7:"gc_name";s:9:"装饰画";}i:1352;a:2:{s:5:"gc_id";s:4:"1352";s:7:"gc_name";s:13:"相架/画框";}i:1353;a:2:{s:5:"gc_id";s:4:"1353";s:7:"gc_name";s:13:"闹钟/挂钟";}i:1354;a:2:{s:5:"gc_id";s:4:"1354";s:7:"gc_name";s:13:"香薰/蜡烛";}i:1355;a:2:{s:5:"gc_id";s:4:"1355";s:7:"gc_name";s:12:"创意家居";}i:1356;a:2:{s:5:"gc_id";s:4:"1356";s:7:"gc_name";s:12:"办公用品";}}}', '推荐分类'),
(83, 8, 'array', 'act', 'a:4:{s:3:"pic";s:28:"shop/editor/web-8-83.png?171";s:4:"type";s:3:"pic";s:5:"title";s:0:"";s:3:"url";s:77:"http://demo.33hao.com/shop/index.php?act=search&amp;op=index&amp;cate_id=1231";}', '活动图片'),
(85, 8, 'array', 'recommend_list', 'a:1:{i:1;a:2:{s:9:"recommend";a:1:{s:4:"name";s:12:"商品推荐";}s:8:"pic_list";a:9:{i:14;a:4:{s:8:"pic_name";s:0:"";s:7:"pic_url";s:0:"";s:6:"pic_id";s:2:"14";s:7:"pic_img";s:33:"shop/editor/web-8-85-1-14.jpg?297";}i:11;a:4:{s:8:"pic_name";s:0:"";s:7:"pic_url";s:0:"";s:6:"pic_id";s:2:"11";s:7:"pic_img";s:33:"shop/editor/web-8-85-1-11.jpg?195";}i:12;a:4:{s:8:"pic_name";s:0:"";s:7:"pic_url";s:0:"";s:6:"pic_id";s:2:"12";s:7:"pic_img";s:33:"shop/editor/web-8-85-1-12.jpg?235";}i:31;a:4:{s:8:"pic_name";s:0:"";s:7:"pic_url";s:0:"";s:6:"pic_id";s:2:"31";s:7:"pic_img";s:33:"shop/editor/web-8-85-1-31.jpg?634";}i:32;a:4:{s:8:"pic_name";s:0:"";s:7:"pic_url";s:0:"";s:6:"pic_id";s:2:"32";s:7:"pic_img";s:33:"shop/editor/web-8-85-1-32.jpg?454";}i:33;a:4:{s:8:"pic_name";s:0:"";s:7:"pic_url";s:0:"";s:6:"pic_id";s:2:"33";s:7:"pic_img";s:33:"shop/editor/web-8-85-1-33.jpg?689";}i:34;a:4:{s:8:"pic_name";s:0:"";s:7:"pic_url";s:0:"";s:6:"pic_id";s:2:"34";s:7:"pic_img";s:33:"shop/editor/web-8-85-1-34.jpg?772";}i:21;a:4:{s:8:"pic_name";s:0:"";s:7:"pic_url";s:0:"";s:6:"pic_id";s:2:"21";s:7:"pic_img";s:33:"shop/editor/web-8-85-1-21.jpg?151";}i:24;a:4:{s:8:"pic_name";s:0:"";s:7:"pic_url";s:0:"";s:6:"pic_id";s:2:"24";s:7:"pic_img";s:33:"shop/editor/web-8-85-1-24.jpg?459";}}}}', '商品推荐'),
(88, 8, 'array', 'adv', 'a:2:{i:2;a:4:{s:6:"pic_id";s:1:"2";s:8:"pic_name";s:0:"";s:7:"pic_url";s:77:"http://demo.33hao.com/shop/index.php?act=search&amp;op=index&amp;cate_id=1109";s:7:"pic_img";s:30:"shop/editor/web-8-88-2.jpg?934";}i:3;a:4:{s:6:"pic_id";s:1:"3";s:8:"pic_name";s:82:"拉夏贝尔 秋新款女装街头人物印花休闲圆领长袖连衣裙 黑色 S";s:7:"pic_url";s:79:"http://demo.33hao.com/shop/index.php?act=goods&amp;op=index&amp;goods_id=102126";s:7:"pic_img";s:30:"shop/editor/web-8-88-3.jpg?885";}}', '广告图片'),
(89, 8, 'array', 'brand_list', 'a:8:{i:104;a:3:{s:8:"brand_id";s:3:"104";s:10:"brand_name";s:6:"esprit";s:9:"brand_pic";s:35:"shop/brand/04398090828687339_sm.jpg";}i:103;a:3:{s:8:"brand_id";s:3:"103";s:10:"brand_name";s:9:"ELLE HOME";s:9:"brand_pic";s:35:"shop/brand/04398090611386532_sm.jpg";}i:105;a:3:{s:8:"brand_id";s:3:"105";s:10:"brand_name";s:8:"westside";s:9:"brand_pic";s:35:"shop/brand/04398090975832253_sm.jpg";}i:106;a:3:{s:8:"brand_id";s:3:"106";s:10:"brand_name";s:3:"RDK";s:9:"brand_pic";s:35:"shop/brand/04398091763582415_sm.jpg";}i:92;a:3:{s:8:"brand_id";s:2:"92";s:10:"brand_name";s:10:"Newbalance";s:9:"brand_pic";s:35:"shop/brand/04397473633585549_sm.jpg";}i:91;a:3:{s:8:"brand_id";s:2:"91";s:10:"brand_name";s:6:"其乐";s:9:"brand_pic";s:35:"shop/brand/04397473331842699_sm.jpg";}i:85;a:3:{s:8:"brand_id";s:2:"85";s:10:"brand_name";s:6:"猫人";s:9:"brand_pic";s:35:"shop/brand/04397472152849925_sm.jpg";}i:93;a:3:{s:8:"brand_id";s:2:"93";s:10:"brand_name";s:6:"百丽";s:9:"brand_pic";s:35:"shop/brand/04398088925179484_sm.png";}}', '品牌推荐'),
(101, 101, 'array', 'screen_list', 'a:4:{i:1;a:5:{s:6:"pic_id";s:1:"1";s:8:"pic_name";s:9:"好商城";s:7:"pic_url";s:77:"http://demo.33hao.com/shop/index.php?act=search&amp;op=index&amp;cate_id=1100";s:5:"color";s:7:"#EDD9C0";s:7:"pic_img";s:33:"shop/editor/web-101-101-1.png?177";}i:2;a:5:{s:6:"pic_id";s:1:"2";s:8:"pic_name";s:9:"好商城";s:7:"pic_url";s:67:"http://demo.33hao.com/shop/index.php?act=show_groupbuy&amp;op=index";s:5:"color";s:7:"#200772";s:7:"pic_img";s:33:"shop/editor/web-101-101-2.png?442";}i:3;a:5:{s:6:"pic_id";s:1:"3";s:8:"pic_name";s:9:"好商城";s:7:"pic_url";s:67:"http://demo.33hao.com/shop/index.php?act=show_groupbuy&amp;op=index";s:5:"color";s:7:"#EFE6DD";s:7:"pic_img";s:33:"shop/editor/web-101-101-3.png?983";}i:4;a:5:{s:8:"pic_name";s:9:"好商城";s:7:"pic_url";s:77:"http://demo.33hao.com/shop/index.php?act=search&amp;op=index&amp;cate_id=1100";s:5:"color";s:7:"#760907";s:6:"pic_id";s:1:"4";s:7:"pic_img";s:33:"shop/editor/web-101-101-4.png?779";}}', '切换大图'),
(102, 101, 'array', 'focus_list', 'a:3:{i:1;a:1:{s:8:"pic_list";a:4:{i:1;a:4:{s:6:"pic_id";s:1:"1";s:8:"pic_name";s:6:"测试";s:7:"pic_url";s:60:"http://demo.33hao.com/shop/index.php?act=search&amp;op=index";s:7:"pic_img";s:35:"shop/editor/web-101-102-1-1.jpg?306";}i:2;a:4:{s:6:"pic_id";s:1:"2";s:8:"pic_name";s:6:"测试";s:7:"pic_url";s:60:"http://demo.33hao.com/shop/index.php?act=search&amp;op=index";s:7:"pic_img";s:35:"shop/editor/web-101-102-1-2.jpg?220";}i:3;a:4:{s:6:"pic_id";s:1:"3";s:8:"pic_name";s:6:"测试";s:7:"pic_url";s:60:"http://demo.33hao.com/shop/index.php?act=search&amp;op=index";s:7:"pic_img";s:35:"shop/editor/web-101-102-1-3.jpg?296";}i:4;a:4:{s:6:"pic_id";s:1:"4";s:8:"pic_name";s:6:"测试";s:7:"pic_url";s:60:"http://demo.33hao.com/shop/index.php?act=search&amp;op=index";s:7:"pic_img";s:35:"shop/editor/web-101-102-1-4.jpg?752";}}}i:2;a:1:{s:8:"pic_list";a:4:{i:1;a:4:{s:6:"pic_id";s:1:"1";s:8:"pic_name";s:6:"测试";s:7:"pic_url";s:60:"http://demo.33hao.com/shop/index.php?act=search&amp;op=index";s:7:"pic_img";s:35:"shop/editor/web-101-102-2-1.jpg?718";}i:2;a:4:{s:6:"pic_id";s:1:"2";s:8:"pic_name";s:6:"测试";s:7:"pic_url";s:60:"http://demo.33hao.com/shop/index.php?act=search&amp;op=index";s:7:"pic_img";s:35:"shop/editor/web-101-102-2-2.jpg?967";}i:3;a:4:{s:6:"pic_id";s:1:"3";s:8:"pic_name";s:6:"测试";s:7:"pic_url";s:60:"http://demo.33hao.com/shop/index.php?act=search&amp;op=index";s:7:"pic_img";s:35:"shop/editor/web-101-102-2-3.jpg?477";}i:4;a:4:{s:6:"pic_id";s:1:"4";s:8:"pic_name";s:6:"测试";s:7:"pic_url";s:60:"http://demo.33hao.com/shop/index.php?act=search&amp;op=index";s:7:"pic_img";s:35:"shop/editor/web-101-102-2-4.jpg?643";}}}i:3;a:1:{s:8:"pic_list";a:4:{i:1;a:4:{s:6:"pic_id";s:1:"1";s:8:"pic_name";s:6:"测试";s:7:"pic_url";s:60:"http://demo.33hao.com/shop/index.php?act=search&amp;op=index";s:7:"pic_img";s:35:"shop/editor/web-101-102-3-1.jpg?970";}i:2;a:4:{s:6:"pic_id";s:1:"2";s:8:"pic_name";s:6:"测试";s:7:"pic_url";s:60:"http://demo.33hao.com/shop/index.php?act=search&amp;op=index";s:7:"pic_img";s:35:"shop/editor/web-101-102-3-2.jpg?341";}i:3;a:4:{s:6:"pic_id";s:1:"3";s:8:"pic_name";s:6:"测试";s:7:"pic_url";s:60:"http://demo.33hao.com/shop/index.php?act=search&amp;op=index";s:7:"pic_img";s:35:"shop/editor/web-101-102-3-3.jpg?480";}i:4;a:4:{s:8:"pic_name";s:6:"测试";s:7:"pic_url";s:60:"http://demo.33hao.com/shop/index.php?act=search&amp;op=index";s:6:"pic_id";s:1:"4";s:7:"pic_img";s:35:"shop/editor/web-101-102-3-4.jpg?162";}}}}', '切换小图'),
(121, 121, 'array', 'sale_list', 'a:5:{i:5;a:2:{s:9:"recommend";a:1:{s:4:"name";s:12:"新品上架";}s:10:"goods_list";a:5:{i:102592;a:5:{s:8:"goods_id";s:6:"102592";s:12:"market_price";s:0:"";s:10:"goods_name";s:82:"爵爷商务皮鞋 秋款男士正装 前系带 金属尖头低帮单鞋 黑色 38";s:11:"goods_price";s:6:"108.00";s:9:"goods_pic";s:48:"shop/store/goods/16/16_05000683915287946_240.jpg";}i:102700;a:5:{s:8:"goods_id";s:6:"102700";s:12:"market_price";s:0:"";s:10:"goods_name";s:79:"纯色透气圆头单鞋男真皮方跟低帮鞋前系带男士皮鞋 棕色 38";s:11:"goods_price";s:5:"88.00";s:9:"goods_pic";s:48:"shop/store/goods/16/16_05003068354931461_240.jpg";}i:102649;a:5:{s:8:"goods_id";s:6:"102649";s:12:"market_price";s:0:"";s:10:"goods_name";s:64:"优质超纤皮男鞋纯色前系带尖头低帮皮鞋 棕色 38";s:11:"goods_price";s:6:"108.00";s:9:"goods_pic";s:48:"shop/store/goods/16/16_05002911543965426_240.jpg";}i:102688;a:5:{s:8:"goods_id";s:6:"102688";s:12:"market_price";s:0:"";s:10:"goods_name";s:71:"爵爷2015春秋商务正装男士皮鞋透气超纤皮男鞋 黑色 38";s:11:"goods_price";s:6:"108.00";s:9:"goods_pic";s:48:"shop/store/goods/16/16_05003062100708546_240.jpg";}i:102604;a:5:{s:8:"goods_id";s:6:"102604";s:12:"market_price";s:6:"168.00";s:10:"goods_name";s:70:"日常休闲鞋男士豆豆鞋驾车真皮男鞋英伦皮鞋 黄色 38";s:11:"goods_price";s:6:"108.00";s:9:"goods_pic";s:48:"shop/store/goods/16/16_05001210537684207_240.jpg";}}}i:3;a:2:{s:9:"recommend";a:1:{s:4:"name";s:12:"热卖商品";}s:10:"goods_list";a:5:{i:102020;a:5:{s:8:"goods_id";s:6:"102020";s:12:"market_price";s:0:"";s:10:"goods_name";s:77:"冬装男装立领 男式纯棉T恤男士加厚加绒保暖打底衫 白色 M";s:11:"goods_price";s:5:"73.00";s:9:"goods_pic";s:48:"shop/store/goods/15/15_04999727187217105_240.png";}i:102165;a:5:{s:8:"goods_id";s:6:"102165";s:12:"market_price";s:0:"";s:10:"goods_name";s:89:"2015秋新款男装男式牛仔裤男休闲商务长裤子韩版修身直筒 图片色 28";s:11:"goods_price";s:5:"81.00";s:9:"goods_pic";s:48:"shop/store/goods/15/15_04999963827312369_240.jpg";}i:102126;a:5:{s:8:"goods_id";s:6:"102126";s:12:"market_price";s:6:"163.00";s:10:"goods_name";s:91:"2015秋冬新款韩版女羽绒棉服女立领修身显瘦棉衣短款棉服外套 红色 L";s:11:"goods_price";s:6:"103.00";s:9:"goods_pic";s:48:"shop/store/goods/12/12_04999931964380007_240.jpg";}i:102070;a:5:{s:8:"goods_id";s:6:"102070";s:12:"market_price";s:6:"188.00";s:10:"goods_name";s:97:"新款女装韩版修身A字斗篷棉衣加厚保暖短外套大毛领连帽羽绒棉服 蓝色 M";s:11:"goods_price";s:6:"118.00";s:9:"goods_pic";s:48:"shop/store/goods/12/12_04999920485539383_240.jpg";}i:101680;a:5:{s:8:"goods_id";s:6:"101680";s:12:"market_price";s:6:"162.00";s:10:"goods_name";s:82:"2015秋冬新款女装女式韩版修身短款棉衣棉服羽绒棉衣女 粉色 M";s:11:"goods_price";s:6:"112.00";s:9:"goods_pic";s:48:"shop/store/goods/12/12_04999938698283696_240.png";}}}i:1;a:2:{s:9:"recommend";a:1:{s:4:"name";s:12:"疯狂抢购";}s:10:"goods_list";a:5:{i:101559;a:5:{s:8:"goods_id";s:6:"101559";s:12:"market_price";s:6:"118.00";s:10:"goods_name";s:97:"2015冬季新款棉衣女修身大码羽绒棉服女士短款韩版连帽冬季防寒服 蓝色 M";s:11:"goods_price";s:5:"88.00";s:9:"goods_pic";s:62:"shop/store/goods/12/12_039f2d0f136e6927e9cfa6fff35e077_240.jpg";}i:101598;a:5:{s:8:"goods_id";s:6:"101598";s:12:"market_price";s:6:"169.00";s:10:"goods_name";s:97:"2015新款冬装棉衣外套女中长款大码加厚毛领羽绒棉服韩版修身棉袄 粉色 M";s:11:"goods_price";s:6:"119.00";s:9:"goods_pic";s:62:"shop/store/goods/12/12_cc322b39c176a5ae261b62795d46258_240.jpg";}i:101429;a:5:{s:8:"goods_id";s:6:"101429";s:12:"market_price";s:6:"138.00";s:10:"goods_name";s:89:"2015夏季新款鱼嘴凉鞋超高跟防水台夜店鞋透气网纱粗跟女鞋 粉色 34";s:11:"goods_price";s:6:"108.00";s:9:"goods_pic";s:46:"shop/store/goods/6/6_04847714326505496_240.jpg";}i:102433;a:5:{s:8:"goods_id";s:6:"102433";s:12:"market_price";s:6:"199.00";s:10:"goods_name";s:99:"秋冬季时尚单鞋 糖果色亮面浅口细跟职业女鞋 漆皮镜面尖头高跟鞋 白色 34";s:11:"goods_price";s:6:"119.00";s:9:"goods_pic";s:48:"shop/store/goods/17/17_05000574018138552_240.jpg";}i:102265;a:5:{s:8:"goods_id";s:6:"102265";s:12:"market_price";s:6:"199.00";s:10:"goods_name";s:71:"秋季新款糖果色细跟单鞋 浅口真皮尖头高跟鞋 杏色 34";s:11:"goods_price";s:6:"119.00";s:9:"goods_pic";s:48:"shop/store/goods/17/17_05000548082598798_240.jpg";}}}i:2;a:2:{s:9:"recommend";a:1:{s:4:"name";s:12:"猜您喜欢";}s:10:"goods_list";a:5:{i:102865;a:5:{s:8:"goods_id";s:6:"102865";s:12:"market_price";s:6:"188.00";s:10:"goods_name";s:83:"酷迪璐新品男式夹克外套男士pu皮衣韩版休闲绒布接男装 蓝色 M";s:11:"goods_price";s:6:"128.00";s:9:"goods_pic";s:48:"shop/store/goods/18/18_05011806114146918_240.jpg";}i:102835;a:5:{s:8:"goods_id";s:6:"102835";s:12:"market_price";s:6:"198.00";s:10:"goods_name";s:43:"2015新款保暖加绒修身衬衫 白色 M";s:11:"goods_price";s:5:"98.00";s:9:"goods_pic";s:48:"shop/store/goods/18/18_05011800162520471_240.jpg";}i:102805;a:5:{s:8:"goods_id";s:6:"102805";s:12:"market_price";s:6:"198.00";s:10:"goods_name";s:72:"酷迪璐冬装男士加棉加厚长袖衬衫格子夹克衬衫 灰色 M";s:11:"goods_price";s:6:"108.00";s:9:"goods_pic";s:48:"shop/store/goods/18/18_05011789584196803_240.jpg";}i:102751;a:5:{s:8:"goods_id";s:6:"102751";s:12:"market_price";s:6:"308.00";s:10:"goods_name";s:85:"2015新款秋冬男式PU皮夹克外贸 海宁男士立领休闲修身外套 黑色 M";s:11:"goods_price";s:6:"158.00";s:9:"goods_pic";s:48:"shop/store/goods/18/18_05011764627052815_240.jpg";}i:102633;a:5:{s:8:"goods_id";s:6:"102633";s:12:"market_price";s:6:"139.00";s:10:"goods_name";s:60:"2015秋冬新款 全棉男式牛仔裤直筒型 图片色 28";s:11:"goods_price";s:5:"89.00";s:9:"goods_pic";s:48:"shop/store/goods/15/15_05002060806639307_240.jpg";}}}i:4;a:2:{s:9:"recommend";a:1:{s:4:"name";s:12:"热评商品";}s:10:"goods_list";a:5:{i:102150;a:5:{s:8:"goods_id";s:6:"102150";s:12:"market_price";s:6:"132.00";s:10:"goods_name";s:80:"韩版品牌直筒修身牛仔裤 秋冬男士长裤休闲牛仔裤 图片色 28";s:11:"goods_price";s:5:"82.00";s:9:"goods_pic";s:48:"shop/store/goods/15/15_04999958412070501_240.jpg";}i:102005;a:5:{s:8:"goods_id";s:6:"102005";s:12:"market_price";s:6:"129.00";s:10:"goods_name";s:77:"冬装男装爆款 男式纯棉T恤男士加厚加绒保暖打底衫 黑色 M";s:11:"goods_price";s:5:"69.00";s:9:"goods_pic";s:48:"shop/store/goods/15/15_04999724012252809_240.jpg";}i:101930;a:5:{s:8:"goods_id";s:6:"101930";s:12:"market_price";s:6:"125.00";s:10:"goods_name";s:85:"2015冬款新品 男式拼接长袖加厚加绒保暖V领T恤男装不倒绒 酒红 M";s:11:"goods_price";s:5:"65.00";s:9:"goods_pic";s:48:"shop/store/goods/15/15_04999707884947293_240.jpg";}i:101807;a:5:{s:8:"goods_id";s:6:"101807";s:12:"market_price";s:6:"135.00";s:10:"goods_name";s:101:"2015秋季新款男士长袖t恤潮纯棉秋长袖修身韩版青年体恤运动小衫 白拼枣红 M";s:11:"goods_price";s:5:"65.00";s:9:"goods_pic";s:48:"shop/store/goods/15/15_04999618551849829_240.jpg";}i:102157;a:5:{s:8:"goods_id";s:6:"102157";s:12:"market_price";s:6:"159.00";s:10:"goods_name";s:67:"品牌男装牛仔裤纯棉商务男裤男式牛仔裤 图片色 28";s:11:"goods_price";s:5:"89.00";s:9:"goods_pic";s:48:"shop/store/goods/15/15_04999961053663021_240.jpg";}}}}', '促销区'),
(122, 1, 'array', 'banner', 'a:5:{s:3:"pic";s:29:"shop/editor/web-1-122.png?883";s:4:"type";s:3:"pic";s:5:"title";s:7:"广告1";s:3:"url";s:20:"http://www.33hao.com";s:4:"show";s:1:"1";}', '横幅图片'),
(123, 2, 'array', 'banner', 'a:4:{s:3:"pic";s:29:"shop/editor/web-2-123.png?872";s:4:"type";s:3:"pic";s:5:"title";s:9:"好商城";s:3:"url";s:20:"http://www.33hao.com";}', '横幅图片'),
(124, 3, 'array', 'banner', 'a:5:{s:3:"pic";s:29:"shop/editor/web-3-124.png?997";s:4:"type";s:3:"pic";s:5:"title";s:9:"好商城";s:3:"url";s:19:"http://ww.33hao.com";s:4:"show";s:1:"1";}', '横幅图片'),
(125, 4, 'array', 'banner', 'a:5:{s:3:"pic";s:29:"shop/editor/web-4-125.png?335";s:4:"type";s:3:"pic";s:5:"title";s:9:"好商城";s:3:"url";s:20:"http://www.33hao.com";s:4:"show";s:1:"1";}', '横幅图片'),
(126, 5, 'array', 'banner', 'a:5:{s:3:"pic";s:29:"shop/editor/web-5-126.png?135";s:4:"type";s:3:"pic";s:5:"title";s:11:"好商城V5";s:3:"url";s:20:"http://www.33hao.com";s:4:"show";s:1:"1";}', '横幅图片'),
(127, 6, 'array', 'banner', '', ''),
(128, 7, 'array', 'banner', '', ''),
(129, 8, 'array', 'banner', 'a:5:{s:3:"pic";s:29:"shop/editor/web-8-129.png?227";s:4:"type";s:3:"pic";s:5:"title";s:0:"";s:3:"url";s:21:"http://demo.33hao.com";s:4:"show";s:1:"1";}', ''),
(130, 122, 'array', 'channel_tit', 'a:3:{s:3:"pic";s:0:"";s:3:"url";s:0:"";s:5:"title";s:12:"男女服装";}', '频道中部标题'),
(131, 122, 'array', 'channel_act', 'a:4:{s:3:"pic";s:35:"shop/editor/channel-122-131.jpg?213";s:4:"type";s:3:"pic";s:5:"title";s:0:"";s:3:"url";s:0:"";}', '频道中部活动');
INSERT INTO `33hao_web_code` (`code_id`, `web_id`, `code_type`, `var_name`, `code_info`, `show_name`) VALUES
(132, 122, 'array', 'recommend_list', 'a:1:{i:1;a:2:{s:9:"recommend";a:1:{s:4:"name";s:12:"商品推荐";}s:10:"goods_list";a:8:{i:101559;a:5:{s:8:"goods_id";s:6:"101559";s:12:"market_price";s:6:"118.00";s:10:"goods_name";s:97:"2015冬季新款棉衣女修身大码羽绒棉服女士短款韩版连帽冬季防寒服 蓝色 M";s:11:"goods_price";s:5:"88.00";s:9:"goods_pic";s:62:"shop/store/goods/12/12_039f2d0f136e6927e9cfa6fff35e077_240.jpg";}i:101598;a:5:{s:8:"goods_id";s:6:"101598";s:12:"market_price";s:6:"169.00";s:10:"goods_name";s:97:"2015新款冬装棉衣外套女中长款大码加厚毛领羽绒棉服韩版修身棉袄 粉色 M";s:11:"goods_price";s:6:"119.00";s:9:"goods_pic";s:62:"shop/store/goods/12/12_cc322b39c176a5ae261b62795d46258_240.jpg";}i:101583;a:5:{s:8:"goods_id";s:6:"101583";s:12:"market_price";s:6:"228.00";s:10:"goods_name";s:94:"2015冬季新款棉衣女韩版加厚修身显瘦中长款连帽毛领外套棉袄女 蓝色 M";s:11:"goods_price";s:6:"168.00";s:9:"goods_pic";s:48:"shop/store/goods/12/12_04998647920805428_240.jpg";}i:101623;a:5:{s:8:"goods_id";s:6:"101623";s:12:"market_price";s:6:"192.00";s:10:"goods_name";s:96:"2015新款棉衣女 加厚羽绒棉服连帽中长款贴布刺绣 欧美风宽松大码 白色 M";s:11:"goods_price";s:6:"132.00";s:9:"goods_pic";s:62:"shop/store/goods/12/12_4eefff7530f50c03279f0ad372075be_240.jpg";}i:101635;a:5:{s:8:"goods_id";s:6:"101635";s:12:"market_price";s:6:"168.00";s:10:"goods_name";s:97:"2015秋冬装新款韩版中长款修身气质连帽毛领女装棉衣外套羽绒棉服 绿色 M";s:11:"goods_price";s:6:"138.00";s:9:"goods_pic";s:48:"shop/store/goods/12/12_04999935528632429_240.jpg";}i:101655;a:5:{s:8:"goods_id";s:6:"101655";s:12:"market_price";s:6:"195.00";s:10:"goods_name";s:82:"冬装新款2015羽绒棉服女中长款韩版连帽大毛领女式棉衣 蓝色 M";s:11:"goods_price";s:6:"165.00";s:9:"goods_pic";s:48:"shop/store/goods/12/12_04999940350217540_240.jpg";}i:102433;a:5:{s:8:"goods_id";s:6:"102433";s:12:"market_price";s:6:"199.00";s:10:"goods_name";s:99:"秋冬季时尚单鞋 糖果色亮面浅口细跟职业女鞋 漆皮镜面尖头高跟鞋 白色 34";s:11:"goods_price";s:6:"119.00";s:9:"goods_pic";s:48:"shop/store/goods/17/17_05000574018138552_240.jpg";}i:102265;a:5:{s:8:"goods_id";s:6:"102265";s:12:"market_price";s:6:"199.00";s:10:"goods_name";s:71:"秋季新款糖果色细跟单鞋 浅口真皮尖头高跟鞋 杏色 34";s:11:"goods_price";s:6:"119.00";s:9:"goods_pic";s:48:"shop/store/goods/17/17_05000548082598798_240.jpg";}}}}', '频道中部商品'),
(133, 122, 'array', 'adv_a', 'a:3:{s:8:"pic_name";s:0:"";s:3:"pic";s:35:"shop/editor/channel-122-133.jpg?162";s:7:"pic_url";s:0:"";}', '频道中部广告1'),
(134, 122, 'array', 'adv_b', 'a:3:{s:8:"pic_name";s:0:"";s:3:"pic";s:35:"shop/editor/channel-122-134.jpg?188";s:7:"pic_url";s:0:"";}', '频道中部广告2'),
(135, 122, 'array', 'adv_c', 'a:3:{s:8:"pic_name";s:0:"";s:3:"pic";s:35:"shop/editor/channel-122-135.jpg?441";s:7:"pic_url";s:0:"";}', '频道中部广告3'),
(136, 123, 'array', 'channel_category', 'a:6:{i:1101;a:2:{s:9:"gc_parent";a:3:{s:5:"gc_id";s:4:"1101";s:7:"gc_name";s:6:"上衣";s:6:"gc_pic";s:0:"";}s:11:"goods_class";a:23:{i:1103;a:2:{s:5:"gc_id";s:4:"1103";s:7:"gc_name";s:6:"衬衫";}i:1104;a:2:{s:5:"gc_id";s:4:"1104";s:7:"gc_name";s:4:"T恤";}i:1106;a:2:{s:5:"gc_id";s:4:"1106";s:7:"gc_name";s:9:"雪纺衫";}i:1130;a:2:{s:5:"gc_id";s:4:"1130";s:7:"gc_name";s:6:"卫衣";}i:1847;a:2:{s:5:"gc_id";s:4:"1847";s:7:"gc_name";s:13:"吊带/背心";}i:1849;a:2:{s:5:"gc_id";s:4:"1849";s:7:"gc_name";s:6:"开衫";}i:1131;a:2:{s:5:"gc_id";s:4:"1131";s:7:"gc_name";s:9:"打底衫";}i:1846;a:2:{s:5:"gc_id";s:4:"1846";s:7:"gc_name";s:6:"马甲";}i:1848;a:2:{s:5:"gc_id";s:4:"1848";s:7:"gc_name";s:9:"羊毛衫";}i:1134;a:2:{s:5:"gc_id";s:4:"1134";s:7:"gc_name";s:9:"羊绒衫";}i:1105;a:2:{s:5:"gc_id";s:4:"1105";s:7:"gc_name";s:9:"针织衫";}i:1129;a:2:{s:5:"gc_id";s:4:"1129";s:7:"gc_name";s:6:"毛衣";}i:1432;a:2:{s:5:"gc_id";s:4:"1432";s:7:"gc_name";s:6:"风衣";}i:1366;a:2:{s:5:"gc_id";s:4:"1366";s:7:"gc_name";s:9:"小西装";}i:1368;a:2:{s:5:"gc_id";s:4:"1368";s:7:"gc_name";s:9:"薄外套";}i:1370;a:2:{s:5:"gc_id";s:4:"1370";s:7:"gc_name";s:9:"羽绒服";}i:1431;a:2:{s:5:"gc_id";s:4:"1431";s:7:"gc_name";s:6:"棉服";}i:1435;a:2:{s:5:"gc_id";s:4:"1435";s:7:"gc_name";s:6:"大衣";}i:1436;a:2:{s:5:"gc_id";s:4:"1436";s:7:"gc_name";s:6:"皮衣";}i:1439;a:2:{s:5:"gc_id";s:4:"1439";s:7:"gc_name";s:6:"皮草";}i:1524;a:2:{s:5:"gc_id";s:4:"1524";s:7:"gc_name";s:9:"情侣装";}i:1528;a:2:{s:5:"gc_id";s:4:"1528";s:7:"gc_name";s:12:"大码女装";}i:1845;a:2:{s:5:"gc_id";s:4:"1845";s:7:"gc_name";s:9:"妈妈装";}}}i:1247;a:2:{s:9:"gc_parent";a:3:{s:5:"gc_id";s:4:"1247";s:7:"gc_name";s:6:"下装";s:6:"gc_pic";s:0:"";}s:11:"goods_class";a:18:{i:1253;a:2:{s:5:"gc_id";s:4:"1253";s:7:"gc_name";s:9:"牛仔裤";}i:1254;a:2:{s:5:"gc_id";s:4:"1254";s:7:"gc_name";s:9:"休闲裤";}i:1255;a:2:{s:5:"gc_id";s:4:"1255";s:7:"gc_name";s:9:"西装裤";}i:1256;a:2:{s:5:"gc_id";s:4:"1256";s:7:"gc_name";s:9:"打底裤";}i:1257;a:2:{s:5:"gc_id";s:4:"1257";s:7:"gc_name";s:9:"连体裤";}i:1258;a:2:{s:5:"gc_id";s:4:"1258";s:7:"gc_name";s:9:"哈伦裤";}i:1259;a:2:{s:5:"gc_id";s:4:"1259";s:7:"gc_name";s:9:"铅笔裤";}i:1260;a:2:{s:5:"gc_id";s:4:"1260";s:7:"gc_name";s:9:"小脚裤";}i:1261;a:2:{s:5:"gc_id";s:4:"1261";s:7:"gc_name";s:9:"阔腿裤";}i:1262;a:2:{s:5:"gc_id";s:4:"1262";s:7:"gc_name";s:9:"背带裤";}i:1371;a:2:{s:5:"gc_id";s:4:"1371";s:7:"gc_name";s:9:"直筒裤";}i:1372;a:2:{s:5:"gc_id";s:4:"1372";s:7:"gc_name";s:9:"喇叭裤";}i:1441;a:2:{s:5:"gc_id";s:4:"1441";s:7:"gc_name";s:6:"卫裤";}i:1443;a:2:{s:5:"gc_id";s:4:"1443";s:7:"gc_name";s:9:"五分裤";}i:1525;a:2:{s:5:"gc_id";s:4:"1525";s:7:"gc_name";s:9:"七分裤";}i:1526;a:2:{s:5:"gc_id";s:4:"1526";s:7:"gc_name";s:9:"九分裤";}i:1527;a:2:{s:5:"gc_id";s:4:"1527";s:7:"gc_name";s:6:"长裤";}i:1850;a:2:{s:5:"gc_id";s:4:"1850";s:7:"gc_name";s:6:"短裤";}}}i:1248;a:2:{s:9:"gc_parent";a:3:{s:5:"gc_id";s:4:"1248";s:7:"gc_name";s:6:"裙装";s:6:"gc_pic";s:0:"";}s:11:"goods_class";a:7:{i:1264;a:2:{s:5:"gc_id";s:4:"1264";s:7:"gc_name";s:9:"连衣裙";}i:1265;a:2:{s:5:"gc_id";s:4:"1265";s:7:"gc_name";s:9:"半身裙";}i:1266;a:2:{s:5:"gc_id";s:4:"1266";s:7:"gc_name";s:6:"长裙";}i:1267;a:2:{s:5:"gc_id";s:4:"1267";s:7:"gc_name";s:6:"短裙";}i:1429;a:2:{s:5:"gc_id";s:4:"1429";s:7:"gc_name";s:6:"礼服";}i:1433;a:2:{s:5:"gc_id";s:4:"1433";s:7:"gc_name";s:6:"婚纱";}i:1434;a:2:{s:5:"gc_id";s:4:"1434";s:7:"gc_name";s:6:"旗袍";}}}i:1292;a:2:{s:9:"gc_parent";a:3:{s:5:"gc_id";s:4:"1292";s:7:"gc_name";s:12:"女式内衣";s:6:"gc_pic";s:0:"";}s:11:"goods_class";a:12:{i:1851;a:2:{s:5:"gc_id";s:4:"1851";s:7:"gc_name";s:12:"内衣配件";}i:1852;a:2:{s:5:"gc_id";s:4:"1852";s:7:"gc_name";s:12:"大码内衣";}i:1293;a:2:{s:5:"gc_id";s:4:"1293";s:7:"gc_name";s:6:"文胸";}i:1294;a:2:{s:5:"gc_id";s:4:"1294";s:7:"gc_name";s:6:"内裤";}i:1295;a:2:{s:5:"gc_id";s:4:"1295";s:7:"gc_name";s:12:"文胸套装";}i:1296;a:2:{s:5:"gc_id";s:4:"1296";s:7:"gc_name";s:12:"性感内衣";}i:1297;a:2:{s:5:"gc_id";s:4:"1297";s:7:"gc_name";s:12:"保暖内衣";}i:1375;a:2:{s:5:"gc_id";s:4:"1375";s:7:"gc_name";s:13:"吊带/背心";}i:1383;a:2:{s:5:"gc_id";s:4:"1383";s:7:"gc_name";s:16:"睡衣/家具服";}i:1417;a:2:{s:5:"gc_id";s:4:"1417";s:7:"gc_name";s:9:"塑身衣";}i:1445;a:2:{s:5:"gc_id";s:4:"1445";s:7:"gc_name";s:13:"袜子/丝袜";}i:1572;a:2:{s:5:"gc_id";s:4:"1572";s:7:"gc_name";s:6:"泳衣";}}}i:1386;a:2:{s:9:"gc_parent";a:3:{s:5:"gc_id";s:4:"1386";s:7:"gc_name";s:12:"女士配件";s:6:"gc_pic";s:0:"";}s:11:"goods_class";a:6:{i:1387;a:2:{s:5:"gc_id";s:4:"1387";s:7:"gc_name";s:6:"帽子";}i:1388;a:2:{s:5:"gc_id";s:4:"1388";s:7:"gc_name";s:13:"皮带/腰链";}i:1389;a:2:{s:5:"gc_id";s:4:"1389";s:7:"gc_name";s:6:"围巾";}i:1390;a:2:{s:5:"gc_id";s:4:"1390";s:7:"gc_name";s:6:"丝巾";}i:1391;a:2:{s:5:"gc_id";s:4:"1391";s:7:"gc_name";s:6:"披肩";}i:1392;a:2:{s:5:"gc_id";s:4:"1392";s:7:"gc_name";s:6:"手套";}}}i:1117;a:2:{s:9:"gc_parent";a:3:{s:5:"gc_id";s:4:"1117";s:7:"gc_name";s:6:"女鞋";s:6:"gc_pic";s:0:"";}s:11:"goods_class";a:20:{i:1160;a:2:{s:5:"gc_id";s:4:"1160";s:7:"gc_name";s:6:"单鞋";}i:1161;a:2:{s:5:"gc_id";s:4:"1161";s:7:"gc_name";s:9:"平底鞋";}i:2004;a:2:{s:5:"gc_id";s:4:"2004";s:7:"gc_name";s:9:"高跟鞋";}i:1162;a:2:{s:5:"gc_id";s:4:"1162";s:7:"gc_name";s:9:"细跟鞋";}i:1164;a:2:{s:5:"gc_id";s:4:"1164";s:7:"gc_name";s:9:"粗跟鞋";}i:2003;a:2:{s:5:"gc_id";s:4:"2003";s:7:"gc_name";s:9:"方根鞋";}i:1163;a:2:{s:5:"gc_id";s:4:"1163";s:7:"gc_name";s:9:"坡跟鞋";}i:1165;a:2:{s:5:"gc_id";s:4:"1165";s:7:"gc_name";s:9:"帆布鞋";}i:1166;a:2:{s:5:"gc_id";s:4:"1166";s:7:"gc_name";s:9:"乐福鞋";}i:1167;a:2:{s:5:"gc_id";s:4:"1167";s:7:"gc_name";s:9:"牛津鞋";}i:1168;a:2:{s:5:"gc_id";s:4:"1168";s:7:"gc_name";s:16:"布鞋/绣花鞋";}i:1169;a:2:{s:5:"gc_id";s:4:"1169";s:7:"gc_name";s:9:"懒人鞋";}i:1170;a:2:{s:5:"gc_id";s:4:"1170";s:7:"gc_name";s:9:"罗马鞋";}i:1171;a:2:{s:5:"gc_id";s:4:"1171";s:7:"gc_name";s:9:"豆豆鞋";}i:1172;a:2:{s:5:"gc_id";s:4:"1172";s:7:"gc_name";s:9:"松糕鞋";}i:1424;a:2:{s:5:"gc_id";s:4:"1424";s:7:"gc_name";s:9:"妈妈鞋";}i:1425;a:2:{s:5:"gc_id";s:4:"1425";s:7:"gc_name";s:9:"内增高";}i:1426;a:2:{s:5:"gc_id";s:4:"1426";s:7:"gc_name";s:6:"婚鞋";}i:1428;a:2:{s:5:"gc_id";s:4:"1428";s:7:"gc_name";s:6:"凉鞋";}i:1472;a:2:{s:5:"gc_id";s:4:"1472";s:7:"gc_name";s:6:"拖鞋";}}}}', '频道顶部分类'),
(137, 123, 'array', 'channel_slide', 'a:2:{i:1;a:5:{s:6:"pic_id";s:1:"1";s:8:"pic_name";s:12:"上衣推荐";s:7:"pic_url";s:77:"http://demo.33hao.com/shop/index.php?act=search&amp;op=index&amp;cate_id=1101";s:5:"color";s:7:"#EFD8AE";s:7:"pic_img";s:37:"shop/editor/channel-123-137-1.png?205";}i:2;a:5:{s:5:"color";s:7:"#C6122B";s:8:"pic_name";s:12:"上衣推荐";s:7:"pic_url";s:77:"http://demo.33hao.com/shop/index.php?act=search&amp;op=index&amp;cate_id=1101";s:6:"pic_id";s:1:"2";s:7:"pic_img";s:37:"shop/editor/channel-123-137-2.png?136";}}', '频道顶部切换'),
(138, 123, 'array', 'channel_adv', 'a:1:{i:1;a:1:{s:8:"pic_list";a:3:{i:1;a:4:{s:6:"pic_id";s:1:"1";s:8:"pic_name";s:12:"衬衫推荐";s:7:"pic_url";s:79:"http://demo.33hao.com/shop/index.php?act=goods&amp;op=index&amp;goods_id=102126";s:7:"pic_img";s:39:"shop/editor/channel-123-138-1-1.png?239";}i:2;a:4:{s:6:"pic_id";s:1:"2";s:8:"pic_name";s:6:"推荐";s:7:"pic_url";s:79:"http://demo.33hao.com/shop/index.php?act=goods&amp;op=index&amp;goods_id=102126";s:7:"pic_img";s:39:"shop/editor/channel-123-138-1-2.png?245";}i:3;a:4:{s:8:"pic_name";s:6:"推荐";s:7:"pic_url";s:79:"http://demo.33hao.com/shop/index.php?act=goods&amp;op=index&amp;goods_id=102126";s:6:"pic_id";s:1:"3";s:7:"pic_img";s:39:"shop/editor/channel-123-138-1-3.png?106";}}}}', '频道顶部广告'),
(139, 1, 'array', 'recommends_list', 'a:1:{i:1;a:2:{s:10:"recommends";a:1:{s:4:"name";s:12:"热卖促销";}s:10:"goods_list";a:2:{i:102070;a:5:{s:8:"goods_id";s:6:"102070";s:12:"market_price";s:6:"188.00";s:10:"goods_name";s:97:"新款女装韩版修身A字斗篷棉衣加厚保暖短外套大毛领连帽羽绒棉服 蓝色 M";s:11:"goods_price";s:6:"118.00";s:9:"goods_pic";s:48:"shop/store/goods/12/12_04999920485539383_240.jpg";}i:101680;a:5:{s:8:"goods_id";s:6:"101680";s:12:"market_price";s:6:"162.00";s:10:"goods_name";s:82:"2015秋冬新款女装女式韩版修身短款棉衣棉服羽绒棉衣女 粉色 M";s:11:"goods_price";s:6:"112.00";s:9:"goods_pic";s:48:"shop/store/goods/12/12_04999938698283696_240.png";}}}}', '热卖促销'),
(140, 2, 'array', 'recommends_list', 'a:1:{i:1;a:2:{s:10:"recommends";a:1:{s:4:"name";s:12:"热卖促销";}s:10:"goods_list";a:2:{i:102865;a:5:{s:8:"goods_id";s:6:"102865";s:12:"market_price";s:6:"188.00";s:10:"goods_name";s:83:"酷迪璐新品男式夹克外套男士pu皮衣韩版休闲绒布接男装 蓝色 M";s:11:"goods_price";s:6:"128.00";s:9:"goods_pic";s:48:"shop/store/goods/18/18_05011806114146918_240.jpg";}i:102817;a:5:{s:8:"goods_id";s:6:"102817";s:12:"market_price";s:6:"128.00";s:10:"goods_name";s:85:"秋冬男衬衫2015新款秋冬衬衫男装长袖酷迪璐免烫男式衬衫 白色 M";s:11:"goods_price";s:5:"78.00";s:9:"goods_pic";s:48:"shop/store/goods/18/18_05011794098190322_240.jpg";}}}}', '热卖促销'),
(141, 3, 'array', 'recommends_list', 'a:1:{i:1;a:2:{s:10:"recommends";a:1:{s:4:"name";s:12:"热卖促销";}s:10:"goods_list";a:2:{i:102714;a:5:{s:8:"goods_id";s:6:"102714";s:12:"market_price";s:6:"199.00";s:10:"goods_name";s:112:"欧洲站独家新款女靴真皮短靴内增高职业女鞋秋冬马丁靴圆头女靴子 黑色（加绒） 35";s:11:"goods_price";s:6:"139.00";s:9:"goods_pic";s:48:"shop/store/goods/17/17_05003992073017413_240.jpg";}i:101329;a:5:{s:8:"goods_id";s:6:"101329";s:12:"market_price";s:6:"158.00";s:10:"goods_name";s:76:"摩伊拉夏季新款凉鞋金属色绑带潮鞋真皮内里女鞋 粉色 34";s:11:"goods_price";s:6:"128.00";s:9:"goods_pic";s:46:"shop/store/goods/6/6_04849943887552948_240.jpg";}}}}', '热卖促销'),
(142, 4, 'array', 'recommends_list', 'a:1:{i:1;a:2:{s:10:"recommends";a:1:{s:4:"name";s:12:"热卖促销";}s:10:"goods_list";a:2:{i:102835;a:5:{s:8:"goods_id";s:6:"102835";s:12:"market_price";s:6:"198.00";s:10:"goods_name";s:43:"2015新款保暖加绒修身衬衫 白色 M";s:11:"goods_price";s:5:"98.00";s:9:"goods_pic";s:48:"shop/store/goods/18/18_05011800162520471_240.jpg";}i:101915;a:5:{s:8:"goods_id";s:6:"101915";s:12:"market_price";s:6:"122.00";s:10:"goods_name";s:79:"2015冬款加绒T恤 男式纯棉T恤男士加厚加绒保暖打底衫 黑色 M";s:11:"goods_price";s:5:"72.00";s:9:"goods_pic";s:48:"shop/store/goods/15/15_04999703686355513_240.jpg";}}}}', '热卖促销'),
(143, 5, 'array', 'recommends_list', 'a:1:{i:1;a:2:{s:10:"recommends";a:1:{s:4:"name";s:12:"热卖促销";}s:10:"goods_list";a:2:{i:102700;a:5:{s:8:"goods_id";s:6:"102700";s:12:"market_price";s:6:"158.00";s:10:"goods_name";s:79:"纯色透气圆头单鞋男真皮方跟低帮鞋前系带男士皮鞋 棕色 38";s:11:"goods_price";s:5:"88.00";s:9:"goods_pic";s:48:"shop/store/goods/16/16_05003068354931461_240.jpg";}i:102592;a:5:{s:8:"goods_id";s:6:"102592";s:12:"market_price";s:6:"188.00";s:10:"goods_name";s:82:"爵爷商务皮鞋 秋款男士正装 前系带 金属尖头低帮单鞋 黑色 38";s:11:"goods_price";s:6:"118.00";s:9:"goods_pic";s:48:"shop/store/goods/16/16_05000683915287946_240.jpg";}}}}', '热卖促销'),
(144, 6, 'array', 'recommends_list', 'a:1:{i:1;a:2:{s:10:"recommends";a:1:{s:4:"name";s:12:"热卖促销";}s:10:"goods_list";a:2:{i:102714;a:5:{s:8:"goods_id";s:6:"102714";s:12:"market_price";s:6:"199.00";s:10:"goods_name";s:112:"欧洲站独家新款女靴真皮短靴内增高职业女鞋秋冬马丁靴圆头女靴子 黑色（加绒） 35";s:11:"goods_price";s:6:"139.00";s:9:"goods_pic";s:48:"shop/store/goods/17/17_05003992073017413_240.jpg";}i:102649;a:5:{s:8:"goods_id";s:6:"102649";s:12:"market_price";s:6:"188.00";s:10:"goods_name";s:64:"优质超纤皮男鞋纯色前系带尖头低帮皮鞋 棕色 38";s:11:"goods_price";s:6:"108.00";s:9:"goods_pic";s:48:"shop/store/goods/16/16_05002911543965426_240.jpg";}}}}', '热卖促销'),
(145, 7, 'array', 'recommends_list', 'a:1:{i:1;a:2:{s:10:"recommends";a:1:{s:4:"name";s:12:"热卖促销";}s:10:"goods_list";a:2:{i:102714;a:5:{s:8:"goods_id";s:6:"102714";s:12:"market_price";s:6:"199.00";s:10:"goods_name";s:112:"欧洲站独家新款女靴真皮短靴内增高职业女鞋秋冬马丁靴圆头女靴子 黑色（加绒） 35";s:11:"goods_price";s:6:"139.00";s:9:"goods_pic";s:48:"shop/store/goods/17/17_05003992073017413_240.jpg";}i:102688;a:5:{s:8:"goods_id";s:6:"102688";s:12:"market_price";s:6:"188.00";s:10:"goods_name";s:71:"爵爷2015春秋商务正装男士皮鞋透气超纤皮男鞋 黑色 38";s:11:"goods_price";s:6:"108.00";s:9:"goods_pic";s:48:"shop/store/goods/16/16_05003062100708546_240.jpg";}}}}', '热卖促销'),
(146, 8, 'array', 'recommends_list', 'a:1:{i:1;a:2:{s:10:"recommends";a:1:{s:4:"name";s:12:"热卖促销";}s:10:"goods_list";a:2:{i:102880;a:5:{s:8:"goods_id";s:6:"102880";s:12:"market_price";s:6:"198.00";s:10:"goods_name";s:94:"2015秋冬酷迪璐男士夹克潮青年韩版时尚修身立领夹克男装外套 咖啡色 M";s:11:"goods_price";s:6:"128.00";s:9:"goods_pic";s:48:"shop/store/goods/18/18_05013234251110713_240.jpg";}i:102865;a:5:{s:8:"goods_id";s:6:"102865";s:12:"market_price";s:6:"188.00";s:10:"goods_name";s:83:"酷迪璐新品男式夹克外套男士pu皮衣韩版休闲绒布接男装 蓝色 M";s:11:"goods_price";s:6:"128.00";s:9:"goods_pic";s:48:"shop/store/goods/18/18_05011806114146918_240.jpg";}}}}', '热卖促销'),
(147, 1, 'array', 'banner', 'a:5:{s:3:"pic";s:29:"shop/editor/web-1-147.png?937";s:4:"type";s:3:"pic";s:5:"title";s:7:"广告1";s:3:"url";s:26:"http://demo.33hao.com/shop";s:4:"show";s:1:"0";}', '横幅图片'),
(148, 2, 'array', 'banner', 'a:5:{s:3:"pic";s:29:"shop/editor/web-2-148.png?871";s:4:"type";s:3:"pic";s:5:"title";s:7:"广告2";s:3:"url";s:21:"http://www.33hao.com/";s:4:"show";s:1:"0";}', '横幅图片'),
(149, 3, 'array', 'banner', '', '横幅图片'),
(150, 4, 'array', 'banner', '', '横幅图片'),
(151, 5, 'array', 'banner', '', '横幅图片'),
(152, 6, 'array', 'banner', '', '横幅图片'),
(153, 7, 'array', 'banner', '', '横幅图片'),
(154, 8, 'array', 'banner', '', '横幅图片'),
(155, 124, 'array', 'channel_tit', 'a:3:{s:3:"pic";s:0:"";s:3:"url";s:0:"";s:5:"title";s:12:"上衣推荐";}', '频道中部标题'),
(156, 124, 'array', 'channel_act', 'a:4:{s:3:"pic";s:35:"shop/editor/channel-124-156.jpg?810";s:4:"type";s:3:"pic";s:5:"title";s:6:"大衣";s:3:"url";s:77:"http://demo.33hao.com/shop/index.php?act=search&amp;op=index&amp;cate_id=1100";}', '频道中部活动'),
(157, 124, 'array', 'recommend_list', 'a:2:{i:1;a:2:{s:9:"recommend";a:1:{s:4:"name";s:12:"商品推荐";}s:10:"goods_list";a:8:{i:102126;a:5:{s:8:"goods_id";s:6:"102126";s:12:"market_price";s:6:"163.00";s:10:"goods_name";s:91:"2015秋冬新款韩版女羽绒棉服女立领修身显瘦棉衣短款棉服外套 红色 L";s:11:"goods_price";s:6:"103.00";s:9:"goods_pic";s:48:"shop/store/goods/12/12_04999931964380007_240.jpg";}i:102110;a:5:{s:8:"goods_id";s:6:"102110";s:12:"market_price";s:6:"168.00";s:10:"goods_name";s:79:"2015秋冬新款修身连帽棉服女中长款外穿女装外套棉衣 红色 L";s:11:"goods_price";s:6:"108.00";s:9:"goods_pic";s:48:"shop/store/goods/12/12_04999927971638202_240.png";}i:102070;a:5:{s:8:"goods_id";s:6:"102070";s:12:"market_price";s:6:"188.00";s:10:"goods_name";s:97:"新款女装韩版修身A字斗篷棉衣加厚保暖短外套大毛领连帽羽绒棉服 蓝色 M";s:11:"goods_price";s:6:"118.00";s:9:"goods_pic";s:48:"shop/store/goods/12/12_04999920485539383_240.jpg";}i:101730;a:5:{s:8:"goods_id";s:6:"101730";s:12:"market_price";s:6:"168.00";s:10:"goods_name";s:97:"2015秋冬装新款韩版中长款修身气质连帽毛领女装棉衣外套羽绒棉服 绿色 L";s:11:"goods_price";s:6:"138.00";s:9:"goods_pic";s:48:"shop/store/goods/12/12_04998693284537206_240.jpg";}i:101705;a:5:{s:8:"goods_id";s:6:"101705";s:12:"market_price";s:6:"178.00";s:10:"goods_name";s:97:"冬装新款羽绒棉服女 韩版时尚修身中长款棉袄加厚大毛领连帽棉衣 灰色 L";s:11:"goods_price";s:6:"128.00";s:9:"goods_pic";s:48:"shop/store/goods/12/12_04999936911250267_240.jpg";}i:101680;a:5:{s:8:"goods_id";s:6:"101680";s:12:"market_price";s:6:"162.00";s:10:"goods_name";s:82:"2015秋冬新款女装女式韩版修身短款棉衣棉服羽绒棉衣女 粉色 M";s:11:"goods_price";s:6:"112.00";s:9:"goods_pic";s:48:"shop/store/goods/12/12_04999938698283696_240.png";}i:101655;a:5:{s:8:"goods_id";s:6:"101655";s:12:"market_price";s:6:"195.00";s:10:"goods_name";s:82:"冬装新款2015羽绒棉服女中长款韩版连帽大毛领女式棉衣 蓝色 M";s:11:"goods_price";s:6:"165.00";s:9:"goods_pic";s:48:"shop/store/goods/12/12_04999940350217540_240.jpg";}i:101635;a:5:{s:8:"goods_id";s:6:"101635";s:12:"market_price";s:6:"168.00";s:10:"goods_name";s:97:"2015秋冬装新款韩版中长款修身气质连帽毛领女装棉衣外套羽绒棉服 绿色 M";s:11:"goods_price";s:6:"138.00";s:9:"goods_pic";s:48:"shop/store/goods/12/12_04999935528632429_240.jpg";}}}i:2;a:2:{s:9:"recommend";a:1:{s:4:"name";s:12:"商品推荐";}s:10:"goods_list";a:8:{i:102714;a:5:{s:8:"goods_id";s:6:"102714";s:12:"market_price";s:6:"199.00";s:10:"goods_name";s:112:"欧洲站独家新款女靴真皮短靴内增高职业女鞋秋冬马丁靴圆头女靴子 黑色（加绒） 35";s:11:"goods_price";s:6:"139.00";s:9:"goods_pic";s:48:"shop/store/goods/17/17_05003992073017413_240.jpg";}i:102700;a:5:{s:8:"goods_id";s:6:"102700";s:12:"market_price";s:6:"158.00";s:10:"goods_name";s:79:"纯色透气圆头单鞋男真皮方跟低帮鞋前系带男士皮鞋 棕色 38";s:11:"goods_price";s:5:"88.00";s:9:"goods_pic";s:48:"shop/store/goods/16/16_05003068354931461_240.jpg";}i:102688;a:5:{s:8:"goods_id";s:6:"102688";s:12:"market_price";s:6:"188.00";s:10:"goods_name";s:71:"爵爷2015春秋商务正装男士皮鞋透气超纤皮男鞋 黑色 38";s:11:"goods_price";s:6:"108.00";s:9:"goods_pic";s:48:"shop/store/goods/16/16_05003062100708546_240.jpg";}i:102649;a:5:{s:8:"goods_id";s:6:"102649";s:12:"market_price";s:6:"188.00";s:10:"goods_name";s:64:"优质超纤皮男鞋纯色前系带尖头低帮皮鞋 棕色 38";s:11:"goods_price";s:6:"108.00";s:9:"goods_pic";s:48:"shop/store/goods/16/16_05002911543965426_240.jpg";}i:102604;a:5:{s:8:"goods_id";s:6:"102604";s:12:"market_price";s:6:"168.00";s:10:"goods_name";s:70:"日常休闲鞋男士豆豆鞋驾车真皮男鞋英伦皮鞋 黄色 38";s:11:"goods_price";s:6:"108.00";s:9:"goods_pic";s:48:"shop/store/goods/16/16_05001210537684207_240.jpg";}i:102592;a:5:{s:8:"goods_id";s:6:"102592";s:12:"market_price";s:6:"188.00";s:10:"goods_name";s:82:"爵爷商务皮鞋 秋款男士正装 前系带 金属尖头低帮单鞋 黑色 38";s:11:"goods_price";s:6:"118.00";s:9:"goods_pic";s:48:"shop/store/goods/16/16_05000683915287946_240.jpg";}i:102550;a:5:{s:8:"goods_id";s:6:"102550";s:12:"market_price";s:6:"188.00";s:10:"goods_name";s:83:"2015新款男士尖头皮鞋男超纤套脚商务休闲鞋新郎结婚鞋 棕色 38";s:11:"goods_price";s:6:"108.00";s:9:"goods_pic";s:48:"shop/store/goods/16/16_05000599917943696_240.jpg";}i:102529;a:5:{s:8:"goods_id";s:6:"102529";s:12:"market_price";s:6:"198.00";s:10:"goods_name";s:70:"商务鞋英伦真皮休闲皮鞋透气低帮鞋潮流单鞋 黄色 38";s:11:"goods_price";s:6:"118.00";s:9:"goods_pic";s:48:"shop/store/goods/16/16_05000591480492095_240.jpg";}}}}', '频道中部商品'),
(158, 124, 'array', 'adv_a', 'a:3:{s:8:"pic_name";s:6:"推荐";s:3:"pic";s:35:"shop/editor/channel-124-158.jpg?604";s:7:"pic_url";s:77:"http://demo.33hao.com/shop/index.php?act=search&amp;op=index&amp;cate_id=1100";}', '频道中部广告1'),
(159, 124, 'array', 'adv_b', 'a:3:{s:8:"pic_name";s:6:"推荐";s:3:"pic";s:35:"shop/editor/channel-124-159.jpg?879";s:7:"pic_url";s:77:"http://demo.33hao.com/shop/index.php?act=search&amp;op=index&amp;cate_id=1100";}', '频道中部广告2'),
(160, 124, 'array', 'adv_c', 'a:3:{s:8:"pic_name";s:7:"推荐2";s:3:"pic";s:35:"shop/editor/channel-124-160.jpg?189";s:7:"pic_url";s:79:"http://demo.33hao.com/shop/index.php?act=goods&amp;op=index&amp;goods_id=102070";}', '频道中部广告3');

/*!40101 SET CHARACTER_SET_CLIENT=@OLD_CHARACTER_SET_CLIENT */;
/*!40101 SET CHARACTER_SET_RESULTS=@OLD_CHARACTER_SET_RESULTS */;
/*!40101 SET COLLATION_CONNECTION=@OLD_COLLATION_CONNECTION */;
